# Baked ultra-low Key West silhouette; generated by bake_key_west_far_city.py
mtllib far_city.mtl
usemtl massing
v -5.014 0.631 -264.519
v 78.446 0.631 -209.053
v 64.414 0.631 -187.941
v -19.046 0.631 -243.407
v -5.014 8.931 -264.519
v 78.446 8.931 -209.053
v 64.414 8.931 -187.941
v -19.046 8.931 -243.407
f 8 7 6 5
f 1 2 6 5
f 2 3 7 6
f 3 4 8 7
f 4 1 5 8
v -263.017 0.552 -225.515
v -239.669 0.552 -208.398
v -245.983 0.552 -199.785
v -269.331 0.552 -216.902
v -263.017 4.452 -225.515
v -239.669 4.452 -208.398
v -245.983 4.452 -199.785
v -269.331 4.452 -216.902
f 16 15 14 13
f 9 10 14 13
f 10 11 15 14
f 11 12 16 15
f 12 9 13 16
v -244.564 0.387 -195.364
v -231.171 0.387 -186.020
v -237.076 0.387 -177.556
v -250.469 0.387 -186.900
v -244.564 4.287 -195.364
v -231.171 4.287 -186.020
v -237.076 4.287 -177.556
v -250.469 4.287 -186.900
f 24 23 22 21
f 17 18 22 21
f 18 19 23 22
f 19 20 24 23
f 20 17 21 24
v -234.327 0.578 -195.152
v -229.595 0.578 -214.501
v -214.413 0.578 -210.788
v -219.145 0.578 -191.439
v -234.327 4.478 -195.152
v -229.595 4.478 -214.501
v -214.413 4.478 -210.788
v -219.145 4.478 -191.439
f 32 31 30 29
f 25 26 30 29
f 26 27 31 30
f 27 28 32 31
f 28 25 29 32
v -163.293 0.914 163.729
v -115.686 0.914 190.810
v -129.407 0.914 214.931
v -177.014 0.914 187.850
v -163.293 7.214 163.729
v -115.686 7.214 190.810
v -129.407 7.214 214.931
v -177.014 7.214 187.850
f 40 39 38 37
f 33 34 38 37
f 34 35 39 38
f 35 36 40 39
f 36 33 37 40
v 246.894 1.048 -260.995
v 265.614 1.048 -256.553
v 262.266 1.048 -242.445
v 243.546 1.048 -246.887
v 246.894 7.348 -260.995
v 265.614 7.348 -256.553
v 262.266 7.348 -242.445
v 243.546 7.348 -246.887
f 48 47 46 45
f 41 42 46 45
f 42 43 47 46
f 43 44 48 47
f 44 41 45 48
v -60.453 0.919 124.085
v -45.714 0.919 105.309
v -35.567 0.919 113.275
v -50.306 0.919 132.051
v -60.453 7.219 124.085
v -45.714 7.219 105.309
v -35.567 7.219 113.275
v -50.306 7.219 132.051
f 56 55 54 53
f 49 50 54 53
f 50 51 55 54
f 51 52 56 55
f 52 49 53 56
v -43.072 0.901 146.254
v -31.858 0.901 129.706
v -21.468 0.901 136.746
v -32.682 0.901 153.294
v -43.072 4.401 146.254
v -31.858 4.401 129.706
v -21.468 4.401 136.746
v -32.682 4.401 153.294
f 64 63 62 61
f 57 58 62 61
f 58 59 63 62
f 59 60 64 63
f 60 57 61 64
v -83.801 0.903 140.961
v -69.690 0.903 123.270
v -59.699 0.903 131.239
v -73.810 0.903 148.930
v -83.801 7.203 140.961
v -69.690 7.203 123.270
v -59.699 7.203 131.239
v -73.810 7.203 148.930
f 72 71 70 69
f 65 66 70 69
f 66 67 71 70
f 67 68 72 71
f 68 65 69 72
v 102.274 0.750 172.823
v 116.708 0.750 176.830
v 113.746 0.750 187.497
v 99.312 0.750 183.490
v 102.274 4.250 172.823
v 116.708 4.250 176.830
v 113.746 4.250 187.497
v 99.312 4.250 183.490
f 80 79 78 77
f 73 74 78 77
f 74 75 79 78
f 75 76 80 79
f 76 73 77 80
v 168.586 0.777 163.785
v 173.096 0.777 146.856
v 183.754 0.777 149.695
v 179.244 0.777 166.624
v 168.586 4.277 163.785
v 173.096 4.277 146.856
v 183.754 4.277 149.695
v 179.244 4.277 166.624
f 88 87 86 85
f 81 82 86 85
f 82 83 87 86
f 83 84 88 87
f 84 81 85 88
v 134.679 0.813 164.772
v 149.331 0.813 168.293
v 146.761 0.813 178.988
v 132.109 0.813 175.467
v 134.679 4.313 164.772
v 149.331 4.313 168.293
v 146.761 4.313 178.988
v 132.109 4.313 175.467
f 96 95 94 93
f 89 90 94 93
f 90 91 95 94
f 91 92 96 95
f 92 89 93 96
v -237.769 0.615 52.358
v -226.813 0.615 37.675
v -219.271 0.615 43.302
v -230.227 0.615 57.985
v -237.769 4.515 52.358
v -226.813 4.515 37.675
v -219.271 4.515 43.302
v -230.227 4.515 57.985
f 104 103 102 101
f 97 98 102 101
f 98 99 103 102
f 99 100 104 103
f 100 97 101 104
v -91.742 0.783 -51.489
v -77.763 0.783 -71.805
v -67.918 0.783 -65.031
v -81.897 0.783 -44.715
v -91.742 4.683 -51.489
v -77.763 4.683 -71.805
v -67.918 4.683 -65.031
v -81.897 4.683 -44.715
f 112 111 110 109
f 105 106 110 109
f 106 107 111 110
f 107 108 112 111
f 108 105 109 112
v -16.745 0.307 -104.923
v -2.673 0.307 -120.765
v 6.545 0.307 -112.577
v -7.527 0.307 -96.735
v -16.745 4.207 -104.923
v -2.673 4.207 -120.765
v 6.545 4.207 -112.577
v -7.527 4.207 -96.735
f 120 119 118 117
f 113 114 118 117
f 114 115 119 118
f 115 116 120 119
f 116 113 117 120
v -206.521 0.331 -63.375
v -197.190 0.331 -78.310
v -189.659 0.331 -73.605
v -198.990 0.331 -58.670
v -206.521 4.231 -63.375
v -197.190 4.231 -78.310
v -189.659 4.231 -73.605
v -198.990 4.231 -58.670
f 128 127 126 125
f 121 122 126 125
f 122 123 127 126
f 123 124 128 127
f 124 121 125 128
v -51.799 0.673 -77.454
v -37.743 0.673 -94.495
v -28.301 0.673 -86.706
v -42.357 0.673 -69.665
v -51.799 4.573 -77.454
v -37.743 4.573 -94.495
v -28.301 4.573 -86.706
v -42.357 4.573 -69.665
f 136 135 134 133
f 129 130 134 133
f 130 131 135 134
f 131 132 136 135
f 132 129 133 136
v -70.073 0.622 -161.986
v -60.374 0.622 -175.074
v -53.007 0.622 -169.614
v -62.706 0.622 -156.526
v -70.073 4.522 -161.986
v -60.374 4.522 -175.074
v -53.007 4.522 -169.614
v -62.706 4.522 -156.526
f 144 143 142 141
f 137 138 142 141
f 138 139 143 142
f 139 140 144 143
f 140 137 141 144
v -98.190 0.549 -142.048
v -85.423 0.549 -159.433
v -75.590 0.549 -152.212
v -88.357 0.549 -134.827
v -98.190 4.449 -142.048
v -85.423 4.449 -159.433
v -75.590 4.449 -152.212
v -88.357 4.449 -134.827
f 152 151 150 149
f 145 146 150 149
f 146 147 151 150
f 147 148 152 151
f 148 145 149 152
v 117.208 1.019 -156.325
v 129.660 1.019 -179.343
v 144.832 1.019 -171.135
v 132.380 1.019 -148.117
v 117.208 4.919 -156.325
v 129.660 4.919 -179.343
v 144.832 4.919 -171.135
v 132.380 4.919 -148.117
f 160 159 158 157
f 153 154 158 157
f 154 155 159 158
f 155 156 160 159
f 156 153 157 160
v 144.310 0.935 -116.987
v 154.745 0.935 -132.529
v 163.230 0.935 -126.833
v 152.795 0.935 -111.291
v 144.310 4.835 -116.987
v 154.745 4.835 -132.529
v 163.230 4.835 -126.833
v 152.795 4.835 -111.291
f 168 167 166 165
f 161 162 166 165
f 162 163 167 166
f 163 164 168 167
f 164 161 165 168
v 118.342 0.946 -101.016
v 130.226 0.946 -117.078
v 137.678 0.946 -111.564
v 125.794 0.946 -95.502
v 118.342 4.846 -101.016
v 130.226 4.846 -117.078
v 137.678 4.846 -111.564
v 125.794 4.846 -95.502
f 176 175 174 173
f 169 170 174 173
f 170 171 175 174
f 171 172 176 175
f 172 169 173 176
v 76.057 1.139 -26.972
v 89.009 1.139 -45.760
v 97.003 1.139 -40.248
v 84.051 1.139 -21.460
v 76.057 5.039 -26.972
v 89.009 5.039 -45.760
v 97.003 5.039 -40.248
v 84.051 5.039 -21.460
f 184 183 182 181
f 177 178 182 181
f 178 179 183 182
f 179 180 184 183
f 180 177 181 184
v 160.191 0.820 -38.611
v 172.701 0.820 -55.714
v 184.849 0.820 -46.829
v 172.339 0.820 -29.726
v 160.191 4.720 -38.611
v 172.701 4.720 -55.714
v 184.849 4.720 -46.829
v 172.339 4.720 -29.726
f 192 191 190 189
f 185 186 190 189
f 186 187 191 190
f 187 188 192 191
f 188 185 189 192
v 109.947 1.124 -58.017
v 125.144 1.124 -71.745
v 135.353 1.124 -60.443
v 120.156 1.124 -46.715
v 109.947 5.024 -58.017
v 125.144 5.024 -71.745
v 135.353 5.024 -60.443
v 120.156 5.024 -46.715
f 200 199 198 197
f 193 194 198 197
f 194 195 199 198
f 195 196 200 199
f 196 193 197 200
v 169.734 0.519 65.532
v 172.566 0.519 88.740
v 151.026 0.519 91.368
v 148.194 0.519 68.160
v 169.734 4.419 65.532
v 172.566 4.419 88.740
v 151.026 4.419 91.368
v 148.194 4.419 68.160
f 208 207 206 205
f 201 202 206 205
f 202 203 207 206
f 203 204 208 207
f 204 201 205 208
v 4.567 0.763 -88.207
v 19.381 0.763 -76.551
v 12.473 0.763 -67.773
v -2.341 0.763 -79.429
v 4.567 4.663 -88.207
v 19.381 4.663 -76.551
v 12.473 4.663 -67.773
v -2.341 4.663 -79.429
f 216 215 214 213
f 209 210 214 213
f 210 211 215 214
f 211 212 216 215
f 212 209 213 216
v 228.300 0.954 -114.962
v 235.888 0.954 -135.602
v 247.920 0.954 -131.178
v 240.332 0.954 -110.538
v 228.300 4.854 -114.962
v 235.888 4.854 -135.602
v 247.920 4.854 -131.178
v 240.332 4.854 -110.538
f 224 223 222 221
f 217 218 222 221
f 218 219 223 222
f 219 220 224 223
f 220 217 221 224
v 184.865 0.863 -157.823
v 195.766 0.863 -140.308
v 177.495 0.863 -128.937
v 166.594 0.863 -146.452
v 184.865 4.763 -157.823
v 195.766 4.763 -140.308
v 177.495 4.763 -128.937
v 166.594 4.763 -146.452
f 232 231 230 229
f 225 226 230 229
f 226 227 231 230
f 227 228 232 231
f 228 225 229 232
v 234.020 0.860 -155.033
v 238.635 0.860 -169.704
v 248.480 0.860 -166.607
v 243.865 0.860 -151.936
v 234.020 4.760 -155.033
v 238.635 4.760 -169.704
v 248.480 4.760 -166.607
v 243.865 4.760 -151.936
f 240 239 238 237
f 233 234 238 237
f 234 235 239 238
f 235 236 240 239
f 236 233 237 240
v 220.917 0.716 -32.226
v 228.269 0.716 -54.335
v 241.203 0.716 -50.034
v 233.851 0.716 -27.925
v 220.917 4.616 -32.226
v 228.269 4.616 -54.335
v 241.203 4.616 -50.034
v 233.851 4.616 -27.925
f 248 247 246 245
f 241 242 246 245
f 242 243 247 246
f 243 244 248 247
f 244 241 245 248
v -53.768 0.487 -228.633
v -42.410 0.487 -246.427
v -34.672 0.487 -241.487
v -46.030 0.487 -223.693
v -53.768 4.387 -228.633
v -42.410 4.387 -246.427
v -34.672 4.387 -241.487
v -46.030 4.387 -223.693
f 256 255 254 253
f 249 250 254 253
f 250 251 255 254
f 251 252 256 255
f 252 249 253 256
v -107.126 0.580 -233.624
v -93.586 0.580 -253.270
v -85.674 0.580 -247.816
v -99.214 0.580 -228.170
v -107.126 4.480 -233.624
v -93.586 4.480 -253.270
v -85.674 4.480 -247.816
v -99.214 4.480 -228.170
f 264 263 262 261
f 257 258 262 261
f 258 259 263 262
f 259 260 264 263
f 260 257 261 264
v -20.894 0.495 -253.162
v -12.559 0.495 -263.756
v -3.206 0.495 -256.398
v -11.541 0.495 -245.804
v -20.894 4.395 -253.162
v -12.559 4.395 -263.756
v -3.206 4.395 -256.398
v -11.541 4.395 -245.804
f 272 271 270 269
f 265 266 270 269
f 266 267 271 270
f 267 268 272 271
f 268 265 269 272
v 114.526 0.969 -250.194
v 123.864 0.969 -265.266
v 137.874 0.969 -256.586
v 128.536 0.969 -241.514
v 114.526 4.869 -250.194
v 123.864 4.869 -265.266
v 137.874 4.869 -256.586
v 128.536 4.869 -241.514
f 280 279 278 277
f 273 274 278 277
f 274 275 279 278
f 275 276 280 279
f 276 273 277 280
v 171.222 0.798 -237.941
v 192.288 0.798 -231.032
v 188.618 0.798 -219.839
v 167.552 0.798 -226.748
v 171.222 4.698 -237.941
v 192.288 4.698 -231.032
v 188.618 4.698 -219.839
v 167.552 4.698 -226.748
f 288 287 286 285
f 281 282 286 285
f 282 283 287 286
f 283 284 288 287
f 284 281 285 288
v 78.123 0.646 251.073
v 81.314 0.646 236.734
v 91.797 0.646 239.067
v 88.606 0.646 253.406
v 78.123 4.546 251.073
v 81.314 4.546 236.734
v 91.797 4.546 239.067
v 88.606 4.546 253.406
f 296 295 294 293
f 289 290 294 293
f 290 291 295 294
f 291 292 296 295
f 292 289 293 296
v 240.721 0.561 28.735
v 245.348 0.561 10.039
v 257.899 0.561 13.145
v 253.272 0.561 31.841
v 240.721 4.461 28.735
v 245.348 4.461 10.039
v 257.899 4.461 13.145
v 253.272 4.461 31.841
f 304 303 302 301
f 297 298 302 301
f 298 299 303 302
f 299 300 304 303
f 300 297 301 304
v 226.033 0.626 49.738
v 241.842 0.626 40.762
v 251.267 0.626 57.362
v 235.458 0.626 66.338
v 226.033 4.526 49.738
v 241.842 4.526 40.762
v 251.267 4.526 57.362
v 235.458 4.526 66.338
f 312 311 310 309
f 305 306 310 309
f 306 307 311 310
f 307 308 312 311
f 308 305 309 312
v 231.177 0.781 93.508
v 247.538 0.781 84.917
v 255.223 0.781 99.552
v 238.862 0.781 108.143
v 231.177 4.681 93.508
v 247.538 4.681 84.917
v 255.223 4.681 99.552
v 238.862 4.681 108.143
f 320 319 318 317
f 313 314 318 317
f 314 315 319 318
f 315 316 320 319
f 316 313 317 320
v 210.665 0.784 104.467
v 219.621 0.784 89.877
v 234.015 0.784 98.713
v 225.059 0.784 113.303
v 210.665 4.684 104.467
v 219.621 4.684 89.877
v 234.015 4.684 98.713
v 225.059 4.684 113.303
f 328 327 326 325
f 321 322 326 325
f 322 323 327 326
f 323 324 328 327
f 324 321 325 328
v 183.394 0.649 103.422
v 200.392 0.649 91.856
v 211.526 0.649 108.218
v 194.528 0.649 119.784
v 183.394 4.549 103.422
v 200.392 4.549 91.856
v 211.526 4.549 108.218
v 194.528 4.549 119.784
f 336 335 334 333
f 329 330 334 333
f 330 331 335 334
f 331 332 336 335
f 332 329 333 336
v 156.697 0.790 92.223
v 174.532 0.790 95.365
v 172.383 0.790 107.557
v 154.548 0.790 104.415
v 156.697 4.690 92.223
v 174.532 4.690 95.365
v 172.383 4.690 107.557
v 154.548 4.690 104.415
f 344 343 342 341
f 337 338 342 341
f 338 339 343 342
f 339 340 344 343
f 340 337 341 344
v 160.378 0.758 105.895
v 179.223 0.758 108.944
v 177.242 0.758 121.185
v 158.397 0.758 118.136
v 160.378 4.658 105.895
v 179.223 4.658 108.944
v 177.242 4.658 121.185
v 158.397 4.658 118.136
f 352 351 350 349
f 345 346 350 349
f 346 347 351 350
f 347 348 352 351
f 348 345 349 352
v 167.812 0.588 131.903
v 181.994 0.588 135.199
v 179.448 0.588 146.157
v 165.266 0.588 142.861
v 167.812 4.488 131.903
v 181.994 4.488 135.199
v 179.448 4.488 146.157
v 165.266 4.488 142.861
f 360 359 358 357
f 353 354 358 357
f 354 355 359 358
f 355 356 360 359
f 356 353 357 360
v -224.944 0.527 41.887
v -215.441 0.527 28.841
v -207.956 0.527 34.293
v -217.459 0.527 47.339
v -224.944 4.427 41.887
v -215.441 4.427 28.841
v -207.956 4.427 34.293
v -217.459 4.427 47.339
f 368 367 366 365
f 361 362 366 365
f 362 363 367 366
f 363 364 368 367
f 364 361 365 368
v -262.807 0.615 69.857
v -252.263 0.615 55.381
v -243.913 0.615 61.463
v -254.457 0.615 75.939
v -262.807 4.515 69.857
v -252.263 4.515 55.381
v -243.913 4.515 61.463
v -254.457 4.515 75.939
f 376 375 374 373
f 369 370 374 373
f 370 371 375 374
f 371 372 376 375
f 372 369 373 376
v -249.835 0.920 61.115
v -244.996 0.920 45.341
v -232.205 0.920 49.265
v -237.044 0.920 65.039
v -249.835 4.820 61.115
v -244.996 4.820 45.341
v -232.205 4.820 49.265
v -237.044 4.820 65.039
f 384 383 382 381
f 377 378 382 381
f 378 379 383 382
f 379 380 384 383
f 380 377 381 384
v -259.759 0.449 103.119
v -246.286 0.449 87.655
v -235.421 0.449 97.121
v -248.894 0.449 112.585
v -259.759 4.349 103.119
v -246.286 4.349 87.655
v -235.421 4.349 97.121
v -248.894 4.349 112.585
f 392 391 390 389
f 385 386 390 389
f 386 387 391 390
f 387 388 392 391
f 388 385 389 392
v -234.753 0.643 87.758
v -222.862 0.643 93.012
v -228.027 0.643 104.702
v -239.918 0.643 99.448
v -234.753 4.543 87.758
v -222.862 4.543 93.012
v -228.027 4.543 104.702
v -239.918 4.543 99.448
f 400 399 398 397
f 393 394 398 397
f 394 395 399 398
f 395 396 400 399
f 396 393 397 400
v -231.351 0.546 88.922
v -220.609 0.546 76.187
v -210.069 0.546 85.078
v -220.811 0.546 97.813
v -231.351 4.446 88.922
v -220.609 4.446 76.187
v -210.069 4.446 85.078
v -220.811 4.446 97.813
f 408 407 406 405
f 401 402 406 405
f 402 403 407 406
f 403 404 408 407
f 404 401 405 408
v 205.996 0.531 71.262
v 207.677 0.531 61.282
v 215.724 0.531 62.638
v 214.043 0.531 72.618
v 205.996 4.431 71.262
v 207.677 4.431 61.282
v 215.724 4.431 62.638
v 214.043 4.431 72.618
f 416 415 414 413
f 409 410 414 413
f 410 411 415 414
f 411 412 416 415
f 412 409 413 416
v 205.296 -0.300 39.596
v 214.289 -0.300 41.675
v 213.224 -0.300 46.284
v 204.231 -0.300 44.205
v 205.296 3.600 39.596
v 214.289 3.600 41.675
v 213.224 3.600 46.284
v 204.231 3.600 44.205
f 424 423 422 421
f 417 418 422 421
f 418 419 423 422
f 419 420 424 423
f 420 417 421 424
v 150.884 0.488 90.309
v 157.936 0.488 91.949
v 157.256 0.488 94.871
v 150.204 0.488 93.231
v 150.884 4.388 90.309
v 157.936 4.388 91.949
v 157.256 4.388 94.871
v 150.204 4.388 93.231
f 432 431 430 429
f 425 426 430 429
f 426 427 431 430
f 427 428 432 431
f 428 425 429 432
v -11.693 0.673 -75.113
v -4.126 0.673 -70.167
v -8.727 0.673 -63.127
v -16.294 0.673 -68.073
v -11.693 4.573 -75.113
v -4.126 4.573 -70.167
v -8.727 4.573 -63.127
v -16.294 4.573 -68.073
f 440 439 438 437
f 433 434 438 437
f 434 435 439 438
f 435 436 440 439
f 436 433 437 440
v 27.232 0.589 72.997
v 33.092 0.589 64.686
v 39.328 0.589 69.083
v 33.468 0.589 77.394
v 27.232 4.489 72.997
v 33.092 4.489 64.686
v 39.328 4.489 69.083
v 33.468 4.489 77.394
f 448 447 446 445
f 441 442 446 445
f 442 443 447 446
f 443 444 448 447
f 444 441 445 448
v 118.253 0.690 170.063
v 123.070 0.690 171.116
v 122.427 0.690 174.057
v 117.610 0.690 173.004
v 118.253 4.590 170.063
v 123.070 4.590 171.116
v 122.427 4.590 174.057
v 117.610 4.590 173.004
f 456 455 454 453
f 449 450 454 453
f 450 451 455 454
f 451 452 456 455
f 452 449 453 456
v -42.918 0.904 -40.558
v -32.059 0.904 -56.052
v -25.082 0.904 -51.162
v -35.941 0.904 -35.668
v -42.918 4.804 -40.558
v -32.059 4.804 -56.052
v -25.082 4.804 -51.162
v -35.941 4.804 -35.668
f 464 463 462 461
f 457 458 462 461
f 458 459 463 462
f 459 460 464 463
f 460 457 461 464
v -76.520 0.689 37.871
v -66.236 0.689 23.184
v -59.060 0.689 28.209
v -69.344 0.689 42.896
v -76.520 4.589 37.871
v -66.236 4.589 23.184
v -59.060 4.589 28.209
v -69.344 4.589 42.896
f 472 471 470 469
f 465 466 470 469
f 466 467 471 470
f 467 468 472 471
f 468 465 469 472
v -83.179 0.583 -124.212
v -80.859 0.583 -122.626
v -82.321 0.583 -120.488
v -84.641 0.583 -122.074
v -83.179 4.483 -124.212
v -80.859 4.483 -122.626
v -82.321 4.483 -120.488
v -84.641 4.483 -122.074
f 480 479 478 477
f 473 474 478 477
f 474 475 479 478
f 475 476 480 479
f 476 473 477 480
v 155.003 0.723 246.562
v 171.048 0.723 248.939
v 169.137 0.723 261.838
v 153.092 0.723 259.461
v 155.003 4.623 246.562
v 171.048 4.623 248.939
v 169.137 4.623 261.838
v 153.092 4.623 259.461
f 488 487 486 485
f 481 482 486 485
f 482 483 487 486
f 483 484 488 487
f 484 481 485 488
v -27.909 0.635 -67.293
v -20.094 0.635 -61.717
v -22.371 0.635 -58.527
v -30.186 0.635 -64.103
v -27.909 4.535 -67.293
v -20.094 4.535 -61.717
v -22.371 4.535 -58.527
v -30.186 4.535 -64.103
f 496 495 494 493
f 489 490 494 493
f 490 491 495 494
f 491 492 496 495
f 492 489 493 496
v 105.773 0.581 122.809
v 110.889 0.581 124.409
v 109.987 0.581 127.291
v 104.871 0.581 125.691
v 105.773 4.481 122.809
v 110.889 4.481 124.409
v 109.987 4.481 127.291
v 104.871 4.481 125.691
f 504 503 502 501
f 497 498 502 501
f 498 499 503 502
f 499 500 504 503
f 500 497 501 504
v -21.032 0.519 -88.274
v -13.481 0.519 -82.794
v -16.448 0.519 -78.706
v -23.999 0.519 -84.186
v -21.032 4.419 -88.274
v -13.481 4.419 -82.794
v -16.448 4.419 -78.706
v -23.999 4.419 -84.186
f 512 511 510 509
f 505 506 510 509
f 506 507 511 510
f 507 508 512 511
f 508 505 509 512
v -38.601 0.713 -90.281
v -29.914 0.713 -101.979
v -18.979 0.713 -93.859
v -27.666 0.713 -82.161
v -38.601 4.613 -90.281
v -29.914 4.613 -101.979
v -18.979 4.613 -93.859
v -27.666 4.613 -82.161
f 520 519 518 517
f 513 514 518 517
f 514 515 519 518
f 515 516 520 519
f 516 513 517 520
v -159.916 0.508 -2.037
v -150.998 0.508 -14.543
v -143.564 0.508 -9.243
v -152.482 0.508 3.263
v -159.916 4.408 -2.037
v -150.998 4.408 -14.543
v -143.564 4.408 -9.243
v -152.482 4.408 3.263
f 528 527 526 525
f 521 522 526 525
f 522 523 527 526
f 523 524 528 527
f 524 521 525 528
v -14.805 0.744 -11.657
v -8.534 0.744 -19.675
v -2.075 0.744 -14.623
v -8.346 0.744 -6.605
v -14.805 4.644 -11.657
v -8.534 4.644 -19.675
v -2.075 4.644 -14.623
v -8.346 4.644 -6.605
f 536 535 534 533
f 529 530 534 533
f 530 531 535 534
f 531 532 536 535
f 532 529 533 536
v -55.162 0.809 45.621
v -50.740 0.809 48.975
v -53.018 0.809 51.979
v -57.440 0.809 48.625
v -55.162 4.709 45.621
v -50.740 4.709 48.975
v -53.018 4.709 51.979
v -57.440 4.709 48.625
f 544 543 542 541
f 537 538 542 541
f 538 539 543 542
f 539 540 544 543
f 540 537 541 544
v -79.279 0.646 -249.217
v -68.960 0.646 -267.621
v -58.441 0.646 -261.723
v -68.760 0.646 -243.319
v -79.279 4.546 -249.217
v -68.960 4.546 -267.621
v -58.441 4.546 -261.723
v -68.760 4.546 -243.319
f 552 551 550 549
f 545 546 550 549
f 546 547 551 550
f 547 548 552 551
f 548 545 549 552
v -113.692 -0.300 -108.460
v -106.029 -0.300 -102.913
v -108.428 -0.300 -99.600
v -116.091 -0.300 -105.147
v -113.692 3.600 -108.460
v -106.029 3.600 -102.913
v -108.428 3.600 -99.600
v -116.091 3.600 -105.147
f 560 559 558 557
f 553 554 558 557
f 554 555 559 558
f 555 556 560 559
f 556 553 557 560
v 163.569 0.714 -6.169
v 166.398 0.714 -10.544
v 169.791 0.714 -8.351
v 166.962 0.714 -3.976
v 163.569 4.614 -6.169
v 166.398 4.614 -10.544
v 169.791 4.614 -8.351
v 166.962 4.614 -3.976
f 568 567 566 565
f 561 562 566 565
f 562 563 567 566
f 563 564 568 567
f 564 561 565 568
v 99.944 0.584 34.460
v 110.062 0.584 40.985
v 104.236 0.584 50.020
v 94.118 0.584 43.495
v 99.944 4.484 34.460
v 110.062 4.484 40.985
v 104.236 4.484 50.020
v 94.118 4.484 43.495
f 576 575 574 573
f 569 570 574 573
f 570 571 575 574
f 571 572 576 575
f 572 569 573 576
v 107.199 0.598 119.463
v 110.121 0.598 120.097
v 109.561 0.598 122.677
v 106.639 0.598 122.043
v 107.199 4.498 119.463
v 110.121 4.498 120.097
v 109.561 4.498 122.677
v 106.639 4.498 122.043
f 584 583 582 581
f 577 578 582 581
f 578 579 583 582
f 579 580 584 583
f 580 577 581 584
v 165.956 0.745 -0.666
v 178.448 0.745 8.010
v 172.464 0.745 16.626
v 159.972 0.745 7.950
v 165.956 4.645 -0.666
v 178.448 4.645 8.010
v 172.464 4.645 16.626
v 159.972 4.645 7.950
f 592 591 590 589
f 585 586 590 589
f 586 587 591 590
f 587 588 592 591
f 588 585 589 592
v -31.258 0.323 -260.227
v -24.561 0.323 -255.460
v -27.542 0.323 -251.273
v -34.239 0.323 -256.040
v -31.258 4.223 -260.227
v -24.561 4.223 -255.460
v -27.542 4.223 -251.273
v -34.239 4.223 -256.040
f 600 599 598 597
f 593 594 598 597
f 594 595 599 598
f 595 596 600 599
f 596 593 597 600
v 140.638 0.908 197.154
v 158.115 0.908 201.337
v 155.222 0.908 213.426
v 137.745 0.908 209.243
v 140.638 4.808 197.154
v 158.115 4.808 201.337
v 155.222 4.808 213.426
v 137.745 4.808 209.243
f 608 607 606 605
f 601 602 606 605
f 602 603 607 606
f 603 604 608 607
f 604 601 605 608
v 128.155 0.684 181.557
v 131.322 0.684 182.371
v 130.625 0.684 185.083
v 127.458 0.684 184.269
v 128.155 4.584 181.557
v 131.322 4.584 182.371
v 130.625 4.584 185.083
v 127.458 4.584 184.269
f 616 615 614 613
f 609 610 614 613
f 610 611 615 614
f 611 612 616 615
f 612 609 613 616
v -104.053 0.389 -104.661
v -100.288 0.389 -109.687
v -97.207 0.389 -107.379
v -100.972 0.389 -102.353
v -104.053 4.289 -104.661
v -100.288 4.289 -109.687
v -97.207 4.289 -107.379
v -100.972 4.289 -102.353
f 624 623 622 621
f 617 618 622 621
f 618 619 623 622
f 619 620 624 623
f 620 617 621 624
v 218.859 0.993 -127.136
v 226.555 0.993 -125.102
v 224.621 0.993 -117.784
v 216.925 0.993 -119.818
v 218.859 4.893 -127.136
v 226.555 4.893 -125.102
v 224.621 4.893 -117.784
v 216.925 4.893 -119.818
f 632 631 630 629
f 625 626 630 629
f 626 627 631 630
f 627 628 632 631
f 628 625 629 632
v 149.310 0.719 212.722
v 164.671 0.719 219.841
v 158.990 0.719 232.098
v 143.629 0.719 224.979
v 149.310 4.619 212.722
v 164.671 4.619 219.841
v 158.990 4.619 232.098
v 143.629 4.619 224.979
f 640 639 638 637
f 633 634 638 637
f 634 635 639 638
f 635 636 640 639
f 636 633 637 640
v -92.365 0.645 49.105
v -81.950 0.645 34.780
v -74.695 0.645 40.055
v -85.110 0.645 54.380
v -92.365 4.545 49.105
v -81.950 4.545 34.780
v -74.695 4.545 40.055
v -85.110 4.545 54.380
f 648 647 646 645
f 641 642 646 645
f 642 643 647 646
f 643 644 648 647
f 644 641 645 648
v 120.876 0.915 200.969
v 122.164 0.915 195.447
v 125.524 0.915 196.231
v 124.236 0.915 201.753
v 120.876 4.815 200.969
v 122.164 4.815 195.447
v 125.524 4.815 196.231
v 124.236 4.815 201.753
f 656 655 654 653
f 649 650 654 653
f 650 651 655 654
f 651 652 656 655
f 652 649 653 656
v -43.718 0.648 -249.832
v -39.888 0.648 -247.284
v -41.722 0.648 -244.528
v -45.552 0.648 -247.076
v -43.718 4.548 -249.832
v -39.888 4.548 -247.284
v -41.722 4.548 -244.528
v -45.552 4.548 -247.076
f 664 663 662 661
f 657 658 662 661
f 658 659 663 662
f 659 660 664 663
f 660 657 661 664
v -91.091 0.557 -105.946
v -81.938 0.557 -99.457
v -86.889 0.557 -92.474
v -96.042 0.557 -98.963
v -91.091 4.457 -105.946
v -81.938 4.457 -99.457
v -86.889 4.457 -92.474
v -96.042 4.457 -98.963
f 672 671 670 669
f 665 666 670 669
f 666 667 671 670
f 667 668 672 671
f 668 665 669 672
v 33.892 0.887 93.862
v 47.941 0.887 82.244
v 58.488 0.887 94.998
v 44.439 0.887 106.616
v 33.892 4.787 93.862
v 47.941 4.787 82.244
v 58.488 4.787 94.998
v 44.439 4.787 106.616
f 680 679 678 677
f 673 674 678 677
f 674 675 679 678
f 675 676 680 679
f 676 673 677 680
v 191.403 0.934 -101.555
v 197.316 0.934 -119.201
v 206.257 0.934 -116.205
v 200.344 0.934 -98.559
v 191.403 4.834 -101.555
v 197.316 4.834 -119.201
v 206.257 4.834 -116.205
v 200.344 4.834 -98.559
f 688 687 686 685
f 681 682 686 685
f 682 683 687 686
f 683 684 688 687
f 684 681 685 688
v 205.198 0.855 -102.865
v 208.092 0.855 -123.038
v 219.822 0.855 -121.355
v 216.928 0.855 -101.182
v 205.198 4.755 -102.865
v 208.092 4.755 -123.038
v 219.822 4.755 -121.355
v 216.928 4.755 -101.182
f 696 695 694 693
f 689 690 694 693
f 690 691 695 694
f 691 692 696 695
f 692 689 693 696
v 209.467 0.882 -154.711
v 213.003 0.882 -164.460
v 218.493 0.882 -162.469
v 214.957 0.882 -152.720
v 209.467 4.782 -154.711
v 213.003 4.782 -164.460
v 218.493 4.782 -162.469
v 214.957 4.782 -152.720
f 704 703 702 701
f 697 698 702 701
f 698 699 703 702
f 699 700 704 703
f 700 697 701 704
v 188.477 0.933 -137.572
v 196.798 0.933 -155.637
v 207.543 0.933 -150.688
v 199.222 0.933 -132.623
v 188.477 4.833 -137.572
v 196.798 4.833 -155.637
v 207.543 4.833 -150.688
v 199.222 4.833 -132.623
f 712 711 710 709
f 705 706 710 709
f 706 707 711 710
f 707 708 712 711
f 708 705 709 712
v -205.339 0.776 -226.047
v -190.381 0.776 -245.032
v -177.641 0.776 -234.993
v -192.599 0.776 -216.008
v -205.339 4.676 -226.047
v -190.381 4.676 -245.032
v -177.641 4.676 -234.993
v -192.599 4.676 -216.008
f 720 719 718 717
f 713 714 718 717
f 714 715 719 718
f 715 716 720 719
f 716 713 717 720
v -184.459 0.915 -236.763
v -173.342 0.915 -250.984
v -159.901 0.915 -240.477
v -171.018 0.915 -226.256
v -184.459 4.815 -236.763
v -173.342 4.815 -250.984
v -159.901 4.815 -240.477
v -171.018 4.815 -226.256
f 728 727 726 725
f 721 722 726 725
f 722 723 727 726
f 723 724 728 727
f 724 721 725 728
v 172.943 0.637 181.045
v 177.076 0.637 165.370
v 191.657 0.637 169.215
v 187.524 0.637 184.890
v 172.943 4.537 181.045
v 177.076 4.537 165.370
v 191.657 4.537 169.215
v 187.524 4.537 184.890
f 736 735 734 733
f 729 730 734 733
f 730 731 735 734
f 731 732 736 735
f 732 729 733 736
v 172.807 0.592 183.665
v 200.556 0.592 183.836
v 200.433 0.592 203.815
v 172.684 0.592 203.644
v 172.807 4.492 183.665
v 200.556 4.492 183.836
v 200.433 4.492 203.815
v 172.684 4.492 203.644
f 744 743 742 741
f 737 738 742 741
f 738 739 743 742
f 739 740 744 743
f 740 737 741 744
v 187.180 0.577 202.341
v 204.964 0.577 208.562
v 200.060 0.577 222.579
v 182.276 0.577 216.358
v 187.180 4.477 202.341
v 204.964 4.477 208.562
v 200.060 4.477 222.579
v 182.276 4.477 216.358
f 752 751 750 749
f 745 746 750 749
f 746 747 751 750
f 747 748 752 751
f 748 745 749 752
v 204.148 0.370 201.687
v 208.992 0.370 202.923
v 207.872 0.370 207.313
v 203.028 0.370 206.077
v 204.148 4.270 201.687
v 208.992 4.270 202.923
v 207.872 4.270 207.313
v 203.028 4.270 206.077
f 760 759 758 757
f 753 754 758 757
f 754 755 759 758
f 755 756 760 759
f 756 753 757 760
v 183.805 0.578 237.292
v 194.425 0.578 217.922
v 213.515 0.578 228.388
v 202.895 0.578 247.758
v 183.805 4.478 237.292
v 194.425 4.478 217.922
v 213.515 4.478 228.388
v 202.895 4.478 247.758
f 768 767 766 765
f 761 762 766 765
f 762 763 767 766
f 763 764 768 767
f 764 761 765 768
v 193.405 0.460 243.494
v 210.606 0.460 242.685
v 211.415 0.460 259.866
v 194.214 0.460 260.675
v 193.405 4.360 243.494
v 210.606 4.360 242.685
v 211.415 4.360 259.866
v 194.214 4.360 260.675
f 776 775 774 773
f 769 770 774 773
f 770 771 775 774
f 771 772 776 775
f 772 769 773 776
v 121.219 0.662 230.830
v 140.855 0.662 240.928
v 133.181 0.662 255.850
v 113.545 0.662 245.752
v 121.219 4.562 230.830
v 140.855 4.562 240.928
v 133.181 4.562 255.850
v 113.545 4.562 245.752
f 784 783 782 781
f 777 778 782 781
f 778 779 783 782
f 779 780 784 783
f 780 777 781 784
v 149.534 0.691 228.363
v 165.343 0.691 230.154
v 163.966 0.691 242.317
v 148.157 0.691 240.526
v 149.534 4.591 228.363
v 165.343 4.591 230.154
v 163.966 4.591 242.317
v 148.157 4.591 240.526
f 792 791 790 789
f 785 786 790 789
f 786 787 791 790
f 787 788 792 791
f 788 785 789 792
v 108.450 0.839 203.430
v 127.689 0.839 205.586
v 125.970 0.839 220.930
v 106.731 0.839 218.774
v 108.450 4.739 203.430
v 127.689 4.739 205.586
v 125.970 4.739 220.930
v 106.731 4.739 218.774
f 800 799 798 797
f 793 794 798 797
f 794 795 799 798
f 795 796 800 799
f 796 793 797 800
v 114.363 0.806 217.664
v 133.513 0.806 223.637
v 128.977 0.806 238.176
v 109.827 0.806 232.203
v 114.363 4.706 217.664
v 133.513 4.706 223.637
v 128.977 4.706 238.176
v 109.827 4.706 232.203
f 808 807 806 805
f 801 802 806 805
f 802 803 807 806
f 803 804 808 807
f 804 801 805 808
v 133.968 0.696 228.586
v 139.220 0.696 229.705
v 138.452 0.696 233.314
v 133.200 0.696 232.195
v 133.968 4.596 228.586
v 139.220 4.596 229.705
v 138.452 4.596 233.314
v 133.200 4.596 232.195
f 816 815 814 813
f 809 810 814 813
f 810 811 815 814
f 811 812 816 815
f 812 809 813 816
v 109.217 0.702 184.070
v 126.116 0.702 194.540
v 117.263 0.702 208.830
v 100.364 0.702 198.360
v 109.217 4.602 184.070
v 126.116 4.602 194.540
v 117.263 4.602 208.830
v 100.364 4.602 198.360
f 824 823 822 821
f 817 818 822 821
f 818 819 823 822
f 819 820 824 823
f 820 817 821 824
v 126.815 0.716 198.119
v 129.647 0.716 198.694
v 129.125 0.716 201.261
v 126.293 0.716 200.686
v 126.815 4.616 198.119
v 129.647 4.616 198.694
v 129.125 4.616 201.261
v 126.293 4.616 200.686
f 832 831 830 829
f 825 826 830 829
f 826 827 831 830
f 827 828 832 831
f 828 825 829 832
v 133.567 0.784 182.346
v 153.254 0.784 187.215
v 150.533 0.784 198.214
v 130.846 0.784 193.345
v 133.567 4.684 182.346
v 153.254 4.684 187.215
v 150.533 4.684 198.214
v 130.846 4.684 193.345
f 840 839 838 837
f 833 834 838 837
f 834 835 839 838
f 835 836 840 839
f 836 833 837 840
v 128.426 0.769 149.920
v 144.933 0.769 150.203
v 144.674 0.769 165.300
v 128.167 0.769 165.017
v 128.426 4.669 149.920
v 144.933 4.669 150.203
v 144.674 4.669 165.300
v 128.167 4.669 165.017
f 848 847 846 845
f 841 842 846 845
f 842 843 847 846
f 843 844 848 847
f 844 841 845 848
v 88.574 0.597 157.327
v 114.895 0.597 153.348
v 117.626 0.597 171.413
v 91.305 0.597 175.392
v 88.574 4.497 157.327
v 114.895 4.497 153.348
v 117.626 4.497 171.413
v 91.305 4.497 175.392
f 856 855 854 853
f 849 850 854 853
f 850 851 855 854
f 851 852 856 855
f 852 849 853 856
v 89.948 0.564 138.797
v 113.923 0.564 145.883
v 110.052 0.564 158.983
v 86.077 0.564 151.897
v 89.948 4.464 138.797
v 113.923 4.464 145.883
v 110.052 4.464 158.983
v 86.077 4.464 151.897
f 864 863 862 861
f 857 858 862 861
f 858 859 863 862
f 859 860 864 863
f 860 857 861 864
v 127.020 0.668 132.481
v 141.519 0.668 136.478
v 138.420 0.668 147.719
v 123.921 0.668 143.722
v 127.020 4.568 132.481
v 141.519 4.568 136.478
v 138.420 4.568 147.719
v 123.921 4.568 143.722
f 872 871 870 869
f 865 866 870 869
f 866 867 871 870
f 867 868 872 871
f 868 865 869 872
v 121.597 0.904 117.250
v 138.537 0.904 119.276
v 136.923 0.904 132.770
v 119.983 0.904 130.744
v 121.597 4.804 117.250
v 138.537 4.804 119.276
v 136.923 4.804 132.770
v 119.983 4.804 130.744
f 880 879 878 877
f 873 874 878 877
f 874 875 879 878
f 875 876 880 879
f 876 873 877 880
v 84.713 0.727 125.296
v 110.270 0.727 128.192
v 108.367 0.727 144.984
v 82.810 0.727 142.088
v 84.713 4.627 125.296
v 110.270 4.627 128.192
v 108.367 4.627 144.984
v 82.810 4.627 142.088
f 888 887 886 885
f 881 882 886 885
f 882 883 887 886
f 883 884 888 887
f 884 881 885 888
v 111.294 0.508 128.978
v 112.959 0.508 120.929
v 118.726 0.508 122.122
v 117.061 0.508 130.171
v 111.294 4.408 128.978
v 112.959 4.408 120.929
v 118.726 4.408 122.122
v 117.061 4.408 130.171
f 896 895 894 893
f 889 890 894 893
f 890 891 895 894
f 891 892 896 895
f 892 889 893 896
v 90.971 0.874 108.397
v 109.546 0.874 114.778
v 105.449 0.874 126.703
v 86.874 0.874 120.322
v 90.971 4.774 108.397
v 109.546 4.774 114.778
v 105.449 4.774 126.703
v 86.874 4.774 120.322
f 904 903 902 901
f 897 898 902 901
f 898 899 903 902
f 899 900 904 903
f 900 897 901 904
v 118.087 0.667 89.853
v 135.379 0.667 106.755
v 122.133 0.667 120.307
v 104.841 0.667 103.405
v 118.087 4.567 89.853
v 135.379 4.567 106.755
v 122.133 4.567 120.307
v 104.841 4.567 103.405
f 912 911 910 909
f 905 906 910 909
f 906 907 911 910
f 907 908 912 911
f 908 905 909 912
v 47.714 0.510 155.563
v 50.974 0.510 137.474
v 66.966 0.510 140.357
v 63.706 0.510 158.446
v 47.714 4.410 155.563
v 50.974 4.410 137.474
v 66.966 4.410 140.357
v 63.706 4.410 158.446
f 920 919 918 917
f 913 914 918 917
f 914 915 919 918
f 915 916 920 919
f 916 913 917 920
v 58.279 0.589 155.170
v 72.340 0.589 160.730
v 67.461 0.589 173.070
v 53.400 0.589 167.510
v 58.279 4.489 155.170
v 72.340 4.489 160.730
v 67.461 4.489 173.070
v 53.400 4.489 167.510
f 928 927 926 925
f 921 922 926 925
f 922 923 927 926
f 923 924 928 927
f 924 921 925 928
v 57.585 0.738 173.406
v 75.867 0.738 175.396
v 74.355 0.738 189.294
v 56.073 0.738 187.304
v 57.585 4.638 173.406
v 75.867 4.638 175.396
v 74.355 4.638 189.294
v 56.073 4.638 187.304
f 936 935 934 933
f 929 930 934 933
f 930 931 935 934
f 931 932 936 935
f 932 929 933 936
v 72.147 0.875 183.366
v 83.141 0.875 199.784
v 68.193 0.875 209.794
v 57.199 0.875 193.376
v 72.147 4.775 183.366
v 83.141 4.775 199.784
v 68.193 4.775 209.794
v 57.199 4.775 193.376
f 944 943 942 941
f 937 938 942 941
f 938 939 943 942
f 939 940 944 943
f 940 937 941 944
v 57.386 0.777 202.347
v 64.275 0.777 204.143
v 63.334 0.777 207.753
v 56.445 0.777 205.957
v 57.386 4.677 202.347
v 64.275 4.677 204.143
v 63.334 4.677 207.753
v 56.445 4.677 205.957
f 952 951 950 949
f 945 946 950 949
f 946 947 951 950
f 947 948 952 951
f 948 945 949 952
v 68.260 0.560 204.857
v 84.815 0.560 210.949
v 80.180 0.560 223.543
v 63.625 0.560 217.451
v 68.260 4.460 204.857
v 84.815 4.460 210.949
v 80.180 4.460 223.543
v 63.625 4.460 217.451
f 960 959 958 957
f 953 954 958 957
f 954 955 959 958
f 955 956 960 959
f 956 953 957 960
v 69.662 0.706 219.348
v 91.429 0.706 228.206
v 85.738 0.706 242.192
v 63.971 0.706 233.334
v 69.662 4.606 219.348
v 91.429 4.606 228.206
v 85.738 4.606 242.192
v 63.971 4.606 233.334
f 968 967 966 965
f 961 962 966 965
f 962 963 967 966
f 963 964 968 967
f 964 961 965 968
v 5.700 0.939 79.191
v 12.637 0.939 56.372
v 31.180 0.939 62.009
v 24.243 0.939 84.828
v 5.700 4.839 79.191
v 12.637 4.839 56.372
v 31.180 4.839 62.009
v 24.243 4.839 84.828
f 976 975 974 973
f 969 970 974 973
f 970 971 975 974
f 971 972 976 975
f 972 969 973 976
v 7.551 0.828 56.913
v 13.150 0.828 60.702
v 9.709 0.828 65.787
v 4.110 0.828 61.998
v 7.551 4.728 56.913
v 13.150 4.728 60.702
v 9.709 4.728 65.787
v 4.110 4.728 61.998
f 984 983 982 981
f 977 978 982 981
f 978 979 983 982
f 979 980 984 983
f 980 977 981 984
v 36.793 0.723 82.920
v 42.261 0.723 75.471
v 46.687 0.723 78.720
v 41.219 0.723 86.169
v 36.793 4.623 82.920
v 42.261 4.623 75.471
v 46.687 4.623 78.720
v 41.219 4.623 86.169
f 992 991 990 989
f 985 986 990 989
f 986 987 991 990
f 987 988 992 991
f 988 985 989 992
v 19.266 0.816 103.973
v 34.305 0.816 89.301
v 43.774 0.816 99.007
v 28.735 0.816 113.679
v 19.266 4.716 103.973
v 34.305 4.716 89.301
v 43.774 4.716 99.007
v 28.735 4.716 113.679
f 1000 999 998 997
f 993 994 998 997
f 994 995 999 998
f 995 996 1000 999
f 996 993 997 1000
v 48.795 0.436 90.933
v 54.012 0.436 74.627
v 67.765 0.436 79.027
v 62.548 0.436 95.333
v 48.795 4.336 90.933
v 54.012 4.336 74.627
v 67.765 4.336 79.027
v 62.548 4.336 95.333
f 1008 1007 1006 1005
f 1001 1002 1006 1005
f 1002 1003 1007 1006
f 1003 1004 1008 1007
f 1004 1001 1005 1008
v 61.085 0.356 82.454
v 70.712 0.356 67.936
v 79.655 0.356 73.866
v 70.028 0.356 88.384
v 61.085 4.256 82.454
v 70.712 4.256 67.936
v 79.655 4.256 73.866
v 70.028 4.256 88.384
f 1016 1015 1014 1013
f 1009 1010 1014 1013
f 1010 1011 1015 1014
f 1011 1012 1016 1015
f 1012 1009 1013 1016
v 32.185 0.491 58.485
v 42.405 0.491 43.510
v 49.855 0.491 48.595
v 39.635 0.491 63.570
v 32.185 4.391 58.485
v 42.405 4.391 43.510
v 49.855 4.391 48.595
v 39.635 4.391 63.570
f 1024 1023 1022 1021
f 1017 1018 1022 1021
f 1018 1019 1023 1022
f 1019 1020 1024 1023
f 1020 1017 1021 1024
v 52.921 0.744 27.569
v 69.958 0.744 37.969
v 62.779 0.744 49.731
v 45.742 0.744 39.331
v 52.921 4.644 27.569
v 69.958 4.644 37.969
v 62.779 4.644 49.731
v 45.742 4.644 39.331
f 1032 1031 1030 1029
f 1025 1026 1030 1029
f 1026 1027 1031 1030
f 1027 1028 1032 1031
f 1028 1025 1029 1032
v 74.062 0.760 68.620
v 82.335 0.760 55.809
v 90.778 0.760 61.260
v 82.505 0.760 74.071
v 74.062 4.660 68.620
v 82.335 4.660 55.809
v 90.778 4.660 61.260
v 82.505 4.660 74.071
f 1040 1039 1038 1037
f 1033 1034 1038 1037
f 1034 1035 1039 1038
f 1035 1036 1040 1039
f 1036 1033 1037 1040
v 84.548 0.453 58.656
v 96.913 0.453 45.534
v 106.432 0.453 54.504
v 94.067 0.453 67.626
v 84.548 4.353 58.656
v 96.913 4.353 45.534
v 106.432 4.353 54.504
v 94.067 4.353 67.626
f 1048 1047 1046 1045
f 1041 1042 1046 1045
f 1042 1043 1047 1046
f 1043 1044 1048 1047
f 1044 1041 1045 1048
v 72.959 0.471 38.235
v 75.633 0.471 35.691
v 78.101 0.471 38.285
v 75.427 0.471 40.829
v 72.959 4.371 38.235
v 75.633 4.371 35.691
v 78.101 4.371 38.285
v 75.427 4.371 40.829
f 1056 1055 1054 1053
f 1049 1050 1054 1053
f 1050 1051 1055 1054
f 1051 1052 1056 1055
f 1052 1049 1053 1056
v 80.291 0.668 13.878
v 96.184 0.668 24.650
v 86.809 0.668 38.482
v 70.916 0.668 27.710
v 80.291 4.568 13.878
v 96.184 4.568 24.650
v 86.809 4.568 38.482
v 70.916 4.568 27.710
f 1064 1063 1062 1061
f 1057 1058 1062 1061
f 1058 1059 1063 1062
f 1059 1060 1064 1063
f 1060 1057 1061 1064
v 134.532 0.482 20.622
v 148.380 0.482 7.206
v 159.068 0.482 18.238
v 145.220 0.482 31.654
v 134.532 4.382 20.622
v 148.380 4.382 7.206
v 159.068 4.382 18.238
v 145.220 4.382 31.654
f 1072 1071 1070 1069
f 1065 1066 1070 1069
f 1066 1067 1071 1070
f 1067 1068 1072 1071
f 1068 1065 1069 1072
v 197.975 0.654 -17.281
v 206.095 0.654 -33.121
v 215.385 0.654 -28.359
v 207.265 0.654 -12.519
v 197.975 4.554 -17.281
v 206.095 4.554 -33.121
v 215.385 4.554 -28.359
v 207.265 4.554 -12.519
f 1080 1079 1078 1077
f 1073 1074 1078 1077
f 1074 1075 1079 1078
f 1075 1076 1080 1079
f 1076 1073 1077 1080
v 187.506 0.631 -57.009
v 195.733 0.631 -51.221
v 192.954 0.631 -47.271
v 184.727 0.631 -53.059
v 187.506 4.531 -57.009
v 195.733 4.531 -51.221
v 192.954 4.531 -47.271
v 184.727 4.531 -53.059
f 1088 1087 1086 1085
f 1081 1082 1086 1085
f 1082 1083 1087 1086
f 1083 1084 1088 1087
f 1084 1081 1085 1088
v 191.463 0.585 -48.458
v 205.210 0.585 -38.357
v 200.437 0.585 -31.862
v 186.690 0.585 -41.963
v 191.463 4.485 -48.458
v 205.210 4.485 -38.357
v 200.437 4.485 -31.862
v 186.690 4.485 -41.963
f 1096 1095 1094 1093
f 1089 1090 1094 1093
f 1090 1091 1095 1094
f 1091 1092 1096 1095
f 1092 1089 1093 1096
v 181.228 0.599 -12.210
v 198.055 0.599 -28.786
v 207.192 0.599 -19.510
v 190.365 0.599 -2.934
v 181.228 4.499 -12.210
v 198.055 4.499 -28.786
v 207.192 4.499 -19.510
v 190.365 4.499 -2.934
f 1104 1103 1102 1101
f 1097 1098 1102 1101
f 1098 1099 1103 1102
f 1099 1100 1104 1103
f 1100 1097 1101 1104
v 171.472 0.514 1.965
v 176.982 0.514 -18.019
v 191.828 0.514 -13.925
v 186.318 0.514 6.059
v 171.472 4.414 1.965
v 176.982 4.414 -18.019
v 191.828 4.414 -13.925
v 186.318 4.414 6.059
f 1112 1111 1110 1109
f 1105 1106 1110 1109
f 1106 1107 1111 1110
f 1107 1108 1112 1111
f 1108 1105 1109 1112
v 169.011 0.512 -28.134
v 176.832 0.512 -23.102
v 174.029 0.512 -18.746
v 166.208 0.512 -23.778
v 169.011 4.412 -28.134
v 176.832 4.412 -23.102
v 174.029 4.412 -18.746
v 166.208 4.412 -23.778
f 1120 1119 1118 1117
f 1113 1114 1118 1117
f 1114 1115 1119 1118
f 1115 1116 1120 1119
f 1116 1113 1117 1120
v 149.170 1.133 -34.579
v 160.520 1.133 -44.793
v 171.330 1.133 -32.781
v 159.980 1.133 -22.567
v 149.170 5.033 -34.579
v 160.520 5.033 -44.793
v 171.330 5.033 -32.781
v 159.980 5.033 -22.567
f 1128 1127 1126 1125
f 1121 1122 1126 1125
f 1122 1123 1127 1126
f 1123 1124 1128 1127
f 1124 1121 1125 1128
v 143.283 1.058 -19.289
v 157.551 1.058 -25.841
v 163.177 1.058 -13.591
v 148.909 1.058 -7.039
v 143.283 4.958 -19.289
v 157.551 4.958 -25.841
v 163.177 4.958 -13.591
v 148.909 4.958 -7.039
f 1136 1135 1134 1133
f 1129 1130 1134 1133
f 1130 1131 1135 1134
f 1131 1132 1136 1135
f 1132 1129 1133 1136
v 126.336 1.145 -11.549
v 137.036 1.145 -25.799
v 145.464 1.145 -19.471
v 134.764 1.145 -5.221
v 126.336 5.045 -11.549
v 137.036 5.045 -25.799
v 145.464 5.045 -19.471
v 134.764 5.045 -5.221
f 1144 1143 1142 1141
f 1137 1138 1142 1141
f 1138 1139 1143 1142
f 1139 1140 1144 1143
f 1140 1137 1141 1144
v 113.571 1.046 -7.129
v 123.415 1.046 -22.007
v 132.689 1.046 -15.871
v 122.845 1.046 -0.993
v 113.571 4.946 -7.129
v 123.415 4.946 -22.007
v 132.689 4.946 -15.871
v 122.845 4.946 -0.993
f 1152 1151 1150 1149
f 1145 1146 1150 1149
f 1146 1147 1151 1150
f 1147 1148 1152 1151
f 1148 1145 1149 1152
v 117.347 0.662 25.776
v 134.599 0.662 12.076
v 143.293 0.662 23.024
v 126.041 0.662 36.724
v 117.347 4.562 25.776
v 134.599 4.562 12.076
v 143.293 4.562 23.024
v 126.041 4.562 36.724
f 1160 1159 1158 1157
f 1153 1154 1158 1157
f 1154 1155 1159 1158
f 1155 1156 1160 1159
f 1156 1153 1157 1160
v 117.503 0.921 8.443
v 121.600 0.921 11.074
v 119.157 0.921 14.877
v 115.060 0.921 12.246
v 117.503 4.821 8.443
v 121.600 4.821 11.074
v 119.157 4.821 14.877
v 115.060 4.821 12.246
f 1168 1167 1166 1165
f 1161 1162 1166 1165
f 1162 1163 1167 1166
f 1163 1164 1168 1167
f 1164 1161 1165 1168
v -26.202 0.838 97.867
v -10.147 0.838 77.824
v 0.702 0.838 86.513
v -15.353 0.838 106.556
v -26.202 4.738 97.867
v -10.147 4.738 77.824
v 0.702 4.738 86.513
v -15.353 4.738 106.556
f 1176 1175 1174 1173
f 1169 1170 1174 1173
f 1170 1171 1175 1174
f 1171 1172 1176 1175
f 1172 1169 1173 1176
v -9.449 0.657 102.538
v -5.887 0.657 104.875
v -7.571 0.657 107.442
v -11.133 0.657 105.105
v -9.449 4.557 102.538
v -5.887 4.557 104.875
v -7.571 4.557 107.442
v -11.133 4.557 105.105
f 1184 1183 1182 1181
f 1177 1178 1182 1181
f 1178 1179 1183 1182
f 1179 1180 1184 1183
f 1180 1177 1181 1184
v -37.924 1.100 108.349
v -23.637 1.100 82.791
v -10.256 1.100 90.271
v -24.543 1.100 115.829
v -37.924 5.000 108.349
v -23.637 5.000 82.791
v -10.256 5.000 90.271
v -24.543 5.000 115.829
f 1192 1191 1190 1189
f 1185 1186 1190 1189
f 1186 1187 1191 1190
f 1187 1188 1192 1191
f 1188 1185 1189 1192
v -7.866 0.835 121.202
v 6.253 0.835 104.344
v 16.826 0.835 113.198
v 2.707 0.835 130.056
v -7.866 4.735 121.202
v 6.253 4.735 104.344
v 16.826 4.735 113.198
v 2.707 4.735 130.056
f 1200 1199 1198 1197
f 1193 1194 1198 1197
f 1194 1195 1199 1198
f 1195 1196 1200 1199
f 1196 1193 1197 1200
v -6.251 0.757 120.704
v 4.417 0.757 127.502
v -1.849 0.757 137.336
v -12.517 0.757 130.538
v -6.251 4.657 120.704
v 4.417 4.657 127.502
v -1.849 4.657 137.336
v -12.517 4.657 130.538
f 1208 1207 1206 1205
f 1201 1202 1206 1205
f 1202 1203 1207 1206
f 1203 1204 1208 1207
f 1204 1201 1205 1208
v -26.408 0.783 138.146
v -18.302 0.783 127.489
v -8.672 0.783 134.814
v -16.778 0.783 145.471
v -26.408 4.683 138.146
v -18.302 4.683 127.489
v -8.672 4.683 134.814
v -16.778 4.683 145.471
f 1216 1215 1214 1213
f 1209 1210 1214 1213
f 1210 1211 1215 1214
f 1211 1212 1216 1215
f 1212 1209 1213 1216
v -49.824 0.927 110.732
v -34.361 0.927 94.915
v -23.936 0.927 105.108
v -39.399 0.927 120.925
v -49.824 4.827 110.732
v -34.361 4.827 94.915
v -23.936 4.827 105.108
v -39.399 4.827 120.925
f 1224 1223 1222 1221
f 1217 1218 1222 1221
f 1218 1219 1223 1222
f 1219 1220 1224 1223
f 1220 1217 1221 1224
v -72.932 0.944 131.115
v -61.212 0.944 114.344
v -50.908 0.944 121.545
v -62.628 0.944 138.316
v -72.932 4.844 131.115
v -61.212 4.844 114.344
v -50.908 4.844 121.545
v -62.628 4.844 138.316
f 1232 1231 1230 1229
f 1225 1226 1230 1229
f 1226 1227 1231 1230
f 1227 1228 1232 1231
f 1228 1225 1229 1232
v -54.305 0.861 157.660
v -45.265 0.861 139.027
v -31.715 0.861 145.600
v -40.755 0.861 164.233
v -54.305 4.761 157.660
v -45.265 4.761 139.027
v -31.715 4.761 145.600
v -40.755 4.761 164.233
f 1240 1239 1238 1237
f 1233 1234 1238 1237
f 1234 1235 1239 1238
f 1235 1236 1240 1239
f 1236 1233 1237 1240
v -69.691 1.010 164.127
v -52.959 1.010 146.423
v -44.209 1.010 154.693
v -60.941 1.010 172.397
v -69.691 4.910 164.127
v -52.959 4.910 146.423
v -44.209 4.910 154.693
v -60.941 4.910 172.397
f 1248 1247 1246 1245
f 1241 1242 1246 1245
f 1242 1243 1247 1246
f 1243 1244 1248 1247
f 1244 1241 1245 1248
v -95.110 1.052 183.806
v -83.510 1.052 164.996
v -70.930 1.052 172.754
v -82.530 1.052 191.564
v -95.110 4.952 183.806
v -83.510 4.952 164.996
v -70.930 4.952 172.754
v -82.530 4.952 191.564
f 1256 1255 1254 1253
f 1249 1250 1254 1253
f 1250 1251 1255 1254
f 1251 1252 1256 1255
f 1252 1249 1253 1256
v -112.973 0.756 157.092
v -93.871 0.756 142.071
v -85.427 0.756 152.808
v -104.529 0.756 167.829
v -112.973 4.656 157.092
v -93.871 4.656 142.071
v -85.427 4.656 152.808
v -104.529 4.656 167.829
f 1264 1263 1262 1261
f 1257 1258 1262 1261
f 1258 1259 1263 1262
f 1259 1260 1264 1263
f 1260 1257 1261 1264
v -121.713 0.827 166.386
v -110.480 0.827 150.606
v -100.607 0.827 157.634
v -111.840 0.827 173.414
v -121.713 4.727 166.386
v -110.480 4.727 150.606
v -100.607 4.727 157.634
v -111.840 4.727 173.414
f 1272 1271 1270 1269
f 1265 1266 1270 1269
f 1266 1267 1271 1270
f 1267 1268 1272 1271
f 1268 1265 1269 1272
v -135.377 0.952 125.618
v -131.070 0.952 105.310
v -115.643 0.952 108.582
v -119.950 0.952 128.890
v -135.377 4.852 125.618
v -131.070 4.852 105.310
v -115.643 4.852 108.582
v -119.950 4.852 128.890
f 1280 1279 1278 1277
f 1273 1274 1278 1277
f 1274 1275 1279 1278
f 1275 1276 1280 1279
f 1276 1273 1277 1280
v -151.672 0.826 126.858
v -133.111 0.826 110.139
v -121.868 0.826 122.622
v -140.429 0.826 139.341
v -151.672 4.726 126.858
v -133.111 4.726 110.139
v -121.868 4.726 122.622
v -140.429 4.726 139.341
f 1288 1287 1286 1285
f 1281 1282 1286 1285
f 1282 1283 1287 1286
f 1283 1284 1288 1287
f 1284 1281 1285 1288
v -159.356 0.890 135.213
v -150.955 0.890 124.303
v -141.004 0.890 131.967
v -149.405 0.890 142.877
v -159.356 4.790 135.213
v -150.955 4.790 124.303
v -141.004 4.790 131.967
v -149.405 4.790 142.877
f 1296 1295 1294 1293
f 1289 1290 1294 1293
f 1290 1291 1295 1294
f 1291 1292 1296 1295
f 1292 1289 1293 1296
v -174.871 0.815 143.412
v -164.975 0.815 128.773
v -153.949 0.815 136.228
v -163.845 0.815 150.867
v -174.871 4.715 143.412
v -164.975 4.715 128.773
v -153.949 4.715 136.228
v -163.845 4.715 150.867
f 1304 1303 1302 1301
f 1297 1298 1302 1301
f 1298 1299 1303 1302
f 1299 1300 1304 1303
f 1300 1297 1301 1304
v -190.434 0.879 152.043
v -174.337 0.879 134.649
v -164.106 0.879 144.117
v -180.203 0.879 161.511
v -190.434 4.779 152.043
v -174.337 4.779 134.649
v -164.106 4.779 144.117
v -180.203 4.779 161.511
f 1312 1311 1310 1309
f 1305 1306 1310 1309
f 1306 1307 1311 1310
f 1307 1308 1312 1311
f 1308 1305 1309 1312
v -198.833 0.861 160.601
v -189.155 0.861 147.685
v -177.447 0.861 156.459
v -187.125 0.861 169.375
v -198.833 4.761 160.601
v -189.155 4.761 147.685
v -177.447 4.761 156.459
v -187.125 4.761 169.375
f 1320 1319 1318 1317
f 1313 1314 1318 1317
f 1314 1315 1319 1318
f 1315 1316 1320 1319
f 1316 1313 1317 1320
v -217.066 0.955 172.109
v -193.978 0.955 150.024
v -183.754 0.955 160.711
v -206.842 0.955 182.796
v -217.066 4.855 172.109
v -193.978 4.855 150.024
v -183.754 4.855 160.711
v -206.842 4.855 182.796
f 1328 1327 1326 1325
f 1321 1322 1326 1325
f 1322 1323 1327 1326
f 1323 1324 1328 1327
f 1324 1321 1325 1328
v -227.037 1.064 151.093
v -222.580 1.064 131.678
v -211.303 1.064 134.267
v -215.760 1.064 153.682
v -227.037 4.964 151.093
v -222.580 4.964 131.678
v -211.303 4.964 134.267
v -215.760 4.964 153.682
f 1336 1335 1334 1333
f 1329 1330 1334 1333
f 1330 1331 1335 1334
f 1331 1332 1336 1335
f 1332 1329 1333 1336
v -221.892 0.772 132.974
v -205.284 0.772 115.815
v -194.528 0.772 126.226
v -211.136 0.772 143.385
v -221.892 4.672 132.974
v -205.284 4.672 115.815
v -194.528 4.672 126.226
v -211.136 4.672 143.385
f 1344 1343 1342 1341
f 1337 1338 1342 1341
f 1338 1339 1343 1342
f 1339 1340 1344 1343
f 1340 1337 1341 1344
v -204.477 0.611 113.599
v -200.946 0.611 108.515
v -198.203 0.611 110.421
v -201.734 0.611 115.505
v -204.477 4.511 113.599
v -200.946 4.511 108.515
v -198.203 4.511 110.421
v -201.734 4.511 115.505
f 1352 1351 1350 1349
f 1345 1346 1350 1349
f 1346 1347 1351 1350
f 1347 1348 1352 1351
f 1348 1345 1349 1352
v -206.736 0.879 117.991
v -189.154 0.879 110.529
v -182.864 0.879 125.349
v -200.446 0.879 132.811
v -206.736 4.779 117.991
v -189.154 4.779 110.529
v -182.864 4.779 125.349
v -200.446 4.779 132.811
f 1360 1359 1358 1357
f 1353 1354 1358 1357
f 1354 1355 1359 1358
f 1355 1356 1360 1359
f 1356 1353 1357 1360
v -192.037 0.684 133.637
v -189.500 0.684 135.330
v -191.043 0.684 137.643
v -193.580 0.684 135.950
v -192.037 4.584 133.637
v -189.500 4.584 135.330
v -191.043 4.584 137.643
v -193.580 4.584 135.950
f 1368 1367 1366 1365
f 1361 1362 1366 1365
f 1362 1363 1367 1366
f 1363 1364 1368 1367
f 1364 1361 1365 1368
v -192.500 0.697 119.326
v -180.353 0.697 103.249
v -170.260 0.697 110.874
v -182.407 0.697 126.951
v -192.500 4.597 119.326
v -180.353 4.597 103.249
v -170.260 4.597 110.874
v -182.407 4.597 126.951
f 1376 1375 1374 1373
f 1369 1370 1374 1373
f 1370 1371 1375 1374
f 1371 1372 1376 1375
f 1372 1369 1373 1376
v -179.657 0.725 111.734
v -167.484 0.725 95.152
v -157.303 0.725 102.626
v -169.476 0.725 119.208
v -179.657 4.625 111.734
v -167.484 4.625 95.152
v -157.303 4.625 102.626
v -169.476 4.625 119.208
f 1384 1383 1382 1381
f 1377 1378 1382 1381
f 1378 1379 1383 1382
f 1379 1380 1384 1383
f 1380 1377 1381 1384
v -169.133 0.728 98.864
v -158.756 0.728 86.962
v -150.367 0.728 94.276
v -160.744 0.728 106.178
v -169.133 4.628 98.864
v -158.756 4.628 86.962
v -150.367 4.628 94.276
v -160.744 4.628 106.178
f 1392 1391 1390 1389
f 1385 1386 1390 1389
f 1386 1387 1391 1390
f 1387 1388 1392 1391
f 1388 1385 1389 1392
v -159.115 0.780 94.780
v -144.589 0.780 75.113
v -131.285 0.780 84.940
v -145.811 0.780 104.607
v -159.115 4.680 94.780
v -144.589 4.680 75.113
v -131.285 4.680 84.940
v -145.811 4.680 104.607
f 1400 1399 1398 1397
f 1393 1394 1398 1397
f 1394 1395 1399 1398
f 1395 1396 1400 1399
f 1396 1393 1397 1400
v -182.058 0.802 55.152
v -169.607 0.802 37.147
v -161.102 0.802 43.028
v -173.553 0.802 61.033
v -182.058 4.702 55.152
v -169.607 4.702 37.147
v -161.102 4.702 43.028
v -173.553 4.702 61.033
f 1408 1407 1406 1405
f 1401 1402 1406 1405
f 1402 1403 1407 1406
f 1403 1404 1408 1407
f 1404 1401 1405 1408
v -181.999 0.847 53.059
v -173.778 0.847 61.924
v -182.401 0.847 69.921
v -190.622 0.847 61.056
v -181.999 4.747 53.059
v -173.778 4.747 61.924
v -182.401 4.747 69.921
v -190.622 4.747 61.056
f 1416 1415 1414 1413
f 1409 1410 1414 1413
f 1410 1411 1415 1414
f 1411 1412 1416 1415
f 1412 1409 1413 1416
v -203.904 0.720 72.516
v -194.785 0.720 60.045
v -186.116 0.720 66.384
v -195.235 0.720 78.855
v -203.904 4.620 72.516
v -194.785 4.620 60.045
v -186.116 4.620 66.384
v -195.235 4.620 78.855
f 1424 1423 1422 1421
f 1417 1418 1422 1421
f 1418 1419 1423 1422
f 1419 1420 1424 1423
f 1420 1417 1421 1424
v -215.172 0.641 85.305
v -211.007 0.641 67.023
v -196.908 0.641 70.235
v -201.073 0.641 88.517
v -215.172 4.541 85.305
v -211.007 4.541 67.023
v -196.908 4.541 70.235
v -201.073 4.541 88.517
f 1432 1431 1430 1429
f 1425 1426 1430 1429
f 1426 1427 1431 1430
f 1427 1428 1432 1431
f 1428 1425 1429 1432
v -242.555 0.541 71.349
v -239.623 0.541 72.969
v -241.205 0.541 75.831
v -244.137 0.541 74.211
v -242.555 4.441 71.349
v -239.623 4.441 72.969
v -241.205 4.441 75.831
v -244.137 4.441 74.211
f 1440 1439 1438 1437
f 1433 1434 1438 1437
f 1434 1435 1439 1438
f 1435 1436 1440 1439
f 1436 1433 1437 1440
v -214.240 0.848 38.967
v -197.331 0.848 19.229
v -187.800 0.848 27.393
v -204.709 0.848 47.131
v -214.240 4.748 38.967
v -197.331 4.748 19.229
v -187.800 4.748 27.393
v -204.709 4.748 47.131
f 1448 1447 1446 1445
f 1441 1442 1446 1445
f 1442 1443 1447 1446
f 1443 1444 1448 1447
f 1444 1441 1445 1448
v -187.332 0.490 28.924
v -179.209 0.490 35.076
v -181.708 0.490 38.376
v -189.831 0.490 32.224
v -187.332 4.390 28.924
v -179.209 4.390 35.076
v -181.708 4.390 38.376
v -189.831 4.390 32.224
f 1456 1455 1454 1453
f 1449 1450 1454 1453
f 1450 1451 1455 1454
f 1451 1452 1456 1455
f 1452 1449 1453 1456
v -200.770 0.865 21.605
v -194.168 0.865 12.756
v -186.530 0.865 18.455
v -193.132 0.865 27.304
v -200.770 4.765 21.605
v -194.168 4.765 12.756
v -186.530 4.765 18.455
v -193.132 4.765 27.304
f 1464 1463 1462 1461
f 1457 1458 1462 1461
f 1458 1459 1463 1462
f 1459 1460 1464 1463
f 1460 1457 1461 1464
v -177.455 0.636 15.743
v -165.167 0.636 -10.745
v -149.945 0.636 -3.683
v -162.233 0.636 22.805
v -177.455 4.536 15.743
v -165.167 4.536 -10.745
v -149.945 4.536 -3.683
v -162.233 4.536 22.805
f 1472 1471 1470 1469
f 1465 1466 1470 1469
f 1466 1467 1471 1470
f 1467 1468 1472 1471
f 1468 1465 1469 1472
v -153.434 0.711 35.416
v -144.607 0.711 23.562
v -136.386 0.711 29.684
v -145.213 0.711 41.538
v -153.434 4.611 35.416
v -144.607 4.611 23.562
v -136.386 4.611 29.684
v -145.213 4.611 41.538
f 1480 1479 1478 1477
f 1473 1474 1478 1477
f 1474 1475 1479 1478
f 1475 1476 1480 1479
f 1476 1473 1477 1480
v -129.013 0.865 77.503
v -117.577 0.865 58.115
v -106.147 0.865 64.857
v -117.583 0.865 84.245
v -129.013 4.765 77.503
v -117.577 4.765 58.115
v -106.147 4.765 64.857
v -117.583 4.765 84.245
f 1488 1487 1486 1485
f 1481 1482 1486 1485
f 1482 1483 1487 1486
f 1483 1484 1488 1487
f 1484 1481 1485 1488
v -117.695 0.695 66.330
v -108.994 0.695 49.879
v -97.025 0.695 56.210
v -105.726 0.695 72.661
v -117.695 4.595 66.330
v -108.994 4.595 49.879
v -97.025 4.595 56.210
v -105.726 4.595 72.661
f 1496 1495 1494 1493
f 1489 1490 1494 1493
f 1490 1491 1495 1494
f 1491 1492 1496 1495
f 1492 1489 1493 1496
v -231.830 0.511 -10.701
v -217.023 0.511 -30.408
v -205.830 0.511 -21.999
v -220.637 0.511 -2.292
v -231.830 4.411 -10.701
v -217.023 4.411 -30.408
v -205.830 4.411 -21.999
v -220.637 4.411 -2.292
f 1504 1503 1502 1501
f 1497 1498 1502 1501
f 1498 1499 1503 1502
f 1499 1500 1504 1503
f 1500 1497 1501 1504
v -234.481 0.525 5.719
v -234.318 0.525 -9.030
v -218.859 0.525 -8.859
v -219.022 0.525 5.890
v -234.481 4.425 5.719
v -234.318 4.425 -9.030
v -218.859 4.425 -8.859
v -219.022 4.425 5.890
f 1512 1511 1510 1509
f 1505 1506 1510 1509
f 1506 1507 1511 1510
f 1507 1508 1512 1511
f 1508 1505 1509 1512
v 247.840 0.958 -72.794
v 250.155 0.958 -80.023
v 255.640 0.958 -78.266
v 253.325 0.958 -71.037
v 247.840 4.858 -72.794
v 250.155 4.858 -80.023
v 255.640 4.858 -78.266
v 253.325 4.858 -71.037
f 1520 1519 1518 1517
f 1513 1514 1518 1517
f 1514 1515 1519 1518
f 1515 1516 1520 1519
f 1516 1513 1517 1520
v 226.544 0.503 -69.151
v 233.598 0.503 -84.695
v 243.396 0.503 -80.249
v 236.342 0.503 -64.705
v 226.544 4.403 -69.151
v 233.598 4.403 -84.695
v 243.396 4.403 -80.249
v 236.342 4.403 -64.705
f 1528 1527 1526 1525
f 1521 1522 1526 1525
f 1522 1523 1527 1526
f 1523 1524 1528 1527
f 1524 1521 1525 1528
v 209.157 0.743 -83.568
v 229.359 0.743 -81.905
v 228.203 0.743 -67.872
v 208.001 0.743 -69.535
v 209.157 4.643 -83.568
v 229.359 4.643 -81.905
v 228.203 4.643 -67.872
v 208.001 4.643 -69.535
f 1536 1535 1534 1533
f 1529 1530 1534 1533
f 1530 1531 1535 1534
f 1531 1532 1536 1535
f 1532 1529 1533 1536
v 243.324 0.804 -52.977
v 259.338 0.804 -47.965
v 255.356 0.804 -35.243
v 239.342 0.804 -40.255
v 243.324 4.704 -52.977
v 259.338 4.704 -47.965
v 255.356 4.704 -35.243
v 239.342 4.704 -40.255
f 1544 1543 1542 1541
f 1537 1538 1542 1541
f 1538 1539 1543 1542
f 1539 1540 1544 1543
f 1540 1537 1541 1544
v 243.964 1.191 -123.454
v 248.922 1.191 -136.814
v 254.116 1.191 -134.886
v 249.158 1.191 -121.526
v 243.964 5.091 -123.454
v 248.922 5.091 -136.814
v 254.116 5.091 -134.886
v 249.158 5.091 -121.526
f 1552 1551 1550 1549
f 1545 1546 1550 1549
f 1546 1547 1551 1550
f 1547 1548 1552 1551
f 1548 1545 1549 1552
v 233.306 0.850 -138.630
v 239.025 0.850 -135.499
v 237.574 0.850 -132.850
v 231.855 0.850 -135.981
v 233.306 4.750 -138.630
v 239.025 4.750 -135.499
v 237.574 4.750 -132.850
v 231.855 4.750 -135.981
f 1560 1559 1558 1557
f 1553 1554 1558 1557
f 1554 1555 1559 1558
f 1555 1556 1560 1559
f 1556 1553 1557 1560
v 193.408 0.395 -120.600
v 195.668 0.395 -125.930
v 200.032 0.395 -124.080
v 197.772 0.395 -118.750
v 193.408 4.295 -120.600
v 195.668 4.295 -125.930
v 200.032 4.295 -124.080
v 197.772 4.295 -118.750
f 1568 1567 1566 1565
f 1561 1562 1566 1565
f 1562 1563 1567 1566
f 1563 1564 1568 1567
f 1564 1561 1565 1568
v 205.070 0.884 -129.705
v 209.500 0.884 -128.048
v 208.410 0.884 -125.135
v 203.980 0.884 -126.792
v 205.070 4.784 -129.705
v 209.500 4.784 -128.048
v 208.410 4.784 -125.135
v 203.980 4.784 -126.792
f 1576 1575 1574 1573
f 1569 1570 1574 1573
f 1570 1571 1575 1574
f 1571 1572 1576 1575
f 1572 1569 1573 1576
v 221.349 1.055 -154.815
v 226.298 1.055 -136.306
v 213.131 1.055 -132.785
v 208.182 1.055 -151.294
v 221.349 4.955 -154.815
v 226.298 4.955 -136.306
v 213.131 4.955 -132.785
v 208.182 4.955 -151.294
f 1584 1583 1582 1581
f 1577 1578 1582 1581
f 1578 1579 1583 1582
f 1579 1580 1584 1583
f 1580 1577 1581 1584
v 221.203 0.829 -143.552
v 225.987 0.829 -156.986
v 233.957 0.829 -154.148
v 229.173 0.829 -140.714
v 221.203 4.729 -143.552
v 225.987 4.729 -156.986
v 233.957 4.729 -154.148
v 229.173 4.729 -140.714
f 1592 1591 1590 1589
f 1585 1586 1590 1589
f 1586 1587 1591 1590
f 1587 1588 1592 1591
f 1588 1585 1589 1592
v 236.151 0.845 -149.771
v 242.668 0.845 -147.273
v 240.689 0.845 -142.109
v 234.172 0.845 -144.607
v 236.151 4.745 -149.771
v 242.668 4.745 -147.273
v 240.689 4.745 -142.109
v 234.172 4.745 -144.607
f 1600 1599 1598 1597
f 1593 1594 1598 1597
f 1594 1595 1599 1598
f 1595 1596 1600 1599
f 1596 1593 1597 1600
v 226.159 0.806 -158.969
v 228.624 0.806 -165.264
v 232.181 0.806 -163.871
v 229.716 0.806 -157.576
v 226.159 4.706 -158.969
v 228.624 4.706 -165.264
v 232.181 4.706 -163.871
v 229.716 4.706 -157.576
f 1608 1607 1606 1605
f 1601 1602 1606 1605
f 1602 1603 1607 1606
f 1603 1604 1608 1607
f 1604 1601 1605 1608
v 242.706 0.948 -173.256
v 259.629 0.948 -183.650
v 268.454 0.948 -169.284
v 251.531 0.948 -158.890
v 242.706 4.848 -173.256
v 259.629 4.848 -183.650
v 268.454 4.848 -169.284
v 251.531 4.848 -158.890
f 1616 1615 1614 1613
f 1609 1610 1614 1613
f 1610 1611 1615 1614
f 1611 1612 1616 1615
f 1612 1609 1613 1616
v 154.536 0.688 -172.290
v 161.716 0.688 -193.815
v 172.464 0.688 -190.230
v 165.284 0.688 -168.705
v 154.536 4.588 -172.290
v 161.716 4.588 -193.815
v 172.464 4.588 -190.230
v 165.284 4.588 -168.705
f 1624 1623 1622 1621
f 1617 1618 1622 1621
f 1618 1619 1623 1622
f 1619 1620 1624 1623
f 1620 1617 1621 1624
v 148.166 0.753 -194.642
v 152.973 0.753 -192.969
v 151.974 0.753 -190.098
v 147.167 0.753 -191.771
v 148.166 4.653 -194.642
v 152.973 4.653 -192.969
v 151.974 4.653 -190.098
v 147.167 4.653 -191.771
f 1632 1631 1630 1629
f 1625 1626 1630 1629
f 1626 1627 1631 1630
f 1627 1628 1632 1631
f 1628 1625 1629 1632
v 176.567 1.014 -179.668
v 182.894 1.014 -202.103
v 192.153 1.014 -199.492
v 185.826 1.014 -177.057
v 176.567 4.914 -179.668
v 182.894 4.914 -202.103
v 192.153 4.914 -199.492
v 185.826 4.914 -177.057
f 1640 1639 1638 1637
f 1633 1634 1638 1637
f 1634 1635 1639 1638
f 1635 1636 1640 1639
f 1636 1633 1637 1640
v 216.874 0.768 -194.490
v 228.476 0.768 -220.598
v 238.666 0.768 -216.070
v 227.064 0.768 -189.962
v 216.874 4.668 -194.490
v 228.476 4.668 -220.598
v 238.666 4.668 -216.070
v 227.064 4.668 -189.962
f 1648 1647 1646 1645
f 1641 1642 1646 1645
f 1642 1643 1647 1646
f 1643 1644 1648 1647
f 1644 1641 1645 1648
v 224.040 1.099 -226.145
v 227.945 1.099 -224.598
v 226.700 1.099 -221.455
v 222.795 1.099 -223.002
v 224.040 4.999 -226.145
v 227.945 4.999 -224.598
v 226.700 4.999 -221.455
v 222.795 4.999 -223.002
f 1656 1655 1654 1653
f 1649 1650 1654 1653
f 1650 1651 1655 1654
f 1651 1652 1656 1655
f 1652 1649 1653 1656
v 233.853 1.178 -195.113
v 235.668 1.178 -215.653
v 248.867 1.178 -214.487
v 247.052 1.178 -193.947
v 233.853 5.078 -195.113
v 235.668 5.078 -215.653
v 248.867 5.078 -214.487
v 247.052 5.078 -193.947
f 1664 1663 1662 1661
f 1657 1658 1662 1661
f 1658 1659 1663 1662
f 1659 1660 1664 1663
f 1660 1657 1661 1664
v 243.510 0.894 -223.288
v 245.325 0.894 -227.076
v 249.050 0.894 -225.292
v 247.235 0.894 -221.504
v 243.510 4.794 -223.288
v 245.325 4.794 -227.076
v 249.050 4.794 -225.292
v 247.235 4.794 -221.504
f 1672 1671 1670 1669
f 1665 1666 1670 1669
f 1666 1667 1671 1670
f 1667 1668 1672 1671
f 1668 1665 1669 1672
v 218.776 1.202 -235.502
v 227.540 1.202 -256.323
v 239.384 1.202 -251.338
v 230.620 1.202 -230.517
v 218.776 5.102 -235.502
v 227.540 5.102 -256.323
v 239.384 5.102 -251.338
v 230.620 5.102 -230.517
f 1680 1679 1678 1677
f 1673 1674 1678 1677
f 1674 1675 1679 1678
f 1675 1676 1680 1679
f 1676 1673 1677 1680
v 210.140 0.990 -245.158
v 223.622 0.990 -240.332
v 219.760 0.990 -229.542
v 206.278 0.990 -234.368
v 210.140 4.890 -245.158
v 223.622 4.890 -240.332
v 219.760 4.890 -229.542
v 206.278 4.890 -234.368
f 1688 1687 1686 1685
f 1681 1682 1686 1685
f 1682 1683 1687 1686
f 1683 1684 1688 1687
f 1684 1681 1685 1688
v 192.360 1.323 -223.260
v 197.620 1.323 -238.973
v 207.520 1.323 -235.660
v 202.260 1.323 -219.947
v 192.360 5.223 -223.260
v 197.620 5.223 -238.973
v 207.520 5.223 -235.660
v 202.260 5.223 -219.947
f 1696 1695 1694 1693
f 1689 1690 1694 1693
f 1690 1691 1695 1694
f 1691 1692 1696 1695
f 1692 1689 1693 1696
v 197.614 1.185 -214.159
v 199.945 1.185 -219.947
v 203.386 1.185 -218.561
v 201.055 1.185 -212.773
v 197.614 5.085 -214.159
v 199.945 5.085 -219.947
v 203.386 5.085 -218.561
v 201.055 5.085 -212.773
f 1704 1703 1702 1701
f 1697 1698 1702 1701
f 1698 1699 1703 1702
f 1699 1700 1704 1703
f 1700 1697 1701 1704
v 149.350 0.946 -229.926
v 162.125 0.946 -214.772
v 146.850 0.946 -201.894
v 134.075 0.946 -217.048
v 149.350 4.846 -229.926
v 162.125 4.846 -214.772
v 146.850 4.846 -201.894
v 134.075 4.846 -217.048
f 1712 1711 1710 1709
f 1705 1706 1710 1709
f 1706 1707 1711 1710
f 1707 1708 1712 1711
f 1708 1705 1709 1712
v 9.947 0.838 -174.076
v 21.506 0.838 -190.299
v 30.033 0.838 -184.224
v 18.474 0.838 -168.001
v 9.947 4.738 -174.076
v 21.506 4.738 -190.299
v 30.033 4.738 -184.224
v 18.474 4.738 -168.001
f 1720 1719 1718 1717
f 1713 1714 1718 1717
f 1714 1715 1719 1718
f 1715 1716 1720 1719
f 1716 1713 1717 1720
v 23.098 0.570 -201.328
v 30.056 0.570 -196.428
v 26.002 0.570 -190.672
v 19.044 0.570 -195.572
v 23.098 4.470 -201.328
v 30.056 4.470 -196.428
v 26.002 4.470 -190.672
v 19.044 4.470 -195.572
f 1728 1727 1726 1725
f 1721 1722 1726 1725
f 1722 1723 1727 1726
f 1723 1724 1728 1727
f 1724 1721 1725 1728
v 37.296 0.979 -205.312
v 52.777 0.979 -195.312
v 43.704 0.979 -181.268
v 28.223 0.979 -191.268
v 37.296 4.879 -205.312
v 52.777 4.879 -195.312
v 43.704 4.879 -181.268
v 28.223 4.879 -191.268
f 1736 1735 1734 1733
f 1729 1730 1734 1733
f 1730 1731 1735 1734
f 1731 1732 1736 1735
f 1732 1729 1733 1736
v 46.209 0.429 -205.753
v 59.542 0.429 -222.158
v 68.071 0.429 -215.227
v 54.738 0.429 -198.822
v 46.209 4.329 -205.753
v 59.542 4.329 -222.158
v 68.071 4.329 -215.227
v 54.738 4.329 -198.822
f 1744 1743 1742 1741
f 1737 1738 1742 1741
f 1738 1739 1743 1742
f 1739 1740 1744 1743
f 1740 1737 1741 1744
v 44.264 0.365 -213.756
v 47.280 0.365 -216.245
v 49.476 0.365 -213.584
v 46.460 0.365 -211.095
v 44.264 4.265 -213.756
v 47.280 4.265 -216.245
v 49.476 4.265 -213.584
v 46.460 4.265 -211.095
f 1752 1751 1750 1749
f 1745 1746 1750 1749
f 1746 1747 1751 1750
f 1747 1748 1752 1751
f 1748 1745 1749 1752
v 57.466 0.164 -219.503
v 61.324 0.164 -224.709
v 64.714 0.164 -222.197
v 60.856 0.164 -216.991
v 57.466 4.064 -219.503
v 61.324 4.064 -224.709
v 64.714 4.064 -222.197
v 60.856 4.064 -216.991
f 1760 1759 1758 1757
f 1753 1754 1758 1757
f 1754 1755 1759 1758
f 1755 1756 1760 1759
f 1756 1753 1757 1760
v 60.365 0.023 -225.322
v 65.281 0.023 -232.232
v 70.895 0.023 -228.238
v 65.979 0.023 -221.328
v 60.365 3.923 -225.322
v 65.281 3.923 -232.232
v 70.895 3.923 -228.238
v 65.979 3.923 -221.328
f 1768 1767 1766 1765
f 1761 1762 1766 1765
f 1762 1763 1767 1766
f 1763 1764 1768 1767
f 1764 1761 1765 1768
v 79.525 0.495 -221.466
v 82.052 0.495 -206.447
v 71.155 0.495 -204.614
v 68.628 0.495 -219.633
v 79.525 4.395 -221.466
v 82.052 4.395 -206.447
v 71.155 4.395 -204.614
v 68.628 4.395 -219.633
f 1776 1775 1774 1773
f 1769 1770 1774 1773
f 1770 1771 1775 1774
f 1771 1772 1776 1775
f 1772 1769 1773 1776
v 74.351 0.433 -218.095
v 85.124 0.433 -233.648
v 94.109 0.433 -227.425
v 83.336 0.433 -211.872
v 74.351 4.333 -218.095
v 85.124 4.333 -233.648
v 94.109 4.333 -227.425
v 83.336 4.333 -211.872
f 1784 1783 1782 1781
f 1777 1778 1782 1781
f 1778 1779 1783 1782
f 1779 1780 1784 1783
f 1780 1777 1781 1784
v 83.564 0.517 -228.901
v 90.303 0.517 -237.708
v 94.576 0.517 -234.439
v 87.837 0.517 -225.632
v 83.564 4.417 -228.901
v 90.303 4.417 -237.708
v 94.576 4.417 -234.439
v 87.837 4.417 -225.632
f 1792 1791 1790 1789
f 1785 1786 1790 1789
f 1786 1787 1791 1790
f 1787 1788 1792 1791
f 1788 1785 1789 1792
v 90.424 0.561 -227.736
v 99.081 0.561 -244.739
v 108.696 0.561 -239.844
v 100.039 0.561 -222.841
v 90.424 4.461 -227.736
v 99.081 4.461 -244.739
v 108.696 4.461 -239.844
v 100.039 4.461 -222.841
f 1800 1799 1798 1797
f 1793 1794 1798 1797
f 1794 1795 1799 1798
f 1795 1796 1800 1799
f 1796 1793 1797 1800
v 154.008 0.911 -104.572
v 163.520 0.911 -94.588
v 157.032 0.911 -88.408
v 147.520 0.911 -98.392
v 154.008 4.811 -104.572
v 163.520 4.811 -94.588
v 157.032 4.811 -88.408
v 147.520 4.811 -98.392
f 1808 1807 1806 1805
f 1801 1802 1806 1805
f 1802 1803 1807 1806
f 1803 1804 1808 1807
f 1804 1801 1805 1808
v 137.649 1.148 -71.333
v 146.471 1.148 -88.228
v 158.731 1.148 -81.827
v 149.909 1.148 -64.932
v 137.649 5.048 -71.333
v 146.471 5.048 -88.228
v 158.731 5.048 -81.827
v 149.909 5.048 -64.932
f 1816 1815 1814 1813
f 1809 1810 1814 1813
f 1810 1811 1815 1814
f 1811 1812 1816 1815
f 1812 1809 1813 1816
v 162.425 0.877 -102.930
v 167.746 0.877 -102.481
v 167.535 0.877 -99.990
v 162.214 0.877 -100.439
v 162.425 4.777 -102.930
v 167.746 4.777 -102.481
v 167.535 4.777 -99.990
v 162.214 4.777 -100.439
f 1824 1823 1822 1821
f 1817 1818 1822 1821
f 1818 1819 1823 1822
f 1819 1820 1824 1823
f 1820 1817 1821 1824
v 174.086 1.027 -99.085
v 177.198 1.027 -71.329
v 158.694 1.027 -69.255
v 155.582 1.027 -97.011
v 174.086 4.927 -99.085
v 177.198 4.927 -71.329
v 158.694 4.927 -69.255
v 155.582 4.927 -97.011
f 1832 1831 1830 1829
f 1825 1826 1830 1829
f 1826 1827 1831 1830
f 1827 1828 1832 1831
f 1828 1825 1829 1832
v 131.218 1.045 -111.169
v 143.211 1.045 -127.423
v 151.982 1.045 -120.951
v 139.989 1.045 -104.697
v 131.218 4.945 -111.169
v 143.211 4.945 -127.423
v 151.982 4.945 -120.951
v 139.989 4.945 -104.697
f 1840 1839 1838 1837
f 1833 1834 1838 1837
f 1834 1835 1839 1838
f 1835 1836 1840 1839
f 1836 1833 1837 1840
v 103.162 0.981 -96.722
v 117.492 0.981 -111.991
v 127.138 0.981 -102.938
v 112.808 0.981 -87.669
v 103.162 4.881 -96.722
v 117.492 4.881 -111.991
v 127.138 4.881 -102.938
v 112.808 4.881 -87.669
f 1848 1847 1846 1845
f 1841 1842 1846 1845
f 1842 1843 1847 1846
f 1843 1844 1848 1847
f 1844 1841 1845 1848
v 95.753 0.712 -92.398
v 103.080 0.712 -102.893
v 108.967 0.712 -98.782
v 101.640 0.712 -88.287
v 95.753 4.612 -92.398
v 103.080 4.612 -102.893
v 108.967 4.612 -98.782
v 101.640 4.612 -88.287
f 1856 1855 1854 1853
f 1849 1850 1854 1853
f 1850 1851 1855 1854
f 1851 1852 1856 1855
f 1852 1849 1853 1856
v 126.332 1.215 -62.208
v 134.669 1.215 -80.881
v 147.188 1.215 -75.292
v 138.851 1.215 -56.619
v 126.332 5.115 -62.208
v 134.669 5.115 -80.881
v 147.188 5.115 -75.292
v 138.851 5.115 -56.619
f 1864 1863 1862 1861
f 1857 1858 1862 1861
f 1858 1859 1863 1862
f 1859 1860 1864 1863
f 1860 1857 1861 1864
v 127.776 1.024 -77.415
v 133.521 1.024 -74.166
v 130.444 1.024 -68.725
v 124.699 1.024 -71.974
v 127.776 4.924 -77.415
v 133.521 4.924 -74.166
v 130.444 4.924 -68.725
v 124.699 4.924 -71.974
f 1872 1871 1870 1869
f 1865 1866 1870 1869
f 1866 1867 1871 1870
f 1867 1868 1872 1871
f 1868 1865 1869 1872
v 93.201 0.920 -77.005
v 99.450 0.920 -85.753
v 106.839 0.920 -80.475
v 100.590 0.920 -71.727
v 93.201 4.820 -77.005
v 99.450 4.820 -85.753
v 106.839 4.820 -80.475
v 100.590 4.820 -71.727
f 1880 1879 1878 1877
f 1873 1874 1878 1877
f 1874 1875 1879 1878
f 1875 1876 1880 1879
f 1876 1873 1877 1880
v 86.827 0.796 -87.026
v 93.500 0.796 -96.830
v 99.253 0.796 -92.914
v 92.580 0.796 -83.110
v 86.827 4.696 -87.026
v 93.500 4.696 -96.830
v 99.253 4.696 -92.914
v 92.580 4.696 -83.110
f 1888 1887 1886 1885
f 1881 1882 1886 1885
f 1882 1883 1887 1886
f 1883 1884 1888 1887
f 1884 1881 1885 1888
v 76.693 0.825 -79.521
v 85.012 0.825 -89.886
v 90.627 0.825 -85.379
v 82.308 0.825 -75.014
v 76.693 4.725 -79.521
v 85.012 4.725 -89.886
v 90.627 4.725 -85.379
v 82.308 4.725 -75.014
f 1896 1895 1894 1893
f 1889 1890 1894 1893
f 1890 1891 1895 1894
f 1891 1892 1896 1895
f 1892 1889 1893 1896
v 100.057 1.095 -46.183
v 111.489 1.095 -60.473
v 122.983 1.095 -51.277
v 111.551 1.095 -36.987
v 100.057 4.995 -46.183
v 111.489 4.995 -60.473
v 122.983 4.995 -51.277
v 111.551 4.995 -36.987
f 1904 1903 1902 1901
f 1897 1898 1902 1901
f 1898 1899 1903 1902
f 1899 1900 1904 1903
f 1900 1897 1901 1904
v 89.831 1.039 -39.795
v 102.529 1.039 -49.999
v 109.789 1.039 -40.965
v 97.091 1.039 -30.761
v 89.831 4.939 -39.795
v 102.529 4.939 -49.999
v 109.789 4.939 -40.965
v 97.091 4.939 -30.761
f 1912 1911 1910 1909
f 1905 1906 1910 1909
f 1906 1907 1911 1910
f 1907 1908 1912 1911
f 1908 1905 1909 1912
v 64.894 1.249 -55.157
v 73.421 1.249 -64.609
v 82.606 1.249 -56.323
v 74.079 1.249 -46.871
v 64.894 5.149 -55.157
v 73.421 5.149 -64.609
v 82.606 5.149 -56.323
v 74.079 5.149 -46.871
f 1920 1919 1918 1917
f 1913 1914 1918 1917
f 1914 1915 1919 1918
f 1915 1916 1920 1919
f 1916 1913 1917 1920
v 57.182 0.981 -64.284
v 64.091 0.981 -73.614
v 68.978 0.981 -69.996
v 62.069 0.981 -60.666
v 57.182 4.881 -64.284
v 64.091 4.881 -73.614
v 68.978 4.881 -69.996
v 62.069 4.881 -60.666
f 1928 1927 1926 1925
f 1921 1922 1926 1925
f 1922 1923 1927 1926
f 1923 1924 1928 1927
f 1924 1921 1925 1928
v 64.273 0.735 -68.566
v 72.802 0.735 -80.464
v 78.507 0.735 -76.374
v 69.978 0.735 -64.476
v 64.273 4.635 -68.566
v 72.802 4.635 -80.464
v 78.507 4.635 -76.374
v 69.978 4.635 -64.476
f 1936 1935 1934 1933
f 1929 1930 1934 1933
f 1930 1931 1935 1934
f 1931 1932 1936 1935
f 1932 1929 1933 1936
v 48.934 1.101 -13.745
v 58.873 1.101 -28.488
v 68.326 1.101 -22.115
v 58.387 1.101 -7.372
v 48.934 5.001 -13.745
v 58.873 5.001 -28.488
v 68.326 5.001 -22.115
v 58.387 5.001 -7.372
f 1944 1943 1942 1941
f 1937 1938 1942 1941
f 1938 1939 1943 1942
f 1939 1940 1944 1943
f 1940 1937 1941 1944
v 39.913 1.237 -0.210
v 48.476 1.237 -14.954
v 59.847 1.237 -8.350
v 51.284 1.237 6.394
v 39.913 5.137 -0.210
v 48.476 5.137 -14.954
v 59.847 5.137 -8.350
v 51.284 5.137 6.394
f 1952 1951 1950 1949
f 1945 1946 1950 1949
f 1946 1947 1951 1950
f 1947 1948 1952 1951
f 1948 1945 1949 1952
v 19.206 0.820 3.662
v 40.996 0.820 -12.966
v 48.294 0.820 -3.402
v 26.504 0.820 13.226
v 19.206 4.720 3.662
v 40.996 4.720 -12.966
v 48.294 4.720 -3.402
v 26.504 4.720 13.226
f 1960 1959 1958 1957
f 1953 1954 1958 1957
f 1954 1955 1959 1958
f 1955 1956 1960 1959
f 1956 1953 1957 1960
v 15.361 1.215 14.874
v 25.213 1.215 0.532
v 35.219 1.215 7.406
v 25.367 1.215 21.748
v 15.361 5.115 14.874
v 25.213 5.115 0.532
v 35.219 5.115 7.406
v 25.367 5.115 21.748
f 1968 1967 1966 1965
f 1961 1962 1966 1965
f 1962 1963 1967 1966
f 1963 1964 1968 1967
f 1964 1961 1965 1968
v 16.172 0.813 -6.525
v 21.235 0.813 -3.381
v 18.908 0.813 0.365
v 13.845 0.813 -2.779
v 16.172 4.713 -6.525
v 21.235 4.713 -3.381
v 18.908 4.713 0.365
v 13.845 4.713 -2.779
f 1976 1975 1974 1973
f 1969 1970 1974 1973
f 1970 1971 1975 1974
f 1971 1972 1976 1975
f 1972 1969 1973 1976
v 1.062 1.016 23.603
v 12.170 1.016 7.968
v 21.838 1.016 14.837
v 10.730 1.016 30.472
v 1.062 4.916 23.603
v 12.170 4.916 7.968
v 21.838 4.916 14.837
v 10.730 4.916 30.472
f 1984 1983 1982 1981
f 1977 1978 1982 1981
f 1978 1979 1983 1982
f 1979 1980 1984 1983
f 1980 1977 1981 1984
v -2.819 1.114 -7.943
v 6.736 1.114 -22.664
v 16.299 1.114 -16.457
v 6.744 1.114 -1.736
v -2.819 5.014 -7.943
v 6.736 5.014 -22.664
v 16.299 5.014 -16.457
v 6.744 5.014 -1.736
f 1992 1991 1990 1989
f 1985 1986 1990 1989
f 1986 1987 1991 1990
f 1987 1988 1992 1991
f 1988 1985 1989 1992
v 7.084 0.832 -22.293
v 16.201 0.832 -32.666
v 24.756 0.832 -25.147
v 15.639 0.832 -14.774
v 7.084 4.732 -22.293
v 16.201 4.732 -32.666
v 24.756 4.732 -25.147
v 15.639 4.732 -14.774
f 2000 1999 1998 1997
f 1993 1994 1998 1997
f 1994 1995 1999 1998
f 1995 1996 2000 1999
f 1996 1993 1997 2000
v 27.393 1.032 -50.661
v 45.222 1.032 -38.238
v 37.767 1.032 -27.539
v 19.938 1.032 -39.962
v 27.393 4.932 -50.661
v 45.222 4.932 -38.238
v 37.767 4.932 -27.539
v 19.938 4.932 -39.962
f 2008 2007 2006 2005
f 2001 2002 2006 2005
f 2002 2003 2007 2006
f 2003 2004 2008 2007
f 2004 2001 2005 2008
v -6.545 0.842 7.188
v 5.733 0.842 43.509
v -18.595 0.842 51.732
v -30.873 0.842 15.411
v -6.545 4.742 7.188
v 5.733 4.742 43.509
v -18.595 4.742 51.732
v -30.873 4.742 15.411
f 2016 2015 2014 2013
f 2009 2010 2014 2013
f 2010 2011 2015 2014
f 2011 2012 2016 2015
f 2012 2009 2013 2016
v -29.968 0.799 5.469
v -14.611 0.799 17.159
v -20.832 0.799 25.331
v -36.189 0.799 13.641
v -29.968 4.699 5.469
v -14.611 4.699 17.159
v -20.832 4.699 25.331
v -36.189 4.699 13.641
f 2024 2023 2022 2021
f 2017 2018 2022 2021
f 2018 2019 2023 2022
f 2019 2020 2024 2023
f 2020 2017 2021 2024
v -35.866 0.939 -4.467
v -22.064 0.939 4.646
v -28.654 0.939 14.627
v -42.456 0.939 5.514
v -35.866 4.839 -4.467
v -22.064 4.839 4.646
v -28.654 4.839 14.627
v -42.456 4.839 5.514
f 2032 2031 2030 2029
f 2025 2026 2030 2029
f 2026 2027 2031 2030
f 2027 2028 2032 2031
f 2028 2025 2029 2032
v -64.695 0.912 -31.140
v -52.107 0.912 -35.143
v -48.125 0.912 -22.620
v -60.713 0.912 -18.617
v -64.695 4.812 -31.140
v -52.107 4.812 -35.143
v -48.125 4.812 -22.620
v -60.713 4.812 -18.617
f 2040 2039 2038 2037
f 2033 2034 2038 2037
f 2034 2035 2039 2038
f 2035 2036 2040 2039
f 2036 2033 2037 2040
v -55.390 0.748 -26.843
v -52.760 0.748 -49.118
v -35.470 0.748 -47.077
v -38.100 0.748 -24.802
v -55.390 4.648 -26.843
v -52.760 4.648 -49.118
v -35.470 4.648 -47.077
v -38.100 4.648 -24.802
f 2048 2047 2046 2045
f 2041 2042 2046 2045
f 2042 2043 2047 2046
f 2043 2044 2048 2047
f 2044 2041 2045 2048
v -26.663 0.678 -50.324
v -19.169 0.678 -61.348
v -12.297 0.678 -56.676
v -19.791 0.678 -45.652
v -26.663 4.578 -50.324
v -19.169 4.578 -61.348
v -12.297 4.578 -56.676
v -19.791 4.578 -45.652
f 2056 2055 2054 2053
f 2049 2050 2054 2053
f 2050 2051 2055 2054
f 2051 2052 2056 2055
f 2052 2049 2053 2056
v -8.172 0.897 -66.991
v 2.677 0.897 -60.030
v -3.048 0.897 -51.109
v -13.897 0.897 -58.070
v -8.172 4.797 -66.991
v 2.677 4.797 -60.030
v -3.048 4.797 -51.109
v -13.897 4.797 -58.070
f 2064 2063 2062 2061
f 2057 2058 2062 2061
f 2058 2059 2063 2062
f 2059 2060 2064 2063
f 2060 2057 2061 2064
v -28.829 0.373 -91.795
v -13.339 0.373 -114.868
v -1.151 0.373 -106.685
v -16.641 0.373 -83.612
v -28.829 4.273 -91.795
v -13.339 4.273 -114.868
v -1.151 4.273 -106.685
v -16.641 4.273 -83.612
f 2072 2071 2070 2069
f 2065 2066 2070 2069
f 2066 2067 2071 2070
f 2067 2068 2072 2071
f 2068 2065 2069 2072
v -14.595 0.501 -123.670
v -6.979 0.501 -117.958
v -9.625 0.501 -114.430
v -17.241 0.501 -120.142
v -14.595 4.401 -123.670
v -6.979 4.401 -117.958
v -9.625 4.401 -114.430
v -17.241 4.401 -120.142
f 2080 2079 2078 2077
f 2073 2074 2078 2077
f 2074 2075 2079 2078
f 2075 2076 2080 2079
f 2076 2073 2077 2080
v -79.636 0.445 -69.410
v -66.115 0.445 -79.398
v -57.304 0.445 -67.470
v -70.825 0.445 -57.482
v -79.636 4.345 -69.410
v -66.115 4.345 -79.398
v -57.304 4.345 -67.470
v -70.825 4.345 -57.482
f 2088 2087 2086 2085
f 2081 2082 2086 2085
f 2082 2083 2087 2086
f 2083 2084 2088 2087
f 2084 2081 2085 2088
v -64.718 0.749 -77.667
v -46.892 0.749 -85.695
v -40.802 0.749 -72.173
v -58.628 0.749 -64.145
v -64.718 4.649 -77.667
v -46.892 4.649 -85.695
v -40.802 4.649 -72.173
v -58.628 4.649 -64.145
f 2096 2095 2094 2093
f 2089 2090 2094 2093
f 2090 2091 2095 2094
f 2091 2092 2096 2095
f 2092 2089 2093 2096
v -61.131 0.617 -44.105
v -59.018 0.617 -47.179
v -56.249 0.617 -45.275
v -58.362 0.617 -42.201
v -61.131 4.517 -44.105
v -59.018 4.517 -47.179
v -56.249 4.517 -45.275
v -58.362 4.517 -42.201
f 2104 2103 2102 2101
f 2097 2098 2102 2101
f 2098 2099 2103 2102
f 2099 2100 2104 2103
f 2100 2097 2101 2104
v -66.278 0.765 21.727
v -58.787 0.765 11.237
v -51.202 0.765 16.653
v -58.693 0.765 27.143
v -66.278 4.665 21.727
v -58.787 4.665 11.237
v -51.202 4.665 16.653
v -58.693 4.665 27.143
f 2112 2111 2110 2109
f 2105 2106 2110 2109
f 2106 2107 2111 2110
f 2107 2108 2112 2111
f 2108 2105 2109 2112
v -50.685 0.859 58.509
v -38.561 0.859 40.645
v -28.475 0.859 47.491
v -40.599 0.859 65.355
v -50.685 4.759 58.509
v -38.561 4.759 40.645
v -28.475 4.759 47.491
v -40.599 4.759 65.355
f 2120 2119 2118 2117
f 2113 2114 2118 2117
f 2114 2115 2119 2118
f 2115 2116 2120 2119
f 2116 2113 2117 2120
v -62.243 0.958 69.157
v -50.847 0.958 48.811
v -38.257 0.958 55.863
v -49.653 0.958 76.209
v -62.243 4.858 69.157
v -50.847 4.858 48.811
v -38.257 4.858 55.863
v -49.653 4.858 76.209
f 2128 2127 2126 2125
f 2121 2122 2126 2125
f 2122 2123 2127 2126
f 2123 2124 2128 2127
f 2124 2121 2125 2128
v -77.516 0.966 71.201
v -60.230 0.966 56.258
v -50.564 0.966 67.439
v -67.850 0.966 82.382
v -77.516 4.866 71.201
v -60.230 4.866 56.258
v -50.564 4.866 67.439
v -67.850 4.866 82.382
f 2136 2135 2134 2133
f 2129 2130 2134 2133
f 2130 2131 2135 2134
f 2131 2132 2136 2135
f 2132 2129 2133 2136
v -85.649 1.033 80.026
v -76.916 1.033 69.587
v -66.891 1.033 77.974
v -75.624 1.033 88.413
v -85.649 4.933 80.026
v -76.916 4.933 69.587
v -66.891 4.933 77.974
v -75.624 4.933 88.413
f 2144 2143 2142 2141
f 2137 2138 2142 2141
f 2138 2139 2143 2142
f 2139 2140 2144 2143
f 2140 2137 2141 2144
v -98.321 0.885 87.996
v -88.617 0.885 78.113
v -77.179 0.885 89.344
v -86.883 0.885 99.227
v -98.321 4.785 87.996
v -88.617 4.785 78.113
v -77.179 4.785 89.344
v -86.883 4.785 99.227
f 2152 2151 2150 2149
f 2145 2146 2150 2149
f 2146 2147 2151 2150
f 2147 2148 2152 2151
f 2148 2145 2149 2152
v -93.859 0.585 73.735
v -90.492 0.585 76.345
v -92.041 0.585 78.345
v -95.408 0.585 75.735
v -93.859 4.485 73.735
v -90.492 4.485 76.345
v -92.041 4.485 78.345
v -95.408 4.485 75.735
f 2160 2159 2158 2157
f 2153 2154 2158 2157
f 2154 2155 2159 2158
f 2155 2156 2160 2159
f 2156 2153 2157 2160
v -116.061 0.792 96.961
v -97.312 0.792 80.773
v -87.999 0.792 91.559
v -106.748 0.792 107.747
v -116.061 4.692 96.961
v -97.312 4.692 80.773
v -87.999 4.692 91.559
v -106.748 4.692 107.747
f 2168 2167 2166 2165
f 2161 2162 2166 2165
f 2162 2163 2167 2166
f 2163 2164 2168 2167
f 2164 2161 2165 2168
v -116.404 0.609 -28.374
v -104.937 0.609 -57.358
v -90.096 0.609 -51.486
v -101.563 0.609 -22.502
v -116.404 4.509 -28.374
v -104.937 4.509 -57.358
v -90.096 4.509 -51.486
v -101.563 4.509 -22.502
f 2176 2175 2174 2173
f 2169 2170 2174 2173
f 2170 2171 2175 2174
f 2171 2172 2176 2175
f 2172 2169 2173 2176
v -130.036 0.491 -26.631
v -123.281 0.491 -47.368
v -110.084 0.491 -43.069
v -116.839 0.491 -22.332
v -130.036 4.391 -26.631
v -123.281 4.391 -47.368
v -110.084 4.391 -43.069
v -116.839 4.391 -22.332
f 2184 2183 2182 2181
f 2177 2178 2182 2181
f 2178 2179 2183 2182
f 2179 2180 2184 2183
f 2180 2177 2181 2184
v -137.630 0.533 -21.097
v -130.420 0.533 -31.099
v -121.270 0.533 -24.503
v -128.480 0.533 -14.501
v -137.630 4.433 -21.097
v -130.420 4.433 -31.099
v -121.270 4.433 -24.503
v -128.480 4.433 -14.501
f 2192 2191 2190 2189
f 2185 2186 2190 2189
f 2186 2187 2191 2190
f 2187 2188 2192 2191
f 2188 2185 2189 2192
v -144.643 0.525 -22.676
v -135.393 0.525 -16.469
v -140.697 0.525 -8.564
v -149.947 0.525 -14.771
v -144.643 4.425 -22.676
v -135.393 4.425 -16.469
v -140.697 4.425 -8.564
v -149.947 4.425 -14.771
f 2200 2199 2198 2197
f 2193 2194 2198 2197
f 2194 2195 2199 2198
f 2195 2196 2200 2199
f 2196 2193 2197 2200
v -147.111 0.394 -23.585
v -143.197 0.394 -28.911
v -139.829 0.394 -26.435
v -143.743 0.394 -21.109
v -147.111 4.294 -23.585
v -143.197 4.294 -28.911
v -139.829 4.294 -26.435
v -143.743 4.294 -21.109
f 2208 2207 2206 2205
f 2201 2202 2206 2205
f 2202 2203 2207 2206
f 2203 2204 2208 2207
f 2204 2201 2205 2208
v -92.663 1.196 -3.654
v -81.831 1.196 -18.934
v -72.677 1.196 -12.446
v -83.509 1.196 2.834
v -92.663 5.096 -3.654
v -81.831 5.096 -18.934
v -72.677 5.096 -12.446
v -83.509 5.096 2.834
f 2216 2215 2214 2213
f 2209 2210 2214 2213
f 2210 2211 2215 2214
f 2211 2212 2216 2215
f 2212 2209 2213 2216
v -100.785 0.802 -7.542
v -85.659 0.802 -2.386
v -89.595 0.802 9.162
v -104.721 0.802 4.006
v -100.785 4.702 -7.542
v -85.659 4.702 -2.386
v -89.595 4.702 9.162
v -104.721 4.702 4.006
f 2224 2223 2222 2221
f 2217 2218 2222 2221
f 2218 2219 2223 2222
f 2219 2220 2224 2223
f 2220 2217 2221 2224
v -118.369 0.540 -9.489
v -108.962 0.540 -2.978
v -111.791 0.540 1.109
v -121.198 0.540 -5.402
v -118.369 4.440 -9.489
v -108.962 4.440 -2.978
v -111.791 4.440 1.109
v -121.198 4.440 -5.402
f 2232 2231 2230 2229
f 2225 2226 2230 2229
f 2226 2227 2231 2230
f 2227 2228 2232 2231
f 2228 2225 2229 2232
v -114.145 0.914 3.486
v -98.579 0.914 3.857
v -98.875 0.914 16.254
v -114.441 0.914 15.883
v -114.145 4.814 3.486
v -98.579 4.814 3.857
v -98.875 4.814 16.254
v -114.441 4.814 15.883
f 2240 2239 2238 2237
f 2233 2234 2238 2237
f 2234 2235 2239 2238
f 2235 2236 2240 2239
f 2236 2233 2237 2240
v -131.220 0.735 21.660
v -123.882 0.735 6.570
v -109.880 0.735 13.380
v -117.218 0.735 28.470
v -131.220 4.635 21.660
v -123.882 4.635 6.570
v -109.880 4.635 13.380
v -117.218 4.635 28.470
f 2248 2247 2246 2245
f 2241 2242 2246 2245
f 2242 2243 2247 2246
f 2243 2244 2248 2247
f 2244 2241 2245 2248
v -141.365 1.080 26.658
v -129.629 1.080 17.077
v -121.755 1.080 26.722
v -133.491 1.080 36.303
v -141.365 4.980 26.658
v -129.629 4.980 17.077
v -121.755 4.980 26.722
v -133.491 4.980 36.303
f 2256 2255 2254 2253
f 2249 2250 2254 2253
f 2250 2251 2255 2254
f 2251 2252 2256 2255
f 2252 2249 2253 2256
v -203.529 0.364 -24.330
v -195.321 0.364 -46.371
v -180.711 0.364 -40.930
v -188.919 0.364 -18.889
v -203.529 4.264 -24.330
v -195.321 4.264 -46.371
v -180.711 4.264 -40.930
v -188.919 4.264 -18.889
f 2264 2263 2262 2261
f 2257 2258 2262 2261
f 2258 2259 2263 2262
f 2259 2260 2264 2263
f 2260 2257 2261 2264
v -190.178 0.454 -37.877
v -179.195 0.454 -50.484
v -170.102 0.454 -42.563
v -181.085 0.454 -29.956
v -190.178 4.354 -37.877
v -179.195 4.354 -50.484
v -170.102 4.354 -42.563
v -181.085 4.354 -29.956
f 2272 2271 2270 2269
f 2265 2266 2270 2269
f 2266 2267 2271 2270
f 2267 2268 2272 2271
f 2268 2265 2269 2272
v -175.331 0.620 -49.522
v -162.391 0.620 -56.684
v -155.869 0.620 -44.898
v -168.809 0.620 -37.736
v -175.331 4.520 -49.522
v -162.391 4.520 -56.684
v -155.869 4.520 -44.898
v -168.809 4.520 -37.736
f 2280 2279 2278 2277
f 2273 2274 2278 2277
f 2274 2275 2279 2278
f 2275 2276 2280 2279
f 2276 2273 2277 2280
v -172.804 0.365 -66.032
v -166.562 0.365 -62.132
v -170.176 0.365 -56.348
v -176.418 0.365 -60.248
v -172.804 4.265 -66.032
v -166.562 4.265 -62.132
v -170.176 4.265 -56.348
v -176.418 4.265 -60.248
f 2288 2287 2286 2285
f 2281 2282 2286 2285
f 2282 2283 2287 2286
f 2283 2284 2288 2287
f 2284 2281 2285 2288
v -159.996 0.161 -53.529
v -151.836 0.161 -62.504
v -143.024 0.161 -54.491
v -151.184 0.161 -45.516
v -159.996 4.061 -53.529
v -151.836 4.061 -62.504
v -143.024 4.061 -54.491
v -151.184 4.061 -45.516
f 2296 2295 2294 2293
f 2289 2290 2294 2293
f 2290 2291 2295 2294
f 2291 2292 2296 2295
f 2292 2289 2293 2296
v -157.802 0.516 -69.442
v -153.997 0.516 -82.270
v -142.358 0.516 -78.818
v -146.163 0.516 -65.990
v -157.802 4.416 -69.442
v -153.997 4.416 -82.270
v -142.358 4.416 -78.818
v -146.163 4.416 -65.990
f 2304 2303 2302 2301
f 2297 2298 2302 2301
f 2298 2299 2303 2302
f 2299 2300 2304 2303
f 2300 2297 2301 2304
v -148.728 0.412 -59.982
v -140.424 0.412 -74.884
v -129.932 0.412 -69.038
v -138.236 0.412 -54.136
v -148.728 4.312 -59.982
v -140.424 4.312 -74.884
v -129.932 4.312 -69.038
v -138.236 4.312 -54.136
f 2312 2311 2310 2309
f 2305 2306 2310 2309
f 2306 2307 2311 2310
f 2307 2308 2312 2311
f 2308 2305 2309 2312
v -147.926 0.453 -80.260
v -144.431 0.453 -85.344
v -140.294 0.453 -82.500
v -143.789 0.453 -77.416
v -147.926 4.353 -80.260
v -144.431 4.353 -85.344
v -140.294 4.353 -82.500
v -143.789 4.353 -77.416
f 2320 2319 2318 2317
f 2313 2314 2318 2317
f 2314 2315 2319 2318
f 2315 2316 2320 2319
f 2316 2313 2317 2320
v -137.872 0.736 -67.197
v -133.372 0.736 -86.428
v -120.188 0.736 -83.343
v -124.688 0.736 -64.112
v -137.872 4.636 -67.197
v -133.372 4.636 -86.428
v -120.188 4.636 -83.343
v -124.688 4.636 -64.112
f 2328 2327 2326 2325
f 2321 2322 2326 2325
f 2322 2323 2327 2326
f 2323 2324 2328 2327
f 2324 2321 2325 2328
v -161.089 0.337 -102.553
v -152.837 0.337 -115.401
v -143.691 0.337 -109.527
v -151.943 0.337 -96.679
v -161.089 4.237 -102.553
v -152.837 4.237 -115.401
v -143.691 4.237 -109.527
v -151.943 4.237 -96.679
f 2336 2335 2334 2333
f 2329 2330 2334 2333
f 2330 2331 2335 2334
f 2331 2332 2336 2335
f 2332 2329 2333 2336
v -170.555 0.391 -94.693
v -162.988 0.391 -105.349
v -154.085 0.391 -99.027
v -161.652 0.391 -88.371
v -170.555 4.291 -94.693
v -162.988 4.291 -105.349
v -154.085 4.291 -99.027
v -161.652 4.291 -88.371
f 2344 2343 2342 2341
f 2337 2338 2342 2341
f 2338 2339 2343 2342
f 2339 2340 2344 2343
f 2340 2337 2341 2344
v -183.962 0.494 -87.185
v -175.982 0.494 -97.599
v -167.338 0.494 -90.975
v -175.318 0.494 -80.561
v -183.962 4.394 -87.185
v -175.982 4.394 -97.599
v -167.338 4.394 -90.975
v -175.318 4.394 -80.561
f 2352 2351 2350 2349
f 2345 2346 2350 2349
f 2346 2347 2351 2350
f 2347 2348 2352 2351
f 2348 2345 2349 2352
v -187.649 0.404 -89.443
v -180.039 0.404 -77.633
v -190.151 0.404 -71.117
v -197.761 0.404 -82.927
v -187.649 4.304 -89.443
v -180.039 4.304 -77.633
v -190.151 4.304 -71.117
v -197.761 4.304 -82.927
f 2360 2359 2358 2357
f 2353 2354 2358 2357
f 2354 2355 2359 2358
f 2355 2356 2360 2359
f 2356 2353 2357 2360
v -220.867 0.432 -61.087
v -212.606 0.432 -70.627
v -204.253 0.432 -63.393
v -212.514 0.432 -53.853
v -220.867 4.332 -61.087
v -212.606 4.332 -70.627
v -204.253 4.332 -63.393
v -212.514 4.332 -53.853
f 2368 2367 2366 2365
f 2361 2362 2366 2365
f 2362 2363 2367 2366
f 2363 2364 2368 2367
f 2364 2361 2365 2368
v -248.689 0.573 -41.878
v -232.273 0.573 -52.495
v -224.491 0.573 -40.462
v -240.907 0.573 -29.845
v -248.689 4.473 -41.878
v -232.273 4.473 -52.495
v -224.491 4.473 -40.462
v -240.907 4.473 -29.845
f 2376 2375 2374 2373
f 2369 2370 2374 2373
f 2370 2371 2375 2374
f 2371 2372 2376 2375
f 2372 2369 2373 2376
v -226.429 0.468 -38.529
v -220.846 0.468 -34.917
v -223.671 0.468 -30.551
v -229.254 0.468 -34.163
v -226.429 4.368 -38.529
v -220.846 4.368 -34.917
v -223.671 4.368 -30.551
v -229.254 4.368 -34.163
f 2384 2383 2382 2381
f 2377 2378 2382 2381
f 2378 2379 2383 2382
f 2379 2380 2384 2383
f 2380 2377 2381 2384
v -232.784 0.402 -32.914
v -226.589 0.402 -28.581
v -228.796 0.402 -25.426
v -234.991 0.402 -29.759
v -232.784 4.302 -32.914
v -226.589 4.302 -28.581
v -228.796 4.302 -25.426
v -234.991 4.302 -29.759
f 2392 2391 2390 2389
f 2385 2386 2390 2389
f 2386 2387 2391 2390
f 2387 2388 2392 2391
f 2388 2385 2389 2392
v -258.796 0.381 -31.078
v -250.368 0.381 -43.219
v -240.404 0.381 -36.302
v -248.832 0.381 -24.161
v -258.796 4.281 -31.078
v -250.368 4.281 -43.219
v -240.404 4.281 -36.302
v -248.832 4.281 -24.161
f 2400 2399 2398 2397
f 2393 2394 2398 2397
f 2394 2395 2399 2398
f 2395 2396 2400 2399
f 2396 2393 2397 2400
v -250.135 0.599 -13.069
v -242.302 0.599 -7.819
v -245.565 0.599 -2.951
v -253.398 0.599 -8.201
v -250.135 4.499 -13.069
v -242.302 4.499 -7.819
v -245.565 4.499 -2.951
v -253.398 4.499 -8.201
f 2408 2407 2406 2405
f 2401 2402 2406 2405
f 2402 2403 2407 2406
f 2403 2404 2408 2407
f 2404 2401 2405 2408
v -249.698 0.564 8.652
v -240.312 0.564 -4.021
v -230.742 0.564 3.068
v -240.128 0.564 15.741
v -249.698 4.464 8.652
v -240.312 4.464 -4.021
v -230.742 4.464 3.068
v -240.128 4.464 15.741
f 2416 2415 2414 2413
f 2409 2410 2414 2413
f 2410 2411 2415 2414
f 2411 2412 2416 2415
f 2412 2409 2413 2416
v -264.824 0.588 17.968
v -253.242 0.588 3.045
v -242.616 0.588 11.292
v -254.198 0.588 26.215
v -264.824 4.488 17.968
v -253.242 4.488 3.045
v -242.616 4.488 11.292
v -254.198 4.488 26.215
f 2424 2423 2422 2421
f 2417 2418 2422 2421
f 2418 2419 2423 2422
f 2419 2420 2424 2423
f 2420 2417 2421 2424
v -263.884 0.433 -121.187
v -254.810 0.433 -134.255
v -247.376 0.433 -129.093
v -256.450 0.433 -116.025
v -263.884 4.333 -121.187
v -254.810 4.333 -134.255
v -247.376 4.333 -129.093
v -256.450 4.333 -116.025
f 2432 2431 2430 2429
f 2425 2426 2430 2429
f 2426 2427 2431 2430
f 2427 2428 2432 2431
f 2428 2425 2429 2432
v -254.114 0.340 -115.127
v -248.762 0.340 -111.230
v -251.046 0.340 -108.093
v -256.398 0.340 -111.990
v -254.114 4.240 -115.127
v -248.762 4.240 -111.230
v -251.046 4.240 -108.093
v -256.398 4.240 -111.990
f 2440 2439 2438 2437
f 2433 2434 2438 2437
f 2434 2435 2439 2438
f 2435 2436 2440 2439
f 2436 2433 2437 2440
v -254.934 0.383 -132.200
v -245.592 0.383 -144.342
v -235.946 0.383 -136.920
v -245.288 0.383 -124.778
v -254.934 4.283 -132.200
v -245.592 4.283 -144.342
v -235.946 4.283 -136.920
v -245.288 4.283 -124.778
f 2448 2447 2446 2445
f 2441 2442 2446 2445
f 2442 2443 2447 2446
f 2443 2444 2448 2447
f 2444 2441 2445 2448
v -253.893 0.436 -97.876
v -233.635 0.436 -115.360
v -222.247 0.436 -102.164
v -242.505 0.436 -84.680
v -253.893 4.336 -97.876
v -233.635 4.336 -115.360
v -222.247 4.336 -102.164
v -242.505 4.336 -84.680
f 2456 2455 2454 2453
f 2449 2450 2454 2453
f 2450 2451 2455 2454
f 2451 2452 2456 2455
f 2452 2449 2453 2456
v -233.615 0.364 -101.708
v -224.107 0.364 -114.837
v -215.125 0.364 -108.332
v -224.633 0.364 -95.203
v -233.615 4.264 -101.708
v -224.107 4.264 -114.837
v -215.125 4.264 -108.332
v -224.633 4.264 -95.203
f 2464 2463 2462 2461
f 2457 2458 2462 2461
f 2458 2459 2463 2462
f 2459 2460 2464 2463
f 2460 2457 2461 2464
v -222.134 0.350 -111.032
v -211.738 0.350 -125.270
v -202.806 0.350 -118.748
v -213.202 0.350 -104.510
v -222.134 4.250 -111.032
v -211.738 4.250 -125.270
v -202.806 4.250 -118.748
v -213.202 4.250 -104.510
f 2472 2471 2470 2469
f 2465 2466 2470 2469
f 2466 2467 2471 2470
f 2467 2468 2472 2471
f 2468 2465 2469 2472
v -210.339 0.470 -118.340
v -197.896 0.470 -135.897
v -188.701 0.470 -129.380
v -201.144 0.470 -111.823
v -210.339 4.370 -118.340
v -197.896 4.370 -135.897
v -188.701 4.370 -129.380
v -201.144 4.370 -111.823
f 2480 2479 2478 2477
f 2473 2474 2478 2477
f 2474 2475 2479 2478
f 2475 2476 2480 2479
f 2476 2473 2477 2480
v -195.113 0.792 -128.028
v -188.248 0.792 -140.778
v -177.427 0.792 -134.952
v -184.292 0.792 -122.202
v -195.113 4.692 -128.028
v -188.248 4.692 -140.778
v -177.427 4.692 -134.952
v -184.292 4.692 -122.202
f 2488 2487 2486 2485
f 2481 2482 2486 2485
f 2482 2483 2487 2486
f 2483 2484 2488 2487
f 2484 2481 2485 2488
v -191.212 0.425 -137.148
v -171.242 0.425 -155.438
v -163.488 0.425 -146.972
v -183.458 0.425 -128.682
v -191.212 4.325 -137.148
v -171.242 4.325 -155.438
v -163.488 4.325 -146.972
v -183.458 4.325 -128.682
f 2496 2495 2494 2493
f 2489 2490 2494 2493
f 2490 2491 2495 2494
f 2491 2492 2496 2495
f 2492 2489 2493 2496
v -191.135 0.595 -165.496
v -179.443 0.595 -158.052
v -184.185 0.595 -150.604
v -195.877 0.595 -158.048
v -191.135 4.495 -165.496
v -179.443 4.495 -158.052
v -184.185 4.495 -150.604
v -195.877 4.495 -158.048
f 2504 2503 2502 2501
f 2497 2498 2502 2501
f 2498 2499 2503 2502
f 2499 2500 2504 2503
f 2500 2497 2501 2504
v -206.510 0.538 -164.902
v -201.744 0.538 -186.256
v -186.070 0.538 -182.758
v -190.836 0.538 -161.404
v -206.510 4.438 -164.902
v -201.744 4.438 -186.256
v -186.070 4.438 -182.758
v -190.836 4.438 -161.404
f 2512 2511 2510 2509
f 2505 2506 2510 2509
f 2506 2507 2511 2510
f 2507 2508 2512 2511
f 2508 2505 2509 2512
v -211.573 0.442 -169.530
v -202.038 0.442 -163.174
v -206.947 0.442 -155.810
v -216.482 0.442 -162.166
v -211.573 4.342 -169.530
v -202.038 4.342 -163.174
v -206.947 4.342 -155.810
v -216.482 4.342 -162.166
f 2520 2519 2518 2517
f 2513 2514 2518 2517
f 2514 2515 2519 2518
f 2515 2516 2520 2519
f 2516 2513 2517 2520
v -228.275 0.401 -148.650
v -218.342 0.401 -161.900
v -208.405 0.401 -154.450
v -218.338 0.401 -141.200
v -228.275 4.301 -148.650
v -218.342 4.301 -161.900
v -208.405 4.301 -154.450
v -218.338 4.301 -141.200
f 2528 2527 2526 2525
f 2521 2522 2526 2525
f 2522 2523 2527 2526
f 2523 2524 2528 2527
f 2524 2521 2525 2528
v -241.964 0.334 -137.385
v -236.402 0.334 -152.856
v -224.216 0.334 -148.475
v -229.778 0.334 -133.004
v -241.964 4.234 -137.385
v -236.402 4.234 -152.856
v -224.216 4.234 -148.475
v -229.778 4.234 -133.004
f 2536 2535 2534 2533
f 2529 2530 2534 2533
f 2530 2531 2535 2534
f 2531 2532 2536 2535
f 2532 2529 2533 2536
v -162.194 0.514 -155.909
v -148.201 0.514 -171.353
v -137.426 0.514 -161.591
v -151.419 0.514 -146.147
v -162.194 4.414 -155.909
v -148.201 4.414 -171.353
v -137.426 4.414 -161.591
v -151.419 4.414 -146.147
f 2544 2543 2542 2541
f 2537 2538 2542 2541
f 2538 2539 2543 2542
f 2539 2540 2544 2543
f 2540 2537 2541 2544
v -151.087 0.612 -161.600
v -138.717 0.612 -185.183
v -126.053 0.612 -178.540
v -138.423 0.612 -154.957
v -151.087 4.512 -161.600
v -138.717 4.512 -185.183
v -126.053 4.512 -178.540
v -138.423 4.512 -154.957
f 2552 2551 2550 2549
f 2545 2546 2550 2549
f 2546 2547 2551 2550
f 2547 2548 2552 2551
f 2548 2545 2549 2552
v -132.636 0.417 -172.974
v -124.257 0.417 -184.475
v -114.444 0.417 -177.326
v -122.823 0.417 -165.825
v -132.636 4.317 -172.974
v -124.257 4.317 -184.475
v -114.444 4.317 -177.326
v -122.823 4.317 -165.825
f 2560 2559 2558 2557
f 2553 2554 2558 2557
f 2554 2555 2559 2558
f 2555 2556 2560 2559
f 2556 2553 2557 2560
v -128.878 0.296 -190.568
v -123.759 0.296 -187.362
v -126.822 0.296 -182.472
v -131.941 0.296 -185.678
v -128.878 4.196 -190.568
v -123.759 4.196 -187.362
v -126.822 4.196 -182.472
v -131.941 4.196 -185.678
f 2568 2567 2566 2565
f 2561 2562 2566 2565
f 2562 2563 2567 2566
f 2563 2564 2568 2567
f 2564 2561 2565 2568
v -119.188 0.408 -179.922
v -109.647 0.408 -193.076
v -102.232 0.408 -187.698
v -111.773 0.408 -174.544
v -119.188 4.308 -179.922
v -109.647 4.308 -193.076
v -102.232 4.308 -187.698
v -111.773 4.308 -174.544
f 2576 2575 2574 2573
f 2569 2570 2574 2573
f 2570 2571 2575 2574
f 2571 2572 2576 2575
f 2572 2569 2573 2576
v -107.857 0.555 -189.289
v -99.325 0.555 -200.250
v -89.383 0.555 -192.511
v -97.915 0.555 -181.550
v -107.857 4.455 -189.289
v -99.325 4.455 -200.250
v -89.383 4.455 -192.511
v -97.915 4.455 -181.550
f 2584 2583 2582 2581
f 2577 2578 2582 2581
f 2578 2579 2583 2582
f 2579 2580 2584 2583
f 2580 2577 2581 2584
v -96.117 1.011 -198.830
v -85.139 1.011 -214.190
v -78.143 1.011 -209.190
v -89.121 1.011 -193.830
v -96.117 4.911 -198.830
v -85.139 4.911 -214.190
v -78.143 4.911 -209.190
v -89.121 4.911 -193.830
f 2592 2591 2590 2589
f 2585 2586 2590 2589
f 2586 2587 2591 2590
f 2587 2588 2592 2591
f 2588 2585 2589 2592
v -101.767 0.329 -205.961
v -101.200 0.329 -214.071
v -96.173 0.329 -213.719
v -96.740 0.329 -205.609
v -101.767 4.229 -205.961
v -101.200 4.229 -214.071
v -96.173 4.229 -213.719
v -96.740 4.229 -205.609
f 2600 2599 2598 2597
f 2593 2594 2598 2597
f 2594 2595 2599 2598
f 2595 2596 2600 2599
f 2596 2593 2597 2600
v -83.234 1.039 -206.047
v -75.466 1.039 -219.066
v -65.186 1.039 -212.933
v -72.954 1.039 -199.914
v -83.234 4.939 -206.047
v -75.466 4.939 -219.066
v -65.186 4.939 -212.933
v -72.954 4.939 -199.914
f 2608 2607 2606 2605
f 2601 2602 2606 2605
f 2602 2603 2607 2606
f 2603 2604 2608 2607
f 2604 2601 2605 2608
v -125.722 0.481 -224.313
v -110.228 0.481 -240.985
v -97.878 0.481 -229.507
v -113.372 0.481 -212.835
v -125.722 4.381 -224.313
v -110.228 4.381 -240.985
v -97.878 4.381 -229.507
v -113.372 4.381 -212.835
f 2616 2615 2614 2613
f 2609 2610 2614 2613
f 2610 2611 2615 2614
f 2611 2612 2616 2615
f 2612 2609 2613 2616
v -123.949 0.231 -209.588
v -117.857 0.231 -218.723
v -112.291 0.231 -215.012
v -118.383 0.231 -205.877
v -123.949 4.131 -209.588
v -117.857 4.131 -218.723
v -112.291 4.131 -215.012
v -118.383 4.131 -205.877
f 2624 2623 2622 2621
f 2617 2618 2622 2621
f 2618 2619 2623 2622
f 2619 2620 2624 2623
f 2620 2617 2621 2624
v -131.134 0.488 -204.969
v -124.534 0.488 -214.264
v -118.826 0.488 -210.211
v -125.426 0.488 -200.916
v -131.134 4.388 -204.969
v -124.534 4.388 -214.264
v -118.826 4.388 -210.211
v -125.426 4.388 -200.916
f 2632 2631 2630 2629
f 2625 2626 2630 2629
f 2626 2627 2631 2630
f 2627 2628 2632 2631
f 2628 2625 2629 2632
v -153.680 0.535 -213.933
v -137.497 0.535 -224.022
v -126.540 0.535 -206.447
v -142.723 0.535 -196.358
v -153.680 4.435 -213.933
v -137.497 4.435 -224.022
v -126.540 4.435 -206.447
v -142.723 4.435 -196.358
f 2640 2639 2638 2637
f 2633 2634 2638 2637
f 2634 2635 2639 2638
f 2635 2636 2640 2639
f 2636 2633 2637 2640
v -145.736 0.495 -193.153
v -142.071 0.495 -197.853
v -138.704 0.495 -195.227
v -142.369 0.495 -190.527
v -145.736 4.395 -193.153
v -142.071 4.395 -197.853
v -138.704 4.395 -195.227
v -142.369 4.395 -190.527
f 2648 2647 2646 2645
f 2641 2642 2646 2645
f 2642 2643 2647 2646
f 2643 2644 2648 2647
f 2644 2641 2645 2648
v -153.963 0.401 -205.861
v -151.481 0.401 -190.592
v -168.537 0.401 -187.819
v -171.019 0.401 -203.088
v -153.963 4.301 -205.861
v -151.481 4.301 -190.592
v -168.537 4.301 -187.819
v -171.019 4.301 -203.088
f 2656 2655 2654 2653
f 2649 2650 2654 2653
f 2650 2651 2655 2654
f 2651 2652 2656 2655
f 2652 2649 2653 2656
v -153.024 0.624 -195.891
v -146.860 0.624 -191.585
v -150.336 0.624 -186.609
v -156.500 0.624 -190.915
v -153.024 4.524 -195.891
v -146.860 4.524 -191.585
v -150.336 4.524 -186.609
v -156.500 4.524 -190.915
f 2664 2663 2662 2661
f 2657 2658 2662 2661
f 2658 2659 2663 2662
f 2659 2660 2664 2663
f 2660 2657 2661 2664
v -172.804 0.494 -178.905
v -167.809 0.494 -186.041
v -162.656 0.494 -182.435
v -167.651 0.494 -175.299
v -172.804 4.394 -178.905
v -167.809 4.394 -186.041
v -162.656 4.394 -182.435
v -167.651 4.394 -175.299
f 2672 2671 2670 2669
f 2665 2666 2670 2669
f 2666 2667 2671 2670
f 2667 2668 2672 2671
f 2668 2665 2669 2672
v -136.089 0.446 -116.038
v -126.373 0.446 -137.754
v -110.791 0.446 -130.782
v -120.507 0.446 -109.066
v -136.089 4.346 -116.038
v -126.373 4.346 -137.754
v -110.791 4.346 -130.782
v -120.507 4.346 -109.066
f 2680 2679 2678 2677
f 2673 2674 2678 2677
f 2674 2675 2679 2678
f 2675 2676 2680 2679
f 2676 2673 2677 2680
v -123.295 0.605 -130.169
v -111.176 0.605 -142.019
v -100.745 0.605 -131.351
v -112.864 0.605 -119.501
v -123.295 4.505 -130.169
v -111.176 4.505 -142.019
v -100.745 4.505 -131.351
v -112.864 4.505 -119.501
f 2688 2687 2686 2685
f 2681 2682 2686 2685
f 2682 2683 2687 2686
f 2683 2684 2688 2687
f 2684 2681 2685 2688
v -110.967 0.692 -89.849
v -102.911 0.692 -101.797
v -94.893 0.692 -96.391
v -102.949 0.692 -84.443
v -110.967 4.592 -89.849
v -102.911 4.592 -101.797
v -94.893 4.592 -96.391
v -102.949 4.592 -84.443
f 2696 2695 2694 2693
f 2689 2690 2694 2693
f 2690 2691 2695 2694
f 2691 2692 2696 2695
f 2692 2689 2693 2696
v -86.283 0.591 -108.039
v -78.513 0.591 -117.651
v -70.137 0.591 -110.881
v -77.907 0.591 -101.269
v -86.283 4.491 -108.039
v -78.513 4.491 -117.651
v -70.137 4.491 -110.881
v -77.907 4.491 -101.269
f 2704 2703 2702 2701
f 2697 2698 2702 2701
f 2698 2699 2703 2702
f 2699 2700 2704 2703
f 2700 2697 2701 2704
v -111.924 0.527 -136.024
v -100.261 0.527 -151.187
v -89.196 0.527 -142.676
v -100.859 0.527 -127.513
v -111.924 4.427 -136.024
v -100.261 4.427 -151.187
v -89.196 4.427 -142.676
v -100.859 4.427 -127.513
f 2712 2711 2710 2709
f 2705 2706 2710 2709
f 2706 2707 2711 2710
f 2707 2708 2712 2711
f 2708 2705 2709 2712
v -92.143 0.586 -159.348
v -69.962 0.586 -173.236
v -60.717 0.586 -158.472
v -82.898 0.586 -144.584
v -92.143 4.486 -159.348
v -69.962 4.486 -173.236
v -60.717 4.486 -158.472
v -82.898 4.486 -144.584
f 2720 2719 2718 2717
f 2713 2714 2718 2717
f 2714 2715 2719 2718
f 2715 2716 2720 2719
f 2716 2713 2717 2720
v -54.977 0.670 -184.719
v -44.842 0.670 -178.934
v -49.883 0.670 -170.101
v -60.018 0.670 -175.886
v -54.977 4.570 -184.719
v -44.842 4.570 -178.934
v -49.883 4.570 -170.101
v -60.018 4.570 -175.886
f 2728 2727 2726 2725
f 2721 2722 2726 2725
f 2722 2723 2727 2726
f 2723 2724 2728 2727
f 2724 2721 2725 2728
v -36.695 0.354 -138.513
v -27.462 0.354 -151.593
v -21.645 0.354 -147.487
v -30.878 0.354 -134.407
v -36.695 4.254 -138.513
v -27.462 4.254 -151.593
v -21.645 4.254 -147.487
v -30.878 4.254 -134.407
f 2736 2735 2734 2733
f 2729 2730 2734 2733
f 2730 2731 2735 2734
f 2731 2732 2736 2735
f 2732 2729 2733 2736
v -59.879 0.553 -147.615
v -29.567 0.553 -137.775
v -36.141 0.553 -117.525
v -66.453 0.553 -127.365
v -59.879 4.453 -147.615
v -29.567 4.453 -137.775
v -36.141 4.453 -117.525
v -66.453 4.453 -127.365
f 2744 2743 2742 2741
f 2737 2738 2742 2741
f 2738 2739 2743 2742
f 2739 2740 2744 2743
f 2740 2737 2741 2744
v -46.635 0.511 -153.199
v -43.356 0.511 -151.088
v -44.725 0.511 -148.961
v -48.004 0.511 -151.072
v -46.635 4.411 -153.199
v -43.356 4.411 -151.088
v -44.725 4.411 -148.961
v -48.004 4.411 -151.072
f 2752 2751 2750 2749
f 2745 2746 2750 2749
f 2746 2747 2751 2750
f 2747 2748 2752 2751
f 2748 2745 2749 2752
v -44.282 0.327 -164.208
v -41.846 0.327 -162.827
v -43.078 0.327 -160.652
v -45.514 0.327 -162.033
v -44.282 4.227 -164.208
v -41.846 4.227 -162.827
v -43.078 4.227 -160.652
v -45.514 4.227 -162.033
f 2760 2759 2758 2757
f 2753 2754 2758 2757
f 2754 2755 2759 2758
f 2755 2756 2760 2759
f 2756 2753 2757 2760
v -74.335 0.502 -115.378
v -66.212 0.502 -125.732
v -56.385 0.502 -118.022
v -64.508 0.502 -107.668
v -74.335 4.402 -115.378
v -66.212 4.402 -125.732
v -56.385 4.402 -118.022
v -64.508 4.402 -107.668
f 2768 2767 2766 2765
f 2761 2762 2766 2765
f 2762 2763 2767 2766
f 2763 2764 2768 2767
f 2764 2761 2765 2768
v -96.721 0.950 178.739
v -87.891 0.950 184.640
v -91.019 0.950 189.321
v -99.849 0.950 183.420
v -96.721 4.850 178.739
v -87.891 4.850 184.640
v -91.019 4.850 189.321
v -99.849 4.850 183.420
f 2776 2775 2774 2773
f 2769 2770 2774 2773
f 2770 2771 2775 2774
f 2771 2772 2776 2775
f 2772 2769 2773 2776
v -126.872 0.742 212.385
v -115.847 0.742 196.131
v -105.668 0.742 203.035
v -116.693 0.742 219.289
v -126.872 4.642 212.385
v -115.847 4.642 196.131
v -105.668 4.642 203.035
v -116.693 4.642 219.289
f 2784 2783 2782 2781
f 2777 2778 2782 2781
f 2778 2779 2783 2782
f 2779 2780 2784 2783
f 2780 2777 2781 2784
v -115.878 1.231 200.157
v -108.607 1.231 184.823
v -98.442 1.231 189.643
v -105.713 1.231 204.977
v -115.878 5.131 200.157
v -108.607 5.131 184.823
v -98.442 5.131 189.643
v -105.713 5.131 204.977
f 2792 2791 2790 2789
f 2785 2786 2790 2789
f 2786 2787 2791 2790
f 2787 2788 2792 2791
f 2788 2785 2789 2792
v -142.381 0.667 218.993
v -136.387 0.667 201.406
v -119.719 0.667 207.087
v -125.713 0.667 224.674
v -142.381 4.567 218.993
v -136.387 4.567 201.406
v -119.719 4.567 207.087
v -125.713 4.567 224.674
f 2800 2799 2798 2797
f 2793 2794 2798 2797
f 2794 2795 2799 2798
f 2795 2796 2800 2799
f 2796 2793 2797 2800
v -149.381 0.628 230.539
v -138.697 0.628 216.265
v -130.659 0.628 222.281
v -141.343 0.628 236.555
v -149.381 4.528 230.539
v -138.697 4.528 216.265
v -130.659 4.528 222.281
v -141.343 4.528 236.555
f 2808 2807 2806 2805
f 2801 2802 2806 2805
f 2802 2803 2807 2806
f 2803 2804 2808 2807
f 2804 2801 2805 2808
v -169.058 0.672 219.272
v -149.777 0.672 215.923
v -146.462 0.672 235.008
v -165.743 0.672 238.357
v -169.058 4.572 219.272
v -149.777 4.572 215.923
v -146.462 4.572 235.008
v -165.743 4.572 238.357
f 2816 2815 2814 2813
f 2809 2810 2814 2813
f 2810 2811 2815 2814
f 2811 2812 2816 2815
f 2812 2809 2813 2816
v -210.317 0.627 225.704
v -199.786 0.627 210.300
v -191.043 0.627 216.276
v -201.574 0.627 231.680
v -210.317 4.527 225.704
v -199.786 4.527 210.300
v -191.043 4.527 216.276
v -201.574 4.527 231.680
f 2824 2823 2822 2821
f 2817 2818 2822 2821
f 2818 2819 2823 2822
f 2819 2820 2824 2823
f 2820 2817 2821 2824
v -198.658 0.974 242.980
v -186.396 0.974 250.849
v -193.282 0.974 261.580
v -205.544 0.974 253.711
v -198.658 4.874 242.980
v -186.396 4.874 250.849
v -193.282 4.874 261.580
v -205.544 4.874 253.711
f 2832 2831 2830 2829
f 2825 2826 2830 2829
f 2826 2827 2831 2830
f 2827 2828 2832 2831
f 2828 2825 2829 2832
v -219.118 0.746 243.502
v -209.243 0.746 228.680
v -203.242 0.746 232.678
v -213.117 0.746 247.500
v -219.118 4.646 243.502
v -209.243 4.646 228.680
v -203.242 4.646 232.678
v -213.117 4.646 247.500
f 2840 2839 2838 2837
f 2833 2834 2838 2837
f 2834 2835 2839 2838
f 2835 2836 2840 2839
f 2836 2833 2837 2840
v -230.524 0.745 247.784
v -217.649 0.745 227.803
v -211.016 0.745 232.076
v -223.891 0.745 252.057
v -230.524 4.645 247.784
v -217.649 4.645 227.803
v -211.016 4.645 232.076
v -223.891 4.645 252.057
f 2848 2847 2846 2845
f 2841 2842 2846 2845
f 2842 2843 2847 2846
f 2843 2844 2848 2847
f 2844 2841 2845 2848
v -238.556 0.713 248.546
v -227.758 0.713 232.477
v -221.484 0.713 236.694
v -232.282 0.713 252.763
v -238.556 4.613 248.546
v -227.758 4.613 232.477
v -221.484 4.613 236.694
v -232.282 4.613 252.763
f 2856 2855 2854 2853
f 2849 2850 2854 2853
f 2850 2851 2855 2854
f 2851 2852 2856 2855
f 2852 2849 2853 2856
v -245.812 0.720 250.430
v -236.488 0.720 237.502
v -231.208 0.720 241.310
v -240.532 0.720 254.238
v -245.812 4.620 250.430
v -236.488 4.620 237.502
v -231.208 4.620 241.310
v -240.532 4.620 254.238
f 2864 2863 2862 2861
f 2857 2858 2862 2861
f 2858 2859 2863 2862
f 2859 2860 2864 2863
f 2860 2857 2861 2864
v -257.498 0.878 264.104
v -244.481 0.878 240.621
v -232.402 0.878 247.316
v -245.419 0.878 270.799
v -257.498 4.778 264.104
v -244.481 4.778 240.621
v -232.402 4.778 247.316
v -245.419 4.778 270.799
f 2872 2871 2870 2869
f 2865 2866 2870 2869
f 2866 2867 2871 2870
f 2867 2868 2872 2871
f 2868 2865 2869 2872
v -254.186 0.552 161.014
v -243.167 0.552 146.253
v -235.274 0.552 152.146
v -246.293 0.552 166.907
v -254.186 4.452 161.014
v -243.167 4.452 146.253
v -235.274 4.452 152.146
v -246.293 4.452 166.907
f 2880 2879 2878 2877
f 2873 2874 2878 2877
f 2874 2875 2879 2878
f 2875 2876 2880 2879
f 2876 2873 2877 2880
v -265.006 0.625 168.700
v -254.384 0.625 154.604
v -246.374 0.625 160.640
v -256.996 0.625 174.736
v -265.006 4.525 168.700
v -254.384 4.525 154.604
v -246.374 4.525 160.640
v -256.996 4.525 174.736
f 2888 2887 2886 2885
f 2881 2882 2886 2885
f 2882 2883 2887 2886
f 2883 2884 2888 2887
f 2884 2881 2885 2888
v -258.925 0.901 205.695
v -250.189 0.901 193.073
v -242.255 0.901 198.565
v -250.991 0.901 211.187
v -258.925 4.801 205.695
v -250.189 4.801 193.073
v -242.255 4.801 198.565
v -250.991 4.801 211.187
f 2896 2895 2894 2893
f 2889 2890 2894 2893
f 2890 2891 2895 2894
f 2891 2892 2896 2895
f 2892 2889 2893 2896
v -250.887 1.004 176.253
v -219.479 1.004 170.559
v -213.793 1.004 201.927
v -245.201 1.004 207.621
v -250.887 6.804 176.253
v -219.479 6.804 170.559
v -213.793 6.804 201.927
v -245.201 6.804 207.621
f 2904 2903 2902 2901
f 2897 2898 2902 2901
f 2898 2899 2903 2902
f 2899 2900 2904 2903
f 2900 2897 2901 2904
v 100.437 0.974 -193.274
v 118.464 0.974 -210.145
v 130.723 0.974 -197.046
v 112.696 0.974 -180.175
v 100.437 4.874 -193.274
v 118.464 4.874 -210.145
v 130.723 4.874 -197.046
v 112.696 4.874 -180.175
f 2912 2911 2910 2909
f 2905 2906 2910 2909
f 2906 2907 2911 2910
f 2907 2908 2912 2911
f 2908 2905 2909 2912
v 124.568 0.698 -185.668
v 129.035 0.698 -193.791
v 132.452 0.698 -191.912
v 127.985 0.698 -183.789
v 124.568 4.598 -185.668
v 129.035 4.598 -193.791
v 132.452 4.598 -191.912
v 127.985 4.598 -183.789
f 2920 2919 2918 2917
f 2913 2914 2918 2917
f 2914 2915 2919 2918
f 2915 2916 2920 2919
f 2916 2913 2917 2920
v 101.178 0.646 -180.590
v 112.601 0.646 -187.971
v 118.262 0.646 -179.210
v 106.839 0.646 -171.829
v 101.178 4.546 -180.590
v 112.601 4.546 -187.971
v 118.262 4.546 -179.210
v 106.839 4.546 -171.829
f 2928 2927 2926 2925
f 2921 2922 2926 2925
f 2922 2923 2927 2926
f 2923 2924 2928 2927
f 2924 2921 2925 2928
v 92.103 0.098 -182.020
v 106.375 0.098 -180.735
v 105.137 0.098 -166.980
v 90.865 0.098 -168.265
v 92.103 3.998 -182.020
v 106.375 3.998 -180.735
v 105.137 3.998 -166.980
v 90.865 3.998 -168.265
f 2936 2935 2934 2933
f 2929 2930 2934 2933
f 2930 2931 2935 2934
f 2931 2932 2936 2935
f 2932 2929 2933 2936
v 91.692 0.774 -193.146
v 100.905 0.774 -184.202
v 93.208 0.774 -176.274
v 83.995 0.774 -185.218
v 91.692 4.674 -193.146
v 100.905 4.674 -184.202
v 93.208 4.674 -176.274
v 83.995 4.674 -185.218
f 2944 2943 2942 2941
f 2937 2938 2942 2941
f 2938 2939 2943 2942
f 2939 2940 2944 2943
f 2940 2937 2941 2944
v 119.804 1.057 -161.139
v 127.814 1.057 -145.087
v 115.376 1.057 -138.881
v 107.366 1.057 -154.933
v 119.804 4.957 -161.139
v 127.814 4.957 -145.087
v 115.376 4.957 -138.881
v 107.366 4.957 -154.933
f 2952 2951 2950 2949
f 2945 2946 2950 2949
f 2946 2947 2951 2950
f 2947 2948 2952 2951
f 2948 2945 2949 2952
v 100.605 0.898 -132.307
v 101.815 0.898 -150.447
v 115.215 0.898 -149.553
v 114.005 0.898 -131.413
v 100.605 4.798 -132.307
v 101.815 4.798 -150.447
v 115.215 4.798 -149.553
v 114.005 4.798 -131.413
f 2960 2959 2958 2957
f 2953 2954 2958 2957
f 2954 2955 2959 2958
f 2955 2956 2960 2959
f 2956 2953 2957 2960
v 78.681 0.662 -132.684
v 90.542 0.662 -145.983
v 99.319 0.662 -138.156
v 87.458 0.662 -124.857
v 78.681 4.562 -132.684
v 90.542 4.562 -145.983
v 99.319 4.562 -138.156
v 87.458 4.562 -124.857
f 2968 2967 2966 2965
f 2961 2962 2966 2965
f 2962 2963 2967 2966
f 2963 2964 2968 2967
f 2964 2961 2965 2968
v 66.003 0.983 -127.836
v 84.419 0.983 -138.052
v 92.657 0.983 -123.204
v 74.241 0.983 -112.988
v 66.003 4.883 -127.836
v 84.419 4.883 -138.052
v 92.657 4.883 -123.204
v 74.241 4.883 -112.988
f 2976 2975 2974 2973
f 2969 2970 2974 2973
f 2970 2971 2975 2974
f 2971 2972 2976 2975
f 2972 2969 2973 2976
v 54.844 1.090 -112.817
v 68.952 1.090 -126.937
v 80.356 1.090 -115.543
v 66.248 1.090 -101.423
v 54.844 4.990 -112.817
v 68.952 4.990 -126.937
v 80.356 4.990 -115.543
v 66.248 4.990 -101.423
f 2984 2983 2982 2981
f 2977 2978 2982 2981
f 2978 2979 2983 2982
f 2979 2980 2984 2983
f 2980 2977 2981 2984
v 55.825 0.999 -132.228
v 67.277 0.999 -124.262
v 62.875 0.999 -117.932
v 51.423 0.999 -125.898
v 55.825 4.899 -132.228
v 67.277 4.899 -124.262
v 62.875 4.899 -117.932
v 51.423 4.899 -125.898
f 2992 2991 2990 2989
f 2985 2986 2990 2989
f 2986 2987 2991 2990
f 2987 2988 2992 2991
f 2988 2985 2989 2992
v 80.108 0.482 -184.303
v 86.508 0.482 -172.009
v 76.112 0.482 -166.597
v 69.712 0.482 -178.891
v 80.108 4.382 -184.303
v 86.508 4.382 -172.009
v 76.112 4.382 -166.597
v 69.712 4.382 -178.891
f 3000 2999 2998 2997
f 2993 2994 2998 2997
f 2994 2995 2999 2998
f 2995 2996 3000 2999
f 2996 2993 2997 3000
v 78.560 0.598 -164.956
v 84.908 0.598 -174.304
v 92.800 0.598 -168.944
v 86.452 0.598 -159.596
v 78.560 4.498 -164.956
v 84.908 4.498 -174.304
v 92.800 4.498 -168.944
v 86.452 4.498 -159.596
f 3008 3007 3006 3005
f 3001 3002 3006 3005
f 3002 3003 3007 3006
f 3003 3004 3008 3007
f 3004 3001 3005 3008
v 76.865 0.793 -170.326
v 77.163 0.793 -152.419
v 63.675 0.793 -152.194
v 63.377 0.793 -170.101
v 76.865 4.693 -170.326
v 77.163 4.693 -152.419
v 63.675 4.693 -152.194
v 63.377 4.693 -170.101
f 3016 3015 3014 3013
f 3009 3010 3014 3013
f 3010 3011 3015 3014
f 3011 3012 3016 3015
f 3012 3009 3013 3016
v 69.640 0.730 -153.402
v 76.465 0.730 -164.630
v 85.600 0.730 -159.078
v 78.775 0.730 -147.850
v 69.640 4.630 -153.402
v 76.465 4.630 -164.630
v 85.600 4.630 -159.078
v 78.775 4.630 -147.850
f 3024 3023 3022 3021
f 3017 3018 3022 3021
f 3018 3019 3023 3022
f 3019 3020 3024 3023
f 3020 3017 3021 3024
v 72.649 0.720 -138.688
v 75.077 0.720 -142.237
v 78.271 0.720 -140.052
v 75.843 0.720 -136.503
v 72.649 4.620 -138.688
v 75.077 4.620 -142.237
v 78.271 4.620 -140.052
v 75.843 4.620 -136.503
f 3032 3031 3030 3029
f 3025 3026 3030 3029
f 3026 3027 3031 3030
f 3027 3028 3032 3031
f 3028 3025 3029 3032
v 66.018 0.709 -150.373
v 72.554 0.709 -145.989
v 68.782 0.709 -140.367
v 62.246 0.709 -144.751
v 66.018 4.609 -150.373
v 72.554 4.609 -145.989
v 68.782 4.609 -140.367
v 62.246 4.609 -144.751
f 3040 3039 3038 3037
f 3033 3034 3038 3037
f 3034 3035 3039 3038
f 3035 3036 3040 3039
f 3036 3033 3037 3040
v 44.332 0.816 -150.561
v 52.539 0.816 -170.205
v 66.628 0.816 -164.319
v 58.421 0.816 -144.675
v 44.332 4.716 -150.561
v 52.539 4.716 -170.205
v 66.628 4.716 -164.319
v 58.421 4.716 -144.675
f 3048 3047 3046 3045
f 3041 3042 3046 3045
f 3042 3043 3047 3046
f 3043 3044 3048 3047
f 3044 3041 3045 3048
v 33.276 1.010 -143.588
v 36.738 1.010 -154.764
v 49.624 1.010 -150.772
v 46.162 1.010 -139.596
v 33.276 4.910 -143.588
v 36.738 4.910 -154.764
v 49.624 4.910 -150.772
v 46.162 4.910 -139.596
f 3056 3055 3054 3053
f 3049 3050 3054 3053
f 3050 3051 3055 3054
f 3051 3052 3056 3055
f 3052 3049 3053 3056
v 21.308 0.650 -133.524
v 28.045 0.650 -148.498
v 42.052 0.650 -142.196
v 35.315 0.650 -127.222
v 21.308 4.550 -133.524
v 28.045 4.550 -148.498
v 42.052 4.550 -142.196
v 35.315 4.550 -127.222
f 3064 3063 3062 3061
f 3057 3058 3062 3061
f 3058 3059 3063 3062
f 3059 3060 3064 3063
f 3060 3057 3061 3064
v 43.673 0.809 -136.078
v 53.206 0.809 -129.647
v 49.627 0.809 -124.342
v 40.094 0.809 -130.773
v 43.673 4.709 -136.078
v 53.206 4.709 -129.647
v 49.627 4.709 -124.342
v 40.094 4.709 -130.773
f 3072 3071 3070 3069
f 3065 3066 3070 3069
f 3066 3067 3071 3070
f 3067 3068 3072 3071
f 3068 3065 3069 3072
v 45.310 0.775 -100.550
v 53.757 0.775 -116.309
v 66.070 0.775 -109.710
v 57.623 0.775 -93.951
v 45.310 4.675 -100.550
v 53.757 4.675 -116.309
v 66.070 4.675 -109.710
v 57.623 4.675 -93.951
f 3080 3079 3078 3077
f 3073 3074 3078 3077
f 3074 3075 3079 3078
f 3075 3076 3080 3079
f 3076 3073 3077 3080
v 53.067 0.833 -94.844
v 56.211 0.833 -99.430
v 58.273 0.833 -98.016
v 55.129 0.833 -93.430
v 53.067 4.733 -94.844
v 56.211 4.733 -99.430
v 58.273 4.733 -98.016
v 55.129 4.733 -93.430
f 3088 3087 3086 3085
f 3081 3082 3086 3085
f 3082 3083 3087 3086
f 3083 3084 3088 3087
f 3084 3081 3085 3088
v 34.591 0.724 -94.349
v 42.568 0.724 -105.830
v 51.749 0.724 -99.451
v 43.772 0.724 -87.970
v 34.591 4.624 -94.349
v 42.568 4.624 -105.830
v 51.749 4.624 -99.451
v 43.772 4.624 -87.970
f 3096 3095 3094 3093
f 3089 3090 3094 3093
f 3090 3091 3095 3094
f 3091 3092 3096 3095
f 3092 3089 3093 3096
v 8.561 0.593 -123.538
v 18.043 0.593 -140.715
v 28.899 0.593 -134.722
v 19.417 0.593 -117.545
v 8.561 4.493 -123.538
v 18.043 4.493 -140.715
v 28.899 4.493 -134.722
v 19.417 4.493 -117.545
f 3104 3103 3102 3101
f 3097 3098 3102 3101
f 3098 3099 3103 3102
f 3099 3100 3104 3103
f 3100 3097 3101 3104
v -38.939 0.600 -244.602
v -23.587 0.600 -257.327
v -12.821 0.600 -244.338
v -28.173 0.600 -231.613
v -38.939 4.500 -244.602
v -23.587 4.500 -257.327
v -12.821 4.500 -244.338
v -28.173 4.500 -231.613
f 3112 3111 3110 3109
f 3105 3106 3110 3109
f 3106 3107 3111 3110
f 3107 3108 3112 3111
f 3108 3105 3109 3112
usemtl road
v 102.127 0.714 -254.740
v 118.176 0.960 -223.620
v 123.064 0.998 -226.140
v 107.015 0.649 -257.260
f 3113 3114 3115 3116
v 118.191 0.961 -223.591
v 155.681 1.249 -152.971
v 160.539 1.226 -155.549
v 123.049 0.997 -226.169
f 3117 3118 3119 3120
v 155.656 1.249 -153.020
v 191.486 1.164 -82.110
v 196.394 1.125 -84.590
v 160.564 1.226 -155.500
f 3121 3122 3123 3124
v 191.489 1.164 -82.103
v 225.429 0.478 -15.423
v 230.331 0.470 -17.917
v 196.391 1.125 -84.597
f 3125 3126 3127 3128
v 225.429 0.478 -15.423
v 228.309 0.645 -9.763
v 233.211 0.647 -12.257
v 230.331 0.470 -17.917
f 3129 3130 3131 3132
v 228.375 0.649 -9.642
v 233.675 0.629 -0.402
v 238.445 0.624 -3.138
v 233.145 0.645 -12.378
f 3133 3134 3135 3136
v 255.103 1.071 -192.413
v 173.613 1.142 -164.300
v 175.407 1.137 -159.100
v 256.897 1.082 -187.213
f 3137 3138 3139 3140
v 173.374 1.143 -164.204
v 156.974 1.236 -156.764
v 159.246 1.232 -151.756
v 175.646 1.139 -159.196
f 3141 3142 3143 3144
v 156.529 1.236 -156.510
v 39.249 1.097 -74.140
v 42.411 1.123 -69.640
v 159.691 1.230 -152.010
f 3145 3146 3147 3148
v 39.186 1.097 -74.094
v 34.266 0.997 -70.424
v 37.554 1.091 -66.016
v 42.474 1.123 -69.686
f 3149 3150 3151 3152
v 34.264 0.997 -70.423
v -58.996 0.877 -0.773
v -55.704 0.822 3.633
v 37.556 1.091 -66.017
f 3153 3154 3155 3156
v -58.887 0.877 -0.851
v -147.337 0.874 58.749
v -144.263 0.882 63.311
v -55.813 0.822 3.711
f 3157 3158 3159 3160
v -147.374 0.874 58.775
v -246.114 0.800 127.725
v -242.966 0.846 132.235
v -144.226 0.882 63.285
f 3161 3162 3163 3164
v -258.287 0.413 -95.048
v -239.917 0.522 -67.523
v -235.343 0.532 -70.577
v -253.713 0.445 -98.101
f 3165 3166 3167 3168
v -239.865 0.522 -67.447
v -217.055 0.584 -35.647
v -212.585 0.509 -38.853
v -235.395 0.534 -70.653
f 3169 3170 3171 3172
v -217.082 0.585 -35.686
v -216.052 0.593 -34.196
v -211.528 0.494 -37.324
v -212.558 0.509 -38.814
f 3173 3174 3175 3176
v -216.056 0.593 -34.202
v -193.916 0.555 -2.012
v -189.384 0.570 -5.128
v -211.524 0.494 -37.318
f 3177 3178 3179 3180
v -193.891 0.555 -1.976
v -170.211 0.649 31.304
v -165.729 0.623 28.116
v -189.409 0.570 -5.164
f 3181 3182 3183 3184
v -170.215 0.649 31.299
v -148.045 0.901 62.619
v -143.555 0.898 59.441
v -165.725 0.623 28.121
f 3185 3186 3187 3188
v -148.036 0.901 62.631
v -125.106 0.856 94.661
v -120.634 0.879 91.459
v -143.564 0.898 59.429
f 3189 3190 3191 3192
v -125.097 0.856 94.673
v -102.267 1.039 126.193
v -97.813 1.057 122.967
v -120.643 0.879 91.447
f 3193 3194 3195 3196
v -102.300 1.039 126.147
v -79.740 0.846 158.667
v -75.220 0.808 155.533
v -97.780 1.057 123.013
f 3197 3198 3199 3200
v -79.740 0.846 158.666
v -61.510 0.528 184.976
v -56.990 0.519 181.844
v -75.220 0.808 155.534
f 3201 3202 3203 3204
v -61.509 0.528 184.978
v -57.089 0.730 191.348
v -52.571 0.711 188.212
v -56.991 0.519 181.842
f 3205 3206 3207 3208
v -57.090 0.730 191.347
v -50.170 0.626 201.327
v -45.650 0.617 198.193
v -52.570 0.711 188.213
f 3209 3210 3211 3212
v -109.710 0.646 -258.246
v -127.367 0.698 -245.766
v -124.193 0.622 -241.274
v -106.535 0.620 -253.754
f 3213 3214 3215 3216
v -127.367 0.698 -245.766
v -144.477 0.632 -233.676
v -141.303 0.626 -229.184
v -124.193 0.622 -241.274
f 3217 3218 3219 3220
v -144.478 0.632 -233.675
v -196.838 0.500 -196.635
v -193.662 0.537 -192.145
v -141.302 0.626 -229.185
f 3221 3222 3223 3224
v -196.811 0.500 -196.654
v -257.561 0.639 -154.786
v -254.439 0.641 -150.257
v -193.689 0.536 -192.126
f 3225 3226 3227 3228
v -155.985 0.745 252.093
v -174.945 0.928 226.003
v -179.395 0.913 229.237
v -160.435 0.773 255.327
f 3229 3230 3231 3232
v -174.947 0.928 226.002
v -198.557 1.097 193.562
v -203.003 1.102 196.798
v -179.393 0.913 229.238
f 3233 3234 3235 3236
v -198.485 1.094 193.665
v -220.485 1.093 160.335
v -225.075 1.049 163.365
v -203.075 1.105 196.695
f 3237 3238 3239 3240
v -220.509 1.093 160.299
v -242.269 0.863 128.429
v -246.811 0.807 131.531
v -225.051 1.049 163.401
f 3241 3242 3243 3244
v 177.306 1.034 -251.324
v 142.316 0.972 -237.754
v 144.304 0.982 -232.626
v 179.294 1.045 -246.196
f 3245 3246 3247 3248
v 142.172 0.971 -237.694
v 119.482 0.939 -227.384
v 121.758 1.009 -222.376
v 144.448 0.981 -232.686
f 3249 3250 3251 3252
v 119.011 0.938 -227.110
v -5.429 0.751 -137.360
v -2.211 0.771 -132.900
v 122.229 1.013 -222.650
f 3253 3254 3255 3256
v -5.397 0.751 -137.383
v -10.197 0.743 -134.023
v -7.043 0.769 -129.517
v -2.243 0.772 -132.877
f 3257 3258 3259 3260
v -10.197 0.743 -134.023
v -105.017 0.625 -67.623
v -101.863 0.613 -63.117
v -7.043 0.769 -129.517
f 3261 3262 3263 3264
v -105.018 0.625 -67.622
v -193.228 0.572 -5.822
v -190.072 0.551 -1.318
v -101.862 0.613 -63.118
f 3265 3266 3267 3268
v -193.215 0.572 -5.831
v -257.565 0.679 38.714
v -254.435 0.752 43.237
v -190.085 0.551 -1.309
f 3269 3270 3271 3272
v -131.983 0.855 243.138
v -125.363 0.768 252.778
v -120.417 0.789 249.382
v -127.037 0.863 239.742
f 3273 3274 3275 3276
v -125.380 0.769 252.753
v -122.074 0.714 257.673
v -117.094 0.687 254.327
v -120.400 0.789 249.407
f 3277 3278 3279 3280
v -254.441 1.150 235.453
v -199.221 1.048 197.445
v -202.339 1.143 192.915
v -257.559 1.254 230.923
f 3281 3282 3283 3284
v -199.202 1.048 197.432
v -98.462 1.004 126.832
v -101.618 1.033 122.328
v -202.358 1.143 192.928
f 3285 3286 3287 3288
v -98.481 1.004 126.846
v -11.601 0.955 67.076
v -14.719 1.004 62.544
v -101.599 1.033 122.314
f 3289 3290 3291 3292
v -11.605 0.955 67.078
v 83.925 1.315 1.558
v 80.815 1.330 -2.978
v -14.715 1.004 62.542
f 3293 3294 3295 3296
v 83.923 1.315 1.559
v 89.563 1.373 -2.301
v 86.457 1.415 -6.839
v 80.817 1.330 -2.979
f 3297 3298 3299 3300
v 89.651 1.373 -2.363
v 195.581 1.127 -81.143
v 192.299 1.149 -85.557
v 86.369 1.415 -6.777
f 3301 3302 3303 3304
v 194.883 1.134 -80.767
v 256.943 0.850 -103.422
v 255.057 0.906 -108.589
v 192.997 1.142 -85.933
f 3305 3306 3307 3308
v -235.509 0.511 -246.797
v -197.499 0.517 -192.807
v -193.001 0.522 -195.973
v -231.011 0.437 -249.963
f 3309 3310 3311 3312
v -197.488 0.517 -192.792
v -152.108 0.700 -129.242
v -147.632 0.660 -132.438
v -193.012 0.523 -195.988
f 3313 3314 3315 3316
v -152.101 0.700 -129.232
v -129.341 0.569 -97.652
v -124.879 0.449 -100.868
v -147.639 0.661 -132.448
f 3317 3318 3319 3320
v -129.338 0.569 -97.648
v -128.788 0.570 -96.888
v -124.332 0.465 -100.112
v -124.882 0.449 -100.872
f 3321 3322 3323 3324
v -128.815 0.570 -96.926
v -105.695 0.622 -63.796
v -101.185 0.635 -66.944
v -124.305 0.466 -100.074
f 3325 3326 3327 3328
v -105.700 0.622 -63.803
v -82.930 0.735 -30.963
v -78.410 0.796 -34.097
v -101.180 0.635 -66.937
f 3329 3330 3331 3332
v -82.937 0.735 -30.973
v -59.617 0.820 2.987
v -55.083 0.843 -0.127
v -78.403 0.796 -34.087
f 3333 3334 3335 3336
v -59.606 0.820 3.003
v -38.326 0.836 33.533
v -33.814 0.890 30.387
v -55.094 0.843 -0.143
f 3337 3338 3339 3340
v -38.326 0.836 33.533
v -15.416 1.003 66.383
v -10.904 0.989 63.237
v -33.814 0.890 30.387
f 3341 3342 3343 3344
v -15.401 1.003 66.404
v 6.689 0.761 97.454
v 11.171 0.802 94.266
v -10.919 0.989 63.216
f 3345 3346 3347 3348
v 6.690 0.761 97.455
v 25.430 0.451 123.785
v 29.910 0.460 120.595
v 11.170 0.802 94.265
f 3349 3350 3351 3352
v 25.431 0.451 123.786
v 29.951 0.606 130.126
v 34.429 0.586 126.934
v 29.909 0.460 120.594
f 3353 3354 3355 3356
v 29.939 0.606 130.110
v 36.959 0.471 140.110
v 41.461 0.479 136.950
v 34.441 0.587 126.950
f 3357 3358 3359 3360
v 108.956 0.868 255.321
v 74.825 0.585 121.321
v 69.495 0.552 122.679
v 103.626 0.884 256.679
f 3361 3362 3363 3364
v 74.825 0.585 121.323
v 73.345 0.565 115.493
v 68.015 0.608 116.847
v 69.495 0.552 122.677
f 3365 3366 3367 3368
v 73.345 0.565 115.492
v 70.085 0.644 102.672
v 64.755 0.596 104.028
v 68.015 0.608 116.848
f 3369 3370 3371 3372
v -0.494 0.832 -240.158
v -37.524 0.776 -214.068
v -34.356 0.773 -209.572
v 2.674 0.839 -235.662
f 3373 3374 3375 3376
v -37.525 0.776 -214.068
v -43.085 0.738 -210.148
v -39.915 0.752 -205.652
v -34.355 0.773 -209.572
f 3377 3378 3379 3380
v -43.383 0.738 -209.904
v -51.033 0.695 -202.714
v -47.267 0.685 -198.706
v -39.617 0.757 -205.896
f 3381 3382 3383 3384
v -50.717 0.696 -202.970
v -151.437 0.694 -133.100
v -148.303 0.607 -128.580
v -47.583 0.685 -198.450
f 3385 3386 3387 3388
v -151.453 0.694 -133.089
v -239.213 0.515 -71.299
v -236.047 0.507 -66.801
v -148.287 0.607 -128.591
f 3389 3390 3391 3392
v 132.645 0.564 70.289
v 134.985 0.565 79.479
v 140.315 0.587 78.121
v 137.975 0.489 68.931
f 3393 3394 3395 3396
v 134.985 0.565 79.479
v 180.125 0.853 256.679
v 185.455 0.788 255.321
v 140.315 0.587 78.121
f 3397 3398 3399 3400
v -120.372 0.736 254.810
v -69.622 0.687 220.550
v -74.658 0.820 213.090
v -125.408 0.869 247.350
f 3401 3402 3403 3404
v -69.550 0.688 220.500
v -53.040 0.482 208.880
v -58.220 0.801 201.520
v -74.730 0.821 213.140
f 3405 3406 3407 3408
v -53.038 0.482 208.878
v -45.318 0.461 203.438
v -50.502 0.780 196.082
v -58.222 0.801 201.522
f 3409 3410 3411 3412
v -45.320 0.461 203.440
v 35.530 0.308 146.540
v 30.350 0.631 139.180
v -50.500 0.780 196.080
f 3413 3414 3415 3416
v 35.497 0.309 146.563
v 41.767 0.450 142.233
v 36.653 0.597 134.827
v 30.383 0.631 139.157
f 3417 3418 3419 3420
v 41.816 0.449 142.198
v 73.286 0.556 119.838
v 68.074 0.679 112.502
v 36.604 0.597 134.862
f 3421 3422 3423 3424
v 73.386 0.554 119.765
v 82.486 0.571 112.915
v 77.074 0.749 105.725
v 67.974 0.678 112.575
f 3425 3426 3427 3428
v 82.398 0.570 112.980
v 137.928 0.467 73.270
v 132.692 0.590 65.950
v 77.162 0.749 105.660
f 3429 3430 3431 3432
v 137.865 0.468 73.315
v 149.915 0.342 65.005
v 144.805 0.564 57.595
v 132.755 0.589 65.905
f 3433 3434 3435 3436
v 149.912 0.342 65.006
v 179.292 0.344 44.776
v 174.188 0.553 37.364
v 144.808 0.564 57.594
f 3437 3438 3439 3440
v 179.327 0.345 44.752
v 207.797 0.399 24.752
v 202.623 0.591 17.388
v 174.153 0.553 37.388
f 3441 3442 3443 3444
v 207.920 0.404 24.663
v 231.390 0.417 6.963
v 225.970 0.705 -0.223
v 202.500 0.592 17.477
f 3445 3446 3447 3448
v 231.252 0.418 7.063
v 238.632 0.462 1.923
v 233.488 0.719 -5.463
v 226.108 0.705 -0.323
f 3449 3450 3451 3452
v 238.007 0.457 2.287
v 247.757 0.457 -2.393
v 243.863 0.747 -10.507
v 234.113 0.714 -5.827
f 3453 3454 3455 3456
v 247.367 0.457 -2.228
v 257.557 0.516 -5.987
v 254.443 0.814 -14.431
v 244.253 0.752 -10.672
f 3457 3458 3459 3460
v 171.729 0.451 28.952
v 173.779 0.477 41.552
v 179.701 0.399 40.588
v 177.651 0.514 27.988
f 3461 3462 3463 3464
v 173.824 0.474 41.776
v 175.354 0.370 48.096
v 181.186 0.420 46.684
v 179.656 0.405 40.364
f 3465 3466 3467 3468
v 175.354 0.370 48.093
v 179.834 0.625 66.673
v 185.666 0.602 65.267
v 181.186 0.420 46.687
f 3469 3470 3471 3472
v 179.834 0.625 66.673
v 181.414 0.664 73.223
v 187.246 0.633 71.817
v 185.666 0.602 65.267
f 3473 3474 3475 3476
v 181.492 0.665 73.494
v 184.512 0.708 82.294
v 190.188 0.644 80.346
v 187.168 0.631 71.546
f 3477 3478 3479 3480
v 185.222 0.714 83.434
v 188.272 0.725 86.504
v 192.528 0.701 82.276
v 189.478 0.627 79.206
f 3481 3482 3483 3484
v 189.714 0.724 87.310
v 194.694 0.754 88.480
v 196.066 0.739 82.640
v 191.086 0.665 81.470
f 3485 3486 3487 3488
v -91.061 0.621 -253.980
v -74.308 0.682 -230.280
v -68.592 0.715 -234.320
v -85.345 0.695 -258.020
f 3489 3490 3491 3492
v -74.309 0.682 -230.282
v -52.009 0.664 -198.692
v -46.291 0.691 -202.728
v -68.591 0.715 -234.318
f 3493 3494 3495 3496
v -52.029 0.664 -198.720
v -30.129 0.677 -167.040
v -24.371 0.678 -171.020
v -46.271 0.691 -202.700
f 3497 3498 3499 3500
v -30.129 0.677 -167.040
v -27.019 0.691 -162.540
v -21.261 0.702 -166.520
v -24.371 0.678 -171.020
f 3501 3502 3503 3504
v -27.019 0.691 -162.540
v -6.699 0.755 -133.140
v -0.941 0.757 -137.120
v -21.261 0.702 -166.520
f 3505 3506 3507 3508
v -6.692 0.755 -133.130
v 1.448 0.804 -121.440
v 7.192 0.811 -125.440
v -0.948 0.757 -137.130
f 3509 3510 3511 3512
v 1.464 0.804 -121.417
v 37.974 1.079 -69.867
v 43.686 1.108 -73.913
v 7.176 0.811 -125.463
f 3513 3514 3515 3516
v 37.964 1.079 -69.881
v 85.144 1.355 -2.561
v 90.876 1.373 -6.579
v 43.696 1.108 -73.899
f 3517 3518 3519 3520
v 85.182 1.355 -2.508
v 107.342 0.911 27.882
v 112.998 0.908 23.758
v 90.838 1.374 -6.632
f 3521 3522 3523 3524
v 107.342 0.911 27.882
v 123.502 0.439 50.042
v 129.158 0.441 45.918
v 112.998 0.908 23.758
f 3525 3526 3527 3528
v 123.427 0.442 49.936
v 125.967 0.390 53.706
v 131.773 0.374 49.794
v 129.233 0.438 46.024
f 3529 3530 3531 3532
v 125.968 0.390 53.706
v 129.998 0.555 59.686
v 135.802 0.544 55.774
v 131.772 0.374 49.794
f 3533 3534 3535 3536
v 129.470 0.528 58.426
v 131.880 0.573 70.306
v 138.740 0.477 68.914
v 136.330 0.564 57.034
f 3537 3538 3539 3540
v -79.997 1.296 256.013
v -29.187 1.236 242.703
v -30.073 1.269 239.317
v -80.883 1.307 252.627
f 3541 3542 3543 3544
v -29.186 1.236 242.703
v -24.536 1.314 241.483
v -25.424 1.347 238.097
v -30.074 1.269 239.317
f 3545 3546 3547 3548
v -24.535 1.314 241.482
v -15.905 1.391 239.212
v -16.795 1.380 235.828
v -25.425 1.347 238.098
f 3549 3550 3551 3552
v -15.905 1.391 239.213
v -9.585 1.292 237.553
v -10.475 1.286 234.167
v -16.795 1.380 235.827
f 3553 3554 3555 3556
v -9.586 1.292 237.553
v 52.914 1.265 221.173
v 52.026 1.289 217.787
v -10.474 1.286 234.167
f 3557 3558 3559 3560
v 31.244 0.510 143.293
v 32.594 0.352 148.583
v 35.986 0.297 147.717
v 34.636 0.443 142.427
f 3561 3562 3563 3564
v 32.594 0.352 148.582
v 50.774 1.254 219.912
v 54.166 1.296 219.048
v 35.986 0.297 147.718
f 3565 3566 3567 3568
v 50.774 1.254 219.911
v 55.294 1.252 237.681
v 58.686 1.291 236.819
v 54.166 1.296 219.049
f 3569 3570 3571 3572
v 55.294 1.252 237.683
v 60.081 1.249 256.433
v 63.472 1.277 255.567
v 58.686 1.291 236.817
f 3573 3574 3575 3576
v -3.877 1.350 252.600
v -14.907 1.362 236.530
v -17.793 1.400 238.510
v -6.763 1.390 254.580
f 3577 3578 3579 3580
v -14.907 1.362 236.531
v -36.417 0.621 205.151
v -39.303 0.598 207.129
v -17.793 1.400 238.509
f 3581 3582 3583 3584
v -36.922 0.578 204.663
v -39.882 0.487 202.783
v -41.758 0.517 205.737
v -38.798 0.634 207.617
f 3585 3586 3587 3588
v -39.882 0.487 202.782
v -46.972 0.650 198.282
v -48.848 0.593 201.238
v -41.758 0.518 205.738
f 3589 3590 3591 3592
v -49.613 0.653 200.163
v -47.663 0.537 208.403
v -44.257 0.567 207.597
v -46.207 0.587 199.357
f 3593 3594 3595 3596
v -47.661 0.537 208.412
v -47.061 0.638 210.892
v -43.659 0.706 210.068
v -44.259 0.566 207.588
f 3597 3598 3599 3600
v -46.797 0.680 211.479
v -26.417 1.299 240.789
v -23.543 1.366 238.791
v -43.923 0.668 209.481
f 3601 3602 3603 3604
v -26.413 1.299 240.794
v -15.193 1.345 256.814
v -12.327 1.389 254.806
v -23.547 1.366 238.786
f 3605 3606 3607 3608
v -13.315 1.366 257.502
v -4.875 1.391 255.282
v -5.765 1.358 251.898
v -14.205 1.378 254.118
f 3609 3610 3611 3612
v -4.877 1.391 255.283
v 1.653 1.305 253.573
v 0.767 1.276 250.187
v -5.763 1.358 251.897
f 3613 3614 3615 3616
v 1.655 1.305 253.573
v 20.235 1.278 248.693
v 19.345 1.248 245.307
v 0.765 1.276 250.187
f 3617 3618 3619 3620
v 20.234 1.278 248.693
v 57.434 1.279 238.943
v 56.546 1.268 235.557
v 19.346 1.248 245.307
f 3621 3622 3623 3624
v 249.499 0.530 -23.679
v 237.099 0.506 -18.579
v 240.141 0.753 -11.181
v 252.541 0.814 -16.281
f 3625 3626 3627 3628
v 236.853 0.506 -18.469
v 228.993 0.546 -14.599
v 232.527 0.713 -7.421
v 240.387 0.756 -11.291
f 3629 3630 3631 3632
v 228.499 0.546 -14.309
v 213.939 0.458 -4.329
v 218.461 0.731 2.269
v 233.021 0.714 -7.711
f 3633 3634 3635 3636
v 213.883 0.458 -4.290
v 172.373 0.348 25.210
v 177.007 0.562 31.730
v 218.517 0.731 2.230
f 3637 3638 3639 3640
v 172.396 0.348 25.193
v 138.756 0.401 48.743
v 143.344 0.584 55.297
v 176.984 0.562 31.747
f 3641 3642 3643 3644
v 138.755 0.401 48.744
v 130.605 0.461 54.454
v 135.195 0.583 61.006
v 143.345 0.584 55.296
f 3645 3646 3647 3648
v 130.605 0.461 54.454
v 73.325 0.527 94.574
v 77.915 0.737 101.126
v 135.195 0.583 61.006
f 3649 3650 3651 3652
v 73.392 0.527 94.528
v 65.192 0.512 100.028
v 69.648 0.688 106.672
v 77.848 0.737 101.172
f 3653 3654 3655 3656
v 65.094 0.512 100.096
v 29.864 0.522 125.276
v 34.516 0.648 131.784
v 69.746 0.688 106.604
f 3657 3658 3659 3660
v 29.888 0.522 125.259
v -57.132 0.602 186.509
v -52.528 0.791 193.051
v 34.492 0.648 131.801
f 3661 3662 3663 3664
v -57.136 0.602 186.512
v -64.606 0.613 191.782
v -59.994 0.837 198.318
v -52.524 0.791 193.048
f 3665 3666 3667 3668
v -64.606 0.613 191.782
v -81.936 0.642 204.012
v -77.324 0.899 210.548
v -59.994 0.837 198.318
f 3669 3670 3671 3672
v -81.890 0.641 203.980
v -131.770 0.767 238.140
v -127.250 0.898 244.740
v -77.370 0.899 210.580
f 3673 3674 3675 3676
v -131.740 0.767 238.119
v -153.421 0.744 252.679
v -148.961 0.824 259.321
v -127.280 0.898 244.761
f 3677 3678 3679 3680
v 167.130 0.853 71.736
v 183.180 0.648 67.666
v 182.320 0.616 64.274
v 166.270 0.847 68.344
f 3681 3682 3683 3684
v 0.260 0.877 -236.369
v 13.940 0.788 -228.999
v 15.600 0.781 -232.081
v 1.920 0.862 -239.451
f 3685 3686 3687 3688
v 15.786 0.800 -229.115
v 51.477 0.697 -254.575
v 49.445 0.702 -257.425
v 13.754 0.776 -231.965
f 3689 3690 3691 3692
v -37.391 0.840 -210.842
v -15.981 0.920 -179.082
v -13.079 0.963 -181.038
v -34.489 0.841 -212.798
f 3693 3694 3695 3696
v -16.023 0.941 -180.973
v -21.713 0.733 -171.663
v -18.727 0.800 -169.837
v -13.037 0.938 -179.147
f 3697 3698 3699 3700
v -21.701 0.734 -171.683
v -25.621 0.712 -165.463
v -22.659 0.726 -163.597
v -18.739 0.799 -169.817
f 3701 3702 3703 3704
v -255.419 0.792 -238.721
v -232.679 0.510 -246.729
v -233.841 0.514 -250.031
v -256.581 0.829 -242.022
f 3705 3706 3707 3708
v -135.146 0.690 -255.065
v -127.259 0.670 -242.585
v -124.301 0.674 -244.455
v -132.187 0.730 -256.935
f 3709 3710 3711 3712
v -141.451 0.666 -232.426
v -150.171 0.457 -245.026
v -153.049 0.450 -243.034
v -144.329 0.646 -230.434
f 3713 3714 3715 3716
v -150.601 0.437 -242.600
v -133.641 0.687 -254.570
v -135.659 0.716 -257.430
v -152.619 0.466 -245.460
f 3717 3718 3719 3720
usemtl asphalt
