# Baked ultra-low Key West silhouette; generated by bake_key_west_far_city.py
mtllib far_city.mtl
usemtl massing
v -69.404 0.689 -188.332
v -56.151 0.689 -185.604
v -59.336 0.689 -170.128
v -72.589 0.689 -172.856
v -69.404 4.589 -188.332
v -56.151 4.589 -185.604
v -59.336 4.589 -170.128
v -72.589 4.589 -172.856
f 8 7 6 5
f 1 2 6 5
f 2 3 7 6
f 3 4 8 7
f 4 1 5 8
v -61.425 0.890 -181.256
v -35.991 0.890 -168.133
v -44.395 0.890 -151.844
v -69.829 0.890 -164.967
v -61.425 4.790 -181.256
v -35.991 4.790 -168.133
v -44.395 4.790 -151.844
v -69.829 4.790 -164.967
f 16 15 14 13
f 9 10 14 13
f 10 11 15 14
f 11 12 16 15
f 12 9 13 16
v 224.801 0.754 -237.294
v 229.806 0.754 -253.614
v 244.959 0.754 -248.966
v 239.954 0.754 -232.646
v 224.801 4.654 -237.294
v 229.806 4.654 -253.614
v 244.959 4.654 -248.966
v 239.954 4.654 -232.646
f 24 23 22 21
f 17 18 22 21
f 18 19 23 22
f 19 20 24 23
f 20 17 21 24
v 164.544 0.736 -227.881
v 172.917 0.736 -246.944
v 185.176 0.736 -241.559
v 176.803 0.736 -222.496
v 164.544 4.636 -227.881
v 172.917 4.636 -246.944
v 185.176 4.636 -241.559
v 176.803 4.636 -222.496
f 32 31 30 29
f 25 26 30 29
f 26 27 31 30
f 27 28 32 31
f 28 25 29 32
v -127.136 1.113 -151.710
v -95.884 1.113 -125.824
v -109.164 1.113 -109.790
v -140.416 1.113 -135.676
v -127.136 6.913 -151.710
v -95.884 6.913 -125.824
v -109.164 6.913 -109.790
v -140.416 6.913 -135.676
f 40 39 38 37
f 33 34 38 37
f 34 35 39 38
f 35 36 40 39
f 36 33 37 40
v -153.055 0.964 -142.624
v -128.739 0.964 -168.926
v -108.825 0.964 -150.516
v -133.141 0.964 -124.214
v -153.055 6.764 -142.624
v -128.739 6.764 -168.926
v -108.825 6.764 -150.516
v -133.141 6.764 -124.214
f 48 47 46 45
f 41 42 46 45
f 42 43 47 46
f 43 44 48 47
f 44 41 45 48
v -177.529 0.976 -139.216
v -154.721 0.976 -133.391
v -157.051 0.976 -124.264
v -179.859 0.976 -130.089
v -177.529 4.876 -139.216
v -154.721 4.876 -133.391
v -157.051 4.876 -124.264
v -179.859 4.876 -130.089
f 56 55 54 53
f 49 50 54 53
f 50 51 55 54
f 51 52 56 55
f 52 49 53 56
v -137.050 0.492 103.769
v -125.972 0.492 88.655
v -113.890 0.492 97.511
v -124.968 0.492 112.625
v -137.050 4.392 103.769
v -125.972 4.392 88.655
v -113.890 4.392 97.511
v -124.968 4.392 112.625
f 64 63 62 61
f 57 58 62 61
f 58 59 63 62
f 59 60 64 63
f 60 57 61 64
v -264.106 1.070 -134.795
v -205.722 1.070 -110.336
v -218.454 1.070 -79.945
v -276.838 1.070 -104.404
v -264.106 9.370 -134.795
v -205.722 9.370 -110.336
v -218.454 9.370 -79.945
v -276.838 9.370 -104.404
f 72 71 70 69
f 65 66 70 69
f 66 67 71 70
f 67 68 72 71
f 68 65 69 72
v -67.814 0.674 -61.704
v -29.847 0.674 -34.685
v -35.106 0.674 -27.296
v -73.073 0.674 -54.315
v -67.814 4.574 -61.704
v -29.847 4.574 -34.685
v -35.106 4.574 -27.296
v -73.073 4.574 -54.315
f 80 79 78 77
f 73 74 78 77
f 74 75 79 78
f 75 76 80 79
f 76 73 77 80
v 63.929 0.407 -56.772
v 78.622 0.407 -47.966
v 70.231 0.407 -33.968
v 55.538 0.407 -42.774
v 63.929 4.307 -56.772
v 78.622 4.307 -47.966
v 70.231 4.307 -33.968
v 55.538 4.307 -42.774
f 88 87 86 85
f 81 82 86 85
f 82 83 87 86
f 83 84 88 87
f 84 81 85 88
v 191.728 0.640 -138.268
v 201.336 0.640 -152.049
v 209.392 0.640 -146.432
v 199.784 0.640 -132.651
v 191.728 4.540 -138.268
v 201.336 4.540 -152.049
v 209.392 4.540 -146.432
v 199.784 4.540 -132.651
f 96 95 94 93
f 89 90 94 93
f 90 91 95 94
f 91 92 96 95
f 92 89 93 96
v 19.976 0.447 -20.366
v 30.132 0.447 -34.507
v 41.764 0.447 -26.154
v 31.608 0.447 -12.013
v 19.976 4.347 -20.366
v 30.132 4.347 -34.507
v 41.764 4.347 -26.154
v 31.608 4.347 -12.013
f 104 103 102 101
f 97 98 102 101
f 98 99 103 102
f 99 100 104 103
f 100 97 101 104
v -124.146 0.547 20.372
v -116.763 0.547 9.334
v -107.054 0.547 15.828
v -114.437 0.547 26.866
v -124.146 4.447 20.372
v -116.763 4.447 9.334
v -107.054 4.447 15.828
v -114.437 4.447 26.866
f 112 111 110 109
f 105 106 110 109
f 106 107 111 110
f 107 108 112 111
f 108 105 109 112
v 46.968 0.443 -40.117
v 60.251 0.443 -30.966
v 54.572 0.443 -22.723
v 41.289 0.443 -31.874
v 46.968 4.343 -40.117
v 60.251 4.343 -30.966
v 54.572 4.343 -22.723
v 41.289 4.343 -31.874
f 120 119 118 117
f 113 114 118 117
f 114 115 119 118
f 115 116 120 119
f 116 113 117 120
v 141.946 0.760 -156.158
v 155.635 0.760 -147.401
v 148.214 0.760 -135.802
v 134.525 0.760 -144.559
v 141.946 4.660 -156.158
v 155.635 4.660 -147.401
v 148.214 4.660 -135.802
v 134.525 4.660 -144.559
f 128 127 126 125
f 121 122 126 125
f 122 123 127 126
f 123 124 128 127
f 124 121 125 128
v -229.131 0.382 91.230
v -221.115 0.382 79.985
v -211.849 0.382 86.590
v -219.865 0.382 97.835
v -229.131 4.282 91.230
v -221.115 4.282 79.985
v -211.849 4.282 86.590
v -219.865 4.282 97.835
f 136 135 134 133
f 129 130 134 133
f 130 131 135 134
f 131 132 136 135
f 132 129 133 136
v -68.920 0.779 73.913
v -43.010 0.779 35.856
v -34.240 0.779 41.827
v -60.150 0.779 79.884
v -68.920 6.579 73.913
v -43.010 6.579 35.856
v -34.240 6.579 41.827
v -60.150 6.579 79.884
f 144 143 142 141
f 137 138 142 141
f 138 139 143 142
f 139 140 144 143
f 140 137 141 144
v -97.546 0.680 -103.068
v -57.490 0.680 -74.793
v -62.714 0.680 -67.392
v -102.770 0.680 -95.667
v -97.546 4.580 -103.068
v -57.490 4.580 -74.793
v -62.714 4.580 -67.392
v -102.770 4.580 -95.667
f 152 151 150 149
f 145 146 150 149
f 146 147 151 150
f 147 148 152 151
f 148 145 149 152
v -240.630 0.550 132.506
v -233.633 0.550 122.524
v -224.830 0.550 128.694
v -231.827 0.550 138.676
v -240.630 4.450 132.506
v -233.633 4.450 122.524
v -224.830 4.450 128.694
v -231.827 4.450 138.676
f 160 159 158 157
f 153 154 158 157
f 154 155 159 158
f 155 156 160 159
f 156 153 157 160
v -74.153 0.551 94.956
v -66.603 0.551 84.213
v -56.287 0.551 91.464
v -63.837 0.551 102.207
v -74.153 4.451 94.956
v -66.603 4.451 84.213
v -56.287 4.451 91.464
v -63.837 4.451 102.207
f 168 167 166 165
f 161 162 166 165
f 162 163 167 166
f 163 164 168 167
f 164 161 165 168
v 246.932 0.565 -183.348
v 261.183 0.565 -173.824
v 255.388 0.565 -165.152
v 241.137 0.565 -174.676
v 246.932 4.465 -183.348
v 261.183 4.465 -173.824
v 255.388 4.465 -165.152
v 241.137 4.465 -174.676
f 176 175 174 173
f 169 170 174 173
f 170 171 175 174
f 171 172 176 175
f 172 169 173 176
v -251.105 0.483 99.373
v -239.740 0.483 106.697
v -246.435 0.483 117.087
v -257.800 0.483 109.763
v -251.105 4.383 99.373
v -239.740 4.383 106.697
v -246.435 4.383 117.087
v -257.800 4.383 109.763
f 184 183 182 181
f 177 178 182 181
f 178 179 183 182
f 179 180 184 183
f 180 177 181 184
v -119.215 0.885 -6.931
v -97.426 0.885 -39.241
v -88.985 0.885 -33.549
v -110.774 0.885 -1.239
v -119.215 4.785 -6.931
v -97.426 4.785 -39.241
v -88.985 4.785 -33.549
v -110.774 4.785 -1.239
f 192 191 190 189
f 185 186 190 189
f 186 187 191 190
f 187 188 192 191
f 188 185 189 192
v 162.833 0.552 -123.130
v 176.566 0.552 -114.370
v 171.527 0.552 -106.470
v 157.794 0.552 -115.230
v 162.833 4.452 -123.130
v 176.566 4.452 -114.370
v 171.527 4.452 -106.470
v 157.794 4.452 -115.230
f 200 199 198 197
f 193 194 198 197
f 194 195 199 198
f 195 196 200 199
f 196 193 197 200
v -228.044 0.439 122.822
v -219.585 0.439 110.157
v -208.176 0.439 117.778
v -216.635 0.439 130.443
v -228.044 4.339 122.822
v -219.585 4.339 110.157
v -208.176 4.339 117.778
v -216.635 4.339 130.443
f 208 207 206 205
f 201 202 206 205
f 202 203 207 206
f 203 204 208 207
f 204 201 205 208
v 28.117 0.398 -63.764
v 42.139 0.398 -53.959
v 38.403 0.398 -48.616
v 24.381 0.398 -58.421
v 28.117 4.298 -63.764
v 42.139 4.298 -53.959
v 38.403 4.298 -48.616
v 24.381 4.298 -58.421
f 216 215 214 213
f 209 210 214 213
f 210 211 215 214
f 211 212 216 215
f 212 209 213 216
v 238.914 0.504 -192.710
v 253.097 0.504 -182.892
v 248.526 0.504 -176.290
v 234.343 0.504 -186.108
v 238.914 4.404 -192.710
v 253.097 4.404 -182.892
v 248.526 4.404 -176.290
v 234.343 4.404 -186.108
f 224 223 222 221
f 217 218 222 221
f 218 219 223 222
f 219 220 224 223
f 220 217 221 224
v 81.043 0.491 -64.603
v 95.009 0.491 -55.429
v 89.497 0.491 -47.037
v 75.531 0.491 -56.211
v 81.043 4.391 -64.603
v 95.009 4.391 -55.429
v 89.497 4.391 -47.037
v 75.531 4.391 -56.211
f 232 231 230 229
f 225 226 230 229
f 226 227 231 230
f 227 228 232 231
f 228 225 229 232
v -237.397 0.563 87.536
v -226.894 0.563 92.915
v -232.123 0.563 103.124
v -242.626 0.563 97.745
v -237.397 4.463 87.536
v -226.894 4.463 92.915
v -232.123 4.463 103.124
v -242.626 4.463 97.745
f 240 239 238 237
f 233 234 238 237
f 234 235 239 238
f 235 236 240 239
f 236 233 237 240
v -16.849 0.559 -116.139
v -9.673 0.559 -110.924
v -13.571 0.559 -105.561
v -20.747 0.559 -110.776
v -16.849 4.459 -116.139
v -9.673 4.459 -110.924
v -13.571 4.459 -105.561
v -20.747 4.459 -110.776
f 248 247 246 245
f 241 242 246 245
f 242 243 247 246
f 243 244 248 247
f 244 241 245 248
v 22.197 0.600 -75.167
v 35.637 0.600 -65.855
v 29.663 0.600 -57.233
v 16.223 0.600 -66.545
v 22.197 4.500 -75.167
v 35.637 4.500 -65.855
v 29.663 4.500 -57.233
v 16.223 4.500 -66.545
f 256 255 254 253
f 249 250 254 253
f 250 251 255 254
f 251 252 256 255
f 252 249 253 256
v 181.939 0.556 -135.307
v 195.063 0.556 -125.896
v 189.381 0.556 -117.973
v 176.257 0.556 -127.384
v 181.939 4.456 -135.307
v 195.063 4.456 -125.896
v 189.381 4.456 -117.973
v 176.257 4.456 -127.384
f 264 263 262 261
f 257 258 262 261
f 258 259 263 262
f 259 260 264 263
f 260 257 261 264
v -40.236 0.615 111.283
v -17.980 0.615 78.178
v -9.324 0.615 83.997
v -31.580 0.615 117.102
v -40.236 4.515 111.283
v -17.980 4.515 78.178
v -9.324 4.515 83.997
v -31.580 4.515 117.102
f 272 271 270 269
f 265 266 270 269
f 266 267 271 270
f 267 268 272 271
f 268 265 269 272
v 17.133 0.737 58.593
v 55.098 0.737 84.972
v 50.167 0.737 92.067
v 12.202 0.737 65.688
v 17.133 4.637 58.593
v 55.098 4.637 84.972
v 50.167 4.637 92.067
v 12.202 4.637 65.688
f 280 279 278 277
f 273 274 278 277
f 274 275 279 278
f 275 276 280 279
f 276 273 277 280
v -19.092 0.657 -155.533
v 4.107 0.657 -139.572
v -2.088 0.657 -130.567
v -25.287 0.657 -146.528
v -19.092 4.557 -155.533
v 4.107 4.557 -139.572
v -2.088 4.557 -130.567
v -25.287 4.557 -146.528
f 288 287 286 285
f 281 282 286 285
f 282 283 287 286
f 283 284 288 287
f 284 281 285 288
v -175.686 0.277 8.405
v -164.000 0.277 15.745
v -168.894 0.277 23.535
v -180.580 0.277 16.195
v -175.686 4.177 8.405
v -164.000 4.177 15.745
v -168.894 4.177 23.535
v -180.580 4.177 16.195
f 296 295 294 293
f 289 290 294 293
f 290 291 295 294
f 291 292 296 295
f 292 289 293 296
v 192.945 0.588 -200.741
v 202.478 0.588 -213.442
v 210.875 0.588 -207.139
v 201.342 0.588 -194.438
v 192.945 4.488 -200.741
v 202.478 4.488 -213.442
v 210.875 4.488 -207.139
v 201.342 4.488 -194.438
f 304 303 302 301
f 297 298 302 301
f 298 299 303 302
f 299 300 304 303
f 300 297 301 304
v -11.759 0.686 18.048
v 26.525 0.686 44.264
v 21.479 0.686 51.632
v -16.805 0.686 25.416
v -11.759 4.586 18.048
v 26.525 4.586 44.264
v 21.479 4.586 51.632
v -16.805 4.586 25.416
f 312 311 310 309
f 305 306 310 309
f 306 307 311 310
f 307 308 312 311
f 308 305 309 312
v 221.790 0.442 -158.330
v 230.879 0.442 -171.595
v 239.730 0.442 -165.530
v 230.641 0.442 -152.265
v 221.790 4.342 -158.330
v 230.879 4.342 -171.595
v 239.730 4.342 -165.530
v 230.641 4.342 -152.265
f 320 319 318 317
f 313 314 318 317
f 314 315 319 318
f 315 316 320 319
f 316 313 317 320
v -165.349 0.501 120.977
v -156.540 0.501 107.109
v -146.411 0.501 113.543
v -155.220 0.501 127.411
v -165.349 4.401 120.977
v -156.540 4.401 107.109
v -146.411 4.401 113.543
v -155.220 4.401 127.411
f 328 327 326 325
f 321 322 326 325
f 322 323 327 326
f 323 324 328 327
f 324 321 325 328
v -118.743 0.602 125.948
v -109.251 0.602 112.476
v -99.777 0.602 119.152
v -109.269 0.602 132.624
v -118.743 4.502 125.948
v -109.251 4.502 112.476
v -99.777 4.502 119.152
v -109.269 4.502 132.624
f 336 335 334 333
f 329 330 334 333
f 330 331 335 334
f 331 332 336 335
f 332 329 333 336
v -202.416 0.451 30.582
v -193.982 0.451 18.481
v -182.824 0.451 26.258
v -191.258 0.451 38.359
v -202.416 4.351 30.582
v -193.982 4.351 18.481
v -182.824 4.351 26.258
v -191.258 4.351 38.359
f 344 343 342 341
f 337 338 342 341
f 338 339 343 342
f 339 340 344 343
f 340 337 341 344
v 3.410 0.788 38.313
v 41.289 0.788 65.439
v 35.770 0.788 73.147
v -2.109 0.788 46.021
v 3.410 4.688 38.313
v 41.289 4.688 65.439
v 35.770 4.688 73.147
v -2.109 4.688 46.021
f 352 351 350 349
f 345 346 350 349
f 346 347 351 350
f 347 348 352 351
f 348 345 349 352
v -1.584 0.413 -131.053
v 8.026 0.413 -144.833
v 16.524 0.413 -138.907
v 6.914 0.413 -125.127
v -1.584 4.313 -131.053
v 8.026 4.313 -144.833
v 16.524 4.313 -138.907
v 6.914 4.313 -125.127
f 360 359 358 357
f 353 354 358 357
f 354 355 359 358
f 355 356 360 359
f 356 353 357 360
v -83.741 0.764 58.449
v -68.528 0.764 64.385
v -74.399 0.764 79.431
v -89.612 0.764 73.495
v -83.741 4.664 58.449
v -68.528 4.664 64.385
v -74.399 4.664 79.431
v -89.612 4.664 73.495
f 368 367 366 365
f 361 362 366 365
f 362 363 367 366
f 363 364 368 367
f 364 361 365 368
v 51.205 0.777 -194.290
v 62.873 0.777 -211.060
v 72.575 0.777 -204.310
v 60.907 0.777 -187.540
v 51.205 4.677 -194.290
v 62.873 4.677 -211.060
v 72.575 4.677 -204.310
v 60.907 4.677 -187.540
f 376 375 374 373
f 369 370 374 373
f 370 371 375 374
f 371 372 376 375
f 372 369 373 376
v -183.478 0.360 93.156
v -174.167 0.360 78.897
v -164.722 0.360 85.064
v -174.033 0.360 99.323
v -183.478 4.260 93.156
v -174.167 4.260 78.897
v -164.722 4.260 85.064
v -174.033 4.260 99.323
f 384 383 382 381
f 377 378 382 381
f 378 379 383 382
f 379 380 384 383
f 380 377 381 384
v 90.839 0.414 -67.282
v 100.596 0.414 -81.531
v 109.201 0.414 -75.638
v 99.444 0.414 -61.389
v 90.839 4.314 -67.282
v 100.596 4.314 -81.531
v 109.201 4.314 -75.638
v 99.444 4.314 -61.389
f 392 391 390 389
f 385 386 390 389
f 386 387 391 390
f 387 388 392 391
f 388 385 389 392
v 156.376 0.587 -160.946
v 162.543 0.587 -170.260
v 170.164 0.587 -165.214
v 163.997 0.587 -155.900
v 156.376 4.487 -160.946
v 162.543 4.487 -170.260
v 170.164 4.487 -165.214
v 163.997 4.487 -155.900
f 400 399 398 397
f 393 394 398 397
f 394 395 399 398
f 395 396 400 399
f 396 393 397 400
v -133.672 0.377 17.430
v -122.096 0.377 24.492
v -126.768 0.377 32.150
v -138.344 0.377 25.088
v -133.672 4.277 17.430
v -122.096 4.277 24.492
v -126.768 4.277 32.150
v -138.344 4.277 25.088
f 408 407 406 405
f 401 402 406 405
f 402 403 407 406
f 403 404 408 407
f 404 401 405 408
v 14.615 0.565 -110.634
v 24.078 0.565 -124.418
v 32.545 0.565 -118.606
v 23.082 0.565 -104.822
v 14.615 4.465 -110.634
v 24.078 4.465 -124.418
v 32.545 4.465 -118.606
v 23.082 4.465 -104.822
f 416 415 414 413
f 409 410 414 413
f 410 411 415 414
f 411 412 416 415
f 412 409 413 416
v 1.924 0.644 -49.091
v 11.814 0.644 -62.536
v 24.276 0.644 -53.369
v 14.386 0.644 -39.924
v 1.924 4.544 -49.091
v 11.814 4.544 -62.536
v 24.276 4.544 -53.369
v 14.386 4.544 -39.924
f 424 423 422 421
f 417 418 422 421
f 418 419 423 422
f 419 420 424 423
f 420 417 421 424
v 56.593 0.602 -100.221
v 70.196 0.602 -90.260
v 63.927 0.602 -81.699
v 50.324 0.602 -91.660
v 56.593 4.502 -100.221
v 70.196 4.502 -90.260
v 63.927 4.502 -81.699
v 50.324 4.502 -91.660
f 432 431 430 429
f 425 426 430 429
f 426 427 431 430
f 427 428 432 431
f 428 425 429 432
v -98.860 0.469 69.685
v -86.336 0.469 77.756
v -92.560 0.469 87.415
v -105.084 0.469 79.344
v -98.860 4.369 69.685
v -86.336 4.369 77.756
v -92.560 4.369 87.415
v -105.084 4.369 79.344
f 440 439 438 437
f 433 434 438 437
f 434 435 439 438
f 435 436 440 439
f 436 433 437 440
v 40.826 0.487 -85.882
v 53.632 0.487 -77.364
v 47.894 0.487 -68.738
v 35.088 0.487 -77.256
v 40.826 4.387 -85.882
v 53.632 4.387 -77.364
v 47.894 4.387 -68.738
v 35.088 4.387 -77.256
f 448 447 446 445
f 441 442 446 445
f 442 443 447 446
f 443 444 448 447
f 444 441 445 448
v 121.913 0.657 -89.172
v 130.563 0.657 -101.829
v 138.027 0.657 -96.728
v 129.377 0.657 -84.071
v 121.913 4.557 -89.172
v 130.563 4.557 -101.829
v 138.027 4.557 -96.728
v 129.377 4.557 -84.071
f 456 455 454 453
f 449 450 454 453
f 450 451 455 454
f 451 452 456 455
f 452 449 453 456
v -177.494 0.464 49.890
v -165.941 0.464 57.233
v -172.346 0.464 67.310
v -183.899 0.464 59.967
v -177.494 4.364 49.890
v -165.941 4.364 57.233
v -172.346 4.364 67.310
v -183.899 4.364 59.967
f 464 463 462 461
f 457 458 462 461
f 458 459 463 462
f 459 460 464 463
f 460 457 461 464
v -85.243 0.747 -81.977
v -43.966 0.747 -53.301
v -48.537 0.747 -46.723
v -89.814 0.747 -75.399
v -85.243 4.647 -81.977
v -43.966 4.647 -53.301
v -48.537 4.647 -46.723
v -89.814 4.647 -75.399
f 472 471 470 469
f 465 466 470 469
f 466 467 471 470
f 467 468 472 471
f 468 465 469 472
v 167.299 0.484 -155.019
v 171.674 0.484 -160.637
v 176.061 0.484 -157.221
v 171.686 0.484 -151.603
v 167.299 4.384 -155.019
v 171.674 4.384 -160.637
v 176.061 4.384 -157.221
v 171.686 4.384 -151.603
f 480 479 478 477
f 473 474 478 477
f 474 475 479 478
f 475 476 480 479
f 476 473 477 480
v -26.053 0.754 -3.205
v 11.591 0.754 23.973
v 6.153 0.754 31.505
v -31.491 0.754 4.327
v -26.053 4.654 -3.205
v 11.591 4.654 23.973
v 6.153 4.654 31.505
v -31.491 4.654 4.327
f 488 487 486 485
f 481 482 486 485
f 482 483 487 486
f 483 484 488 487
f 484 481 485 488
v -245.865 0.459 61.811
v -238.692 0.459 51.488
v -231.235 0.459 56.669
v -238.408 0.459 66.992
v -245.865 4.359 61.811
v -238.692 4.359 51.488
v -231.235 4.359 56.669
v -238.408 4.359 66.992
f 496 495 494 493
f 489 490 494 493
f 490 491 495 494
f 491 492 496 495
f 492 489 493 496
v 1.931 0.588 -106.060
v 15.845 0.588 -96.662
v 10.169 0.588 -88.260
v -3.745 0.588 -97.658
v 1.931 4.488 -106.060
v 15.845 4.488 -96.662
v 10.169 4.488 -88.260
v -3.745 4.488 -97.658
f 504 503 502 501
f 497 498 502 501
f 498 499 503 502
f 499 500 504 503
f 500 497 501 504
v 121.832 0.599 -144.763
v 135.766 0.599 -135.777
v 130.568 0.599 -127.717
v 116.634 0.599 -136.703
v 121.832 4.499 -144.763
v 135.766 4.499 -135.777
v 130.568 4.499 -127.717
v 116.634 4.499 -136.703
f 512 511 510 509
f 505 506 510 509
f 506 507 511 510
f 507 508 512 511
f 508 505 509 512
v -147.676 1.021 -44.311
v -121.603 1.021 -81.892
v -113.584 1.021 -76.329
v -139.657 1.021 -38.748
v -147.676 4.921 -44.311
v -121.603 4.921 -81.892
v -113.584 4.921 -76.329
v -139.657 4.921 -38.748
f 520 519 518 517
f 513 514 518 517
f 514 515 519 518
f 515 516 520 519
f 516 513 517 520
v -53.235 0.590 -21.191
v -47.138 0.590 -30.166
v -41.165 0.590 -26.109
v -47.262 0.590 -17.134
v -53.235 4.490 -21.191
v -47.138 4.490 -30.166
v -41.165 4.490 -26.109
v -47.262 4.490 -17.134
f 528 527 526 525
f 521 522 526 525
f 522 523 527 526
f 523 524 528 527
f 524 521 525 528
v -24.280 0.512 -83.949
v -14.641 0.512 -97.415
v -5.640 0.512 -90.971
v -15.279 0.512 -77.505
v -24.280 4.412 -83.949
v -14.641 4.412 -97.415
v -5.640 4.412 -90.971
v -15.279 4.412 -77.505
f 536 535 534 533
f 529 530 534 533
f 530 531 535 534
f 531 532 536 535
f 532 529 533 536
v -87.087 0.605 104.443
v -79.273 0.605 93.275
v -69.293 0.605 100.257
v -77.107 0.605 111.425
v -87.087 4.505 104.443
v -79.273 4.505 93.275
v -69.293 4.505 100.257
v -77.107 4.505 111.425
f 544 543 542 541
f 537 538 542 541
f 538 539 543 542
f 539 540 544 543
f 540 537 541 544
v 28.509 0.501 -153.378
v 37.987 0.501 -167.478
v 47.531 0.501 -161.062
v 38.053 0.501 -146.962
v 28.509 4.401 -153.378
v 37.987 4.401 -167.478
v 47.531 4.401 -161.062
v 38.053 4.401 -146.962
f 552 551 550 549
f 545 546 550 549
f 546 547 551 550
f 547 548 552 551
f 548 545 549 552
v 108.568 0.499 -181.033
v 122.171 0.499 -171.396
v 116.072 0.499 -162.787
v 102.469 0.499 -172.424
v 108.568 4.399 -181.033
v 122.171 4.399 -171.396
v 116.072 4.399 -162.787
v 102.469 4.399 -172.424
f 560 559 558 557
f 553 554 558 557
f 554 555 559 558
f 555 556 560 559
f 556 553 557 560
v -55.854 0.442 -128.449
v -46.396 0.442 -142.067
v -38.166 0.442 -136.351
v -47.624 0.442 -122.733
v -55.854 4.342 -128.449
v -46.396 4.342 -142.067
v -38.166 4.342 -136.351
v -47.624 4.342 -122.733
f 568 567 566 565
f 561 562 566 565
f 562 563 567 566
f 563 564 568 567
f 564 561 565 568
v -14.389 0.933 -193.489
v 9.048 0.933 -188.324
v 4.029 0.933 -165.551
v -19.408 0.933 -170.716
v -14.389 6.733 -193.489
v 9.048 6.733 -188.324
v 4.029 6.733 -165.551
v -19.408 6.733 -170.716
f 576 575 574 573
f 569 570 574 573
f 570 571 575 574
f 571 572 576 575
f 572 569 573 576
v -94.059 0.854 30.772
v -72.436 0.854 -1.372
v -64.081 0.854 4.248
v -85.704 0.854 36.392
v -94.059 4.754 30.772
v -72.436 4.754 -1.372
v -64.081 4.754 4.248
v -85.704 4.754 36.392
f 584 583 582 581
f 577 578 582 581
f 578 579 583 582
f 579 580 584 583
f 580 577 581 584
v -113.287 0.680 -124.361
v -72.907 0.680 -95.765
v -78.293 0.680 -88.159
v -118.673 0.680 -116.755
v -113.287 6.480 -124.361
v -72.907 6.480 -95.765
v -78.293 6.480 -88.159
v -118.673 6.480 -116.755
f 592 591 590 589
f 585 586 590 589
f 586 587 591 590
f 587 588 592 591
f 588 585 589 592
v 44.103 0.522 -131.175
v 53.408 0.522 -145.127
v 62.377 0.522 -139.145
v 53.072 0.522 -125.193
v 44.103 4.422 -131.175
v 53.408 4.422 -145.127
v 62.377 4.422 -139.145
v 53.072 4.422 -125.193
f 600 599 598 597
f 593 594 598 597
f 594 595 599 598
f 595 596 600 599
f 596 593 597 600
v -147.195 0.401 28.980
v -135.891 0.401 36.214
v -141.885 0.401 45.580
v -153.189 0.401 38.346
v -147.195 4.301 28.980
v -135.891 4.301 36.214
v -141.885 4.301 45.580
v -153.189 4.301 38.346
f 608 607 606 605
f 601 602 606 605
f 602 603 607 606
f 603 604 608 607
f 604 601 605 608
v -148.386 0.412 118.125
v -145.871 0.412 101.626
v -131.774 0.412 103.775
v -134.289 0.412 120.274
v -148.386 4.312 118.125
v -145.871 4.312 101.626
v -131.774 4.312 103.775
v -134.289 4.312 120.274
f 616 615 614 613
f 609 610 614 613
f 610 611 615 614
f 611 612 616 615
f 612 609 613 616
v -103.038 0.592 106.777
v -85.903 0.592 104.622
v -84.002 0.592 119.743
v -101.137 0.592 121.898
v -103.038 4.492 106.777
v -85.903 4.492 104.622
v -84.002 4.492 119.743
v -101.137 4.492 121.898
f 624 623 622 621
f 617 618 622 621
f 618 619 623 622
f 619 620 624 623
f 620 617 621 624
v -156.880 0.380 -11.123
v -139.722 0.380 2.063
v -148.960 0.380 14.083
v -166.118 0.380 0.897
v -156.880 4.280 -11.123
v -139.722 4.280 2.063
v -148.960 4.280 14.083
v -166.118 4.280 0.897
f 632 631 630 629
f 625 626 630 629
f 626 627 631 630
f 627 628 632 631
f 628 625 629 632
v -199.068 0.424 74.657
v -190.816 0.424 58.334
v -178.732 0.424 64.443
v -186.984 0.424 80.766
v -199.068 4.324 74.657
v -190.816 4.324 58.334
v -178.732 4.324 64.443
v -186.984 4.324 80.766
f 640 639 638 637
f 633 634 638 637
f 634 635 639 638
f 635 636 640 639
f 636 633 637 640
v 74.655 0.328 -164.913
v 96.378 0.328 -175.937
v 105.325 0.328 -158.307
v 83.602 0.328 -147.283
v 74.655 4.228 -164.913
v 96.378 4.228 -175.937
v 105.325 4.228 -158.307
v 83.602 4.228 -147.283
f 648 647 646 645
f 641 642 646 645
f 642 643 647 646
f 643 644 648 647
f 644 641 645 648
v 69.129 0.617 -156.824
v 85.578 0.617 -148.511
v 79.011 0.617 -135.516
v 62.562 0.617 -143.829
v 69.129 4.517 -156.824
v 85.578 4.517 -148.511
v 79.011 4.517 -135.516
v 62.562 4.517 -143.829
f 656 655 654 653
f 649 650 654 653
f 650 651 655 654
f 651 652 656 655
f 652 649 653 656
v 24.743 0.561 -198.389
v 53.454 0.561 -208.290
v 61.757 0.561 -184.211
v 33.046 0.561 -174.310
v 24.743 4.461 -198.389
v 53.454 4.461 -208.290
v 61.757 4.461 -184.211
v 33.046 4.461 -174.310
f 664 663 662 661
f 657 658 662 661
f 658 659 663 662
f 659 660 664 663
f 660 657 661 664
v -249.572 0.540 133.298
v -238.541 0.540 143.595
v -247.248 0.540 152.922
v -258.279 0.540 142.625
v -249.572 4.440 133.298
v -238.541 4.440 143.595
v -247.248 4.440 152.922
v -258.279 4.440 142.625
f 672 671 670 669
f 665 666 670 669
f 666 667 671 670
f 667 668 672 671
f 668 665 669 672
v -134.855 0.327 54.277
v -117.838 0.327 56.488
v -119.765 0.327 71.323
v -136.782 0.327 69.112
v -134.855 4.227 54.277
v -117.838 4.227 56.488
v -119.765 4.227 71.323
v -136.782 4.227 69.112
f 680 679 678 677
f 673 674 678 677
f 674 675 679 678
f 675 676 680 679
f 676 673 677 680
v -219.983 0.431 39.223
v -208.608 0.431 28.754
v -200.157 0.431 37.937
v -211.532 0.431 48.406
v -219.983 4.331 39.223
v -208.608 4.331 28.754
v -200.157 4.331 37.937
v -211.532 4.331 48.406
f 688 687 686 685
f 681 682 686 685
f 682 683 687 686
f 683 684 688 687
f 684 681 685 688
v 192.378 0.829 -226.064
v 195.029 0.829 -235.062
v 202.722 0.829 -232.796
v 200.071 0.829 -223.798
v 192.378 4.729 -226.064
v 195.029 4.729 -235.062
v 202.722 4.729 -232.796
v 200.071 4.729 -223.798
f 696 695 694 693
f 689 690 694 693
f 690 691 695 694
f 691 692 696 695
f 692 689 693 696
v -117.447 0.497 124.104
v -114.567 0.497 140.605
v -129.413 0.497 143.196
v -132.293 0.497 126.695
v -117.447 4.397 124.104
v -114.567 4.397 140.605
v -129.413 4.397 143.196
v -132.293 4.397 126.695
f 704 703 702 701
f 697 698 702 701
f 698 699 703 702
f 699 700 704 703
f 700 697 701 704
v -166.324 0.535 84.078
v -158.883 0.535 72.982
v -149.996 0.535 78.942
v -157.437 0.535 90.038
v -166.324 4.435 84.078
v -158.883 4.435 72.982
v -149.996 4.435 78.942
v -157.437 4.435 90.038
f 712 711 710 709
f 705 706 710 709
f 706 707 711 710
f 707 708 712 711
f 708 705 709 712
v -127.149 0.576 43.774
v -105.614 0.576 40.260
v -102.731 0.576 57.926
v -124.266 0.576 61.440
v -127.149 4.476 43.774
v -105.614 4.476 40.260
v -102.731 4.476 57.926
v -124.266 4.476 61.440
f 720 719 718 717
f 713 714 718 717
f 714 715 719 718
f 715 716 720 719
f 716 713 717 720
v -168.361 0.328 53.188
v -164.798 0.328 38.001
v -151.879 0.328 41.032
v -155.442 0.328 56.219
v -168.361 4.228 53.188
v -164.798 4.228 38.001
v -151.879 4.228 41.032
v -155.442 4.228 56.219
f 728 727 726 725
f 721 722 726 725
f 722 723 727 726
f 723 724 728 727
f 724 721 725 728
v -6.997 0.559 94.817
v 2.339 0.559 81.724
v 13.697 0.559 89.823
v 4.361 0.559 102.916
v -6.997 4.459 94.817
v 2.339 4.459 81.724
v 13.697 4.459 89.823
v 4.361 4.459 102.916
f 736 735 734 733
f 729 730 734 733
f 730 731 735 734
f 731 732 736 735
f 732 729 733 736
v -255.720 0.471 59.930
v -242.950 0.471 69.736
v -251.300 0.471 80.610
v -264.070 0.471 70.804
v -255.720 4.371 59.930
v -242.950 4.371 69.736
v -251.300 4.371 80.610
v -264.070 4.371 70.804
f 744 743 742 741
f 737 738 742 741
f 738 739 743 742
f 739 740 744 743
f 740 737 741 744
v -149.028 0.425 148.770
v -145.870 0.425 130.938
v -129.652 0.425 133.810
v -132.810 0.425 151.642
v -149.028 4.325 148.770
v -145.870 4.325 130.938
v -129.652 4.325 133.810
v -132.810 4.325 151.642
f 752 751 750 749
f 745 746 750 749
f 746 747 751 750
f 747 748 752 751
f 748 745 749 752
v -142.452 0.480 -21.657
v -123.361 0.480 -14.242
v -129.288 0.480 1.017
v -148.379 0.480 -6.398
v -142.452 4.380 -21.657
v -123.361 4.380 -14.242
v -129.288 4.380 1.017
v -148.379 4.380 -6.398
f 760 759 758 757
f 753 754 758 757
f 754 755 759 758
f 755 756 760 759
f 756 753 757 760
v -111.272 0.535 42.722
v -99.442 0.535 28.137
v -90.168 0.535 35.658
v -101.998 0.535 50.243
v -111.272 4.435 42.722
v -99.442 4.435 28.137
v -90.168 4.435 35.658
v -101.998 4.435 50.243
f 768 767 766 765
f 761 762 766 765
f 762 763 767 766
f 763 764 768 767
f 764 761 765 768
v -116.777 0.468 91.154
v -109.627 0.468 81.294
v -101.143 0.468 87.446
v -108.293 0.468 97.306
v -116.777 4.368 91.154
v -109.627 4.368 81.294
v -101.143 4.368 87.446
v -108.293 4.368 97.306
f 776 775 774 773
f 769 770 774 773
f 770 771 775 774
f 771 772 776 775
f 772 769 773 776
v 100.721 0.533 -115.322
v 115.649 0.533 -134.420
v 128.239 0.533 -124.578
v 113.311 0.533 -105.480
v 100.721 4.433 -115.322
v 115.649 4.433 -134.420
v 128.239 4.433 -124.578
v 113.311 4.433 -105.480
f 784 783 782 781
f 777 778 782 781
f 778 779 783 782
f 779 780 784 783
f 780 777 781 784
v 205.815 0.543 -186.059
v 215.166 0.543 -199.299
v 226.405 0.543 -191.361
v 217.054 0.543 -178.121
v 205.815 4.443 -186.059
v 215.166 4.443 -199.299
v 226.405 4.443 -191.361
v 217.054 4.443 -178.121
f 792 791 790 789
f 785 786 790 789
f 786 787 791 790
f 787 788 792 791
f 788 785 789 792
v 70.952 0.704 -97.908
v 81.192 0.704 -110.833
v 90.888 0.704 -103.152
v 80.648 0.704 -90.227
v 70.952 4.604 -97.908
v 81.192 4.604 -110.833
v 90.888 4.604 -103.152
v 80.648 4.604 -90.227
f 800 799 798 797
f 793 794 798 797
f 794 795 799 798
f 795 796 800 799
f 796 793 797 800
v 135.782 0.621 -97.245
v 143.190 0.621 -119.653
v 161.638 0.621 -113.555
v 154.230 0.621 -91.147
v 135.782 4.521 -97.245
v 143.190 4.521 -119.653
v 161.638 4.521 -113.555
v 154.230 4.521 -91.147
f 808 807 806 805
f 801 802 806 805
f 802 803 807 806
f 803 804 808 807
f 804 801 805 808
v -214.554 0.425 113.090
v -203.182 0.425 98.957
v -193.646 0.425 106.630
v -205.018 0.425 120.763
v -214.554 4.325 113.090
v -203.182 4.325 98.957
v -193.646 4.325 106.630
v -205.018 4.325 120.763
f 816 815 814 813
f 809 810 814 813
f 810 811 815 814
f 811 812 816 815
f 812 809 813 816
v -155.306 0.517 75.873
v -148.202 0.517 60.241
v -133.754 0.517 66.807
v -140.858 0.517 82.439
v -155.306 4.417 75.873
v -148.202 4.417 60.241
v -133.754 4.417 66.807
v -140.858 4.417 82.439
f 824 823 822 821
f 817 818 822 821
f 818 819 823 822
f 819 820 824 823
f 820 817 821 824
v 166.744 0.591 -163.842
v 179.474 0.591 -181.858
v 191.136 0.591 -173.618
v 178.406 0.591 -155.602
v 166.744 4.491 -163.842
v 179.474 4.491 -181.858
v 191.136 4.491 -173.618
v 178.406 4.491 -155.602
f 832 831 830 829
f 825 826 830 829
f 826 827 831 830
f 827 828 832 831
f 828 825 829 832
v -43.901 0.528 -114.515
v -28.401 0.528 -125.296
v -19.379 0.528 -112.325
v -34.879 0.528 -101.544
v -43.901 4.428 -114.515
v -28.401 4.428 -125.296
v -19.379 4.428 -112.325
v -34.879 4.428 -101.544
f 840 839 838 837
f 833 834 838 837
f 834 835 839 838
f 835 836 840 839
f 836 833 837 840
v -201.239 0.371 141.057
v -191.008 0.371 148.327
v -196.661 0.371 156.283
v -206.892 0.371 149.013
v -201.239 4.271 141.057
v -191.008 4.271 148.327
v -196.661 4.271 156.283
v -206.892 4.271 149.013
f 848 847 846 845
f 841 842 846 845
f 842 843 847 846
f 843 844 848 847
f 844 841 845 848
v -187.730 0.443 130.078
v -176.266 0.443 136.314
v -182.330 0.443 147.462
v -193.794 0.443 141.226
v -187.730 4.343 130.078
v -176.266 4.343 136.314
v -182.330 4.343 147.462
v -193.794 4.343 141.226
f 856 855 854 853
f 849 850 854 853
f 850 851 855 854
f 851 852 856 855
f 852 849 853 856
v -177.691 0.281 163.365
v -166.788 0.281 150.545
v -159.109 0.281 157.075
v -170.012 0.281 169.895
v -177.691 4.181 163.365
v -166.788 4.181 150.545
v -159.109 4.181 157.075
v -170.012 4.181 169.895
f 864 863 862 861
f 857 858 862 861
f 858 859 863 862
f 859 860 864 863
f 860 857 861 864
v -247.205 0.576 177.747
v -242.725 0.576 170.677
v -236.955 0.576 174.333
v -241.435 0.576 181.403
v -247.205 4.476 177.747
v -242.725 4.476 170.677
v -236.955 4.476 174.333
v -241.435 4.476 181.403
f 872 871 870 869
f 865 866 870 869
f 866 867 871 870
f 867 868 872 871
f 868 865 869 872
v -241.991 0.429 169.072
v -226.304 0.429 157.846
v -216.369 0.429 171.728
v -232.056 0.429 182.954
v -241.991 4.329 169.072
v -226.304 4.329 157.846
v -216.369 4.329 171.728
v -232.056 4.329 182.954
f 880 879 878 877
f 873 874 878 877
f 874 875 879 878
f 875 876 880 879
f 876 873 877 880
v -216.961 0.501 186.792
v -205.331 0.501 194.513
v -210.519 0.501 202.328
v -222.149 0.501 194.607
v -216.961 4.401 186.792
v -205.331 4.401 194.513
v -210.519 4.401 202.328
v -222.149 4.401 194.607
f 888 887 886 885
f 881 882 886 885
f 882 883 887 886
f 883 884 888 887
f 884 881 885 888
v -199.587 0.416 172.462
v -184.229 0.416 158.331
v -171.453 0.416 172.218
v -186.811 0.416 186.349
v -199.587 4.316 172.462
v -184.229 4.316 158.331
v -171.453 4.316 172.218
v -186.811 4.316 186.349
f 896 895 894 893
f 889 890 894 893
f 890 891 895 894
f 891 892 896 895
f 892 889 893 896
v -221.858 0.410 161.026
v -213.265 0.410 149.346
v -202.762 0.410 157.074
v -211.355 0.410 168.754
v -221.858 4.310 161.026
v -213.265 4.310 149.346
v -202.762 4.310 157.074
v -211.355 4.310 168.754
f 904 903 902 901
f 897 898 902 901
f 898 899 903 902
f 899 900 904 903
f 900 897 901 904
v -250.122 0.411 214.277
v -242.696 0.411 203.839
v -233.358 0.411 210.483
v -240.784 0.411 220.921
v -250.122 4.311 214.277
v -242.696 4.311 203.839
v -233.358 4.311 210.483
v -240.784 4.311 220.921
f 912 911 910 909
f 905 906 910 909
f 906 907 911 910
f 907 908 912 911
f 908 905 909 912
v -229.420 0.379 197.174
v -218.954 0.379 203.578
v -224.820 0.379 213.166
v -235.286 0.379 206.762
v -229.420 4.279 197.174
v -218.954 4.279 203.578
v -224.820 4.279 213.166
v -235.286 4.279 206.762
f 920 919 918 917
f 913 914 918 917
f 914 915 919 918
f 915 916 920 919
f 916 913 917 920
v -98.680 0.889 167.955
v -86.656 0.889 150.690
v -76.440 0.889 157.805
v -88.464 0.889 175.070
v -98.680 4.789 167.955
v -86.656 4.789 150.690
v -76.440 4.789 157.805
v -88.464 4.789 175.070
f 928 927 926 925
f 921 922 926 925
f 922 923 927 926
f 923 924 928 927
f 924 921 925 928
v -71.525 0.757 225.921
v -55.244 0.757 237.012
v -64.855 0.757 251.119
v -81.136 0.757 240.028
v -71.525 4.657 225.921
v -55.244 4.657 237.012
v -64.855 4.657 251.119
v -81.136 4.657 240.028
f 936 935 934 933
f 929 930 934 933
f 930 931 935 934
f 931 932 936 935
f 932 929 933 936
v -41.386 0.785 214.164
v -29.831 0.785 198.755
v -14.494 0.785 210.256
v -26.049 0.785 225.665
v -41.386 4.685 214.164
v -29.831 4.685 198.755
v -14.494 4.685 210.256
v -26.049 4.685 225.665
f 944 943 942 941
f 937 938 942 941
f 938 939 943 942
f 939 940 944 943
f 940 937 941 944
v 7.099 0.682 219.422
v 17.386 0.682 203.639
v 28.461 0.682 210.858
v 18.174 0.682 226.641
v 7.099 4.582 219.422
v 17.386 4.582 203.639
v 28.461 4.582 210.858
v 18.174 4.582 226.641
f 952 951 950 949
f 945 946 950 949
f 946 947 951 950
f 947 948 952 951
f 948 945 949 952
v 33.269 0.525 252.464
v 45.356 0.525 234.586
v 53.831 0.525 240.316
v 41.744 0.525 258.194
v 33.269 4.425 252.464
v 45.356 4.425 234.586
v 53.831 4.425 240.316
v 41.744 4.425 258.194
f 960 959 958 957
f 953 954 958 957
f 954 955 959 958
f 955 956 960 959
f 956 953 957 960
v 22.781 0.727 172.121
v 36.347 0.727 152.602
v 46.759 0.727 159.839
v 33.193 0.727 179.358
v 22.781 4.627 172.121
v 36.347 4.627 152.602
v 46.759 4.627 159.839
v 33.193 4.627 179.358
f 968 967 966 965
f 961 962 966 965
f 962 963 967 966
f 963 964 968 967
f 964 961 965 968
v 86.488 0.828 172.338
v 101.182 0.828 187.964
v 87.552 0.828 200.782
v 72.858 0.828 185.156
v 86.488 7.128 172.338
v 101.182 7.128 187.964
v 87.552 7.128 200.782
v 72.858 7.128 185.156
f 976 975 974 973
f 969 970 974 973
f 970 971 975 974
f 971 972 976 975
f 972 969 973 976
v 95.099 0.621 177.432
v 105.750 0.621 161.518
v 116.761 0.621 168.888
v 106.110 0.621 184.802
v 95.099 4.521 177.432
v 105.750 4.521 161.518
v 116.761 4.521 168.888
v 106.110 4.521 184.802
f 984 983 982 981
f 977 978 982 981
f 978 979 983 982
f 979 980 984 983
f 980 977 981 984
v 138.584 1.161 225.318
v 163.322 1.161 216.479
v 172.076 1.161 240.982
v 147.338 1.161 249.821
v 138.584 5.061 225.318
v 163.322 5.061 216.479
v 172.076 5.061 240.982
v 147.338 5.061 249.821
f 992 991 990 989
f 985 986 990 989
f 986 987 991 990
f 987 988 992 991
f 988 985 989 992
v 184.225 1.086 216.404
v 196.088 1.086 198.762
v 203.515 1.086 203.756
v 191.652 1.086 221.398
v 184.225 4.986 216.404
v 196.088 4.986 198.762
v 203.515 4.986 203.756
v 191.652 4.986 221.398
f 1000 999 998 997
f 993 994 998 997
f 994 995 999 998
f 995 996 1000 999
f 996 993 997 1000
v 225.769 0.931 226.313
v 238.412 0.931 209.296
v 245.291 0.931 214.407
v 232.648 0.931 231.424
v 225.769 10.231 226.313
v 238.412 10.231 209.296
v 245.291 10.231 214.407
v 232.648 10.231 231.424
f 1008 1007 1006 1005
f 1001 1002 1006 1005
f 1002 1003 1007 1006
f 1003 1004 1008 1007
f 1004 1001 1005 1008
v 161.839 0.423 129.438
v 169.796 0.423 115.018
v 180.241 0.423 120.782
v 172.284 0.423 135.202
v 161.839 4.323 129.438
v 169.796 4.323 115.018
v 180.241 4.323 120.782
v 172.284 4.323 135.202
f 1016 1015 1014 1013
f 1009 1010 1014 1013
f 1010 1011 1015 1014
f 1011 1012 1016 1015
f 1012 1009 1013 1016
v 208.227 0.570 96.089
v 220.440 0.570 79.017
v 230.273 0.570 86.051
v 218.060 0.570 103.123
v 208.227 4.470 96.089
v 220.440 4.470 79.017
v 230.273 4.470 86.051
v 218.060 4.470 103.123
f 1024 1023 1022 1021
f 1017 1018 1022 1021
f 1018 1019 1023 1022
f 1019 1020 1024 1023
f 1020 1017 1021 1024
v 223.228 0.722 187.855
v 236.665 0.722 167.993
v 246.232 0.722 174.465
v 232.795 0.722 194.327
v 223.228 4.622 187.855
v 236.665 4.622 167.993
v 246.232 4.622 174.465
v 232.795 4.622 194.327
f 1032 1031 1030 1029
f 1025 1026 1030 1029
f 1026 1027 1031 1030
f 1027 1028 1032 1031
f 1028 1025 1029 1032
v 152.269 0.641 35.666
v 154.955 0.641 58.951
v 134.471 0.641 61.314
v 131.785 0.641 38.029
v 152.269 4.541 35.666
v 154.955 4.541 58.951
v 134.471 4.541 61.314
v 131.785 4.541 38.029
f 1040 1039 1038 1037
f 1033 1034 1038 1037
f 1034 1035 1039 1038
f 1035 1036 1040 1039
f 1036 1033 1037 1040
v -171.062 0.557 252.185
v -162.344 0.557 239.164
v -152.738 0.557 245.595
v -161.456 0.557 258.616
v -171.062 4.457 252.185
v -162.344 4.457 239.164
v -152.738 4.457 245.595
v -161.456 4.457 258.616
f 1048 1047 1046 1045
f 1041 1042 1046 1045
f 1042 1043 1047 1046
f 1043 1044 1048 1047
f 1044 1041 1045 1048
v 237.625 0.462 74.771
v 245.880 0.462 62.693
v 252.575 0.462 67.269
v 244.320 0.462 79.347
v 237.625 4.362 74.771
v 245.880 4.362 62.693
v 252.575 4.362 67.269
v 244.320 4.362 79.347
f 1056 1055 1054 1053
f 1049 1050 1054 1053
f 1050 1051 1055 1054
f 1051 1052 1056 1055
f 1052 1049 1053 1056
v 188.237 0.240 -91.649
v 191.612 0.240 -96.536
v 194.023 0.240 -94.871
v 190.648 0.240 -89.984
v 188.237 4.140 -91.649
v 191.612 4.140 -96.536
v 194.023 4.140 -94.871
v 190.648 4.140 -89.984
f 1064 1063 1062 1061
f 1057 1058 1062 1061
f 1058 1059 1063 1062
f 1059 1060 1064 1063
f 1060 1057 1061 1064
v 166.135 0.273 -49.557
v 170.302 0.273 -54.955
v 175.345 0.273 -51.063
v 171.178 0.273 -45.665
v 166.135 4.173 -49.557
v 170.302 4.173 -54.955
v 175.345 4.173 -51.063
v 171.178 4.173 -45.665
f 1072 1071 1070 1069
f 1065 1066 1070 1069
f 1066 1067 1071 1070
f 1067 1068 1072 1071
f 1068 1065 1069 1072
v 222.105 0.263 -102.696
v 231.607 0.263 -116.013
v 238.795 0.263 -110.884
v 229.293 0.263 -97.567
v 222.105 4.163 -102.696
v 231.607 4.163 -116.013
v 238.795 4.163 -110.884
v 229.293 4.163 -97.567
f 1080 1079 1078 1077
f 1073 1074 1078 1077
f 1074 1075 1079 1078
f 1075 1076 1080 1079
f 1076 1073 1077 1080
v 68.655 0.284 106.876
v 80.680 0.284 89.819
v 88.885 0.284 95.604
v 76.860 0.284 112.661
v 68.655 4.184 106.876
v 80.680 4.184 89.819
v 88.885 4.184 95.604
v 76.860 4.184 112.661
f 1088 1087 1086 1085
f 1081 1082 1086 1085
f 1082 1083 1087 1086
f 1083 1084 1088 1087
f 1084 1081 1085 1088
v 252.058 0.802 76.848
v 259.428 0.802 83.124
v 255.862 0.802 87.312
v 248.492 0.802 81.036
v 252.058 4.702 76.848
v 259.428 4.702 83.124
v 255.862 4.702 87.312
v 248.492 4.702 81.036
f 1096 1095 1094 1093
f 1089 1090 1094 1093
f 1090 1091 1095 1094
f 1091 1092 1096 1095
f 1092 1089 1093 1096
v 240.864 0.421 -74.027
v 249.220 0.421 -85.852
v 257.796 0.421 -79.793
v 249.440 0.421 -67.968
v 240.864 4.321 -74.027
v 249.220 4.321 -85.852
v 257.796 4.321 -79.793
v 249.440 4.321 -67.968
f 1104 1103 1102 1101
f 1097 1098 1102 1101
f 1098 1099 1103 1102
f 1099 1100 1104 1103
f 1100 1097 1101 1104
v 240.199 0.470 -93.586
v 246.745 0.470 -89.724
v 243.081 0.470 -83.514
v 236.535 0.470 -87.376
v 240.199 4.370 -93.586
v 246.745 4.370 -89.724
v 243.081 4.370 -83.514
v 236.535 4.370 -87.376
f 1112 1111 1110 1109
f 1105 1106 1110 1109
f 1106 1107 1111 1110
f 1107 1108 1112 1111
f 1108 1105 1109 1112
v 231.031 0.419 -66.275
v 239.459 0.419 -76.987
v 248.309 0.419 -70.025
v 239.881 0.419 -59.313
v 231.031 4.319 -66.275
v 239.459 4.319 -76.987
v 248.309 4.319 -70.025
v 239.881 4.319 -59.313
f 1120 1119 1118 1117
f 1113 1114 1118 1117
f 1114 1115 1119 1118
f 1115 1116 1120 1119
f 1116 1113 1117 1120
v 202.918 0.448 -92.983
v 222.367 0.448 -113.897
v 232.282 0.448 -104.677
v 212.833 0.448 -83.763
v 202.918 4.348 -92.983
v 222.367 4.348 -113.897
v 232.282 4.348 -104.677
v 212.833 4.348 -83.763
f 1128 1127 1126 1125
f 1121 1122 1126 1125
f 1122 1123 1127 1126
f 1123 1124 1128 1127
f 1124 1121 1125 1128
v 199.052 0.175 -85.143
v 206.748 0.175 -95.031
v 216.968 0.175 -87.077
v 209.272 0.175 -77.189
v 199.052 4.075 -85.143
v 206.748 4.075 -95.031
v 216.968 4.075 -87.077
v 209.272 4.075 -77.189
f 1136 1135 1134 1133
f 1129 1130 1134 1133
f 1130 1131 1135 1134
f 1131 1132 1136 1135
f 1132 1129 1133 1136
v 215.808 0.166 -84.040
v 219.393 0.166 -81.489
v 217.792 0.166 -79.240
v 214.207 0.166 -81.791
v 215.808 4.066 -84.040
v 219.393 4.066 -81.489
v 217.792 4.066 -79.240
v 214.207 4.066 -81.791
f 1144 1143 1142 1141
f 1137 1138 1142 1141
f 1138 1139 1143 1142
f 1139 1140 1144 1143
f 1140 1137 1141 1144
v 217.473 0.254 -56.598
v 224.103 0.254 -70.120
v 234.787 0.254 -64.882
v 228.157 0.254 -51.360
v 217.473 4.154 -56.598
v 224.103 4.154 -70.120
v 234.787 4.154 -64.882
v 228.157 4.154 -51.360
f 1152 1151 1150 1149
f 1145 1146 1150 1149
f 1146 1147 1151 1150
f 1147 1148 1152 1151
f 1148 1145 1149 1152
v 214.687 0.082 -75.413
v 220.007 0.082 -71.523
v 217.393 0.082 -67.947
v 212.073 0.082 -71.837
v 214.687 3.982 -75.413
v 220.007 3.982 -71.523
v 217.393 3.982 -67.947
v 212.073 3.982 -71.837
f 1160 1159 1158 1157
f 1153 1154 1158 1157
f 1154 1155 1159 1158
f 1155 1156 1160 1159
f 1156 1153 1157 1160
v 208.197 0.174 -70.649
v 212.644 0.174 -67.916
v 210.503 0.174 -64.431
v 206.056 0.174 -67.164
v 208.197 4.074 -70.649
v 212.644 4.074 -67.916
v 210.503 4.074 -64.431
v 206.056 4.074 -67.164
f 1168 1167 1166 1165
f 1161 1162 1166 1165
f 1162 1163 1167 1166
f 1163 1164 1168 1167
f 1164 1161 1165 1168
v 182.708 0.241 -79.697
v 190.297 0.241 -92.891
v 200.812 0.241 -86.843
v 193.223 0.241 -73.649
v 182.708 4.141 -79.697
v 190.297 4.141 -92.891
v 200.812 4.141 -86.843
v 193.223 4.141 -73.649
f 1176 1175 1174 1173
f 1169 1170 1174 1173
f 1170 1171 1175 1174
f 1171 1172 1176 1175
f 1172 1169 1173 1176
v 163.427 0.325 -79.855
v 182.338 0.325 -86.487
v 187.613 0.325 -71.445
v 168.702 0.325 -64.813
v 163.427 4.225 -79.855
v 182.338 4.225 -86.487
v 187.613 4.225 -71.445
v 168.702 4.225 -64.813
f 1184 1183 1182 1181
f 1177 1178 1182 1181
f 1178 1179 1183 1182
f 1179 1180 1184 1183
f 1180 1177 1181 1184
v 176.884 0.208 -61.476
v 179.719 0.208 -65.763
v 182.196 0.208 -64.124
v 179.361 0.208 -59.837
v 176.884 4.108 -61.476
v 179.719 4.108 -65.763
v 182.196 4.108 -64.124
v 179.361 4.108 -59.837
f 1192 1191 1190 1189
f 1185 1186 1190 1189
f 1186 1187 1191 1190
f 1187 1188 1192 1191
f 1188 1185 1189 1192
v 156.655 0.299 -67.176
v 174.540 0.299 -75.623
v 180.745 0.299 -62.484
v 162.860 0.299 -54.037
v 156.655 4.199 -67.176
v 174.540 4.199 -75.623
v 180.745 4.199 -62.484
v 162.860 4.199 -54.037
f 1200 1199 1198 1197
f 1193 1194 1198 1197
f 1194 1195 1199 1198
f 1195 1196 1200 1199
f 1196 1193 1197 1200
v 143.402 0.493 -46.396
v 145.422 0.493 -67.118
v 162.998 0.493 -65.404
v 160.978 0.493 -44.682
v 143.402 4.393 -46.396
v 145.422 4.393 -67.118
v 162.998 4.393 -65.404
v 160.978 4.393 -44.682
f 1208 1207 1206 1205
f 1201 1202 1206 1205
f 1202 1203 1207 1206
f 1203 1204 1208 1207
f 1204 1201 1205 1208
v 161.940 0.302 -51.935
v 169.821 0.302 -43.207
v 163.660 0.302 -37.645
v 155.779 0.302 -46.373
v 161.940 4.202 -51.935
v 169.821 4.202 -43.207
v 163.660 4.202 -37.645
v 155.779 4.202 -46.373
f 1216 1215 1214 1213
f 1209 1210 1214 1213
f 1210 1211 1215 1214
f 1211 1212 1216 1215
f 1212 1209 1213 1216
v 166.605 0.439 -35.684
v 184.369 0.439 -34.929
v 183.575 0.439 -16.276
v 165.811 0.439 -17.031
v 166.605 4.339 -35.684
v 184.369 4.339 -34.929
v 183.575 4.339 -16.276
v 165.811 4.339 -17.031
f 1224 1223 1222 1221
f 1217 1218 1222 1221
f 1218 1219 1223 1222
f 1219 1220 1224 1223
f 1220 1217 1221 1224
v 186.126 0.335 -40.527
v 196.573 0.335 -32.706
v 190.634 0.335 -24.773
v 180.187 0.335 -32.594
v 186.126 4.235 -40.527
v 196.573 4.235 -32.706
v 190.634 4.235 -24.773
v 180.187 4.235 -32.594
f 1232 1231 1230 1229
f 1225 1226 1230 1229
f 1226 1227 1231 1230
f 1227 1228 1232 1231
f 1228 1225 1229 1232
v 240.478 0.302 -24.343
v 248.763 0.302 -35.291
v 257.662 0.302 -28.557
v 249.377 0.302 -17.609
v 240.478 4.202 -24.343
v 248.763 4.202 -35.291
v 257.662 4.202 -28.557
v 249.377 4.202 -17.609
f 1240 1239 1238 1237
f 1233 1234 1238 1237
f 1234 1235 1239 1238
f 1235 1236 1240 1239
f 1236 1233 1237 1240
v 251.547 0.210 -11.359
v 254.057 0.210 -14.776
v 256.773 0.210 -12.781
v 254.263 0.210 -9.364
v 251.547 4.110 -11.359
v 254.057 4.110 -14.776
v 256.773 4.110 -12.781
v 254.263 4.110 -9.364
f 1248 1247 1246 1245
f 1241 1242 1246 1245
f 1242 1243 1247 1246
f 1243 1244 1248 1247
f 1244 1241 1245 1248
v 228.316 0.395 -17.688
v 237.976 0.395 -27.218
v 246.664 0.395 -18.412
v 237.004 0.395 -8.882
v 228.316 4.295 -17.688
v 237.976 4.295 -27.218
v 246.664 4.295 -18.412
v 237.004 4.295 -8.882
f 1256 1255 1254 1253
f 1249 1250 1254 1253
f 1250 1251 1255 1254
f 1251 1252 1256 1255
f 1252 1249 1253 1256
v 221.520 0.320 -18.612
v 232.728 0.320 -10.698
v 225.420 0.320 -0.348
v 214.212 0.320 -8.262
v 221.520 4.220 -18.612
v 232.728 4.220 -10.698
v 225.420 4.220 -0.348
v 214.212 4.220 -8.262
f 1264 1263 1262 1261
f 1257 1258 1262 1261
f 1258 1259 1263 1262
f 1259 1260 1264 1263
f 1260 1257 1261 1264
v 246.839 0.395 1.580
v 250.820 0.395 3.926
v 248.561 0.395 7.760
v 244.580 0.395 5.414
v 246.839 4.295 1.580
v 250.820 4.295 3.926
v 248.561 4.295 7.760
v 244.580 4.295 5.414
f 1272 1271 1270 1269
f 1265 1266 1270 1269
f 1266 1267 1271 1270
f 1267 1268 1272 1271
f 1268 1265 1269 1272
v 233.141 0.379 27.632
v 245.194 0.379 6.164
v 257.419 0.379 13.028
v 245.366 0.379 34.496
v 233.141 4.279 27.632
v 245.194 4.279 6.164
v 257.419 4.279 13.028
v 245.366 4.279 34.496
f 1280 1279 1278 1277
f 1273 1274 1278 1277
f 1274 1275 1279 1278
f 1275 1276 1280 1279
f 1276 1273 1277 1280
v 223.468 0.328 33.195
v 233.492 0.328 18.948
v 243.012 0.328 25.645
v 232.988 0.328 39.892
v 223.468 4.228 33.195
v 233.492 4.228 18.948
v 243.012 4.228 25.645
v 232.988 4.228 39.892
f 1288 1287 1286 1285
f 1281 1282 1286 1285
f 1282 1283 1287 1286
f 1283 1284 1288 1287
f 1284 1281 1285 1288
v 192.621 0.461 11.684
v 197.739 0.461 -0.092
v 208.019 0.461 4.376
v 202.901 0.461 16.152
v 192.621 4.361 11.684
v 197.739 4.361 -0.092
v 208.019 4.361 4.376
v 202.901 4.361 16.152
f 1296 1295 1294 1293
f 1289 1290 1294 1293
f 1290 1291 1295 1294
f 1291 1292 1296 1295
f 1292 1289 1293 1296
v 219.397 0.096 9.683
v 223.405 0.096 12.360
v 221.483 0.096 15.237
v 217.475 0.096 12.560
v 219.397 3.996 9.683
v 223.405 3.996 12.360
v 221.483 3.996 15.237
v 217.475 3.996 12.560
f 1304 1303 1302 1301
f 1297 1298 1302 1301
f 1298 1299 1303 1302
f 1299 1300 1304 1303
f 1300 1297 1301 1304
v 203.498 0.420 2.808
v 210.626 0.420 -9.830
v 220.982 0.420 -3.988
v 213.854 0.420 8.650
v 203.498 4.320 2.808
v 210.626 4.320 -9.830
v 220.982 4.320 -3.988
v 213.854 4.320 8.650
f 1312 1311 1310 1309
f 1305 1306 1310 1309
f 1306 1307 1311 1310
f 1307 1308 1312 1311
f 1308 1305 1309 1312
v 190.778 0.247 -41.122
v 204.983 0.247 -51.616
v 211.822 0.247 -42.358
v 197.617 0.247 -31.864
v 190.778 4.147 -41.122
v 204.983 4.147 -51.616
v 211.822 4.147 -42.358
v 197.617 4.147 -31.864
f 1320 1319 1318 1317
f 1313 1314 1318 1317
f 1314 1315 1319 1318
f 1315 1316 1320 1319
f 1316 1313 1317 1320
v 202.741 0.334 -44.791
v 209.117 0.334 -61.795
v 223.799 0.334 -56.289
v 217.423 0.334 -39.285
v 202.741 4.234 -44.791
v 209.117 4.234 -61.795
v 223.799 4.234 -56.289
v 217.423 4.234 -39.285
f 1328 1327 1326 1325
f 1321 1322 1326 1325
f 1322 1323 1327 1326
f 1323 1324 1328 1327
f 1324 1321 1325 1328
v 43.980 1.000 23.274
v 55.370 1.000 3.097
v 68.920 1.000 10.746
v 57.530 1.000 30.923
v 43.980 4.900 23.274
v 55.370 4.900 3.097
v 68.920 4.900 10.746
v 57.530 4.900 30.923
f 1336 1335 1334 1333
f 1329 1330 1334 1333
f 1330 1331 1335 1334
f 1331 1332 1336 1335
f 1332 1329 1333 1336
v 57.754 1.175 13.752
v 71.618 1.175 -4.537
v 80.886 1.175 2.488
v 67.022 1.175 20.777
v 57.754 5.075 13.752
v 71.618 5.075 -4.537
v 80.886 5.075 2.488
v 67.022 5.075 20.777
f 1344 1343 1342 1341
f 1337 1338 1342 1341
f 1338 1339 1343 1342
f 1339 1340 1344 1343
f 1340 1337 1341 1344
v 71.436 0.512 4.324
v 83.105 0.512 -11.611
v 91.964 0.512 -5.124
v 80.295 0.512 10.811
v 71.436 4.412 4.324
v 83.105 4.412 -11.611
v 91.964 4.412 -5.124
v 80.295 4.412 10.811
f 1352 1351 1350 1349
f 1345 1346 1350 1349
f 1346 1347 1351 1350
f 1347 1348 1352 1351
f 1348 1345 1349 1352
v 80.575 0.312 -13.408
v 94.517 0.312 -23.204
v 102.985 0.312 -11.152
v 89.043 0.312 -1.356
v 80.575 4.212 -13.408
v 94.517 4.212 -23.204
v 102.985 4.212 -11.152
v 89.043 4.212 -1.356
f 1360 1359 1358 1357
f 1353 1354 1358 1357
f 1354 1355 1359 1358
f 1355 1356 1360 1359
f 1356 1353 1357 1360
v 93.316 0.441 -22.980
v 102.662 0.441 -32.527
v 111.944 0.441 -23.440
v 102.598 0.441 -13.893
v 93.316 4.341 -22.980
v 102.662 4.341 -32.527
v 111.944 4.341 -23.440
v 102.598 4.341 -13.893
f 1368 1367 1366 1365
f 1361 1362 1366 1365
f 1362 1363 1367 1366
f 1363 1364 1368 1367
f 1364 1361 1365 1368
v 105.835 0.540 -26.178
v 117.630 0.540 -40.560
v 128.625 0.540 -31.542
v 116.830 0.540 -17.160
v 105.835 4.440 -26.178
v 117.630 4.440 -40.560
v 128.625 4.440 -31.542
v 116.830 4.440 -17.160
f 1376 1375 1374 1373
f 1369 1370 1374 1373
f 1370 1371 1375 1374
f 1371 1372 1376 1375
f 1372 1369 1373 1376
v 99.150 0.392 -30.091
v 102.358 0.392 -34.983
v 104.850 0.392 -33.349
v 101.642 0.392 -28.457
v 99.150 4.292 -30.091
v 102.358 4.292 -34.983
v 104.850 4.292 -33.349
v 101.642 4.292 -28.457
f 1384 1383 1382 1381
f 1377 1378 1382 1381
f 1378 1379 1383 1382
f 1379 1380 1384 1383
f 1380 1377 1381 1384
v 110.302 0.236 -12.455
v 114.668 0.236 -18.404
v 118.618 0.236 -15.505
v 114.252 0.236 -9.556
v 110.302 4.136 -12.455
v 114.668 4.136 -18.404
v 118.618 4.136 -15.505
v 114.252 4.136 -9.556
f 1392 1391 1390 1389
f 1385 1386 1390 1389
f 1386 1387 1391 1390
f 1387 1388 1392 1391
f 1388 1385 1389 1392
v 104.173 0.200 -6.570
v 106.634 0.200 -10.784
v 109.467 0.200 -9.130
v 107.006 0.200 -4.916
v 104.173 4.100 -6.570
v 106.634 4.100 -10.784
v 109.467 4.100 -9.130
v 107.006 4.100 -4.916
f 1400 1399 1398 1397
f 1393 1394 1398 1397
f 1394 1395 1399 1398
f 1395 1396 1400 1399
f 1396 1393 1397 1400
v 119.637 0.329 -47.546
v 136.420 0.329 -49.771
v 138.443 0.329 -34.514
v 121.660 0.329 -32.289
v 119.637 4.229 -47.546
v 136.420 4.229 -49.771
v 138.443 4.229 -34.514
v 121.660 4.229 -32.289
f 1408 1407 1406 1405
f 1401 1402 1406 1405
f 1402 1403 1407 1406
f 1403 1404 1408 1407
f 1404 1401 1405 1408
v 140.688 0.496 -23.719
v 147.168 0.496 -19.060
v 144.092 0.496 -14.781
v 137.612 0.496 -19.440
v 140.688 4.396 -23.719
v 147.168 4.396 -19.060
v 144.092 4.396 -14.781
v 137.612 4.396 -19.440
f 1416 1415 1414 1413
f 1409 1410 1414 1413
f 1410 1411 1415 1414
f 1411 1412 1416 1415
f 1412 1409 1413 1416
v 144.557 0.588 -3.296
v 151.487 0.588 -13.215
v 158.143 0.588 -8.564
v 151.213 0.588 1.355
v 144.557 4.488 -3.296
v 151.487 4.488 -13.215
v 158.143 4.488 -8.564
v 151.213 4.488 1.355
f 1424 1423 1422 1421
f 1417 1418 1422 1421
f 1418 1419 1423 1422
f 1419 1420 1424 1423
f 1420 1417 1421 1424
v 137.083 0.476 -4.743
v 146.926 0.476 1.997
v 142.197 0.476 8.903
v 132.354 0.476 2.163
v 137.083 4.376 -4.743
v 146.926 4.376 1.997
v 142.197 4.376 8.903
v 132.354 4.376 2.163
f 1432 1431 1430 1429
f 1425 1426 1430 1429
f 1426 1427 1431 1430
f 1427 1428 1432 1431
f 1428 1425 1429 1432
v 114.344 0.583 14.471
v 123.954 0.583 -3.388
v 136.696 0.583 3.469
v 127.086 0.583 21.328
v 114.344 4.483 14.471
v 123.954 4.483 -3.388
v 136.696 4.483 3.469
v 127.086 4.483 21.328
f 1440 1439 1438 1437
f 1433 1434 1438 1437
f 1434 1435 1439 1438
f 1435 1436 1440 1439
f 1436 1433 1437 1440
v 104.890 0.215 1.450
v 110.379 0.215 5.258
v 108.150 0.215 8.470
v 102.661 0.215 4.662
v 104.890 4.115 1.450
v 110.379 4.115 5.258
v 108.150 4.115 8.470
v 102.661 4.115 4.662
f 1448 1447 1446 1445
f 1441 1442 1446 1445
f 1442 1443 1447 1446
f 1443 1444 1448 1447
f 1444 1441 1445 1448
v 102.528 0.548 22.009
v 113.837 0.548 7.648
v 124.812 0.548 16.291
v 113.503 0.548 30.652
v 102.528 4.448 22.009
v 113.837 4.448 7.648
v 124.812 4.448 16.291
v 113.503 4.448 30.652
f 1456 1455 1454 1453
f 1449 1450 1454 1453
f 1450 1451 1455 1454
f 1451 1452 1456 1455
f 1452 1449 1453 1456
v 91.871 0.437 30.094
v 99.909 0.437 16.179
v 109.789 0.437 21.886
v 101.751 0.437 35.801
v 91.871 4.337 30.094
v 99.909 4.337 16.179
v 109.789 4.337 21.886
v 101.751 4.337 35.801
f 1464 1463 1462 1461
f 1457 1458 1462 1461
f 1458 1459 1463 1462
f 1459 1460 1464 1463
f 1460 1457 1461 1464
v 84.946 0.251 19.935
v 88.115 0.251 15.258
v 91.194 0.251 17.345
v 88.025 0.251 22.022
v 84.946 4.151 19.935
v 88.115 4.151 15.258
v 91.194 4.151 17.345
v 88.025 4.151 22.022
f 1472 1471 1470 1469
f 1465 1466 1470 1469
f 1466 1467 1471 1470
f 1467 1468 1472 1471
f 1468 1465 1469 1472
v 78.846 0.291 36.612
v 85.733 0.291 25.740
v 93.134 0.291 30.428
v 86.247 0.291 41.300
v 78.846 4.191 36.612
v 85.733 4.191 25.740
v 93.134 4.191 30.428
v 86.247 4.191 41.300
f 1480 1479 1478 1477
f 1473 1474 1478 1477
f 1474 1475 1479 1478
f 1475 1476 1480 1479
f 1476 1473 1477 1480
v 63.296 0.375 41.845
v 77.074 0.375 28.473
v 87.304 0.375 39.015
v 73.526 0.375 52.387
v 63.296 4.275 41.845
v 77.074 4.275 28.473
v 87.304 4.275 39.015
v 73.526 4.275 52.387
f 1488 1487 1486 1485
f 1481 1482 1486 1485
f 1482 1483 1487 1486
f 1483 1484 1488 1487
f 1484 1481 1485 1488
v 90.849 0.422 88.299
v 103.449 0.422 70.154
v 110.891 0.422 75.321
v 98.291 0.422 93.466
v 90.849 4.322 88.299
v 103.449 4.322 70.154
v 110.891 4.322 75.321
v 98.291 4.322 93.466
f 1496 1495 1494 1493
f 1489 1490 1494 1493
f 1490 1491 1495 1494
f 1491 1492 1496 1495
f 1492 1489 1493 1496
v 103.212 0.751 74.917
v 113.553 0.751 60.762
v 122.588 0.751 67.363
v 112.247 0.751 81.518
v 103.212 4.651 74.917
v 113.553 4.651 60.762
v 122.588 4.651 67.363
v 112.247 4.651 81.518
f 1504 1503 1502 1501
f 1497 1498 1502 1501
f 1498 1499 1503 1502
f 1499 1500 1504 1503
f 1500 1497 1501 1504
v 115.276 0.418 59.032
v 127.763 0.418 51.680
v 135.364 0.418 64.588
v 122.877 0.418 71.940
v 115.276 4.318 59.032
v 127.763 4.318 51.680
v 135.364 4.318 64.588
v 122.877 4.318 71.940
f 1512 1511 1510 1509
f 1505 1506 1510 1509
f 1506 1507 1511 1510
f 1507 1508 1512 1511
f 1508 1505 1509 1512
v 148.697 0.440 44.744
v 155.684 0.440 23.947
v 171.903 0.440 29.396
v 164.916 0.440 50.193
v 148.697 4.340 44.744
v 155.684 4.340 23.947
v 171.903 4.340 29.396
v 164.916 4.340 50.193
f 1520 1519 1518 1517
f 1513 1514 1518 1517
f 1514 1515 1519 1518
f 1515 1516 1520 1519
f 1516 1513 1517 1520
v 167.263 0.435 32.872
v 176.716 0.435 20.150
v 184.357 0.435 25.828
v 174.904 0.435 38.550
v 167.263 4.335 32.872
v 176.716 4.335 20.150
v 184.357 4.335 25.828
v 174.904 4.335 38.550
f 1528 1527 1526 1525
f 1521 1522 1526 1525
f 1522 1523 1527 1526
f 1523 1524 1528 1527
f 1524 1521 1525 1528
v 185.924 0.666 59.132
v 195.642 0.666 45.184
v 207.416 0.666 53.388
v 197.698 0.666 67.336
v 185.924 4.566 59.132
v 195.642 4.566 45.184
v 207.416 4.566 53.388
v 197.698 4.566 67.336
f 1536 1535 1534 1533
f 1529 1530 1534 1533
f 1530 1531 1535 1534
f 1531 1532 1536 1535
f 1532 1529 1533 1536
v 169.630 0.406 66.756
v 183.200 0.406 50.157
v 193.730 0.406 58.764
v 180.160 0.406 75.363
v 169.630 4.306 66.756
v 183.200 4.306 50.157
v 193.730 4.306 58.764
v 180.160 4.306 75.363
f 1544 1543 1542 1541
f 1537 1538 1542 1541
f 1538 1539 1543 1542
f 1539 1540 1544 1543
f 1540 1537 1541 1544
v 180.618 0.326 67.275
v 181.066 0.326 84.660
v 163.002 0.326 85.125
v 162.554 0.326 67.740
v 180.618 4.226 67.275
v 181.066 4.226 84.660
v 163.002 4.226 85.125
v 162.554 4.226 67.740
f 1552 1551 1550 1549
f 1545 1546 1550 1549
f 1546 1547 1551 1550
f 1547 1548 1552 1551
f 1548 1545 1549 1552
v 153.520 0.637 85.743
v 160.501 0.637 76.254
v 168.660 0.637 82.257
v 161.679 0.637 91.746
v 153.520 4.537 85.743
v 160.501 4.537 76.254
v 168.660 4.537 82.257
v 161.679 4.537 91.746
f 1560 1559 1558 1557
f 1553 1554 1558 1557
f 1554 1555 1559 1558
f 1555 1556 1560 1559
f 1556 1553 1557 1560
v 133.355 0.611 90.748
v 150.981 0.611 82.200
v 157.505 0.611 95.652
v 139.879 0.611 104.200
v 133.355 4.511 90.748
v 150.981 4.511 82.200
v 157.505 4.511 95.652
v 139.879 4.511 104.200
f 1568 1567 1566 1565
f 1561 1562 1566 1565
f 1562 1563 1567 1566
f 1563 1564 1568 1567
f 1564 1561 1565 1568
v 121.048 0.602 104.453
v 131.417 0.602 85.619
v 143.672 0.602 92.367
v 133.303 0.602 111.201
v 121.048 4.502 104.453
v 131.417 4.502 85.619
v 143.672 4.502 92.367
v 133.303 4.502 111.201
f 1576 1575 1574 1573
f 1569 1570 1574 1573
f 1570 1571 1575 1574
f 1571 1572 1576 1575
f 1572 1569 1573 1576
v 118.215 0.448 90.813
v 124.569 0.448 86.323
v 129.025 0.448 92.627
v 122.671 0.448 97.117
v 118.215 4.348 90.813
v 124.569 4.348 86.323
v 129.025 4.348 92.627
v 122.671 4.348 97.117
f 1584 1583 1582 1581
f 1577 1578 1582 1581
f 1578 1579 1583 1582
f 1579 1580 1584 1583
f 1580 1577 1581 1584
v 107.336 0.507 108.706
v 120.352 0.507 92.379
v 130.204 0.507 100.234
v 117.188 0.507 116.561
v 107.336 4.407 108.706
v 120.352 4.407 92.379
v 130.204 4.407 100.234
v 117.188 4.407 116.561
f 1592 1591 1590 1589
f 1585 1586 1590 1589
f 1586 1587 1591 1590
f 1587 1588 1592 1591
f 1588 1585 1589 1592
v 119.190 0.661 253.461
v 128.151 0.661 239.786
v 139.250 0.661 247.059
v 130.289 0.661 260.734
v 119.190 4.561 253.461
v 128.151 4.561 239.786
v 139.250 4.561 247.059
v 130.289 4.561 260.734
f 1600 1599 1598 1597
f 1593 1594 1598 1597
f 1594 1595 1599 1598
f 1595 1596 1600 1599
f 1596 1593 1597 1600
v 126.019 0.803 189.924
v 139.142 0.803 177.255
v 149.241 0.803 187.716
v 136.118 0.803 200.385
v 126.019 4.703 189.924
v 139.142 4.703 177.255
v 149.241 4.703 187.716
v 136.118 4.703 200.385
f 1608 1607 1606 1605
f 1601 1602 1606 1605
f 1602 1603 1607 1606
f 1603 1604 1608 1607
f 1604 1601 1605 1608
v 117.506 0.764 211.341
v 128.400 0.764 193.107
v 139.834 0.764 199.939
v 128.940 0.764 218.173
v 117.506 4.664 211.341
v 128.400 4.664 193.107
v 139.834 4.664 199.939
v 128.940 4.664 218.173
f 1616 1615 1614 1613
f 1609 1610 1614 1613
f 1610 1611 1615 1614
f 1611 1612 1616 1615
f 1612 1609 1613 1616
v 106.506 0.692 197.288
v 109.362 0.692 193.542
v 112.574 0.692 195.992
v 109.718 0.692 199.738
v 106.506 4.592 197.288
v 109.362 4.592 193.542
v 112.574 4.592 195.992
v 109.718 4.592 199.738
f 1624 1623 1622 1621
f 1617 1618 1622 1621
f 1618 1619 1623 1622
f 1619 1620 1624 1623
f 1620 1617 1621 1624
v 109.353 0.699 164.945
v 118.174 0.699 153.501
v 125.587 0.699 159.215
v 116.766 0.699 170.659
v 109.353 4.599 164.945
v 118.174 4.599 153.501
v 125.587 4.599 159.215
v 116.766 4.599 170.659
f 1632 1631 1630 1629
f 1625 1626 1630 1629
f 1626 1627 1631 1630
f 1627 1628 1632 1631
f 1628 1625 1629 1632
v 98.774 0.626 215.653
v 110.946 0.626 200.804
v 120.026 0.626 208.247
v 107.854 0.626 223.096
v 98.774 4.526 215.653
v 110.946 4.526 200.804
v 120.026 4.526 208.247
v 107.854 4.526 223.096
f 1640 1639 1638 1637
f 1633 1634 1638 1637
f 1634 1635 1639 1638
f 1635 1636 1640 1639
f 1636 1633 1637 1640
v 85.547 0.749 221.954
v 98.892 0.749 210.992
v 109.073 0.749 223.386
v 95.728 0.749 234.348
v 85.547 4.649 221.954
v 98.892 4.649 210.992
v 109.073 4.649 223.386
v 95.728 4.649 234.348
f 1648 1647 1646 1645
f 1641 1642 1646 1645
f 1642 1643 1647 1646
f 1643 1644 1648 1647
f 1644 1641 1645 1648
v 72.345 0.969 229.526
v 89.386 0.969 220.637
v 98.335 0.969 237.794
v 81.294 0.969 246.683
v 72.345 4.869 229.526
v 89.386 4.869 220.637
v 98.335 4.869 237.794
v 81.294 4.869 246.683
f 1656 1655 1654 1653
f 1649 1650 1654 1653
f 1650 1651 1655 1654
f 1651 1652 1656 1655
f 1652 1649 1653 1656
v 57.730 0.797 241.630
v 73.410 0.797 226.484
v 83.790 0.797 237.230
v 68.110 0.797 252.376
v 57.730 4.697 241.630
v 73.410 4.697 226.484
v 83.790 4.697 237.230
v 68.110 4.697 252.376
f 1664 1663 1662 1661
f 1657 1658 1662 1661
f 1658 1659 1663 1662
f 1659 1660 1664 1663
f 1660 1657 1661 1664
v 59.028 0.698 225.752
v 66.321 0.698 230.080
v 64.892 0.698 232.488
v 57.599 0.698 228.160
v 59.028 4.598 225.752
v 66.321 4.598 230.080
v 64.892 4.598 232.488
v 57.599 4.598 228.160
f 1672 1671 1670 1669
f 1665 1666 1670 1669
f 1666 1667 1671 1670
f 1667 1668 1672 1671
f 1668 1665 1669 1672
v 38.299 0.791 220.003
v 50.121 0.791 193.697
v 64.541 0.791 200.177
v 52.719 0.791 226.483
v 38.299 4.691 220.003
v 50.121 4.691 193.697
v 64.541 4.691 200.177
v 52.719 4.691 226.483
f 1680 1679 1678 1677
f 1673 1674 1678 1677
f 1674 1675 1679 1678
f 1675 1676 1680 1679
f 1676 1673 1677 1680
v 57.852 0.861 201.310
v 72.365 0.861 186.932
v 82.528 0.861 197.190
v 68.015 0.861 211.568
v 57.852 4.761 201.310
v 72.365 4.761 186.932
v 82.528 4.761 197.190
v 68.015 4.761 211.568
f 1688 1687 1686 1685
f 1681 1682 1686 1685
f 1682 1683 1687 1686
f 1683 1684 1688 1687
f 1684 1681 1685 1688
v 71.326 0.822 207.869
v 77.901 0.822 211.682
v 75.854 0.822 215.211
v 69.279 0.822 211.398
v 71.326 4.722 207.869
v 77.901 4.722 211.682
v 75.854 4.722 215.211
v 69.279 4.722 211.398
f 1696 1695 1694 1693
f 1689 1690 1694 1693
f 1690 1691 1695 1694
f 1691 1692 1696 1695
f 1692 1689 1693 1696
v 156.291 0.482 179.333
v 167.493 0.482 163.715
v 174.229 0.482 168.547
v 163.027 0.482 184.165
v 156.291 4.382 179.333
v 167.493 4.382 163.715
v 174.229 4.382 168.547
v 163.027 4.382 184.165
f 1704 1703 1702 1701
f 1697 1698 1702 1701
f 1698 1699 1703 1702
f 1699 1700 1704 1703
f 1700 1697 1701 1704
v 137.966 0.793 151.099
v 149.767 0.793 134.275
v 157.274 0.793 139.541
v 145.473 0.793 156.365
v 137.966 4.693 151.099
v 149.767 4.693 134.275
v 157.274 4.693 139.541
v 145.473 4.693 156.365
f 1712 1711 1710 1709
f 1705 1706 1710 1709
f 1706 1707 1711 1710
f 1707 1708 1712 1711
f 1708 1705 1709 1712
v 148.463 0.566 139.882
v 160.917 0.566 123.851
v 171.017 0.566 131.698
v 158.563 0.566 147.729
v 148.463 4.466 139.882
v 160.917 4.466 123.851
v 171.017 4.466 131.698
v 158.563 4.466 147.729
f 1720 1719 1718 1717
f 1713 1714 1718 1717
f 1714 1715 1719 1718
f 1715 1716 1720 1719
f 1716 1713 1717 1720
v 160.031 0.326 150.768
v 162.186 0.326 148.203
v 164.529 0.326 150.172
v 162.374 0.326 152.737
v 160.031 4.226 150.768
v 162.186 4.226 148.203
v 164.529 4.226 150.172
v 162.374 4.226 152.737
f 1728 1727 1726 1725
f 1721 1722 1726 1725
f 1722 1723 1727 1726
f 1723 1724 1728 1727
f 1724 1721 1725 1728
v 178.449 0.486 143.024
v 185.808 0.486 146.112
v 182.751 0.486 153.396
v 175.392 0.486 150.308
v 178.449 4.386 143.024
v 185.808 4.386 146.112
v 182.751 4.386 153.396
v 175.392 4.386 150.308
f 1736 1735 1734 1733
f 1729 1730 1734 1733
f 1730 1731 1735 1734
f 1731 1732 1736 1735
f 1732 1729 1733 1736
v 177.747 0.605 152.680
v 197.922 0.605 144.420
v 203.973 0.605 159.200
v 183.798 0.605 167.460
v 177.747 4.505 152.680
v 197.922 4.505 144.420
v 203.973 4.505 159.200
v 183.798 4.505 167.460
f 1744 1743 1742 1741
f 1737 1738 1742 1741
f 1738 1739 1743 1742
f 1739 1740 1744 1743
f 1740 1737 1741 1744
v 189.488 0.382 148.419
v 199.391 0.382 133.519
v 208.452 0.382 139.541
v 198.549 0.382 154.441
v 189.488 4.282 148.419
v 199.391 4.282 133.519
v 208.452 4.282 139.541
v 198.549 4.282 154.441
f 1752 1751 1750 1749
f 1745 1746 1750 1749
f 1746 1747 1751 1750
f 1747 1748 1752 1751
f 1748 1745 1749 1752
v 176.996 0.308 130.752
v 186.954 0.308 137.303
v 184.464 0.308 141.088
v 174.506 0.308 134.537
v 176.996 4.208 130.752
v 186.954 4.208 137.303
v 184.464 4.208 141.088
v 174.506 4.208 134.537
f 1760 1759 1758 1757
f 1753 1754 1758 1757
f 1754 1755 1759 1758
f 1755 1756 1760 1759
f 1756 1753 1757 1760
v 174.458 -0.016 124.813
v 184.382 -0.016 110.667
v 190.882 -0.016 115.227
v 180.958 -0.016 129.373
v 174.458 3.884 124.813
v 184.382 3.884 110.667
v 190.882 3.884 115.227
v 180.958 3.884 129.373
f 1768 1767 1766 1765
f 1761 1762 1766 1765
f 1762 1763 1767 1766
f 1763 1764 1768 1767
f 1764 1761 1765 1768
v 183.855 0.380 112.986
v 193.628 0.380 99.382
v 199.045 0.380 103.274
v 189.272 0.380 116.878
v 183.855 4.280 112.986
v 193.628 4.280 99.382
v 199.045 4.280 103.274
v 189.272 4.280 116.878
f 1776 1775 1774 1773
f 1769 1770 1774 1773
f 1770 1771 1775 1774
f 1771 1772 1776 1775
f 1772 1769 1773 1776
v 198.233 0.457 106.501
v 207.215 0.457 89.860
v 220.107 0.457 96.819
v 211.125 0.457 113.460
v 198.233 4.357 106.501
v 207.215 4.357 89.860
v 220.107 4.357 96.819
v 211.125 4.357 113.460
f 1784 1783 1782 1781
f 1777 1778 1782 1781
f 1778 1779 1783 1782
f 1779 1780 1784 1783
f 1780 1777 1781 1784
v 205.993 0.712 142.575
v 216.988 0.712 126.313
v 227.567 0.712 133.465
v 216.572 0.712 149.727
v 205.993 4.612 142.575
v 216.988 4.612 126.313
v 227.567 4.612 133.465
v 216.572 4.612 149.727
f 1792 1791 1790 1789
f 1785 1786 1790 1789
f 1786 1787 1791 1790
f 1787 1788 1792 1791
f 1788 1785 1789 1792
v 216.672 0.537 129.069
v 228.544 0.537 117.827
v 237.448 0.537 127.231
v 225.576 0.537 138.473
v 216.672 4.437 129.069
v 228.544 4.437 117.827
v 237.448 4.437 127.231
v 225.576 4.437 138.473
f 1800 1799 1798 1797
f 1793 1794 1798 1797
f 1794 1795 1799 1798
f 1795 1796 1800 1799
f 1796 1793 1797 1800
v 232.659 0.618 122.627
v 239.955 0.618 111.747
v 245.661 0.618 115.573
v 238.365 0.618 126.453
v 232.659 4.518 122.627
v 239.955 4.518 111.747
v 245.661 4.518 115.573
v 238.365 4.518 126.453
f 1808 1807 1806 1805
f 1801 1802 1806 1805
f 1802 1803 1807 1806
f 1803 1804 1808 1807
f 1804 1801 1805 1808
v 210.215 0.282 115.773
v 212.376 0.282 113.454
v 214.645 0.282 115.567
v 212.484 0.282 117.886
v 210.215 4.182 115.773
v 212.376 4.182 113.454
v 214.645 4.182 115.567
v 212.484 4.182 117.886
f 1816 1815 1814 1813
f 1809 1810 1814 1813
f 1810 1811 1815 1814
f 1811 1812 1816 1815
f 1812 1809 1813 1816
v 206.759 0.202 119.409
v 208.395 0.202 116.601
v 211.021 0.202 118.131
v 209.385 0.202 120.939
v 206.759 4.102 119.409
v 208.395 4.102 116.601
v 211.021 4.102 118.131
v 209.385 4.102 120.939
f 1824 1823 1822 1821
f 1817 1818 1822 1821
f 1818 1819 1823 1822
f 1819 1820 1824 1823
f 1820 1817 1821 1824
v 203.676 0.372 114.803
v 205.380 0.372 112.059
v 207.504 0.372 113.377
v 205.800 0.372 116.121
v 203.676 4.272 114.803
v 205.380 4.272 112.059
v 207.504 4.272 113.377
v 205.800 4.272 116.121
f 1832 1831 1830 1829
f 1825 1826 1830 1829
f 1826 1827 1831 1830
f 1827 1828 1832 1831
f 1828 1825 1829 1832
v 236.123 0.661 176.578
v 246.551 0.661 162.004
v 255.017 0.661 168.062
v 244.589 0.661 182.636
v 236.123 4.561 176.578
v 246.551 4.561 162.004
v 255.017 4.561 168.062
v 244.589 4.561 182.636
f 1840 1839 1838 1837
f 1833 1834 1838 1837
f 1834 1835 1839 1838
f 1835 1836 1840 1839
f 1836 1833 1837 1840
v 211.719 0.728 192.459
v 223.169 0.728 175.757
v 232.101 0.728 181.881
v 220.651 0.728 198.583
v 211.719 4.628 192.459
v 223.169 4.628 175.757
v 232.101 4.628 181.881
v 220.651 4.628 198.583
f 1848 1847 1846 1845
f 1841 1842 1846 1845
f 1842 1843 1847 1846
f 1843 1844 1848 1847
f 1844 1841 1845 1848
v 201.222 0.687 199.871
v 212.546 0.687 184.168
v 221.338 0.687 190.509
v 210.014 0.687 206.212
v 201.222 4.587 199.871
v 212.546 4.587 184.168
v 221.338 4.587 190.509
v 210.014 4.587 206.212
f 1856 1855 1854 1853
f 1849 1850 1854 1853
f 1850 1851 1855 1854
f 1851 1852 1856 1855
f 1852 1849 1853 1856
v 193.693 0.684 205.474
v 203.212 0.684 192.889
v 208.707 0.684 197.046
v 199.188 0.684 209.631
v 193.693 4.584 205.474
v 203.212 4.584 192.889
v 208.707 4.584 197.046
v 199.188 4.584 209.631
f 1864 1863 1862 1861
f 1857 1858 1862 1861
f 1858 1859 1863 1862
f 1859 1860 1864 1863
f 1860 1857 1861 1864
v 203.904 0.873 219.209
v 220.118 0.873 229.512
v 212.036 0.873 242.231
v 195.822 0.873 231.928
v 203.904 4.773 219.209
v 220.118 4.773 229.512
v 212.036 4.773 242.231
v 195.822 4.773 231.928
f 1872 1871 1870 1869
f 1865 1866 1870 1869
f 1866 1867 1871 1870
f 1867 1868 1872 1871
f 1868 1865 1869 1872
v 215.056 0.835 222.762
v 221.503 0.835 213.457
v 228.144 0.835 218.058
v 221.697 0.835 227.363
v 215.056 4.735 222.762
v 221.503 4.735 213.457
v 228.144 4.735 218.058
v 221.697 4.735 227.363
f 1880 1879 1878 1877
f 1873 1874 1878 1877
f 1874 1875 1879 1878
f 1875 1876 1880 1879
f 1876 1873 1877 1880
v 212.443 0.954 232.542
v 227.797 0.954 242.773
v 220.477 0.954 253.758
v 205.123 0.954 243.527
v 212.443 4.854 232.542
v 227.797 4.854 242.773
v 220.477 4.854 253.758
v 205.123 4.854 243.527
f 1888 1887 1886 1885
f 1881 1882 1886 1885
f 1882 1883 1887 1886
f 1883 1884 1888 1887
f 1884 1881 1885 1888
v 240.715 0.805 215.710
v 244.311 0.805 210.882
v 246.765 0.805 212.710
v 243.169 0.805 217.538
v 240.715 4.705 215.710
v 244.311 4.705 210.882
v 246.765 4.705 212.710
v 243.169 4.705 217.538
f 1896 1895 1894 1893
f 1889 1890 1894 1893
f 1890 1891 1895 1894
f 1891 1892 1896 1895
f 1892 1889 1893 1896
v 244.571 0.824 217.896
v 252.738 0.824 206.145
v 259.529 0.824 210.864
v 251.362 0.824 222.615
v 244.571 4.724 217.896
v 252.738 4.724 206.145
v 259.529 4.724 210.864
v 251.362 4.724 222.615
f 1904 1903 1902 1901
f 1897 1898 1902 1901
f 1898 1899 1903 1902
f 1899 1900 1904 1903
f 1900 1897 1901 1904
v 19.115 0.438 260.373
v 28.067 0.438 241.277
v 41.785 0.438 247.707
v 32.833 0.438 266.803
v 19.115 4.338 260.373
v 28.067 4.338 241.277
v 41.785 4.338 247.707
v 32.833 4.338 266.803
f 1912 1911 1910 1909
f 1905 1906 1910 1909
f 1906 1907 1911 1910
f 1907 1908 1912 1911
f 1908 1905 1909 1912
v -30.607 0.445 250.526
v -22.890 0.445 237.699
v -12.993 0.445 243.654
v -20.710 0.445 256.481
v -30.607 4.345 250.526
v -22.890 4.345 237.699
v -12.993 4.345 243.654
v -20.710 4.345 256.481
f 1920 1919 1918 1917
f 1913 1914 1918 1917
f 1914 1915 1919 1918
f 1915 1916 1920 1919
f 1916 1913 1917 1920
v -40.664 0.525 241.354
v -36.678 0.525 235.382
v -33.376 0.525 237.586
v -37.362 0.525 243.558
v -40.664 4.425 241.354
v -36.678 4.425 235.382
v -33.376 4.425 237.586
v -37.362 4.425 243.558
f 1928 1927 1926 1925
f 1921 1922 1926 1925
f 1922 1923 1927 1926
f 1923 1924 1928 1927
f 1924 1921 1925 1928
v -35.711 0.649 232.180
v -26.110 0.649 229.934
v -23.909 0.649 239.340
v -33.510 0.649 241.586
v -35.711 4.549 232.180
v -26.110 4.549 229.934
v -23.909 4.549 239.340
v -33.510 4.549 241.586
f 1936 1935 1934 1933
f 1929 1930 1934 1933
f 1930 1931 1935 1934
f 1931 1932 1936 1935
f 1932 1929 1933 1936
v -68.855 0.556 217.518
v -43.136 0.556 208.514
v -35.305 0.556 230.882
v -61.024 0.556 239.886
v -68.855 4.456 217.518
v -43.136 4.456 208.514
v -35.305 4.456 230.882
v -61.024 4.456 239.886
f 1944 1943 1942 1941
f 1937 1938 1942 1941
f 1938 1939 1943 1942
f 1939 1940 1944 1943
f 1940 1937 1941 1944
v -5.480 0.733 176.290
v 17.146 0.733 184.648
v 9.380 0.733 205.670
v -13.246 0.733 197.312
v -5.480 4.633 176.290
v 17.146 4.633 184.648
v 9.380 4.633 205.670
v -13.246 4.633 197.312
f 1952 1951 1950 1949
f 1945 1946 1950 1949
f 1946 1947 1951 1950
f 1947 1948 1952 1951
f 1948 1945 1949 1952
v 13.927 0.373 181.480
v 23.039 0.373 163.396
v 35.113 0.373 169.480
v 26.001 0.373 187.564
v 13.927 4.273 181.480
v 23.039 4.273 163.396
v 35.113 4.273 169.480
v 26.001 4.273 187.564
f 1960 1959 1958 1957
f 1953 1954 1958 1957
f 1954 1955 1959 1958
f 1955 1956 1960 1959
f 1956 1953 1957 1960
v -13.643 1.038 203.764
v -8.505 1.038 207.144
v -11.737 1.038 212.056
v -16.875 1.038 208.676
v -13.643 4.938 203.764
v -8.505 4.938 207.144
v -11.737 4.938 212.056
v -16.875 4.938 208.676
f 1968 1967 1966 1965
f 1961 1962 1966 1965
f 1962 1963 1967 1966
f 1963 1964 1968 1967
f 1964 1961 1965 1968
v -135.901 0.515 229.472
v -127.923 0.515 210.936
v -114.559 0.515 216.688
v -122.537 0.515 235.224
v -135.901 4.415 229.472
v -127.923 4.415 210.936
v -114.559 4.415 216.688
v -122.537 4.415 235.224
f 1976 1975 1974 1973
f 1969 1970 1974 1973
f 1970 1971 1975 1974
f 1971 1972 1976 1975
f 1972 1969 1973 1976
v -156.860 0.374 206.400
v -146.964 0.374 187.923
v -133.600 0.374 195.080
v -143.496 0.374 213.557
v -156.860 4.274 206.400
v -146.964 4.274 187.923
v -133.600 4.274 195.080
v -143.496 4.274 213.557
f 1984 1983 1982 1981
f 1977 1978 1982 1981
f 1978 1979 1983 1982
f 1979 1980 1984 1983
f 1980 1977 1981 1984
v -144.171 0.450 229.328
v -127.942 0.450 227.186
v -126.049 0.450 241.532
v -142.278 0.450 243.674
v -144.171 4.350 229.328
v -127.942 4.350 227.186
v -126.049 4.350 241.532
v -142.278 4.350 243.674
f 1992 1991 1990 1989
f 1985 1986 1990 1989
f 1986 1987 1991 1990
f 1987 1988 1992 1991
f 1988 1985 1989 1992
v -160.998 0.501 245.228
v -150.527 0.501 227.919
v -140.422 0.501 234.032
v -150.893 0.501 251.341
v -160.998 4.401 245.228
v -150.527 4.401 227.919
v -140.422 4.401 234.032
v -150.893 4.401 251.341
f 2000 1999 1998 1997
f 1993 1994 1998 1997
f 1994 1995 1999 1998
f 1995 1996 2000 1999
f 1996 1993 1997 2000
v -185.882 0.394 266.986
v -180.597 0.394 241.447
v -166.358 0.394 244.394
v -171.643 0.394 269.933
v -185.882 4.294 266.986
v -180.597 4.294 241.447
v -166.358 4.294 244.394
v -171.643 4.294 269.933
f 2008 2007 2006 2005
f 2001 2002 2006 2005
f 2002 2003 2007 2006
f 2003 2004 2008 2007
f 2004 2001 2005 2008
v -231.144 0.540 251.391
v -225.561 0.540 232.509
v -211.896 0.540 236.549
v -217.479 0.540 255.431
v -231.144 4.440 251.391
v -225.561 4.440 232.509
v -211.896 4.440 236.549
v -217.479 4.440 255.431
f 2016 2015 2014 2013
f 2009 2010 2014 2013
f 2010 2011 2015 2014
f 2011 2012 2016 2015
f 2012 2009 2013 2016
v -224.023 0.499 245.532
v -201.004 0.499 225.097
v -189.897 0.499 237.608
v -212.916 0.499 258.043
v -224.023 4.399 245.532
v -201.004 4.399 225.097
v -189.897 4.399 237.608
v -212.916 4.399 258.043
f 2024 2023 2022 2021
f 2017 2018 2022 2021
f 2018 2019 2023 2022
f 2019 2020 2024 2023
f 2020 2017 2021 2024
v -204.933 0.502 230.234
v -195.125 0.502 217.228
v -184.307 0.502 225.386
v -194.115 0.502 238.392
v -204.933 4.402 230.234
v -195.125 4.402 217.228
v -184.307 4.402 225.386
v -194.115 4.402 238.392
f 2032 2031 2030 2029
f 2025 2026 2030 2029
f 2026 2027 2031 2030
f 2027 2028 2032 2031
f 2028 2025 2029 2032
v -180.485 0.347 208.494
v -164.748 0.347 219.051
v -172.715 0.347 230.926
v -188.452 0.347 220.369
v -180.485 4.247 208.494
v -164.748 4.247 219.051
v -172.715 4.247 230.926
v -188.452 4.247 220.369
f 2040 2039 2038 2037
f 2033 2034 2038 2037
f 2034 2035 2039 2038
f 2035 2036 2040 2039
f 2036 2033 2037 2040
v -175.338 0.468 201.773
v -154.956 0.468 195.314
v -149.482 0.468 212.587
v -169.864 0.468 219.046
v -175.338 4.368 201.773
v -154.956 4.368 195.314
v -149.482 4.368 212.587
v -169.864 4.368 219.046
f 2048 2047 2046 2045
f 2041 2042 2046 2045
f 2042 2043 2047 2046
f 2043 2044 2048 2047
f 2044 2041 2045 2048
v -113.698 0.578 194.031
v -85.185 0.578 188.365
v -81.262 0.578 208.109
v -109.775 0.578 213.775
v -113.698 4.478 194.031
v -85.185 4.478 188.365
v -81.262 4.478 208.109
v -109.775 4.478 213.775
f 2056 2055 2054 2053
f 2049 2050 2054 2053
f 2050 2051 2055 2054
f 2051 2052 2056 2055
f 2052 2049 2053 2056
v -86.336 0.364 203.765
v -77.561 0.364 192.309
v -72.044 0.364 196.535
v -80.819 0.364 207.991
v -86.336 4.264 203.765
v -77.561 4.264 192.309
v -72.044 4.264 196.535
v -80.819 4.264 207.991
f 2064 2063 2062 2061
f 2057 2058 2062 2061
f 2058 2059 2063 2062
f 2059 2060 2064 2063
f 2060 2057 2061 2064
v -105.136 0.678 158.472
v -88.141 0.678 182.854
v -111.604 0.678 199.208
v -128.599 0.678 174.826
v -105.136 4.578 158.472
v -88.141 4.578 182.854
v -111.604 4.578 199.208
v -128.599 4.578 174.826
f 2072 2071 2070 2069
f 2065 2066 2070 2069
f 2066 2067 2071 2070
f 2067 2068 2072 2071
f 2068 2065 2069 2072
v -92.528 0.572 175.437
v -88.532 0.572 177.930
v -90.512 0.572 181.103
v -94.508 0.572 178.610
v -92.528 4.472 175.437
v -88.532 4.472 177.930
v -90.512 4.472 181.103
v -94.508 4.472 178.610
f 2080 2079 2078 2077
f 2073 2074 2078 2077
f 2074 2075 2079 2078
f 2075 2076 2080 2079
f 2076 2073 2077 2080
v -79.199 0.470 145.885
v -62.930 0.470 130.299
v -50.921 0.470 142.835
v -67.190 0.470 158.421
v -79.199 4.370 145.885
v -62.930 4.370 130.299
v -50.921 4.370 142.835
v -67.190 4.370 158.421
f 2088 2087 2086 2085
f 2081 2082 2086 2085
f 2082 2083 2087 2086
f 2083 2084 2088 2087
f 2084 2081 2085 2088
v -56.202 0.551 152.714
v -53.065 0.551 147.216
v -50.138 0.551 148.886
v -53.275 0.551 154.384
v -56.202 4.451 152.714
v -53.065 4.451 147.216
v -50.138 4.451 148.886
v -53.275 4.451 154.384
f 2096 2095 2094 2093
f 2089 2090 2094 2093
f 2090 2091 2095 2094
f 2091 2092 2096 2095
f 2092 2089 2093 2096
v -57.342 0.513 179.675
v -45.373 0.513 157.170
v -32.598 0.513 163.965
v -44.567 0.513 186.470
v -57.342 4.413 179.675
v -45.373 4.413 157.170
v -32.598 4.413 163.965
v -44.567 4.413 186.470
f 2104 2103 2102 2101
f 2097 2098 2102 2101
f 2098 2099 2103 2102
f 2099 2100 2104 2103
f 2100 2097 2101 2104
v -85.719 0.531 193.657
v -72.189 0.531 167.724
v -51.221 0.531 178.663
v -64.751 0.531 204.596
v -85.719 4.431 193.657
v -72.189 4.431 167.724
v -51.221 4.431 178.663
v -64.751 4.431 204.596
f 2112 2111 2110 2109
f 2105 2106 2110 2109
f 2106 2107 2111 2110
f 2107 2108 2112 2111
f 2108 2105 2109 2112
v -37.847 0.434 165.796
v -31.109 0.434 155.806
v -21.533 0.434 162.264
v -28.271 0.434 172.254
v -37.847 4.334 165.796
v -31.109 4.334 155.806
v -21.533 4.334 162.264
v -28.271 4.334 172.254
f 2120 2119 2118 2117
f 2113 2114 2118 2117
f 2114 2115 2119 2118
f 2115 2116 2120 2119
f 2116 2113 2117 2120
v -28.092 0.264 157.695
v -16.148 0.264 144.727
v -6.248 0.264 153.845
v -18.192 0.264 166.813
v -28.092 4.164 157.695
v -16.148 4.164 144.727
v -6.248 4.164 153.845
v -18.192 4.164 166.813
f 2128 2127 2126 2125
f 2121 2122 2126 2125
f 2122 2123 2127 2126
f 2123 2124 2128 2127
f 2124 2121 2125 2128
v -29.156 0.564 138.687
v -21.089 0.564 144.339
v -24.784 0.564 149.613
v -32.851 0.564 143.961
v -29.156 4.464 138.687
v -21.089 4.464 144.339
v -24.784 4.464 149.613
v -32.851 4.464 143.961
f 2136 2135 2134 2133
f 2129 2130 2134 2133
f 2130 2131 2135 2134
f 2131 2132 2136 2135
f 2132 2129 2133 2136
v 3.633 0.445 136.282
v 14.734 0.445 143.589
v 8.687 0.445 152.778
v -2.414 0.445 145.471
v 3.633 4.345 136.282
v 14.734 4.345 143.589
v 8.687 4.345 152.778
v -2.414 4.345 145.471
f 2144 2143 2142 2141
f 2137 2138 2142 2141
f 2138 2139 2143 2142
f 2139 2140 2144 2143
f 2140 2137 2141 2144
v 7.832 0.472 149.716
v 15.546 0.472 155.244
v 12.808 0.472 159.064
v 5.094 0.472 153.536
v 7.832 4.372 149.716
v 15.546 4.372 155.244
v 12.808 4.372 159.064
v 5.094 4.372 153.536
f 2152 2151 2150 2149
f 2145 2146 2150 2149
f 2146 2147 2151 2150
f 2147 2148 2152 2151
f 2148 2145 2149 2152
v 16.457 0.193 146.778
v 24.510 0.193 137.533
v 31.523 0.193 143.642
v 23.470 0.193 152.887
v 16.457 4.093 146.778
v 24.510 4.093 137.533
v 31.523 4.093 143.642
v 23.470 4.093 152.887
f 2160 2159 2158 2157
f 2153 2154 2158 2157
f 2154 2155 2159 2158
f 2155 2156 2160 2159
f 2156 2153 2157 2160
v 27.760 0.384 142.707
v 31.994 0.384 136.419
v 37.360 0.384 140.033
v 33.126 0.384 146.321
v 27.760 4.284 142.707
v 31.994 4.284 136.419
v 37.360 4.284 140.033
v 33.126 4.284 146.321
f 2168 2167 2166 2165
f 2161 2162 2166 2165
f 2162 2163 2167 2166
f 2163 2164 2168 2167
f 2164 2161 2165 2168
v 33.370 0.562 158.198
v 36.640 0.562 143.098
v 52.170 0.562 146.462
v 48.900 0.562 161.562
v 33.370 4.462 158.198
v 36.640 4.462 143.098
v 52.170 4.462 146.462
v 48.900 4.462 161.562
f 2176 2175 2174 2173
f 2169 2170 2174 2173
f 2170 2171 2175 2174
f 2171 2172 2176 2175
f 2172 2169 2173 2176
v 49.781 0.421 158.369
v 60.786 0.421 142.954
v 69.999 0.421 149.531
v 58.994 0.421 164.946
v 49.781 4.321 158.369
v 60.786 4.321 142.954
v 69.999 4.321 149.531
v 58.994 4.321 164.946
f 2184 2183 2182 2181
f 2177 2178 2182 2181
f 2178 2179 2183 2182
f 2179 2180 2184 2183
f 2180 2177 2181 2184
v 67.076 0.424 143.354
v 72.019 0.424 135.893
v 74.304 0.424 137.406
v 69.361 0.424 144.867
v 67.076 4.324 143.354
v 72.019 4.324 135.893
v 74.304 4.324 137.406
v 69.361 4.324 144.867
f 2192 2191 2190 2189
f 2185 2186 2190 2189
f 2186 2187 2191 2190
f 2187 2188 2192 2191
f 2188 2185 2189 2192
v 72.379 0.461 129.129
v 92.089 0.461 129.211
v 92.021 0.461 145.551
v 72.311 0.461 145.469
v 72.379 4.361 129.129
v 92.089 4.361 129.211
v 92.021 4.361 145.551
v 72.311 4.361 145.469
f 2200 2199 2198 2197
f 2193 2194 2198 2197
f 2194 2195 2199 2198
f 2195 2196 2200 2199
f 2196 2193 2197 2200
v 81.783 0.503 146.371
v 85.222 0.503 148.168
v 83.517 0.503 151.429
v 80.078 0.503 149.632
v 81.783 4.403 146.371
v 85.222 4.403 148.168
v 83.517 4.403 151.429
v 80.078 4.403 149.632
f 2208 2207 2206 2205
f 2201 2202 2206 2205
f 2202 2203 2207 2206
f 2203 2204 2208 2207
f 2204 2201 2205 2208
v 80.399 0.556 120.334
v 85.684 0.556 124.015
v 82.501 0.556 128.586
v 77.216 0.556 124.905
v 80.399 4.456 120.334
v 85.684 4.456 124.015
v 82.501 4.456 128.586
v 77.216 4.456 124.905
f 2216 2215 2214 2213
f 2209 2210 2214 2213
f 2210 2211 2215 2214
f 2211 2212 2216 2215
f 2212 2209 2213 2216
v 84.707 0.408 132.914
v 89.215 0.408 126.366
v 92.353 0.408 128.526
v 87.845 0.408 135.074
v 84.707 4.308 132.914
v 89.215 4.308 126.366
v 92.353 4.308 128.526
v 87.845 4.308 135.074
f 2224 2223 2222 2221
f 2217 2218 2222 2221
f 2218 2219 2223 2222
f 2219 2220 2224 2223
f 2220 2217 2221 2224
v 88.562 0.451 128.202
v 95.935 0.451 118.684
v 103.698 0.451 124.698
v 96.325 0.451 134.216
v 88.562 4.351 128.202
v 95.935 4.351 118.684
v 103.698 4.351 124.698
v 96.325 4.351 134.216
f 2232 2231 2230 2229
f 2225 2226 2230 2229
f 2226 2227 2231 2230
f 2227 2228 2232 2231
f 2228 2225 2229 2232
v 85.039 0.629 112.834
v 92.179 0.629 118.619
v 88.981 0.629 122.566
v 81.841 0.629 116.781
v 85.039 4.529 112.834
v 92.179 4.529 118.619
v 88.981 4.529 122.566
v 81.841 4.529 116.781
f 2240 2239 2238 2237
f 2233 2234 2238 2237
f 2234 2235 2239 2238
f 2235 2236 2240 2239
f 2236 2233 2237 2240
v 57.482 0.427 105.496
v 64.476 0.427 96.280
v 71.598 0.427 101.684
v 64.604 0.427 110.900
v 57.482 4.327 105.496
v 64.476 4.327 96.280
v 71.598 4.327 101.684
v 64.604 4.327 110.900
f 2248 2247 2246 2245
f 2241 2242 2246 2245
f 2242 2243 2247 2246
f 2243 2244 2248 2247
f 2244 2241 2245 2248
v 66.329 0.658 105.760
v 76.665 0.658 112.315
v 72.171 0.658 119.400
v 61.835 0.658 112.845
v 66.329 4.558 105.760
v 76.665 4.558 112.315
v 72.171 4.558 119.400
v 61.835 4.558 112.845
f 2256 2255 2254 2253
f 2249 2250 2254 2253
f 2250 2251 2255 2254
f 2251 2252 2256 2255
f 2252 2249 2253 2256
v 46.066 0.391 114.511
v 53.598 0.391 103.598
v 60.454 0.391 108.329
v 52.922 0.391 119.242
v 46.066 4.291 114.511
v 53.598 4.291 103.598
v 60.454 4.291 108.329
v 52.922 4.291 119.242
f 2264 2263 2262 2261
f 2257 2258 2262 2261
f 2258 2259 2263 2262
f 2259 2260 2264 2263
f 2260 2257 2261 2264
v 40.669 0.435 127.011
v 45.207 0.435 120.928
v 49.631 0.435 124.229
v 45.093 0.435 130.312
v 40.669 4.335 127.011
v 45.207 4.335 120.928
v 49.631 4.335 124.229
v 45.093 4.335 130.312
f 2272 2271 2270 2269
f 2265 2266 2270 2269
f 2266 2267 2271 2270
f 2267 2268 2272 2271
f 2268 2265 2269 2272
v 21.928 0.383 136.781
v 22.418 0.383 117.157
v 40.932 0.383 117.619
v 40.442 0.383 137.243
v 21.928 4.283 136.781
v 22.418 4.283 117.157
v 40.932 4.283 117.619
v 40.442 4.283 137.243
f 2280 2279 2278 2277
f 2273 2274 2278 2277
f 2274 2275 2279 2278
f 2275 2276 2280 2279
f 2276 2273 2277 2280
v -194.294 0.454 172.489
v -185.187 0.454 187.667
v -199.026 0.454 195.971
v -208.133 0.454 180.793
v -194.294 4.354 172.489
v -185.187 4.354 187.667
v -199.026 4.354 195.971
v -208.133 4.354 180.793
f 2288 2287 2286 2285
f 2281 2282 2286 2285
f 2282 2283 2287 2286
f 2283 2284 2288 2287
f 2284 2281 2285 2288
v -231.796 0.435 102.642
v -225.144 0.435 107.194
v -227.844 0.435 111.138
v -234.496 0.435 106.586
v -231.796 4.335 102.642
v -225.144 4.335 107.194
v -227.844 4.335 111.138
v -234.496 4.335 106.586
f 2296 2295 2294 2293
f 2289 2290 2294 2293
f 2290 2291 2295 2294
f 2291 2292 2296 2295
f 2292 2289 2293 2296
v -219.918 0.359 104.429
v -215.621 0.359 106.522
v -217.662 0.359 110.711
v -221.959 0.359 108.618
v -219.918 4.259 104.429
v -215.621 4.259 106.522
v -217.662 4.259 110.711
v -221.959 4.259 108.618
f 2304 2303 2302 2301
f 2297 2298 2302 2301
f 2298 2299 2303 2302
f 2299 2300 2304 2303
f 2300 2297 2301 2304
v -218.500 0.844 -88.679
v -208.051 0.844 -81.984
v -212.000 0.844 -75.821
v -222.449 0.844 -82.516
v -218.500 4.744 -88.679
v -208.051 4.744 -81.984
v -212.000 4.744 -75.821
v -222.449 4.744 -82.516
f 2312 2311 2310 2309
f 2305 2306 2310 2309
f 2306 2307 2311 2310
f 2307 2308 2312 2311
f 2308 2305 2309 2312
v 98.365 0.757 -227.093
v 157.707 0.757 -230.673
v 159.815 0.757 -195.747
v 100.473 0.757 -192.167
v 98.365 9.057 -227.093
v 157.707 9.057 -230.673
v 159.815 9.057 -195.747
v 100.473 9.057 -192.167
f 2320 2319 2318 2317
f 2313 2314 2318 2317
f 2314 2315 2319 2318
f 2315 2316 2320 2319
f 2316 2313 2317 2320
v -232.259 -0.300 -189.187
v -208.889 -0.300 -182.865
v -210.461 -0.300 -177.053
v -233.831 -0.300 -183.375
v -232.259 3.600 -189.187
v -208.889 3.600 -182.865
v -210.461 3.600 -177.053
v -233.831 3.600 -183.375
f 2328 2327 2326 2325
f 2321 2322 2326 2325
f 2322 2323 2327 2326
f 2323 2324 2328 2327
f 2324 2321 2325 2328
v -179.151 0.514 -234.153
v -165.468 0.514 -231.336
v -166.949 0.514 -224.147
v -180.632 0.514 -226.964
v -179.151 4.414 -234.153
v -165.468 4.414 -231.336
v -166.949 4.414 -224.147
v -180.632 4.414 -226.964
f 2336 2335 2334 2333
f 2329 2330 2334 2333
f 2330 2331 2335 2334
f 2331 2332 2336 2335
f 2332 2329 2333 2336
usemtl road
v -112.705 0.612 -7.628
v -209.995 0.511 57.202
v -206.945 0.547 61.778
v -109.655 0.601 -3.052
f 2337 2338 2339 2340
v -209.992 0.511 57.200
v -216.402 0.578 61.460
v -213.358 0.585 66.040
v -206.948 0.547 61.780
f 2341 2342 2343 2344
v -216.419 0.578 61.471
v -220.419 0.547 64.171
v -217.341 0.465 68.729
v -213.341 0.586 66.029
f 2345 2346 2347 2348
v 51.591 0.824 -106.506
v 48.251 0.696 -112.286
v 43.489 0.681 -109.534
v 46.829 0.808 -103.754
f 2349 2350 2351 2352
v 48.251 0.696 -112.286
v 18.811 0.869 -163.216
v 14.049 0.949 -160.464
v 43.489 0.681 -109.534
f 2353 2354 2355 2356
v 254.438 0.725 135.630
v 170.178 0.827 193.807
v 173.302 0.816 198.333
v 257.562 0.714 140.156
f 2357 2358 2359 2360
v 170.174 0.827 193.809
v 164.384 0.951 197.819
v 167.516 0.981 202.341
v 173.306 0.816 198.331
f 2361 2362 2363 2364
v 164.374 0.951 197.826
v 159.224 0.882 201.426
v 162.376 0.882 205.934
v 167.526 0.981 202.334
f 2365 2366 2367 2368
v 159.223 0.882 201.427
v 84.465 0.877 253.747
v 87.618 0.882 258.253
v 162.377 0.882 205.933
f 2369 2370 2371 2372
v 152.370 1.074 -250.507
v 156.020 1.032 -242.347
v 161.040 1.023 -244.593
v 157.390 1.075 -252.753
f 2373 2374 2375 2376
v 156.070 1.033 -242.242
v 159.300 1.101 -235.772
v 164.220 1.046 -238.228
v 160.990 1.023 -244.698
f 2377 2378 2379 2380
v 159.209 1.095 -235.972
v 160.619 1.138 -232.472
v 165.721 1.067 -234.528
v 164.311 1.046 -238.028
f 2381 2382 2383 2384
v 160.623 1.138 -232.463
v 162.593 1.143 -227.623
v 167.687 1.088 -229.697
v 165.717 1.067 -234.537
f 2385 2386 2387 2388
v 162.869 1.133 -227.109
v 175.119 0.719 -209.169
v 179.661 0.778 -212.271
v 167.411 1.067 -230.211
f 2389 2390 2391 2392
v 175.119 0.719 -209.169
v 182.679 0.737 -198.099
v 187.221 0.700 -201.201
v 179.661 0.778 -212.271
f 2393 2394 2395 2396
v 182.679 0.737 -198.099
v 227.319 0.620 -132.769
v 231.861 0.617 -135.871
v 187.221 0.700 -201.201
f 2397 2398 2399 2400
v 227.341 0.618 -132.737
v 250.971 0.412 -99.157
v 255.469 0.436 -102.323
v 231.839 0.618 -135.903
f 2401 2402 2403 2404
v 228.015 0.596 -136.574
v 127.735 0.640 -66.524
v 130.885 0.583 -62.016
v 231.165 0.562 -132.066
f 2405 2406 2407 2408
v 127.716 0.641 -66.511
v 34.006 0.460 0.139
v 37.194 0.394 4.621
v 130.904 0.583 -62.029
f 2409 2410 2411 2412
v 34.008 0.460 0.138
v 28.628 0.518 3.958
v 31.812 0.515 8.442
v 37.192 0.394 4.622
f 2413 2414 2415 2416
v -217.209 1.287 -156.885
v -212.709 1.034 -148.565
v -206.551 1.045 -151.895
v -211.051 1.254 -160.215
f 2417 2418 2419 2420
v -212.542 1.031 -148.288
v -206.432 0.833 -139.128
v -200.608 0.821 -143.012
v -206.718 1.047 -152.172
f 2421 2422 2423 2424
v -206.431 0.833 -139.127
v -193.511 0.817 -119.767
v -187.689 0.779 -123.653
v -200.609 0.821 -143.013
f 2425 2426 2427 2428
v -193.474 0.817 -119.713
v -183.174 0.736 -104.893
v -177.426 0.598 -108.887
v -187.726 0.779 -123.707
f 2429 2430 2431 2432
v -183.235 0.738 -104.984
v -167.125 0.582 -80.174
v -161.255 0.431 -83.986
v -177.365 0.599 -108.796
f 2433 2434 2435 2436
v -167.102 0.581 -80.139
v -163.042 0.728 -74.049
v -157.218 0.343 -77.931
v -161.278 0.431 -84.021
f 2437 2438 2439 2440
v -163.007 0.732 -73.997
v -116.727 0.563 -7.207
v -110.973 0.671 -11.193
v -157.253 0.343 -77.983
f 2441 2442 2443 2444
v -116.728 0.563 -7.209
v -114.058 0.581 -3.349
v -108.302 0.666 -7.331
v -110.972 0.671 -11.191
f 2445 2446 2447 2448
v -114.080 0.581 -3.380
v -79.360 0.548 48.000
v -73.560 0.584 44.080
v -108.280 0.666 -7.300
f 2449 2450 2451 2452
v -79.401 0.548 47.937
v -43.961 0.648 102.887
v -38.079 0.604 99.093
v -73.519 0.584 44.143
f 2453 2454 2455 2456
v -43.902 0.647 102.977
v -19.372 0.195 138.557
v -13.608 0.567 134.583
v -38.138 0.602 99.003
f 2457 2458 2459 2460
v -19.434 0.202 138.463
v -2.204 0.666 165.253
v 3.684 0.648 161.467
v -13.546 0.567 134.677
f 2461 2462 2463 2464
v -2.114 0.667 165.386
v 5.856 0.870 176.616
v 11.564 0.717 172.564
v 3.594 0.647 161.334
f 2465 2466 2467 2468
v 5.778 0.869 176.501
v 23.958 1.096 204.401
v 29.822 0.879 200.579
v 11.642 0.719 172.679
f 2469 2470 2471 2472
v 24.024 1.098 204.499
v 39.454 0.842 226.519
v 45.186 0.969 222.501
v 29.756 0.877 200.481
f 2473 2474 2475 2476
v 39.454 0.842 226.519
v 45.734 0.949 235.479
v 51.466 0.945 231.461
v 45.186 0.969 222.501
f 2477 2478 2479 2480
v 45.734 0.949 235.478
v 61.518 0.867 258.008
v 67.251 0.955 253.992
v 51.466 0.945 231.462
f 2481 2482 2483 2484
v 258.232 0.695 112.452
v 223.122 0.604 63.673
v 218.658 0.595 66.887
v 253.768 0.711 115.665
f 2485 2486 2487 2488
v 223.126 0.604 63.679
v 200.436 0.585 31.999
v 195.964 0.548 35.201
v 218.654 0.595 66.881
f 2489 2490 2491 2492
v 200.435 0.585 31.998
v 176.835 0.549 -0.942
v 172.365 0.569 2.262
v 195.965 0.548 35.202
f 2493 2494 2495 2496
v 176.855 0.548 -0.914
v 173.045 0.467 -6.374
v 168.535 0.510 -3.226
v 172.345 0.569 2.234
f 2497 2498 2499 2500
v 173.046 0.467 -6.373
v 131.566 0.618 -65.843
v 127.054 0.659 -62.697
v 168.534 0.510 -3.227
f 2501 2502 2503 2504
v 131.559 0.618 -65.852
v 86.009 0.817 -130.622
v 81.511 0.820 -127.458
v 127.061 0.659 -62.688
f 2505 2506 2507 2508
v 219.298 0.599 63.037
v 125.128 0.653 129.877
v 128.312 0.675 134.363
v 222.482 0.543 67.523
f 2509 2510 2511 2512
v 125.126 0.653 129.879
v 119.486 0.807 133.889
v 122.674 0.816 138.371
v 128.314 0.675 134.361
f 2513 2514 2515 2516
v 119.494 0.807 133.883
v 114.024 0.710 137.743
v 117.196 0.695 142.237
v 122.666 0.816 138.377
f 2517 2518 2519 2520
v 114.026 0.710 137.742
v 25.306 0.866 200.242
v 28.474 0.914 204.738
v 117.194 0.695 142.238
f 2521 2522 2523 2524
v -96.994 0.602 235.044
v 2.316 0.647 165.614
v -0.836 0.631 161.106
v -100.146 0.587 230.536
f 2525 2526 2527 2528
v 254.425 0.506 -58.469
v 173.025 0.539 -1.594
v 176.175 0.534 2.914
v 257.575 0.553 -53.960
f 2529 2530 2531 2532
v 173.019 0.539 -1.590
v 167.539 0.536 2.260
v 170.701 0.541 6.760
v 176.181 0.534 2.910
f 2533 2534 2535 2536
v 167.541 0.536 2.259
v 79.211 0.574 64.209
v 82.369 0.590 68.711
v 170.699 0.541 6.761
f 2537 2538 2539 2540
v 79.209 0.574 64.210
v 73.559 0.648 68.180
v 76.721 0.677 72.680
v 82.371 0.590 68.710
f 2541 2542 2543 2544
v 73.529 0.649 68.201
v 67.979 0.616 72.211
v 71.201 0.585 76.669
v 76.751 0.677 72.659
f 2545 2546 2547 2548
v 67.981 0.616 72.210
v 7.811 0.649 115.640
v 11.029 0.681 120.100
v 71.199 0.585 76.670
f 2549 2550 2551 2552
v 7.811 0.649 115.640
v -18.099 0.643 134.340
v -14.881 0.632 138.800
v 11.029 0.681 120.100
f 2553 2554 2555 2556
v 183.237 0.706 -202.113
v 138.667 0.712 -171.113
v 142.093 0.681 -166.187
v 186.663 0.746 -197.187
f 2557 2558 2559 2560
v 138.660 0.712 -171.108
v 82.040 0.769 -131.498
v 85.480 0.785 -126.582
v 142.100 0.681 -166.192
f 2561 2562 2563 2564
v 82.053 0.769 -131.507
v 47.503 0.744 -107.597
v 50.917 0.779 -102.663
v 85.467 0.785 -126.573
f 2565 2566 2567 2568
v 47.483 0.744 -107.583
v -12.227 0.621 -65.543
v -8.773 0.607 -60.637
v 50.937 0.780 -102.677
f 2569 2570 2571 2572
v -12.225 0.621 -65.545
v -17.405 0.674 -61.905
v -13.955 0.680 -56.995
v -8.775 0.607 -60.635
f 2573 2574 2575 2576
v -254.477 0.608 169.667
v -181.957 0.574 121.409
v -185.003 0.586 116.831
v -257.523 0.624 165.088
f 2577 2578 2579 2580
v -181.957 0.574 121.410
v -177.027 0.598 118.130
v -180.073 0.611 113.550
v -185.003 0.586 116.830
f 2581 2582 2583 2584
v -176.997 0.598 118.109
v -171.227 0.537 114.159
v -174.333 0.538 109.621
v -180.103 0.611 113.571
f 2585 2586 2587 2588
v -171.228 0.537 114.160
v -74.908 0.542 48.310
v -78.012 0.511 43.770
v -174.332 0.537 109.620
f 2589 2590 2591 2592
v 15.981 0.938 -163.531
v -28.349 0.977 -151.751
v -27.451 0.926 -148.369
v 16.879 0.950 -160.149
f 2593 2594 2595 2596
v -26.522 0.940 -151.139
v -28.652 1.075 -153.859
v -31.408 0.987 -151.701
v -29.278 0.928 -148.981
f 2597 2598 2599 2600
v -30.485 1.116 -154.470
v -65.295 0.519 -145.100
v -64.385 0.587 -141.720
v -29.575 0.959 -151.090
f 2601 2602 2603 2604
v -65.296 0.518 -145.100
v -72.896 0.480 -143.050
v -71.984 0.501 -139.670
v -64.384 0.587 -141.720
f 2605 2606 2607 2608
v -171.894 1.080 -252.251
v -160.009 0.987 -244.361
v -155.031 0.930 -251.859
v -166.916 0.992 -259.749
f 2609 2610 2611 2612
v -160.007 0.987 -244.360
v -152.377 0.948 -239.300
v -147.403 0.903 -246.800
v -155.033 0.930 -251.860
f 2613 2614 2615 2616
v -152.980 0.952 -239.779
v -138.190 0.903 -225.809
v -132.010 0.875 -232.351
v -146.800 0.905 -246.321
f 2617 2618 2619 2620
v -138.629 0.904 -226.288
v -126.879 0.923 -211.438
v -119.821 0.885 -217.022
v -131.571 0.871 -231.872
f 2621 2622 2623 2624
v -127.019 0.922 -211.625
v -117.209 0.973 -197.805
v -109.871 0.916 -203.015
v -119.681 0.886 -216.835
f 2625 2626 2627 2628
v -117.367 0.975 -198.042
v -110.437 1.008 -186.842
v -102.783 1.010 -191.578
v -109.713 0.914 -202.778
f 2629 2630 2631 2632
v -254.047 0.638 250.025
v -249.317 0.544 246.845
v -253.223 0.579 241.035
v -257.953 0.597 244.216
f 2633 2634 2635 2636
v -249.308 0.544 246.838
v -243.148 0.495 242.668
v -247.072 0.559 236.872
v -253.232 0.579 241.042
f 2637 2638 2639 2640
v -243.151 0.494 242.671
v -236.191 0.504 237.971
v -240.109 0.523 232.169
v -247.069 0.559 236.869
f 2641 2642 2643 2644
v -236.193 0.504 237.972
v -145.803 0.375 177.012
v -149.717 0.390 171.208
v -240.107 0.523 232.168
f 2645 2646 2647 2648
v -145.807 0.375 177.014
v -139.487 0.418 172.764
v -143.393 0.454 166.956
v -149.713 0.390 171.206
f 2649 2650 2651 2652
v -139.459 0.418 172.745
v -132.149 0.456 167.725
v -136.111 0.506 161.955
v -143.421 0.453 166.975
f 2653 2654 2655 2656
v -132.151 0.456 167.727
v -39.041 0.641 103.877
v -42.999 0.659 98.103
v -136.109 0.506 161.953
f 2657 2658 2659 2660
v -250.092 1.098 -142.175
v -212.502 1.077 -152.775
v -215.758 1.232 -164.325
v -253.348 1.266 -153.725
f 2661 2662 2663 2664
v -212.513 1.077 -152.772
v -200.973 1.075 -156.002
v -204.207 1.128 -167.558
v -215.747 1.232 -164.328
f 2665 2666 2667 2668
v -200.879 1.073 -156.029
v -183.939 1.014 -161.069
v -187.361 1.065 -172.571
v -204.301 1.129 -167.531
f 2669 2670 2671 2672
v -183.986 1.014 -161.055
v -178.476 0.995 -162.645
v -181.804 1.055 -174.175
v -187.314 1.065 -172.585
f 2673 2674 2675 2676
v -178.470 0.995 -162.647
v -171.950 0.975 -164.537
v -175.290 1.012 -176.063
v -181.810 1.055 -174.173
f 2677 2678 2679 2680
v -171.976 0.975 -164.530
v -157.446 0.919 -168.670
v -160.734 0.967 -180.210
v -175.264 1.012 -176.070
f 2681 2682 2683 2684
v -157.448 0.919 -168.669
v -126.518 0.968 -177.469
v -129.802 0.978 -189.011
v -160.732 0.967 -180.211
f 2685 2686 2687 2688
v -126.518 0.968 -177.469
v -116.258 0.970 -180.389
v -119.542 0.955 -191.931
v -129.802 0.978 -189.011
f 2689 2690 2691 2692
v -116.335 0.971 -180.368
v -105.045 0.955 -183.418
v -108.175 0.955 -195.002
v -119.465 0.954 -191.952
f 2693 2694 2695 2696
v -238.743 0.501 244.268
v -242.833 0.556 238.228
v -247.387 0.570 241.312
v -243.297 0.473 247.352
f 2697 2698 2699 2700
v -242.865 0.557 238.182
v -247.015 0.487 232.312
v -251.505 0.514 235.488
v -247.355 0.568 241.358
f 2701 2702 2703 2704
v -96.297 0.588 231.242
v -134.197 0.477 175.612
v -138.743 0.475 178.708
v -100.843 0.605 234.338
f 2705 2706 2707 2708
v -134.197 0.477 175.612
v -139.167 0.471 168.312
v -143.713 0.467 171.408
v -138.743 0.475 178.708
f 2709 2710 2711 2712
v -139.174 0.471 168.303
v -145.654 0.300 158.873
v -150.186 0.295 161.987
v -143.706 0.467 171.417
f 2713 2714 2715 2716
v -145.653 0.300 158.873
v -173.633 0.582 118.153
v -178.167 0.555 121.267
v -150.187 0.295 161.987
f 2717 2718 2719 2720
v -173.631 0.582 118.156
v -176.281 0.598 114.286
v -180.819 0.614 117.394
v -178.169 0.555 121.264
f 2721 2722 2723 2724
v -176.295 0.598 114.267
v -209.735 0.594 66.327
v -214.245 0.507 69.473
v -180.805 0.614 117.413
f 2725 2726 2727 2728
v -209.733 0.594 66.328
v -212.623 0.585 62.178
v -217.137 0.562 65.322
v -214.247 0.507 69.472
f 2729 2730 2731 2732
v -212.552 0.585 62.285
v -215.132 0.546 58.185
v -219.788 0.529 61.115
v -217.208 0.566 65.215
f 2733 2734 2735 2736
v -215.138 0.546 58.177
v -227.618 0.627 38.507
v -232.262 0.623 41.453
v -219.782 0.529 61.123
f 2737 2738 2739 2740
v -155.838 0.985 -247.628
v -153.576 0.908 -255.518
v -156.940 0.926 -256.482
v -159.202 0.992 -248.592
f 2741 2742 2743 2744
v -205.987 1.198 -253.656
v -194.217 1.150 -246.306
v -192.363 1.202 -249.274
v -204.133 1.236 -256.624
f 2745 2746 2747 2748
v -194.215 1.150 -246.305
v -180.585 1.097 -237.815
v -178.735 1.101 -240.785
v -192.365 1.202 -249.275
f 2749 2750 2751 2752
v -180.220 1.099 -237.642
v -173.860 1.074 -235.492
v -172.740 1.057 -238.808
v -179.100 1.102 -240.958
f 2753 2754 2755 2756
v -173.052 1.065 -235.418
v -166.972 0.993 -236.288
v -167.468 1.010 -239.752
v -173.548 1.061 -238.882
f 2757 2758 2759 2760
v -166.507 0.983 -236.422
v -163.167 1.000 -237.912
v -164.593 0.986 -241.108
v -167.933 1.017 -239.618
f 2761 2762 2763 2764
v -162.473 0.990 -238.469
v -160.193 0.954 -241.549
v -163.007 0.989 -243.631
v -165.287 0.990 -240.551
f 2765 2766 2767 2768
v -160.193 0.954 -241.550
v -156.113 0.993 -247.070
v -158.927 0.986 -249.150
v -163.007 0.989 -243.630
f 2769 2770 2771 2772
v -171.930 1.108 -170.753
v -174.020 0.991 -178.553
v -177.400 0.994 -177.647
v -175.310 1.129 -169.847
f 2773 2774 2775 2776
v -174.043 0.991 -178.633
v -186.263 0.916 -216.843
v -189.597 0.924 -215.777
v -177.377 0.993 -177.567
f 2777 2778 2779 2780
v -186.259 0.916 -216.830
v -193.159 0.975 -239.000
v -196.501 0.993 -237.960
v -189.601 0.924 -215.790
f 2781 2782 2783 2784
v -193.080 0.976 -238.472
v -193.060 1.051 -242.692
v -196.560 1.018 -242.708
v -196.580 0.994 -238.488
f 2785 2786 2787 2788
v -193.133 1.037 -242.199
v -191.613 1.178 -247.289
v -194.967 1.187 -248.291
v -196.487 1.028 -243.201
f 2789 2790 2791 2792
v -210.039 0.120 -209.071
v -206.089 0.495 -210.051
v -206.931 0.395 -213.449
v -210.881 0.120 -212.469
f 2793 2794 2795 2796
v -206.093 0.495 -210.050
v -187.513 0.917 -214.610
v -188.347 0.923 -218.010
v -206.927 0.395 -213.450
f 2797 2798 2799 2800
v 255.005 1.036 183.378
v 192.835 1.033 226.361
v 194.825 1.123 229.239
v 256.995 1.037 186.257
f 2801 2802 2803 2804
v 192.836 1.033 226.360
v 187.406 1.112 230.110
v 189.394 1.132 232.990
v 194.824 1.123 229.240
f 2805 2806 2807 2808
v -162.626 0.428 -79.818
v -134.276 0.442 -99.428
v -137.404 0.546 -103.952
v -165.754 0.474 -84.342
f 2809 2810 2811 2812
v -134.278 0.442 -99.427
v -129.918 0.438 -102.437
v -133.042 0.547 -106.963
v -137.402 0.546 -103.953
f 2813 2814 2815 2816
v -129.916 0.438 -102.438
v -107.026 0.450 -118.258
v -110.154 0.528 -122.782
v -133.044 0.547 -106.962
f 2817 2818 2819 2820
v -107.003 0.450 -118.274
v -79.253 0.339 -137.874
v -82.427 0.338 -142.366
v -110.177 0.528 -122.766
f 2821 2822 2823 2824
v -79.252 0.339 -137.875
v -73.102 0.495 -142.225
v -76.278 0.486 -146.715
v -82.428 0.338 -142.365
f 2825 2826 2827 2828
v 10.882 0.652 116.908
v -6.778 0.874 90.088
v -9.702 0.779 92.012
v 7.958 0.638 118.832
f 2829 2830 2831 2832
v -6.603 0.883 90.430
v -9.283 0.803 83.350
v -12.557 0.798 84.590
v -9.877 0.781 91.670
f 2833 2834 2835 2836
v -9.305 0.803 83.296
v -15.855 0.921 67.596
v -19.085 0.872 68.944
v -12.535 0.799 84.644
f 2837 2838 2839 2840
v -16.003 0.924 67.316
v -53.573 0.982 9.506
v -56.507 0.964 11.414
v -18.937 0.871 69.224
f 2841 2842 2843 2844
v -53.290 0.981 10.474
v -53.270 0.981 8.004
v -56.770 0.953 7.976
v -56.790 0.958 10.446
f 2845 2846 2847 2848
v -53.865 0.978 9.305
v -48.355 0.922 4.465
v -50.665 0.985 1.835
v -56.175 0.958 6.675
f 2849 2850 2851 2852
v -48.351 0.922 4.461
v -47.321 0.920 3.551
v -49.639 0.982 0.929
v -50.669 0.985 1.839
f 2853 2854 2855 2856
v -47.426 0.919 3.637
v -42.786 0.980 0.137
v -44.894 0.953 -2.657
v -49.534 0.981 0.843
f 2857 2858 2859 2860
v -42.182 0.959 -0.701
v -41.032 0.940 -4.111
v -44.348 0.925 -5.229
v -45.498 0.966 -1.819
f 2861 2862 2863 2864
v -40.953 0.937 -4.455
v -40.693 0.920 -6.555
v -44.167 0.921 -6.985
v -44.427 0.927 -4.885
f 2865 2866 2867 2868
v -179.665 0.614 -105.259
v -168.655 0.771 -109.549
v -169.925 0.866 -112.811
v -180.935 0.606 -108.521
f 2869 2870 2871 2872
v -168.695 0.770 -109.534
v -147.805 0.754 -117.084
v -148.995 0.848 -120.376
v -169.885 0.867 -112.826
f 2873 2874 2875 2876
v -149.809 0.799 -117.692
v -137.249 0.584 -100.652
v -134.431 0.583 -102.728
v -146.991 0.792 -119.768
f 2877 2878 2879 2880
v -0.302 0.658 -37.421
v -6.322 0.538 -33.091
v -4.278 0.560 -30.249
v 1.742 0.634 -34.579
f 2881 2882 2883 2884
v -6.321 0.538 -33.091
v -36.301 0.856 -11.541
v -34.259 0.913 -8.699
v -4.279 0.560 -30.249
f 2885 2886 2887 2888
v -36.022 0.853 -11.705
v -43.172 0.935 -8.355
v -41.688 0.927 -5.185
v -34.538 0.916 -8.535
f 2889 2890 2891 2892
v -43.174 0.935 -8.354
v -44.344 0.934 -7.804
v -42.856 0.926 -4.636
v -41.686 0.927 -5.186
f 2893 2894 2895 2896
v -44.454 0.934 -7.748
v -53.524 0.927 -2.678
v -51.816 0.997 0.378
v -42.746 0.926 -4.692
f 2897 2898 2899 2900
v -53.323 0.926 -2.774
v -59.813 0.969 -0.164
v -58.507 1.032 3.084
v -52.017 0.999 0.474
f 2901 2902 2903 2904
v -58.452 0.995 -0.140
v -61.412 0.943 -1.450
v -62.828 0.950 1.750
v -59.868 0.993 3.060
f 2905 2906 2907 2908
v -60.713 0.947 -0.891
v -79.573 0.966 -26.371
v -82.387 0.925 -24.289
v -63.527 0.969 1.191
f 2909 2910 2911 2912
v -79.504 0.966 -26.270
v -126.844 0.444 -100.660
v -129.796 0.403 -98.780
v -82.456 0.925 -24.390
f 2913 2914 2915 2916
v -126.842 0.444 -100.658
v -130.002 0.568 -105.638
v -132.958 0.572 -103.762
v -129.798 0.403 -98.782
f 2917 2918 2919 2920
v -255.092 1.064 -76.475
v -239.722 1.005 -85.804
v -241.538 1.026 -88.796
v -256.908 1.053 -79.467
f 2921 2922 2923 2924
v -239.659 1.005 -85.844
v -207.089 0.939 -107.574
v -209.031 0.952 -110.486
v -241.601 1.026 -88.756
f 2925 2926 2927 2928
v -207.032 0.939 -107.614
v -193.362 0.847 -117.544
v -195.418 0.848 -120.376
v -209.088 0.952 -110.446
f 2929 2930 2931 2932
v -193.362 0.847 -117.544
v -189.572 0.745 -120.294
v -191.628 0.779 -123.126
v -195.418 0.848 -120.376
f 2933 2934 2935 2936
v -109.893 1.006 -186.924
v -101.343 0.824 -174.644
v -94.777 0.810 -179.216
v -103.327 1.010 -191.496
f 2937 2938 2939 2940
v -101.318 0.824 -174.609
v -95.028 0.658 -165.779
v -88.512 0.570 -170.421
v -94.802 0.811 -179.251
f 2941 2942 2943 2944
v -95.011 0.658 -165.756
v -79.521 0.438 -144.336
v -73.039 0.423 -149.024
v -88.529 0.571 -170.444
f 2945 2946 2947 2948
v -79.527 0.438 -144.344
v -77.937 0.437 -142.134
v -71.443 0.400 -146.806
v -73.033 0.422 -149.016
f 2949 2950 2951 2952
v -77.931 0.437 -142.125
v -75.681 0.441 -139.015
v -69.199 0.412 -143.705
v -71.449 0.400 -146.815
f 2953 2954 2955 2956
v -75.728 0.441 -139.082
v -18.968 0.621 -57.172
v -12.392 0.648 -61.728
v -69.152 0.412 -143.638
f 2957 2958 2959 2960
v -18.958 0.621 -57.158
v -2.558 0.595 -33.708
v 3.998 0.593 -38.292
v -12.402 0.648 -61.742
f 2961 2962 2963 2964
v -2.558 0.595 -33.708
v 26.942 0.471 8.492
v 33.498 0.429 3.908
v 3.998 0.593 -38.292
f 2965 2966 2967 2968
v 26.942 0.471 8.492
v 71.862 0.624 72.722
v 78.418 0.624 68.138
v 33.498 0.429 3.908
f 2969 2970 2971 2972
v 71.862 0.624 72.722
v 93.842 0.722 104.162
v 100.398 0.621 99.578
v 78.418 0.624 68.138
f 2973 2974 2975 2976
v 93.842 0.722 104.162
v 117.802 0.750 138.422
v 124.358 0.703 133.838
v 100.398 0.621 99.578
f 2977 2978 2979 2980
v 117.806 0.750 138.427
v 162.676 0.935 202.377
v 169.224 0.888 197.783
v 124.354 0.703 133.833
f 2981 2982 2983 2984
v 162.694 0.935 202.403
v 185.144 1.099 233.873
v 191.656 1.046 229.227
v 169.206 0.888 197.757
f 2985 2986 2987 2988
v 185.143 1.099 233.872
v 202.578 1.228 258.322
v 209.092 1.278 253.678
v 191.657 1.046 229.228
f 2989 2990 2991 2992
v 75.364 1.119 -238.258
v 79.894 0.965 -230.608
v 82.906 0.965 -232.392
v 78.376 1.120 -240.042
f 2993 2994 2995 2996
v 79.805 0.969 -230.780
v 84.335 0.959 -220.740
v 87.525 0.954 -222.180
v 82.995 0.965 -232.220
f 2997 2998 2999 3000
v 84.494 0.959 -220.460
v 97.354 0.966 -202.000
v 100.226 1.061 -204.000
v 87.366 0.952 -222.460
f 3001 3002 3003 3004
v 97.183 0.977 -202.308
v 100.273 0.981 -195.128
v 103.487 1.117 -196.512
v 100.397 1.072 -203.692
f 3005 3006 3007 3008
v 101.409 1.056 -194.135
v 110.989 1.090 -191.455
v 111.931 1.104 -194.825
v 102.351 1.107 -197.505
f 3009 3010 3011 3012
v 110.988 1.090 -191.455
v 124.898 1.041 -187.555
v 125.842 1.050 -190.925
v 111.932 1.104 -194.825
f 3013 3014 3015 3016
v 125.852 1.035 -187.558
v 156.882 0.936 -196.458
v 155.918 1.001 -199.822
v 124.888 1.058 -190.922
f 3017 3018 3019 3020
v 157.887 0.896 -197.217
v 163.937 0.961 -206.967
v 160.963 0.899 -208.813
v 154.913 1.013 -199.063
f 3021 3022 3023 3024
v 164.120 0.944 -208.414
v 160.590 1.018 -219.664
v 157.250 1.009 -218.616
v 160.780 0.917 -207.366
f 3025 3026 3027 3028
v 160.127 1.032 -220.407
v 150.807 0.978 -229.287
v 148.393 0.961 -226.753
v 157.713 0.996 -217.873
f 3029 3030 3031 3032
v 150.783 0.978 -229.309
v 142.663 0.915 -236.759
v 140.297 0.832 -234.181
v 148.417 0.961 -226.731
f 3033 3034 3035 3036
v 143.184 0.897 -235.867
v 140.444 1.039 -247.637
v 137.036 1.033 -246.843
v 139.776 0.838 -235.073
f 3037 3038 3039 3040
v 140.364 1.038 -247.891
v 136.894 1.199 -256.551
v 133.646 1.180 -255.249
v 137.116 1.032 -246.589
f 3041 3042 3043 3044
v 84.095 0.997 -193.808
v 61.625 1.004 -226.678
v 58.735 1.010 -224.702
v 81.205 1.019 -191.832
f 3045 3046 3047 3048
v 61.684 1.003 -226.585
v 57.124 1.194 -234.245
v 54.116 1.191 -232.455
v 58.676 1.014 -224.795
f 3049 3050 3051 3052
v -174.519 1.163 -74.894
v -176.189 1.160 -77.424
v -179.111 1.136 -75.496
v -177.441 1.142 -72.966
f 3053 3054 3055 3056
v -177.760 1.155 -78.207
v -197.910 1.058 -76.937
v -197.690 1.042 -73.443
v -177.540 1.142 -74.713
f 3057 3058 3059 3060
v -184.890 1.191 -99.363
v -204.800 1.054 -85.703
v -202.820 1.039 -82.817
v -182.910 1.183 -96.477
f 3061 3062 3063 3064
v -205.269 1.030 -83.293
v -199.259 1.034 -74.223
v -196.341 1.066 -76.157
v -202.351 1.060 -85.227
f 3065 3066 3067 3068
v -174.985 1.152 -72.490
v -163.195 0.443 -80.640
v -165.185 0.467 -83.520
v -176.975 1.147 -75.370
f 3069 3070 3071 3072
v -199.258 1.034 -74.222
v -165.418 1.079 -23.222
v -162.502 1.110 -25.158
v -196.342 1.066 -76.158
f 3073 3074 3075 3076
v -163.001 1.096 -22.726
v -148.371 1.183 -32.316
v -150.289 1.162 -35.244
v -164.919 1.095 -25.654
f 3077 3078 3079 3080
v -147.872 1.170 -34.748
v -174.522 1.163 -74.898
v -177.438 1.142 -72.962
v -150.788 1.171 -32.812
f 3081 3082 3083 3084
v 124.019 1.043 -188.128
v 129.029 0.961 -182.038
v 131.731 0.968 -184.262
v 126.721 1.042 -190.352
f 3085 3086 3087 3088
v 128.940 0.965 -182.155
v 135.950 0.657 -172.015
v 138.830 0.650 -174.005
v 131.820 0.966 -184.145
f 3089 3090 3091 3092
v 135.947 0.657 -172.020
v 138.937 0.759 -167.660
v 141.823 0.748 -169.640
v 138.833 0.650 -174.000
f 3093 3094 3095 3096
v -28.125 1.000 -204.036
v 5.015 1.078 -213.176
v 1.825 1.159 -224.744
v -31.315 1.041 -215.604
f 3097 3098 3099 3100
v 5.015 1.078 -213.176
v 57.215 1.035 -227.566
v 54.025 1.115 -239.134
v 1.825 1.159 -224.744
f 3101 3102 3103 3104
v 57.200 1.035 -227.562
v 78.450 0.998 -233.362
v 75.290 1.040 -244.938
v 54.040 1.115 -239.138
f 3105 3106 3107 3108
v 78.556 0.998 -233.392
v 109.086 0.963 -242.332
v 105.714 1.011 -253.848
v 75.184 1.040 -244.908
f 3109 3110 3111 3112
v 109.019 0.962 -242.313
v 136.889 1.054 -250.123
v 133.651 1.082 -261.677
v 105.781 1.011 -253.867
f 3113 3114 3115 3116
v -104.724 0.924 -181.951
v -90.674 0.832 -185.601
v -94.446 0.913 -200.119
v -108.496 0.933 -196.469
f 3117 3118 3119 3120
v -90.607 0.832 -185.619
v -77.257 0.854 -189.219
v -81.163 0.842 -203.701
v -94.513 0.915 -200.101
f 3121 3122 3123 3124
v -77.252 0.854 -189.220
v -58.472 0.838 -194.300
v -62.388 0.916 -208.780
v -81.168 0.842 -203.700
f 3125 3126 3127 3128
v -58.477 0.838 -194.299
v -36.607 0.892 -200.199
v -40.513 1.003 -214.681
v -62.383 0.916 -208.781
f 3129 3130 3131 3132
v -36.610 0.892 -200.198
v -27.770 1.013 -202.578
v -31.670 1.008 -217.062
v -40.510 1.003 -214.682
f 3133 3134 3135 3136
v -203.987 0.818 -142.757
v -207.887 0.830 -141.677
v -206.953 0.857 -138.303
v -203.053 0.834 -139.383
f 3137 3138 3139 3140
v -207.887 0.830 -141.676
v -246.507 1.054 -130.976
v -245.573 1.040 -127.604
v -206.953 0.857 -138.304
f 3141 3142 3143 3144
v -253.394 1.322 -147.439
v -251.054 1.036 -139.769
v -247.706 1.035 -140.791
v -250.046 1.346 -148.461
f 3145 3146 3147 3148
v -251.054 1.036 -139.771
v -247.714 1.032 -128.781
v -244.366 1.051 -129.799
v -247.706 1.035 -140.789
f 3149 3150 3151 3152
v -94.785 1.118 -209.403
v -113.475 0.922 -234.593
v -116.285 0.933 -232.507
v -97.595 1.078 -207.317
f 3153 3154 3155 3156
v -113.621 0.921 -234.766
v -124.341 0.938 -245.866
v -126.859 0.939 -243.434
v -116.139 0.935 -232.334
f 3157 3158 3159 3160
v -124.351 0.938 -245.875
v -135.484 1.039 -257.225
v -137.983 1.054 -254.775
v -126.849 0.939 -243.425
f 3161 3162 3163 3164
v -160.723 1.039 -173.810
v -157.313 0.900 -164.970
v -154.047 0.887 -166.230
v -157.457 1.029 -175.070
f 3165 3166 3167 3168
v -157.282 0.899 -164.895
v -153.112 0.929 -155.415
v -149.908 0.956 -156.825
v -154.078 0.888 -166.305
f 3169 3170 3171 3172
v -150.705 1.001 -154.566
v -145.825 1.004 -157.096
v -147.435 0.919 -160.204
v -152.315 0.891 -157.674
f 3173 3174 3175 3176
v -145.784 1.004 -157.118
v -133.734 0.951 -163.768
v -135.426 0.891 -166.832
v -147.476 0.919 -160.182
f 3177 3178 3179 3180
v -133.784 0.951 -163.742
v -122.684 0.815 -169.412
v -124.276 0.915 -172.528
v -135.376 0.891 -166.858
f 3181 3182 3183 3184
v -121.849 0.856 -171.604
v -123.179 0.966 -175.024
v -126.441 0.953 -173.756
v -125.111 0.858 -170.336
f 3185 3186 3187 3188
v -123.173 0.966 -175.010
v -126.523 0.991 -183.860
v -129.797 0.995 -182.620
v -126.447 0.954 -173.770
f 3189 3190 3191 3192
v -125.019 0.852 -170.136
v -115.619 1.358 -152.786
v -112.541 1.309 -154.454
v -121.941 0.865 -171.804
f 3193 3194 3195 3196
v -113.099 1.392 -152.171
v -100.379 0.660 -160.781
v -102.341 0.701 -163.679
v -115.061 1.293 -155.069
f 3197 3198 3199 3200
v -100.374 0.660 -160.784
v -96.914 0.624 -163.144
v -98.886 0.690 -166.036
v -102.346 0.701 -163.676
f 3201 3202 3203 3204
v -97.030 0.624 -163.071
v -90.900 0.581 -166.581
v -92.640 0.619 -169.619
v -98.770 0.690 -166.109
f 3205 3206 3207 3208
v -152.386 0.890 -157.635
v -156.136 0.851 -155.465
v -154.384 0.972 -152.435
v -150.634 1.001 -154.605
f 3209 3210 3211 3212
v -156.686 0.900 -152.935
v -143.306 1.449 -134.145
v -140.454 1.461 -136.175
v -153.834 0.923 -154.965
f 3213 3214 3215 3216
v -140.926 1.497 -133.693
v -132.896 1.476 -138.913
v -134.804 1.394 -141.847
v -142.834 1.420 -136.627
f 3217 3218 3219 3220
v -132.930 1.476 -138.891
v -130.470 1.472 -140.411
v -132.310 1.395 -143.389
v -134.770 1.394 -141.869
f 3221 3222 3223 3224
v -133.851 1.033 -161.097
v -123.951 1.505 -146.737
v -121.069 1.466 -148.723
v -130.969 1.022 -163.083
f 3225 3226 3227 3228
v -146.886 1.033 -155.794
v -138.786 1.302 -143.924
v -135.894 1.303 -145.896
v -143.994 1.008 -157.766
f 3229 3230 3231 3232
v -136.030 0.936 -164.320
v -133.860 1.033 -161.110
v -130.960 1.022 -163.070
v -133.130 0.885 -166.280
f 3233 3234 3235 3236
v -138.726 1.304 -143.842
v -135.236 1.433 -139.312
v -132.464 1.431 -141.448
v -135.954 1.301 -145.978
f 3237 3238 3239 3240
v -148.106 0.961 -157.710
v -146.916 1.030 -155.840
v -143.964 1.010 -157.720
v -145.154 0.955 -159.590
f 3241 3242 3243 3244
v -102.815 0.718 -161.258
v -92.395 1.026 -145.668
v -89.485 0.772 -147.612
v -99.905 0.663 -163.202
f 3245 3246 3247 3248
v -92.689 1.006 -146.572
v -92.539 1.093 -142.742
v -89.041 0.872 -142.878
v -89.191 0.799 -146.708
f 3249 3250 3251 3252
v -92.314 1.071 -143.671
v -94.224 1.122 -140.291
v -91.176 0.733 -138.569
v -89.266 0.878 -141.949
f 3253 3254 3255 3256
v -93.676 1.133 -140.882
v -97.856 1.216 -138.072
v -95.904 0.762 -135.168
v -91.724 0.703 -137.978
f 3257 3258 3259 3260
v -97.212 1.199 -138.338
v -100.472 1.315 -137.708
v -99.808 1.104 -134.272
v -96.548 0.799 -134.902
f 3261 3262 3263 3264
v -99.385 1.283 -137.569
v -102.185 1.361 -138.909
v -103.695 1.411 -135.751
v -100.895 1.235 -134.411
f 3265 3266 3267 3268
v -101.516 1.333 -138.347
v -110.076 1.545 -150.337
v -112.924 1.530 -148.303
v -104.364 1.444 -136.313
f 3269 3270 3271 3272
v -109.999 1.553 -150.220
v -112.579 1.307 -154.520
v -115.581 1.359 -152.720
v -113.001 1.524 -148.420
f 3273 3274 3275 3276
v -130.430 1.472 -140.437
v -121.550 1.548 -146.267
v -123.470 1.480 -149.193
v -132.350 1.395 -143.363
f 3277 3278 3279 3280
v -121.508 1.547 -146.295
v -119.948 1.514 -147.385
v -121.952 1.434 -150.255
v -123.512 1.482 -149.165
f 3281 3282 3283 3284
v -119.948 1.514 -147.385
v -113.078 1.392 -152.185
v -115.082 1.293 -155.055
v -121.952 1.434 -150.255
f 3285 3286 3287 3288
v 215.225 0.900 -251.432
v 223.455 1.098 -224.322
v 226.805 0.987 -225.338
v 218.575 0.935 -252.448
f 3289 3290 3291 3292
v 225.625 1.117 -223.151
v 253.545 0.876 -231.381
v 252.555 0.840 -234.739
v 224.635 1.009 -226.509
f 3293 3294 3295 3296
v 254.783 0.837 -232.816
v 255.713 0.801 -239.416
v 252.247 0.857 -239.904
v 251.317 0.823 -233.304
f 3297 3298 3299 3300
v 255.632 0.810 -240.236
v 249.935 0.855 -256.576
v 246.630 0.870 -255.424
v 252.328 0.848 -239.084
f 3301 3302 3303 3304
v 177.940 0.697 -209.059
v 191.600 0.852 -213.579
v 190.500 0.962 -216.901
v 176.840 0.747 -212.381
f 3305 3306 3307 3308
v 191.634 0.852 -213.590
v 208.974 0.885 -219.730
v 207.806 0.971 -223.030
v 190.466 0.962 -216.890
f 3309 3310 3311 3312
v 210.045 0.922 -221.948
v 202.955 0.907 -242.598
v 199.645 0.984 -241.462
v 206.735 0.938 -220.812
f 3313 3314 3315 3316
v 200.725 0.877 -243.683
v 193.045 1.010 -241.013
v 194.195 1.055 -237.707
v 201.875 0.985 -240.377
f 3317 3318 3319 3320
v 193.044 1.010 -241.013
v 183.684 1.060 -237.753
v 184.836 1.090 -234.447
v 194.196 1.055 -237.707
f 3321 3322 3323 3324
v 182.596 1.074 -235.558
v 189.386 0.883 -214.698
v 192.714 0.896 -215.782
v 185.924 1.075 -236.642
f 3325 3326 3327 3328
v 158.997 1.022 -241.783
v 189.607 0.964 -250.253
v 188.673 0.958 -253.627
v 158.063 1.005 -245.157
f 3329 3330 3331 3332
v 187.511 0.984 -251.299
v 189.781 1.005 -245.529
v 193.039 0.934 -246.811
v 190.769 0.942 -252.581
f 3333 3334 3335 3336
v 189.745 1.005 -245.630
v 191.065 1.028 -241.560
v 194.395 0.981 -242.640
v 193.075 0.935 -246.710
f 3337 3338 3339 3340
v 191.066 1.028 -241.559
v 191.956 1.058 -238.819
v 195.284 1.020 -239.901
v 194.394 0.981 -242.641
f 3341 3342 3343 3344
v 170.627 1.046 -237.656
v 178.737 1.015 -239.956
v 177.783 1.037 -243.324
v 169.673 1.053 -241.024
f 3345 3346 3347 3348
v 162.230 1.052 -235.314
v 170.620 1.046 -237.654
v 169.680 1.053 -241.026
v 161.290 1.029 -238.686
f 3349 3350 3351 3352
v 178.830 1.013 -239.985
v 191.980 0.973 -244.515
v 190.840 0.962 -247.825
v 177.690 1.040 -243.295
f 3353 3354 3355 3356
v 216.129 0.907 -250.369
v 222.039 1.007 -247.469
v 223.581 1.063 -250.611
v 217.671 0.927 -253.511
f 3357 3358 3359 3360
v 221.141 0.985 -248.512
v 226.851 0.983 -230.452
v 230.189 0.978 -231.508
v 224.479 1.123 -249.568
f 3361 3362 3363 3364
v 228.006 0.959 -229.307
v 231.166 0.922 -228.337
v 232.194 0.976 -231.683
v 229.034 0.990 -232.653
f 3365 3366 3367 3368
v 231.755 0.919 -228.262
v 235.005 0.914 -228.402
v 234.855 0.976 -231.898
v 231.605 0.979 -231.758
f 3369 3370 3371 3372
v 235.437 0.913 -228.475
v 240.487 0.909 -230.005
v 239.473 0.961 -233.355
v 234.423 0.975 -231.825
f 3373 3374 3375 3376
v 240.528 0.909 -230.018
v 243.528 0.912 -231.008
v 242.432 0.947 -234.332
v 239.432 0.962 -233.342
f 3377 3378 3379 3380
v 243.857 0.909 -231.156
v 246.827 0.891 -232.876
v 245.073 0.932 -235.904
v 242.103 0.948 -234.184
f 3381 3382 3383 3384
v 247.455 0.890 -233.497
v 249.355 0.886 -236.697
v 246.345 0.935 -238.483
v 244.445 0.936 -235.283
f 3385 3386 3387 3388
v 249.530 0.887 -238.079
v 244.190 0.880 -256.409
v 240.830 1.059 -255.431
v 246.170 0.925 -237.101
f 3389 3390 3391 3392
v 179.717 1.113 -236.422
v 193.227 1.020 -240.422
v 192.233 0.977 -243.778
v 178.723 1.017 -239.778
f 3393 3394 3395 3396
v 163.678 1.060 -231.825
v 171.588 1.159 -234.225
v 170.572 1.046 -237.575
v 162.662 1.059 -235.175
f 3397 3398 3399 3400
v 171.537 1.160 -234.211
v 179.677 1.114 -236.411
v 178.763 1.016 -239.789
v 170.623 1.046 -237.589
f 3401 3402 3403 3404
v -204.038 1.198 -160.797
v -198.588 0.952 -152.767
v -195.692 0.985 -154.733
v -201.142 1.194 -162.763
f 3405 3406 3407 3408
v -198.613 0.955 -152.806
v -178.223 0.950 -120.996
v -175.277 1.083 -122.884
v -195.667 0.983 -154.694
f 3409 3410 3411 3412
v -181.697 1.146 -167.612
v -177.227 0.923 -158.892
v -174.113 0.954 -160.488
v -178.583 1.151 -169.208
f 3413 3414 3415 3416
v -177.228 0.923 -158.893
v -167.908 1.176 -140.683
v -164.792 1.141 -142.277
v -174.112 0.954 -160.487
f 3417 3418 3419 3420
v -176.254 0.979 -120.262
v -155.014 1.165 -126.542
v -156.006 1.279 -129.898
v -177.246 1.058 -123.618
f 3421 3422 3423 3424
v -156.911 1.212 -127.171
v -149.801 0.799 -117.681
v -146.999 0.792 -119.779
v -154.109 1.218 -129.269
f 3425 3426 3427 3428
v -178.188 0.950 -120.943
v -170.728 0.779 -110.183
v -167.852 0.860 -112.177
v -175.312 1.083 -122.937
f 3429 3430 3431 3432
v -170.719 0.778 -110.170
v -161.199 0.585 -96.690
v -158.341 0.609 -98.710
v -167.861 0.860 -112.190
f 3433 3434 3435 3436
v -40.133 1.040 -206.672
v -36.433 0.883 -199.092
v -33.287 0.940 -200.628
v -36.987 1.059 -208.208
f 3437 3438 3439 3440
v -36.439 0.884 -199.105
v -33.429 0.865 -192.815
v -30.271 0.800 -194.325
v -33.281 0.940 -200.615
f 3441 3442 3443 3444
v -33.423 0.866 -192.802
v -17.663 1.143 -160.522
v -14.517 1.103 -162.058
v -30.277 0.800 -194.338
f 3445 3446 3447 3448
v 1.766 1.220 -218.389
v 4.516 1.044 -210.419
v 7.824 1.097 -211.561
v 5.074 1.226 -219.531
f 3449 3450 3451 3452
v 4.516 1.044 -210.418
v 6.526 0.851 -204.608
v 9.834 0.872 -205.752
v 7.824 1.097 -211.562
f 3453 3454 3455 3456
v 6.522 0.851 -204.620
v 17.962 0.995 -170.780
v 21.278 1.051 -171.900
v 9.838 0.872 -205.740
f 3457 3458 3459 3460
v 19.192 1.043 -173.037
v -3.618 1.158 -167.287
v -2.762 1.210 -163.893
v 20.048 1.000 -169.643
f 3461 3462 3463 3464
v -31.363 0.874 -191.889
v 8.667 0.892 -203.499
v 7.693 0.870 -206.861
v -32.337 0.811 -195.251
f 3465 3466 3467 3468
v -91.417 0.596 -166.386
v -82.727 0.610 -168.176
v -83.433 0.681 -171.604
v -92.123 0.593 -169.814
f 3469 3470 3471 3472
v -82.732 0.610 -168.175
v -73.332 1.002 -170.085
v -74.028 1.002 -173.515
v -83.428 0.681 -171.605
f 3473 3474 3475 3476
v -73.340 1.002 -170.083
v -68.690 1.109 -171.003
v -69.370 1.082 -174.437
v -74.020 1.002 -173.517
f 3477 3478 3479 3480
v -71.978 1.042 -172.205
v -73.238 0.998 -177.495
v -76.642 0.947 -176.685
v -75.382 0.943 -171.395
f 3481 3482 3483 3484
v -73.227 0.999 -177.449
v -74.927 0.906 -185.569
v -78.353 0.881 -184.851
v -76.653 0.947 -176.731
f 3485 3486 3487 3488
v -76.186 0.897 -183.520
v -56.886 0.952 -188.710
v -57.794 0.881 -192.090
v -77.094 0.863 -186.900
f 3489 3490 3491 3492
v -51.954 1.174 -177.338
v -53.454 1.115 -182.748
v -56.826 1.109 -181.812
v -55.326 1.169 -176.402
f 3493 3494 3495 3496
v -53.451 1.115 -182.738
v -55.651 0.941 -190.858
v -59.029 0.924 -189.942
v -56.829 1.109 -181.822
f 3497 3498 3499 3500
v -55.656 0.940 -190.878
v -56.496 0.857 -193.838
v -59.864 0.846 -192.882
v -59.024 0.925 -189.922
f 3501 3502 3503 3504
v -56.493 0.857 -193.824
v -58.743 0.966 -202.004
v -62.117 0.954 -201.076
v -59.867 0.846 -192.896
f 3505 3506 3507 3508
v -70.160 1.042 -176.439
v -58.050 1.130 -179.659
v -58.950 1.058 -183.041
v -71.060 0.994 -179.821
f 3509 3510 3511 3512
v -58.033 1.130 -179.663
v -54.673 1.135 -180.593
v -55.607 1.073 -183.967
v -58.967 1.058 -183.037
f 3513 3514 3515 3516
v -74.531 0.997 -175.388
v -70.201 1.042 -176.428
v -71.019 0.995 -179.832
v -75.349 0.945 -178.792
f 3517 3518 3519 3520
v -40.347 1.148 -163.854
v -53.547 1.111 -160.114
v -52.593 1.035 -156.746
v -39.393 1.119 -160.486
f 3521 3522 3523 3524
v -40.652 1.089 -158.745
v -66.082 0.664 -151.615
v -65.138 0.572 -148.245
v -39.708 1.066 -155.375
f 3525 3526 3527 3528
v -66.103 0.663 -151.609
v -68.283 0.552 -150.969
v -67.297 0.469 -147.611
v -65.117 0.573 -148.251
f 3529 3530 3531 3532
v -68.304 0.551 -150.963
v -76.794 0.482 -148.353
v -75.766 0.492 -145.007
v -67.276 0.470 -147.617
f 3533 3534 3535 3536
v -53.320 1.233 -175.150
v -43.110 1.214 -177.050
v -43.750 1.146 -180.490
v -53.960 1.150 -178.590
f 3537 3538 3539 3540
v -44.528 1.198 -177.407
v -40.318 1.212 -174.017
v -38.122 1.165 -176.743
v -42.332 1.155 -180.133
f 3541 3542 3543 3544
v -40.924 1.214 -174.983
v -38.734 1.164 -165.583
v -35.326 1.189 -166.377
v -37.516 1.177 -175.777
f 3545 3546 3547 3548
v -38.433 1.178 -167.026
v -41.273 1.138 -163.216
v -38.467 1.123 -161.124
v -35.627 1.170 -164.934
f 3549 3550 3551 3552
v -61.110 1.115 -158.099
v -66.410 0.902 -156.789
v -65.570 0.776 -153.391
v -60.270 0.985 -154.701
f 3553 3554 3555 3556
v -67.735 0.757 -154.961
v -67.355 0.537 -149.801
v -63.865 0.672 -150.059
v -64.245 0.938 -155.219
f 3557 3558 3559 3560
v -53.520 1.110 -160.121
v -61.140 1.115 -158.091
v -60.240 0.985 -154.709
v -52.620 1.035 -156.739
f 3561 3562 3563 3564
v -56.460 1.234 -174.203
v -53.140 1.235 -175.193
v -54.140 1.150 -178.547
v -57.460 1.148 -177.557
f 3565 3566 3567 3568
v -68.587 1.113 -171.027
v -56.517 1.234 -174.187
v -57.403 1.147 -177.573
v -69.473 1.079 -174.413
f 3569 3570 3571 3572
v -74.939 0.904 -185.622
v -75.619 0.850 -188.432
v -79.021 0.858 -187.608
v -78.341 0.881 -184.798
f 3573 3574 3575 3576
v -75.612 0.850 -188.402
v -77.502 0.972 -196.842
v -80.918 0.984 -196.078
v -79.028 0.858 -187.638
f 3577 3578 3579 3580
usemtl asphalt
