# Baked ultra-low Key West silhouette; generated by bake_key_west_far_city.py
mtllib far_city.mtl
usemtl massing
v 250.294 1.006 -224.994
v 262.894 1.006 -216.192
v 255.066 1.006 -204.986
v 242.466 1.006 -213.788
v 250.294 4.906 -224.994
v 262.894 4.906 -216.192
v 255.066 4.906 -204.986
v 242.466 4.906 -213.788
f 8 7 6 5
f 1 2 6 5
f 2 3 7 6
f 3 4 8 7
f 4 1 5 8
v 246.623 0.890 -142.487
v 264.839 0.890 -131.274
v 260.037 0.890 -123.473
v 241.821 0.890 -134.686
v 246.623 4.790 -142.487
v 264.839 4.790 -131.274
v 260.037 4.790 -123.473
v 241.821 4.790 -134.686
f 16 15 14 13
f 9 10 14 13
f 10 11 15 14
f 11 12 16 15
f 12 9 13 16
v 145.566 1.159 -183.462
v 187.377 1.159 -216.969
v 219.314 1.159 -177.118
v 177.503 1.159 -143.611
v 145.566 9.459 -183.462
v 187.377 9.459 -216.969
v 219.314 9.459 -177.118
v 177.503 9.459 -143.611
f 24 23 22 21
f 17 18 22 21
f 18 19 23 22
f 19 20 24 23
f 20 17 21 24
v 55.107 1.165 -116.618
v 77.200 1.165 -89.383
v 56.193 1.165 -72.342
v 34.100 1.165 -99.577
v 55.107 6.965 -116.618
v 77.200 6.965 -89.383
v 56.193 6.965 -72.342
v 34.100 6.965 -99.577
f 32 31 30 29
f 25 26 30 29
f 26 27 31 30
f 27 28 32 31
f 28 25 29 32
v -169.771 0.711 -78.794
v -161.115 0.711 -103.374
v -143.769 0.711 -97.266
v -152.425 0.711 -72.686
v -169.771 4.211 -78.794
v -161.115 4.211 -103.374
v -143.769 4.211 -97.266
v -152.425 4.211 -72.686
f 40 39 38 37
f 33 34 38 37
f 34 35 39 38
f 35 36 40 39
f 36 33 37 40
v -251.206 0.749 111.607
v -240.396 0.749 95.234
v -231.734 0.749 100.953
v -242.544 0.749 117.326
v -251.206 7.049 111.607
v -240.396 7.049 95.234
v -231.734 7.049 100.953
v -242.544 7.049 117.326
f 48 47 46 45
f 41 42 46 45
f 42 43 47 46
f 43 44 48 47
f 44 41 45 48
v -139.274 1.190 227.852
v -120.402 1.190 240.268
v -128.586 1.190 252.708
v -147.458 1.190 240.292
v -139.274 13.490 227.852
v -120.402 13.490 240.268
v -128.586 13.490 252.708
v -147.458 13.490 240.292
f 56 55 54 53
f 49 50 54 53
f 50 51 55 54
f 51 52 56 55
f 52 49 53 56
v -209.381 1.286 161.770
v -196.987 1.286 147.902
v -184.579 1.286 158.990
v -196.973 1.286 172.858
v -209.381 10.586 161.770
v -196.987 10.586 147.902
v -184.579 10.586 158.990
v -196.973 10.586 172.858
f 64 63 62 61
f 57 58 62 61
f 58 59 63 62
f 59 60 64 63
f 60 57 61 64
v -57.245 0.792 135.077
v -36.683 0.792 147.838
v -44.455 0.792 160.363
v -65.017 0.792 147.602
v -57.245 4.692 135.077
v -36.683 4.692 147.838
v -44.455 4.692 160.363
v -65.017 4.692 147.602
f 72 71 70 69
f 65 66 70 69
f 66 67 71 70
f 67 68 72 71
f 68 65 69 72
v 10.388 1.182 -65.838
v 21.463 1.182 -84.615
v 31.352 1.182 -78.782
v 20.277 1.182 -60.005
v 10.388 5.082 -65.838
v 21.463 5.082 -84.615
v 31.352 5.082 -78.782
v 20.277 5.082 -60.005
f 80 79 78 77
f 73 74 78 77
f 74 75 79 78
f 75 76 80 79
f 76 73 77 80
v -66.731 0.974 -20.700
v -57.268 0.974 -36.608
v -48.209 0.974 -31.220
v -57.672 0.974 -15.312
v -66.731 4.874 -20.700
v -57.268 4.874 -36.608
v -48.209 4.874 -31.220
v -57.672 4.874 -15.312
f 88 87 86 85
f 81 82 86 85
f 82 83 87 86
f 83 84 88 87
f 84 81 85 88
v 205.977 1.252 -107.851
v 218.408 1.252 -129.909
v 231.363 1.252 -122.609
v 218.932 1.252 -100.551
v 205.977 5.152 -107.851
v 218.408 5.152 -129.909
v 231.363 5.152 -122.609
v 218.932 5.152 -100.551
f 96 95 94 93
f 89 90 94 93
f 90 91 95 94
f 91 92 96 95
f 92 89 93 96
v -102.428 0.776 -137.057
v -91.110 0.776 -150.692
v -78.352 0.776 -140.103
v -89.670 0.776 -126.468
v -102.428 4.676 -137.057
v -91.110 4.676 -150.692
v -78.352 4.676 -140.103
v -89.670 4.676 -126.468
f 104 103 102 101
f 97 98 102 101
f 98 99 103 102
f 99 100 104 103
f 100 97 101 104
v -152.167 0.666 -231.741
v -137.504 0.666 -223.159
v -142.373 0.666 -214.839
v -157.036 0.666 -223.421
v -152.167 4.566 -231.741
v -137.504 4.566 -223.159
v -142.373 4.566 -214.839
v -157.036 4.566 -223.421
f 112 111 110 109
f 105 106 110 109
f 106 107 111 110
f 107 108 112 111
f 108 105 109 112
v -160.200 0.565 -10.305
v -147.007 0.565 -36.141
v -132.660 0.565 -28.815
v -145.853 0.565 -2.979
v -160.200 4.465 -10.305
v -147.007 4.465 -36.141
v -132.660 4.465 -28.815
v -145.853 4.465 -2.979
f 120 119 118 117
f 113 114 118 117
f 114 115 119 118
f 115 116 120 119
f 116 113 117 120
v -236.886 0.344 -139.267
v -217.016 0.344 -135.109
v -220.334 0.344 -119.253
v -240.204 0.344 -123.411
v -236.886 4.244 -139.267
v -217.016 4.244 -135.109
v -220.334 4.244 -119.253
v -240.204 4.244 -123.411
f 128 127 126 125
f 121 122 126 125
f 122 123 127 126
f 123 124 128 127
f 124 121 125 128
v -183.501 0.506 -80.392
v -170.452 0.506 -93.408
v -159.979 0.506 -82.908
v -173.028 0.506 -69.892
v -183.501 4.406 -80.392
v -170.452 4.406 -93.408
v -159.979 4.406 -82.908
v -173.028 4.406 -69.892
f 136 135 134 133
f 129 130 134 133
f 130 131 135 134
f 131 132 136 135
f 132 129 133 136
v 36.084 0.626 -224.081
v 46.715 0.626 -240.772
v 55.276 0.626 -235.319
v 44.645 0.626 -218.628
v 36.084 4.526 -224.081
v 46.715 4.526 -240.772
v 55.276 4.526 -235.319
v 44.645 4.526 -218.628
f 144 143 142 141
f 137 138 142 141
f 138 139 143 142
f 139 140 144 143
f 140 137 141 144
v -82.589 0.626 252.429
v -81.610 0.626 234.005
v -66.811 0.626 234.791
v -67.790 0.626 253.215
v -82.589 4.526 252.429
v -81.610 4.526 234.005
v -66.811 4.526 234.791
v -67.790 4.526 253.215
f 152 151 150 149
f 145 146 150 149
f 146 147 151 150
f 147 148 152 151
f 148 145 149 152
v -86.227 0.562 -155.205
v -82.739 0.562 -153.145
v -84.753 0.562 -149.735
v -88.241 0.562 -151.795
v -86.227 9.862 -155.205
v -82.739 9.862 -153.145
v -84.753 9.862 -149.735
v -88.241 9.862 -151.795
f 160 159 158 157
f 153 154 158 157
f 154 155 159 158
f 155 156 160 159
f 156 153 157 160
v 190.648 0.762 -18.322
v 199.817 0.762 -12.615
v 195.712 0.762 -6.018
v 186.543 0.762 -11.725
v 190.648 4.662 -18.322
v 199.817 4.662 -12.615
v 195.712 4.662 -6.018
v 186.543 4.662 -11.725
f 168 167 166 165
f 161 162 166 165
f 162 163 167 166
f 163 164 168 167
f 164 161 165 168
v -69.275 0.735 -165.019
v -53.701 0.735 -151.247
v -65.485 0.735 -137.921
v -81.059 0.735 -151.693
v -69.275 10.035 -165.019
v -53.701 10.035 -151.247
v -65.485 10.035 -137.921
v -81.059 10.035 -151.693
f 176 175 174 173
f 169 170 174 173
f 170 171 175 174
f 171 172 176 175
f 172 169 173 176
v 127.829 1.077 -153.591
v 153.379 1.077 -189.634
v 175.251 1.077 -174.129
v 149.701 1.077 -138.086
v 127.829 6.877 -153.591
v 153.379 6.877 -189.634
v 175.251 6.877 -174.129
v 149.701 6.877 -138.086
f 184 183 182 181
f 177 178 182 181
f 178 179 183 182
f 179 180 184 183
f 180 177 181 184
v 40.449 0.595 82.846
v 47.124 0.595 71.551
v 53.831 0.595 75.514
v 47.156 0.595 86.809
v 40.449 4.495 82.846
v 47.124 4.495 71.551
v 53.831 4.495 75.514
v 47.156 4.495 86.809
f 192 191 190 189
f 185 186 190 189
f 186 187 191 190
f 187 188 192 191
f 188 185 189 192
v 178.008 0.732 -19.595
v 184.772 0.732 -29.264
v 192.032 0.732 -24.185
v 185.268 0.732 -14.516
v 178.008 4.632 -19.595
v 184.772 4.632 -29.264
v 192.032 4.632 -24.185
v 185.268 4.632 -14.516
f 200 199 198 197
f 193 194 198 197
f 194 195 199 198
f 195 196 200 199
f 196 193 197 200
v 96.074 0.619 -54.987
v 112.360 0.619 -43.957
v 106.506 0.619 -35.313
v 90.220 0.619 -46.343
v 96.074 4.519 -54.987
v 112.360 4.519 -43.957
v 106.506 4.519 -35.313
v 90.220 4.519 -46.343
f 208 207 206 205
f 201 202 206 205
f 202 203 207 206
f 203 204 208 207
f 204 201 205 208
v 149.547 0.337 120.545
v 162.812 0.337 128.811
v 155.133 0.337 141.135
v 141.868 0.337 132.869
v 149.547 4.237 120.545
v 162.812 4.237 128.811
v 155.133 4.237 141.135
v 141.868 4.237 132.869
f 216 215 214 213
f 209 210 214 213
f 210 211 215 214
f 211 212 216 215
f 212 209 213 216
v -196.301 0.378 -104.664
v -188.060 0.378 -117.185
v -180.359 0.378 -112.116
v -188.600 0.378 -99.595
v -196.301 4.278 -104.664
v -188.060 4.278 -117.185
v -180.359 4.278 -112.116
v -188.600 4.278 -99.595
f 224 223 222 221
f 217 218 222 221
f 218 219 223 222
f 219 220 224 223
f 220 217 221 224
v -206.858 0.706 -93.893
v -196.398 0.706 -106.757
v -191.122 0.706 -102.467
v -201.582 0.706 -89.603
v -206.858 4.606 -93.893
v -196.398 4.606 -106.757
v -191.122 4.606 -102.467
v -201.582 4.606 -89.603
f 232 231 230 229
f 225 226 230 229
f 226 227 231 230
f 227 228 232 231
f 228 225 229 232
v -223.441 0.387 -83.950
v -211.402 0.387 -98.765
v -200.359 0.387 -89.790
v -212.398 0.387 -74.975
v -223.441 4.287 -83.950
v -211.402 4.287 -98.765
v -200.359 4.287 -89.790
v -212.398 4.287 -74.975
f 240 239 238 237
f 233 234 238 237
f 234 235 239 238
f 235 236 240 239
f 236 233 237 240
v -233.191 0.828 -77.505
v -226.031 0.828 -88.019
v -217.889 0.828 -82.475
v -225.049 0.828 -71.961
v -233.191 4.728 -77.505
v -226.031 4.728 -88.019
v -217.889 4.728 -82.475
v -225.049 4.728 -71.961
f 248 247 246 245
f 241 242 246 245
f 242 243 247 246
f 243 244 248 247
f 244 241 245 248
v -230.058 0.737 -45.344
v -222.151 0.737 -56.200
v -213.962 0.737 -50.236
v -221.869 0.737 -39.380
v -230.058 4.637 -45.344
v -222.151 4.637 -56.200
v -213.962 4.637 -50.236
v -221.869 4.637 -39.380
f 256 255 254 253
f 249 250 254 253
f 250 251 255 254
f 251 252 256 255
f 252 249 253 256
v -218.943 0.832 -51.581
v -210.126 0.832 -64.656
v -201.677 0.832 -58.959
v -210.494 0.832 -45.884
v -218.943 4.732 -51.581
v -210.126 4.732 -64.656
v -201.677 4.732 -58.959
v -210.494 4.732 -45.884
f 264 263 262 261
f 257 258 262 261
f 258 259 263 262
f 259 260 264 263
f 260 257 261 264
v -191.765 0.529 -69.149
v -181.976 0.529 -85.340
v -174.155 0.529 -80.611
v -183.944 0.529 -64.420
v -191.765 4.429 -69.149
v -181.976 4.429 -85.340
v -174.155 4.429 -80.611
v -183.944 4.429 -64.420
f 272 271 270 269
f 265 266 270 269
f 266 267 271 270
f 267 268 272 271
f 268 265 269 272
v -227.409 0.673 -65.195
v -223.533 0.673 -71.132
v -218.191 0.673 -67.645
v -222.067 0.673 -61.708
v -227.409 4.573 -65.195
v -223.533 4.573 -71.132
v -218.191 4.573 -67.645
v -222.067 4.573 -61.708
f 280 279 278 277
f 273 274 278 277
f 274 275 279 278
f 275 276 280 279
f 276 273 277 280
v -96.713 0.713 -135.859
v -93.664 0.713 -116.579
v -112.747 0.713 -113.561
v -115.796 0.713 -132.841
v -96.713 4.613 -135.859
v -93.664 4.613 -116.579
v -112.747 4.613 -113.561
v -115.796 4.613 -132.841
f 288 287 286 285
f 281 282 286 285
f 282 283 287 286
f 283 284 288 287
f 284 281 285 288
v -128.998 0.559 -113.702
v -119.120 0.559 -130.026
v -108.562 0.559 -123.638
v -118.440 0.559 -107.314
v -128.998 4.459 -113.702
v -119.120 4.459 -130.026
v -108.562 4.459 -123.638
v -118.440 4.459 -107.314
f 296 295 294 293
f 289 290 294 293
f 290 291 295 294
f 291 292 296 295
f 292 289 293 296
v -138.690 0.852 -128.552
v -133.866 0.852 -136.233
v -127.870 0.852 -132.468
v -132.694 0.852 -124.787
v -138.690 4.752 -128.552
v -133.866 4.752 -136.233
v -127.870 4.752 -132.468
v -132.694 4.752 -124.787
f 304 303 302 301
f 297 298 302 301
f 298 299 303 302
f 299 300 304 303
f 300 297 301 304
v -131.791 0.849 -72.134
v -111.917 0.849 -57.789
v -123.049 0.849 -42.366
v -142.923 0.849 -56.711
v -131.791 4.749 -72.134
v -111.917 4.749 -57.789
v -123.049 4.749 -42.366
v -142.923 4.749 -56.711
f 312 311 310 309
f 305 306 310 309
f 306 307 311 310
f 307 308 312 311
f 308 305 309 312
v -157.852 0.691 -39.111
v -155.860 0.691 -56.467
v -137.928 0.691 -54.409
v -139.920 0.691 -37.053
v -157.852 4.591 -39.111
v -155.860 4.591 -56.467
v -137.928 4.591 -54.409
v -139.920 4.591 -37.053
f 320 319 318 317
f 313 314 318 317
f 314 315 319 318
f 315 316 320 319
f 316 313 317 320
v -171.902 0.797 -40.055
v -158.517 0.797 -50.389
v -147.798 0.797 -36.505
v -161.183 0.797 -26.171
v -171.902 4.697 -40.055
v -158.517 4.697 -50.389
v -147.798 4.697 -36.505
v -161.183 4.697 -26.171
f 328 327 326 325
f 321 322 326 325
f 322 323 327 326
f 323 324 328 327
f 324 321 325 328
v -183.908 0.899 -14.254
v -183.832 0.899 -40.134
v -167.792 0.899 -40.086
v -167.868 0.899 -14.206
v -183.908 4.799 -14.254
v -183.832 4.799 -40.134
v -167.792 4.799 -40.086
v -167.868 4.799 -14.206
f 336 335 334 333
f 329 330 334 333
f 330 331 335 334
f 331 332 336 335
f 332 329 333 336
v -101.182 0.726 -101.816
v -82.402 0.726 -89.369
v -88.358 0.726 -80.384
v -107.138 0.726 -92.831
v -101.182 4.626 -101.816
v -82.402 4.626 -89.369
v -88.358 4.626 -80.384
v -107.138 4.626 -92.831
f 344 343 342 341
f 337 338 342 341
f 338 339 343 342
f 339 340 344 343
f 340 337 341 344
v -69.524 1.175 -115.765
v -49.024 1.175 -103.151
v -58.756 1.175 -87.335
v -79.256 1.175 -99.949
v -69.524 5.075 -115.765
v -49.024 5.075 -103.151
v -58.756 5.075 -87.335
v -79.256 5.075 -99.949
f 352 351 350 349
f 345 346 350 349
f 346 347 351 350
f 347 348 352 351
f 348 345 349 352
v -88.146 0.875 -88.567
v -76.173 0.875 -72.521
v -89.854 0.875 -62.313
v -101.827 0.875 -78.359
v -88.146 4.775 -88.567
v -76.173 4.775 -72.521
v -89.854 4.775 -62.313
v -101.827 4.775 -78.359
f 360 359 358 357
f 353 354 358 357
f 354 355 359 358
f 355 356 360 359
f 356 353 357 360
v -92.022 0.950 -51.895
v -81.844 0.950 -71.229
v -70.818 0.950 -65.425
v -80.996 0.950 -46.091
v -92.022 4.850 -51.895
v -81.844 4.850 -71.229
v -70.818 4.850 -65.425
v -80.996 4.850 -46.091
f 368 367 366 365
f 361 362 366 365
f 362 363 367 366
f 363 364 368 367
f 364 361 365 368
v -75.478 0.714 -57.798
v -62.467 0.714 -79.251
v -52.822 0.714 -73.402
v -65.833 0.714 -51.949
v -75.478 4.614 -57.798
v -62.467 4.614 -79.251
v -52.822 4.614 -73.402
v -65.833 4.614 -51.949
f 376 375 374 373
f 369 370 374 373
f 370 371 375 374
f 371 372 376 375
f 372 369 373 376
v -54.769 1.083 -75.277
v -45.476 1.083 -93.381
v -33.831 1.083 -87.403
v -43.124 1.083 -69.299
v -54.769 4.983 -75.277
v -45.476 4.983 -93.381
v -33.831 4.983 -87.403
v -43.124 4.983 -69.299
f 384 383 382 381
f 377 378 382 381
f 378 379 383 382
f 379 380 384 383
f 380 377 381 384
v -42.212 0.875 -117.748
v -30.821 0.875 -134.090
v -23.708 0.875 -129.132
v -35.099 0.875 -112.790
v -42.212 4.775 -117.748
v -30.821 4.775 -134.090
v -23.708 4.775 -129.132
v -35.099 4.775 -112.790
f 392 391 390 389
f 385 386 390 389
f 386 387 391 390
f 387 388 392 391
f 388 385 389 392
v -29.201 0.883 -130.933
v -20.612 0.883 -142.653
v -12.199 0.883 -136.487
v -20.788 0.883 -124.767
v -29.201 4.783 -130.933
v -20.612 4.783 -142.653
v -12.199 4.783 -136.487
v -20.788 4.783 -124.767
f 400 399 398 397
f 393 394 398 397
f 394 395 399 398
f 395 396 400 399
f 396 393 397 400
v -11.622 0.909 -126.491
v -1.105 0.909 -119.866
v -7.038 0.909 -110.449
v -17.555 0.909 -117.074
v -11.622 4.809 -126.491
v -1.105 4.809 -119.866
v -7.038 4.809 -110.449
v -17.555 4.809 -117.074
f 408 407 406 405
f 401 402 406 405
f 402 403 407 406
f 403 404 408 407
f 404 401 405 408
v -28.312 -0.300 -101.716
v -4.848 -0.300 -113.169
v 3.052 -0.300 -96.984
v -20.412 -0.300 -85.531
v -28.312 3.600 -101.716
v -4.848 3.600 -113.169
v 3.052 3.600 -96.984
v -20.412 3.600 -85.531
f 416 415 414 413
f 409 410 414 413
f 410 411 415 414
f 411 412 416 415
f 412 409 413 416
v -40.901 1.085 -85.350
v -28.449 1.085 -101.860
v -19.419 1.085 -95.050
v -31.871 1.085 -78.540
v -40.901 4.985 -85.350
v -28.449 4.985 -101.860
v -19.419 4.985 -95.050
v -31.871 4.985 -78.540
f 424 423 422 421
f 417 418 422 421
f 418 419 423 422
f 419 420 424 423
f 420 417 421 424
v 14.157 1.143 -37.130
v 25.627 1.143 -52.202
v 32.343 1.143 -47.090
v 20.873 1.143 -32.018
v 14.157 5.043 -37.130
v 25.627 5.043 -52.202
v 32.343 5.043 -47.090
v 20.873 5.043 -32.018
f 432 431 430 429
f 425 426 430 429
f 426 427 431 430
f 427 428 432 431
f 428 425 429 432
v -2.994 1.207 -75.079
v 14.380 1.207 -62.500
v 7.214 1.207 -52.601
v -10.160 1.207 -65.180
v -2.994 5.107 -75.079
v 14.380 5.107 -62.500
v 7.214 5.107 -52.601
v -10.160 5.107 -65.180
f 440 439 438 437
f 433 434 438 437
f 434 435 439 438
f 435 436 440 439
f 436 433 437 440
v -28.588 1.034 -41.222
v -18.751 1.034 -56.759
v -7.852 1.034 -49.858
v -17.689 1.034 -34.321
v -28.588 4.934 -41.222
v -18.751 4.934 -56.759
v -7.852 4.934 -49.858
v -17.689 4.934 -34.321
f 448 447 446 445
f 441 442 446 445
f 442 443 447 446
f 443 444 448 447
f 444 441 445 448
v -48.342 0.967 -26.120
v -40.539 0.967 -36.742
v -32.858 0.967 -31.100
v -40.661 0.967 -20.478
v -48.342 4.867 -26.120
v -40.539 4.867 -36.742
v -32.858 4.867 -31.100
v -40.661 4.867 -20.478
f 456 455 454 453
f 449 450 454 453
f 450 451 455 454
f 451 452 456 455
f 452 449 453 456
v -46.046 0.761 4.337
v -39.092 0.761 -6.015
v -31.414 0.761 -0.857
v -38.368 0.761 9.495
v -46.046 4.661 4.337
v -39.092 4.661 -6.015
v -31.414 4.661 -0.857
v -38.368 4.661 9.495
f 464 463 462 461
f 457 458 462 461
f 458 459 463 462
f 459 460 464 463
f 460 457 461 464
v -24.248 1.322 -30.134
v 4.313 1.322 -27.760
v 2.488 1.322 -5.806
v -26.073 1.322 -8.180
v -24.248 5.222 -30.134
v 4.313 5.222 -27.760
v 2.488 5.222 -5.806
v -26.073 5.222 -8.180
f 472 471 470 469
f 465 466 470 469
f 466 467 471 470
f 467 468 472 471
f 468 465 469 472
v 3.613 0.927 -31.455
v 11.256 0.927 -41.996
v 20.567 0.927 -35.245
v 12.924 0.927 -24.704
v 3.613 4.827 -31.455
v 11.256 4.827 -41.996
v 20.567 4.827 -35.245
v 12.924 4.827 -24.704
f 480 479 478 477
f 473 474 478 477
f 474 475 479 478
f 475 476 480 479
f 476 473 477 480
v 68.764 0.811 51.307
v 82.684 0.811 61.084
v 75.976 0.811 70.633
v 62.056 0.811 60.856
v 68.764 4.711 51.307
v 82.684 4.711 61.084
v 75.976 4.711 70.633
v 62.056 4.711 60.856
f 488 487 486 485
f 481 482 486 485
f 482 483 487 486
f 483 484 488 487
f 484 481 485 488
v 29.454 0.620 75.412
v 46.644 0.620 77.359
v 45.026 0.620 91.648
v 27.836 0.620 89.701
v 29.454 4.520 75.412
v 46.644 4.520 77.359
v 45.026 4.520 91.648
v 27.836 4.520 89.701
f 496 495 494 493
f 489 490 494 493
f 490 491 495 494
f 491 492 496 495
f 492 489 493 496
v 48.854 0.755 76.149
v 58.208 0.755 63.853
v 66.986 0.755 70.531
v 57.632 0.755 82.827
v 48.854 4.655 76.149
v 58.208 4.655 63.853
v 66.986 4.655 70.531
v 57.632 4.655 82.827
f 504 503 502 501
f 497 498 502 501
f 498 499 503 502
f 499 500 504 503
f 500 497 501 504
v -40.118 0.972 134.583
v -30.409 0.972 122.591
v -20.842 0.972 130.337
v -30.551 0.972 142.329
v -40.118 4.872 134.583
v -30.409 4.872 122.591
v -20.842 4.872 130.337
v -30.551 4.872 142.329
f 512 511 510 509
f 505 506 510 509
f 506 507 511 510
f 507 508 512 511
f 508 505 509 512
v -76.722 0.765 195.068
v -68.731 0.765 180.792
v -57.798 0.765 186.912
v -65.789 0.765 201.188
v -76.722 4.665 195.068
v -68.731 4.665 180.792
v -57.798 4.665 186.912
v -65.789 4.665 201.188
f 520 519 518 517
f 513 514 518 517
f 514 515 519 518
f 515 516 520 519
f 516 513 517 520
v 13.304 0.485 211.684
v 31.741 0.485 207.856
v 34.856 0.485 222.856
v 16.419 0.485 226.684
v 13.304 4.385 211.684
v 31.741 4.385 207.856
v 34.856 4.385 222.856
v 16.419 4.385 226.684
f 528 527 526 525
f 521 522 526 525
f 522 523 527 526
f 523 524 528 527
f 524 521 525 528
v 54.585 0.605 240.628
v 60.376 0.605 258.514
v 46.115 0.605 263.132
v 40.324 0.605 245.246
v 54.585 4.505 240.628
v 60.376 4.505 258.514
v 46.115 4.505 263.132
v 40.324 4.505 245.246
f 536 535 534 533
f 529 530 534 533
f 530 531 535 534
f 531 532 536 535
f 532 529 533 536
v 63.220 0.514 236.452
v 77.787 0.514 218.861
v 89.340 0.514 228.428
v 74.773 0.514 246.019
v 63.220 4.414 236.452
v 77.787 4.414 218.861
v 89.340 4.414 228.428
v 74.773 4.414 246.019
f 544 543 542 541
f 537 538 542 541
f 538 539 543 542
f 539 540 544 543
f 540 537 541 544
v 226.965 0.536 236.395
v 240.160 0.536 248.958
v 233.775 0.536 255.665
v 220.580 0.536 243.102
v 226.965 4.436 236.395
v 240.160 4.436 248.958
v 233.775 4.436 255.665
v 220.580 4.436 243.102
f 552 551 550 549
f 545 546 550 549
f 546 547 551 550
f 547 548 552 551
f 548 545 549 552
v -239.860 0.861 216.865
v -229.226 0.861 201.410
v -221.020 0.861 207.055
v -231.654 0.861 222.510
v -239.860 4.761 216.865
v -229.226 4.761 201.410
v -221.020 4.761 207.055
v -231.654 4.761 222.510
f 560 559 558 557
f 553 554 558 557
f 554 555 559 558
f 555 556 560 559
f 556 553 557 560
v -260.424 0.956 183.103
v -236.211 0.956 173.908
v -228.796 0.956 193.437
v -253.009 0.956 202.632
v -260.424 4.856 183.103
v -236.211 4.856 173.908
v -228.796 4.856 193.437
v -253.009 4.856 202.632
f 568 567 566 565
f 561 562 566 565
f 562 563 567 566
f 563 564 568 567
f 564 561 565 568
v 135.525 1.129 -76.666
v 146.509 1.129 -69.676
v 140.475 1.129 -60.194
v 129.491 1.129 -67.184
v 135.525 5.029 -76.666
v 146.509 5.029 -69.676
v 140.475 5.029 -60.194
v 129.491 5.029 -67.184
f 576 575 574 573
f 569 570 574 573
f 570 571 575 574
f 571 572 576 575
f 572 569 573 576
v 109.385 0.762 -53.141
v 119.675 0.762 -66.484
v 128.655 0.762 -59.559
v 118.365 0.762 -46.216
v 109.385 4.662 -53.141
v 119.675 4.662 -66.484
v 128.655 4.662 -59.559
v 118.365 4.662 -46.216
f 584 583 582 581
f 577 578 582 581
f 578 579 583 582
f 579 580 584 583
f 580 577 581 584
v 142.318 0.652 -52.287
v 147.614 0.652 -58.665
v 153.722 0.652 -53.593
v 148.426 0.652 -47.215
v 142.318 4.552 -52.287
v 147.614 4.552 -58.665
v 153.722 4.552 -53.593
v 148.426 4.552 -47.215
f 592 591 590 589
f 585 586 590 589
f 586 587 591 590
f 587 588 592 591
f 588 585 589 592
v 148.763 0.875 -41.418
v 154.814 0.875 -50.073
v 162.297 0.875 -44.842
v 156.246 0.875 -36.187
v 148.763 4.775 -41.418
v 154.814 4.775 -50.073
v 162.297 4.775 -44.842
v 156.246 4.775 -36.187
f 600 599 598 597
f 593 594 598 597
f 594 595 599 598
f 595 596 600 599
f 596 593 597 600
v 138.324 0.876 -35.499
v 144.038 0.876 -44.711
v 151.856 0.876 -39.861
v 146.142 0.876 -30.649
v 138.324 7.176 -35.499
v 144.038 7.176 -44.711
v 151.856 7.176 -39.861
v 146.142 7.176 -30.649
f 608 607 606 605
f 601 602 606 605
f 602 603 607 606
f 603 604 608 607
f 604 601 605 608
v 123.021 0.845 -28.483
v 133.420 0.845 -42.645
v 141.739 0.845 -36.537
v 131.340 0.845 -22.375
v 123.021 4.745 -28.483
v 133.420 4.745 -42.645
v 141.739 4.745 -36.537
v 131.340 4.745 -22.375
f 616 615 614 613
f 609 610 614 613
f 610 611 615 614
f 611 612 616 615
f 612 609 613 616
v 116.634 1.014 -23.125
v 123.670 1.014 -32.993
v 129.866 1.014 -28.575
v 122.830 1.014 -18.707
v 116.634 4.914 -23.125
v 123.670 4.914 -32.993
v 129.866 4.914 -28.575
v 122.830 4.914 -18.707
f 624 623 622 621
f 617 618 622 621
f 618 619 623 622
f 619 620 624 623
f 620 617 621 624
v 105.806 1.040 -18.577
v 111.387 1.040 -27.541
v 118.034 1.040 -23.403
v 112.453 1.040 -14.439
v 105.806 4.940 -18.577
v 111.387 4.940 -27.541
v 118.034 4.940 -23.403
v 112.453 4.940 -14.439
f 632 631 630 629
f 625 626 630 629
f 626 627 631 630
f 627 628 632 631
f 628 625 629 632
v 26.016 1.137 -44.848
v 36.151 1.137 -60.979
v 43.484 1.137 -56.372
v 33.349 1.137 -40.241
v 26.016 5.037 -44.848
v 36.151 5.037 -60.979
v 43.484 5.037 -56.372
v 33.349 5.037 -40.241
f 640 639 638 637
f 633 634 638 637
f 634 635 639 638
f 635 636 640 639
f 636 633 637 640
v 188.105 0.863 -27.064
v 195.061 0.863 -37.353
v 202.335 0.863 -32.436
v 195.379 0.863 -22.147
v 188.105 4.763 -27.064
v 195.061 4.763 -37.353
v 202.335 4.763 -32.436
v 195.379 4.763 -22.147
f 648 647 646 645
f 641 642 646 645
f 642 643 647 646
f 643 644 648 647
f 644 641 645 648
v 203.676 0.612 -0.967
v 212.837 0.612 -14.774
v 220.104 0.612 -9.953
v 210.943 0.612 3.854
v 203.676 4.512 -0.967
v 212.837 4.512 -14.774
v 220.104 4.512 -9.953
v 210.943 4.512 3.854
f 656 655 654 653
f 649 650 654 653
f 650 651 655 654
f 651 652 656 655
f 652 649 653 656
v 193.107 0.651 7.830
v 205.189 0.651 -8.408
v 213.573 0.651 -2.170
v 201.491 0.651 14.068
v 193.107 4.551 7.830
v 205.189 4.551 -8.408
v 213.573 4.551 -2.170
v 201.491 4.551 14.068
f 664 663 662 661
f 657 658 662 661
f 658 659 663 662
f 659 660 664 663
f 660 657 661 664
v 215.433 0.784 -66.078
v 230.193 0.784 -55.793
v 224.527 0.784 -47.662
v 209.767 0.784 -57.947
v 215.433 4.684 -66.078
v 230.193 4.684 -55.793
v 224.527 4.684 -47.662
v 209.767 4.684 -57.947
f 672 671 670 669
f 665 666 670 669
f 666 667 671 670
f 667 668 672 671
f 668 665 669 672
v 240.216 0.800 -239.007
v 253.090 0.800 -257.326
v 259.284 0.800 -252.973
v 246.410 0.800 -234.654
v 240.216 4.700 -239.007
v 253.090 4.700 -257.326
v 259.284 4.700 -252.973
v 246.410 4.700 -234.654
f 680 679 678 677
f 673 674 678 677
f 674 675 679 678
f 675 676 680 679
f 676 673 677 680
v 233.468 0.730 -238.579
v 242.234 0.730 -251.616
v 247.612 0.730 -248.001
v 238.846 0.730 -234.964
v 233.468 4.630 -238.579
v 242.234 4.630 -251.616
v 247.612 4.630 -248.001
v 238.846 4.630 -234.964
f 688 687 686 685
f 681 682 686 685
f 682 683 687 686
f 683 684 688 687
f 684 681 685 688
v 226.110 1.057 -234.100
v 235.388 1.057 -246.753
v 240.750 1.057 -242.820
v 231.472 1.057 -230.167
v 226.110 4.957 -234.100
v 235.388 4.957 -246.753
v 240.750 4.957 -242.820
v 231.472 4.957 -230.167
f 696 695 694 693
f 689 690 694 693
f 690 691 695 694
f 691 692 696 695
f 692 689 693 696
v 126.130 1.358 -240.899
v 162.488 1.358 -215.695
v 151.470 1.358 -199.801
v 115.112 1.358 -225.005
v 126.130 7.158 -240.899
v 162.488 7.158 -215.695
v 151.470 7.158 -199.801
v 115.112 7.158 -225.005
f 704 703 702 701
f 697 698 702 701
f 698 699 703 702
f 699 700 704 703
f 700 697 701 704
v 86.271 0.948 -228.916
v 96.847 0.948 -243.308
v 105.969 0.948 -236.604
v 95.393 0.948 -222.212
v 86.271 4.848 -228.916
v 96.847 4.848 -243.308
v 105.969 4.848 -236.604
v 95.393 4.848 -222.212
f 712 711 710 709
f 705 706 710 709
f 706 707 711 710
f 707 708 712 711
f 708 705 709 712
v 97.080 0.747 -240.178
v 104.693 0.747 -250.852
v 111.100 0.747 -246.282
v 103.487 0.747 -235.608
v 97.080 4.647 -240.178
v 104.693 4.647 -250.852
v 111.100 4.647 -246.282
v 103.487 4.647 -235.608
f 720 719 718 717
f 713 714 718 717
f 714 715 719 718
f 715 716 720 719
f 716 713 717 720
v 106.017 0.719 -241.730
v 123.479 0.719 -264.356
v 134.863 0.719 -255.570
v 117.401 0.719 -232.944
v 106.017 4.619 -241.730
v 123.479 4.619 -264.356
v 134.863 4.619 -255.570
v 117.401 4.619 -232.944
f 728 727 726 725
f 721 722 726 725
f 722 723 727 726
f 723 724 728 727
f 724 721 725 728
v 232.010 0.794 -101.344
v 249.063 0.794 -81.400
v 233.550 0.794 -68.136
v 216.497 0.794 -88.080
v 232.010 4.694 -101.344
v 249.063 4.694 -81.400
v 233.550 4.694 -68.136
v 216.497 4.694 -88.080
f 736 735 734 733
f 729 730 734 733
f 730 731 735 734
f 731 732 736 735
f 732 729 733 736
v 207.429 0.616 -78.295
v 219.911 0.616 -68.142
v 211.291 0.616 -57.545
v 198.809 0.616 -67.698
v 207.429 4.516 -78.295
v 219.911 4.516 -68.142
v 211.291 4.516 -57.545
v 198.809 4.516 -67.698
f 744 743 742 741
f 737 738 742 741
f 738 739 743 742
f 739 740 744 743
f 740 737 741 744
v 191.128 0.825 -88.723
v 212.269 0.825 -89.843
v 213.192 0.825 -72.417
v 192.051 0.825 -71.297
v 191.128 4.725 -88.723
v 212.269 4.725 -89.843
v 213.192 4.725 -72.417
v 192.051 4.725 -71.297
f 752 751 750 749
f 745 746 750 749
f 746 747 751 750
f 747 748 752 751
f 748 745 749 752
v 186.869 0.921 -101.169
v 198.487 0.921 -116.792
v 205.131 0.921 -111.851
v 193.513 0.921 -96.228
v 186.869 4.821 -101.169
v 198.487 4.821 -116.792
v 205.131 4.821 -111.851
v 193.513 4.821 -96.228
f 760 759 758 757
f 753 754 758 757
f 754 755 759 758
f 755 756 760 759
f 756 753 757 760
v 175.088 0.877 -94.113
v 179.070 0.877 -114.590
v 192.352 0.877 -112.007
v 188.370 0.877 -91.530
v 175.088 4.777 -94.113
v 179.070 4.777 -114.590
v 192.352 4.777 -112.007
v 188.370 4.777 -91.530
f 768 767 766 765
f 761 762 766 765
f 762 763 767 766
f 763 764 768 767
f 764 761 765 768
v 189.982 0.384 -97.626
v 195.124 0.384 -94.572
v 192.678 0.384 -90.454
v 187.536 0.384 -93.508
v 189.982 4.284 -97.626
v 195.124 4.284 -94.572
v 192.678 4.284 -90.454
v 187.536 4.284 -93.508
f 776 775 774 773
f 769 770 774 773
f 770 771 775 774
f 771 772 776 775
f 772 769 773 776
v 151.298 1.005 -68.231
v 151.503 1.005 -91.320
v 168.562 1.005 -91.169
v 168.357 1.005 -68.080
v 151.298 4.905 -68.231
v 151.503 4.905 -91.320
v 168.562 4.905 -91.169
v 168.357 4.905 -68.080
f 784 783 782 781
f 777 778 782 781
f 778 779 783 782
f 779 780 784 783
f 780 777 781 784
v 156.439 0.931 -69.624
v 179.439 0.931 -65.319
v 176.021 0.931 -47.056
v 153.021 0.931 -51.361
v 156.439 4.831 -69.624
v 179.439 4.831 -65.319
v 176.021 4.831 -47.056
v 153.021 4.831 -51.361
f 792 791 790 789
f 785 786 790 789
f 786 787 791 790
f 787 788 792 791
f 788 785 789 792
v 237.161 0.977 -48.775
v 249.129 0.977 -31.325
v 236.239 0.977 -22.485
v 224.271 0.977 -39.935
v 237.161 4.877 -48.775
v 249.129 4.877 -31.325
v 236.239 4.877 -22.485
v 224.271 4.877 -39.935
f 800 799 798 797
f 793 794 798 797
f 794 795 799 798
f 795 796 800 799
f 796 793 797 800
v 163.170 0.681 -4.848
v 172.636 0.681 -23.583
v 186.550 0.681 -16.552
v 177.084 0.681 2.183
v 163.170 4.581 -4.848
v 172.636 4.581 -23.583
v 186.550 4.581 -16.552
v 177.084 4.581 2.183
f 808 807 806 805
f 801 802 806 805
f 802 803 807 806
f 803 804 808 807
f 804 801 805 808
v 178.884 0.642 10.585
v 187.734 0.642 -5.501
v 199.396 0.642 0.915
v 190.546 0.642 17.001
v 178.884 4.542 10.585
v 187.734 4.542 -5.501
v 199.396 4.542 0.915
v 190.546 4.542 17.001
f 816 815 814 813
f 809 810 814 813
f 810 811 815 814
f 811 812 816 815
f 812 809 813 816
v 141.009 0.713 -9.974
v 164.849 0.713 -17.057
v 171.371 0.713 4.894
v 147.531 0.713 11.977
v 141.009 4.613 -9.974
v 164.849 4.613 -17.057
v 171.371 4.613 4.894
v 147.531 4.613 11.977
f 824 823 822 821
f 817 818 822 821
f 818 819 823 822
f 819 820 824 823
f 820 817 821 824
v 161.866 0.428 23.768
v 173.842 0.428 5.326
v 191.714 0.428 16.932
v 179.738 0.428 35.374
v 161.866 4.328 23.768
v 173.842 4.328 5.326
v 191.714 4.328 16.932
v 179.738 4.328 35.374
f 832 831 830 829
f 825 826 830 829
f 826 827 831 830
f 827 828 832 831
f 828 825 829 832
v 153.028 0.360 39.187
v 160.963 0.360 21.199
v 171.512 0.360 25.853
v 163.577 0.360 43.841
v 153.028 4.260 39.187
v 160.963 4.260 21.199
v 171.512 4.260 25.853
v 163.577 4.260 43.841
f 840 839 838 837
f 833 834 838 837
f 834 835 839 838
f 835 836 840 839
f 836 833 837 840
v 139.948 0.711 -4.644
v 153.227 0.711 8.180
v 142.272 0.711 19.524
v 128.993 0.711 6.700
v 139.948 4.611 -4.644
v 153.227 4.611 8.180
v 142.272 4.611 19.524
v 128.993 4.611 6.700
f 848 847 846 845
f 841 842 846 845
f 842 843 847 846
f 843 844 848 847
f 844 841 845 848
v 123.135 0.725 8.965
v 136.633 0.725 18.174
v 129.865 0.725 28.095
v 116.367 0.725 18.886
v 123.135 4.625 8.965
v 136.633 4.625 18.174
v 129.865 4.625 28.095
v 116.367 4.625 18.886
f 856 855 854 853
f 849 850 854 853
f 850 851 855 854
f 851 852 856 855
f 852 849 853 856
v 107.990 0.793 33.103
v 116.474 0.793 20.539
v 122.010 0.793 24.277
v 113.526 0.793 36.841
v 107.990 4.693 33.103
v 116.474 4.693 20.539
v 122.010 4.693 24.277
v 113.526 4.693 36.841
f 864 863 862 861
f 857 858 862 861
f 858 859 863 862
f 859 860 864 863
f 860 857 861 864
v 242.532 0.639 8.606
v 254.949 0.639 -11.440
v 263.688 0.639 -6.026
v 251.271 0.639 14.020
v 242.532 4.539 8.606
v 254.949 4.539 -11.440
v 263.688 4.539 -6.026
v 251.271 4.539 14.020
f 872 871 870 869
f 865 866 870 869
f 866 867 871 870
f 867 868 872 871
f 868 865 869 872
v 243.104 0.596 69.584
v 245.841 0.596 41.809
v 263.356 0.596 43.536
v 260.619 0.596 71.311
v 243.104 4.496 69.584
v 245.841 4.496 41.809
v 263.356 4.496 43.536
v 260.619 4.496 71.311
f 880 879 878 877
f 873 874 878 877
f 874 875 879 878
f 875 876 880 879
f 876 873 877 880
v 230.071 0.520 75.816
v 238.376 0.520 58.007
v 252.949 0.520 64.804
v 244.644 0.520 82.613
v 230.071 4.420 75.816
v 238.376 4.420 58.007
v 252.949 4.420 64.804
v 244.644 4.420 82.613
f 888 887 886 885
f 881 882 886 885
f 882 883 887 886
f 883 884 888 887
f 884 881 885 888
v 215.675 0.367 81.270
v 227.832 0.367 68.323
v 238.745 0.367 78.570
v 226.588 0.367 91.517
v 215.675 4.267 81.270
v 227.832 4.267 68.323
v 238.745 4.267 78.570
v 226.588 4.267 91.517
f 896 895 894 893
f 889 890 894 893
f 890 891 895 894
f 891 892 896 895
f 892 889 893 896
v 202.495 0.698 88.057
v 219.136 0.698 77.254
v 227.685 0.698 90.423
v 211.044 0.698 101.226
v 202.495 4.598 88.057
v 219.136 4.598 77.254
v 227.685 4.598 90.423
v 211.044 4.598 101.226
f 904 903 902 901
f 897 898 902 901
f 898 899 903 902
f 899 900 904 903
f 900 897 901 904
v 194.730 0.633 103.689
v 200.314 0.633 91.640
v 210.050 0.633 96.151
v 204.466 0.633 108.200
v 194.730 4.533 103.689
v 200.314 4.533 91.640
v 210.050 4.533 96.151
v 204.466 4.533 108.200
f 912 911 910 909
f 905 906 910 909
f 906 907 911 910
f 907 908 912 911
f 908 905 909 912
v 177.612 0.686 115.262
v 187.383 0.686 94.850
v 201.688 0.686 101.698
v 191.917 0.686 122.110
v 177.612 4.586 115.262
v 187.383 4.586 94.850
v 201.688 4.586 101.698
v 191.917 4.586 122.110
f 920 919 918 917
f 913 914 918 917
f 914 915 919 918
f 915 916 920 919
f 916 913 917 920
v 168.181 0.550 118.572
v 175.551 0.550 106.622
v 184.999 0.550 112.448
v 177.629 0.550 124.398
v 168.181 4.450 118.572
v 175.551 4.450 106.622
v 184.999 4.450 112.448
v 177.629 4.450 124.398
f 928 927 926 925
f 921 922 926 925
f 922 923 927 926
f 923 924 928 927
f 924 921 925 928
v 147.072 0.450 96.529
v 160.447 0.450 76.013
v 171.488 0.450 83.211
v 158.113 0.450 103.727
v 147.072 4.350 96.529
v 160.447 4.350 76.013
v 171.488 4.350 83.211
v 158.113 4.350 103.727
f 936 935 934 933
f 929 930 934 933
f 930 931 935 934
f 931 932 936 935
f 932 929 933 936
v 157.639 0.354 79.694
v 170.365 0.354 66.502
v 180.361 0.354 76.146
v 167.635 0.354 89.338
v 157.639 4.254 79.694
v 170.365 4.254 66.502
v 180.361 4.254 76.146
v 167.635 4.254 89.338
f 944 943 942 941
f 937 938 942 941
f 938 939 943 942
f 939 940 944 943
f 940 937 941 944
v 174.813 0.605 68.909
v 181.818 0.605 58.508
v 191.207 0.605 64.831
v 184.202 0.605 75.232
v 174.813 4.505 68.909
v 181.818 4.505 58.508
v 191.207 4.505 64.831
v 184.202 4.505 75.232
f 952 951 950 949
f 945 946 950 949
f 946 947 951 950
f 947 948 952 951
f 948 945 949 952
v 186.870 0.568 63.489
v 192.436 0.568 50.414
v 205.630 0.568 56.031
v 200.064 0.568 69.106
v 186.870 4.468 63.489
v 192.436 4.468 50.414
v 205.630 4.468 56.031
v 200.064 4.468 69.106
f 960 959 958 957
f 953 954 958 957
f 954 955 959 958
f 955 956 960 959
f 956 953 957 960
v 201.840 0.457 39.363
v 216.883 0.457 43.891
v 212.920 0.457 57.057
v 197.877 0.457 52.529
v 201.840 4.357 39.363
v 216.883 4.357 43.891
v 212.920 4.357 57.057
v 197.877 4.357 52.529
f 968 967 966 965
f 961 962 966 965
f 962 963 967 966
f 963 964 968 967
f 964 961 965 968
v 226.793 0.449 33.737
v 232.853 0.449 22.078
v 243.367 0.449 27.543
v 237.307 0.449 39.202
v 226.793 4.349 33.737
v 232.853 4.349 22.078
v 243.367 4.349 27.543
v 237.307 4.349 39.202
f 976 975 974 973
f 969 970 974 973
f 970 971 975 974
f 971 972 976 975
f 972 969 973 976
v 212.489 0.578 40.378
v 223.875 0.578 29.685
v 233.151 0.578 39.562
v 221.765 0.578 50.255
v 212.489 4.478 40.378
v 223.875 4.478 29.685
v 233.151 4.478 39.562
v 221.765 4.478 50.255
f 984 983 982 981
f 977 978 982 981
f 978 979 983 982
f 979 980 984 983
f 980 977 981 984
v 233.121 0.195 225.332
v 241.293 0.195 199.777
v 256.399 0.195 204.608
v 248.227 0.195 230.163
v 233.121 4.095 225.332
v 241.293 4.095 199.777
v 256.399 4.095 204.608
v 248.227 4.095 230.163
f 992 991 990 989
f 985 986 990 989
f 986 987 991 990
f 987 988 992 991
f 988 985 989 992
v 202.276 0.855 217.809
v 231.703 0.855 234.860
v 220.884 0.855 253.531
v 191.457 0.855 236.480
v 202.276 6.655 217.809
v 231.703 6.655 234.860
v 220.884 6.655 253.531
v 191.457 6.655 236.480
f 1000 999 998 997
f 993 994 998 997
f 994 995 999 998
f 995 996 1000 999
f 996 993 997 1000
v 198.425 0.490 172.136
v 225.441 0.490 162.016
v 231.415 0.490 177.964
v 204.399 0.490 188.084
v 198.425 4.390 172.136
v 225.441 4.390 162.016
v 231.415 4.390 177.964
v 204.399 4.390 188.084
f 1008 1007 1006 1005
f 1001 1002 1006 1005
f 1002 1003 1007 1006
f 1003 1004 1008 1007
f 1004 1001 1005 1008
v 221.723 0.568 169.784
v 230.731 0.568 152.411
v 247.057 0.568 160.876
v 238.049 0.568 178.249
v 221.723 4.468 169.784
v 230.731 4.468 152.411
v 247.057 4.468 160.876
v 238.049 4.468 178.249
f 1016 1015 1014 1013
f 1009 1010 1014 1013
f 1010 1011 1015 1014
f 1011 1012 1016 1015
f 1012 1009 1013 1016
v 247.415 0.381 148.438
v 261.702 0.381 156.673
v 255.345 0.381 167.702
v 241.058 0.381 159.467
v 247.415 4.281 148.438
v 261.702 4.281 156.673
v 255.345 4.281 167.702
v 241.058 4.281 159.467
f 1024 1023 1022 1021
f 1017 1018 1022 1021
f 1018 1019 1023 1022
f 1019 1020 1024 1023
f 1020 1017 1021 1024
v 132.617 0.833 -133.526
v 136.676 0.833 -139.641
v 140.483 0.833 -137.114
v 136.424 0.833 -130.999
v 132.617 4.733 -133.526
v 136.676 4.733 -139.641
v 140.483 4.733 -137.114
v 136.424 4.733 -130.999
f 1032 1031 1030 1029
f 1025 1026 1030 1029
f 1026 1027 1031 1030
f 1027 1028 1032 1031
f 1028 1025 1029 1032
v 116.188 0.969 -153.016
v 127.628 0.969 -138.035
v 111.272 0.969 -125.544
v 99.832 0.969 -140.525
v 116.188 4.869 -153.016
v 127.628 4.869 -138.035
v 111.272 4.869 -125.544
v 99.832 4.869 -140.525
f 1040 1039 1038 1037
f 1033 1034 1038 1037
f 1034 1035 1039 1038
f 1035 1036 1040 1039
f 1036 1033 1037 1040
v 112.694 0.762 -126.147
v 135.632 0.762 -139.477
v 147.606 0.762 -118.873
v 124.668 0.762 -105.543
v 112.694 4.662 -126.147
v 135.632 4.662 -139.477
v 147.606 4.662 -118.873
v 124.668 4.662 -105.543
f 1048 1047 1046 1045
f 1041 1042 1046 1045
f 1042 1043 1047 1046
f 1043 1044 1048 1047
f 1044 1041 1045 1048
v 89.894 1.077 -122.491
v 98.707 1.077 -135.059
v 106.166 1.077 -129.829
v 97.353 1.077 -117.261
v 89.894 4.977 -122.491
v 98.707 4.977 -135.059
v 106.166 4.977 -129.829
v 97.353 4.977 -117.261
f 1056 1055 1054 1053
f 1049 1050 1054 1053
f 1050 1051 1055 1054
f 1051 1052 1056 1055
f 1052 1049 1053 1056
v 90.835 0.923 -7.916
v 99.602 0.923 -23.338
v 111.025 0.923 -16.844
v 102.258 0.923 -1.422
v 90.835 4.823 -7.916
v 99.602 4.823 -23.338
v 111.025 4.823 -16.844
v 102.258 4.823 -1.422
f 1064 1063 1062 1061
f 1057 1058 1062 1061
f 1058 1059 1063 1062
f 1059 1060 1064 1063
f 1060 1057 1061 1064
v 81.950 0.626 -0.262
v 87.355 0.626 -14.672
v 98.750 0.626 -10.398
v 93.345 0.626 4.012
v 81.950 4.526 -0.262
v 87.355 4.526 -14.672
v 98.750 4.526 -10.398
v 93.345 4.526 4.012
f 1072 1071 1070 1069
f 1065 1066 1070 1069
f 1066 1067 1071 1070
f 1067 1068 1072 1071
f 1068 1065 1069 1072
v 69.925 1.257 -15.293
v 78.329 1.257 -40.172
v 95.335 1.257 -34.427
v 86.931 1.257 -9.548
v 69.925 5.157 -15.293
v 78.329 5.157 -40.172
v 95.335 5.157 -34.427
v 86.931 5.157 -9.548
f 1080 1079 1078 1077
f 1073 1074 1078 1077
f 1074 1075 1079 1078
f 1075 1076 1080 1079
f 1076 1073 1077 1080
v 90.896 0.560 49.872
v 100.519 0.560 36.383
v 107.984 0.560 41.708
v 98.361 0.560 55.197
v 90.896 4.460 49.872
v 100.519 4.460 36.383
v 107.984 4.460 41.708
v 98.361 4.460 55.197
f 1088 1087 1086 1085
f 1081 1082 1086 1085
f 1082 1083 1087 1086
f 1083 1084 1088 1087
f 1084 1081 1085 1088
v 80.566 0.488 55.438
v 89.337 0.488 42.320
v 98.074 0.488 48.162
v 89.303 0.488 61.280
v 80.566 4.388 55.438
v 89.337 4.388 42.320
v 98.074 4.388 48.162
v 89.303 4.388 61.280
f 1096 1095 1094 1093
f 1089 1090 1094 1093
f 1090 1091 1095 1094
f 1091 1092 1096 1095
f 1092 1089 1093 1096
v 124.153 0.325 107.268
v 135.761 0.325 91.475
v 145.607 0.325 98.712
v 133.999 0.325 114.505
v 124.153 4.225 107.268
v 135.761 4.225 91.475
v 145.607 4.225 98.712
v 133.999 4.225 114.505
f 1104 1103 1102 1101
f 1097 1098 1102 1101
f 1098 1099 1103 1102
f 1099 1100 1104 1103
f 1100 1097 1101 1104
v 122.639 0.302 101.987
v 129.020 0.302 119.096
v 113.101 0.302 125.033
v 106.720 0.302 107.924
v 122.639 4.202 101.987
v 129.020 4.202 119.096
v 113.101 4.202 125.033
v 106.720 4.202 107.924
f 1112 1111 1110 1109
f 1105 1106 1110 1109
f 1106 1107 1111 1110
f 1107 1108 1112 1111
f 1108 1105 1109 1112
v 134.678 0.390 128.498
v 147.848 0.390 139.009
v 137.462 0.390 152.022
v 124.292 0.390 141.511
v 134.678 4.290 128.498
v 147.848 4.290 139.009
v 137.462 4.290 152.022
v 124.292 4.290 141.511
f 1120 1119 1118 1117
f 1113 1114 1118 1117
f 1114 1115 1119 1118
f 1115 1116 1120 1119
f 1116 1113 1117 1120
v 92.645 0.325 126.824
v 103.256 0.325 112.532
v 115.115 0.325 121.336
v 104.504 0.325 135.628
v 92.645 4.225 126.824
v 103.256 4.225 112.532
v 115.115 4.225 121.336
v 104.504 4.225 135.628
f 1128 1127 1126 1125
f 1121 1122 1126 1125
f 1122 1123 1127 1126
f 1123 1124 1128 1127
f 1124 1121 1125 1128
v 106.999 0.445 147.872
v 127.325 0.445 139.196
v 133.281 0.445 153.148
v 112.955 0.445 161.824
v 106.999 4.345 147.872
v 127.325 4.345 139.196
v 133.281 4.345 153.148
v 112.955 4.345 161.824
f 1136 1135 1134 1133
f 1129 1130 1134 1133
f 1130 1131 1135 1134
f 1131 1132 1136 1135
f 1132 1129 1133 1136
v 80.197 0.321 137.429
v 88.585 0.321 124.705
v 97.543 0.321 130.611
v 89.155 0.321 143.335
v 80.197 4.221 137.429
v 88.585 4.221 124.705
v 97.543 4.221 130.611
v 89.155 4.221 143.335
f 1144 1143 1142 1141
f 1137 1138 1142 1141
f 1138 1139 1143 1142
f 1139 1140 1144 1143
f 1140 1137 1141 1144
v 91.997 0.435 140.138
v 97.043 0.435 143.439
v 94.503 0.435 147.322
v 89.457 0.435 144.021
v 91.997 4.335 140.138
v 97.043 4.335 143.439
v 94.503 4.335 147.322
v 89.457 4.335 144.021
f 1152 1151 1150 1149
f 1145 1146 1150 1149
f 1146 1147 1151 1150
f 1147 1148 1152 1151
f 1148 1145 1149 1152
v 85.499 0.227 149.646
v 89.741 0.227 143.607
v 92.941 0.227 145.854
v 88.699 0.227 151.893
v 85.499 4.127 149.646
v 89.741 4.127 143.607
v 92.941 4.127 145.854
v 88.699 4.127 151.893
f 1160 1159 1158 1157
f 1153 1154 1158 1157
f 1154 1155 1159 1158
f 1155 1156 1160 1159
f 1156 1153 1157 1160
v 93.403 0.335 156.676
v 111.521 0.335 148.018
v 119.437 0.335 164.584
v 101.319 0.335 173.242
v 93.403 4.235 156.676
v 111.521 4.235 148.018
v 119.437 4.235 164.584
v 101.319 4.235 173.242
f 1168 1167 1166 1165
f 1161 1162 1166 1165
f 1162 1163 1167 1166
f 1163 1164 1168 1167
f 1164 1161 1165 1168
v 77.161 0.293 172.939
v 90.233 0.293 155.820
v 102.099 0.293 164.881
v 89.027 0.293 182.000
v 77.161 4.193 172.939
v 90.233 4.193 155.820
v 102.099 4.193 164.881
v 89.027 4.193 182.000
f 1176 1175 1174 1173
f 1169 1170 1174 1173
f 1170 1171 1175 1174
f 1171 1172 1176 1175
f 1172 1169 1173 1176
v 63.861 0.374 185.734
v 74.978 0.374 169.229
v 85.039 0.374 176.006
v 73.922 0.374 192.511
v 63.861 4.274 185.734
v 74.978 4.274 169.229
v 85.039 4.274 176.006
v 73.922 4.274 192.511
f 1184 1183 1182 1181
f 1177 1178 1182 1181
f 1178 1179 1183 1182
f 1179 1180 1184 1183
f 1180 1177 1181 1184
v 62.442 0.486 143.803
v 71.268 0.486 131.183
v 79.438 0.486 136.897
v 70.612 0.486 149.517
v 62.442 4.386 143.803
v 71.268 4.386 131.183
v 79.438 4.386 136.897
v 70.612 4.386 149.517
f 1192 1191 1190 1189
f 1185 1186 1190 1189
f 1186 1187 1191 1190
f 1187 1188 1192 1191
f 1188 1185 1189 1192
v 45.625 0.567 151.455
v 57.177 0.567 141.856
v 66.675 0.567 153.285
v 55.123 0.567 162.884
v 45.625 4.467 151.455
v 57.177 4.467 141.856
v 66.675 4.467 153.285
v 55.123 4.467 162.884
f 1200 1199 1198 1197
f 1193 1194 1198 1197
f 1194 1195 1199 1198
f 1195 1196 1200 1199
f 1196 1193 1197 1200
v 21.619 0.490 177.305
v 28.370 0.490 158.851
v 42.541 0.490 164.035
v 35.790 0.490 182.489
v 21.619 4.390 177.305
v 28.370 4.390 158.851
v 42.541 4.390 164.035
v 35.790 4.390 182.489
f 1208 1207 1206 1205
f 1201 1202 1206 1205
f 1202 1203 1207 1206
f 1203 1204 1208 1207
f 1204 1201 1205 1208
v 10.868 0.714 184.607
v 20.410 0.714 170.034
v 29.052 0.714 175.693
v 19.510 0.714 190.266
v 10.868 4.614 184.607
v 20.410 4.614 170.034
v 29.052 4.614 175.693
v 19.510 4.614 190.266
f 1216 1215 1214 1213
f 1209 1210 1214 1213
f 1210 1211 1215 1214
f 1211 1212 1216 1215
f 1212 1209 1213 1216
v 41.564 0.407 200.813
v 48.929 0.407 183.854
v 59.596 0.407 188.487
v 52.231 0.407 205.446
v 41.564 4.307 200.813
v 48.929 4.307 183.854
v 59.596 4.307 188.487
v 52.231 4.307 205.446
f 1224 1223 1222 1221
f 1217 1218 1222 1221
f 1218 1219 1223 1222
f 1219 1220 1224 1223
f 1220 1217 1221 1224
v 28.633 0.541 213.568
v 34.840 0.541 193.905
v 49.307 0.541 198.472
v 43.100 0.541 218.135
v 28.633 4.441 213.568
v 34.840 4.441 193.905
v 49.307 4.441 198.472
v 43.100 4.441 218.135
f 1232 1231 1230 1229
f 1225 1226 1230 1229
f 1226 1227 1231 1230
f 1227 1228 1232 1231
f 1228 1225 1229 1232
v 2.987 0.610 230.451
v 9.998 0.610 214.876
v 20.913 0.610 219.789
v 13.902 0.610 235.364
v 2.987 4.510 230.451
v 9.998 4.510 214.876
v 20.913 4.510 219.789
v 13.902 4.510 235.364
f 1240 1239 1238 1237
f 1233 1234 1238 1237
f 1234 1235 1239 1238
f 1235 1236 1240 1239
f 1236 1233 1237 1240
v 5.158 0.421 234.442
v 8.341 0.421 229.570
v 10.802 0.421 231.178
v 7.619 0.421 236.050
v 5.158 4.321 234.442
v 8.341 4.321 229.570
v 10.802 4.321 231.178
v 7.619 4.321 236.050
f 1248 1247 1246 1245
f 1241 1242 1246 1245
f 1242 1243 1247 1246
f 1243 1244 1248 1247
f 1244 1241 1245 1248
v -3.559 0.284 220.685
v -0.126 0.284 215.237
v 2.379 0.284 216.815
v -1.054 0.284 222.263
v -3.559 4.184 220.685
v -0.126 4.184 215.237
v 2.379 4.184 216.815
v -1.054 4.184 222.263
f 1256 1255 1254 1253
f 1249 1250 1254 1253
f 1250 1251 1255 1254
f 1251 1252 1256 1255
f 1252 1249 1253 1256
v -6.523 0.653 192.834
v 5.622 0.653 175.801
v 18.503 0.653 184.986
v 6.358 0.653 202.019
v -6.523 4.553 192.834
v 5.622 4.553 175.801
v 18.503 4.553 184.986
v 6.358 4.553 202.019
f 1264 1263 1262 1261
f 1257 1258 1262 1261
f 1258 1259 1263 1262
f 1259 1260 1264 1263
f 1260 1257 1261 1264
v -16.677 0.676 188.815
v -2.036 0.676 186.875
v 0.237 0.676 204.025
v -14.404 0.676 205.965
v -16.677 4.576 188.815
v -2.036 4.576 186.875
v 0.237 4.576 204.025
v -14.404 4.576 205.965
f 1272 1271 1270 1269
f 1265 1266 1270 1269
f 1266 1267 1271 1270
f 1267 1268 1272 1271
f 1268 1265 1269 1272
v -21.650 0.603 195.448
v -17.967 0.603 189.625
v -13.530 0.603 192.432
v -17.213 0.603 198.255
v -21.650 4.503 195.448
v -17.967 4.503 189.625
v -13.530 4.503 192.432
v -17.213 4.503 198.255
f 1280 1279 1278 1277
f 1273 1274 1278 1277
f 1274 1275 1279 1278
f 1275 1276 1280 1279
f 1276 1273 1277 1280
v -8.370 0.628 203.751
v -2.952 0.628 207.043
v -5.750 0.628 211.649
v -11.168 0.628 208.357
v -8.370 4.528 203.751
v -2.952 4.528 207.043
v -5.750 4.528 211.649
v -11.168 4.528 208.357
f 1288 1287 1286 1285
f 1281 1282 1286 1285
f 1282 1283 1287 1286
f 1283 1284 1288 1287
f 1284 1281 1285 1288
v -31.904 0.788 213.530
v -23.478 0.788 197.127
v -10.936 0.788 203.570
v -19.362 0.788 219.973
v -31.904 4.688 213.530
v -23.478 4.688 197.127
v -10.936 4.688 203.570
v -19.362 4.688 219.973
f 1296 1295 1294 1293
f 1289 1290 1294 1293
f 1290 1291 1295 1294
f 1291 1292 1296 1295
f 1292 1289 1293 1296
v -14.423 0.611 235.689
v -2.083 0.611 221.006
v 8.083 0.611 229.551
v -4.257 0.611 244.234
v -14.423 4.511 235.689
v -2.083 4.511 221.006
v 8.083 4.511 229.551
v -4.257 4.511 244.234
f 1304 1303 1302 1301
f 1297 1298 1302 1301
f 1298 1299 1303 1302
f 1299 1300 1304 1303
f 1300 1297 1301 1304
v -27.475 0.819 252.336
v -23.745 0.819 232.809
v -2.725 0.819 236.824
v -6.455 0.819 256.351
v -27.475 4.719 252.336
v -23.745 4.719 232.809
v -2.725 4.719 236.824
v -6.455 4.719 256.351
f 1312 1311 1310 1309
f 1305 1306 1310 1309
f 1306 1307 1311 1310
f 1307 1308 1312 1311
f 1308 1305 1309 1312
v -27.295 0.684 231.671
v -20.633 0.684 236.063
v -24.145 0.684 241.389
v -30.807 0.684 236.997
v -27.295 4.584 231.671
v -20.633 4.584 236.063
v -24.145 4.584 241.389
v -30.807 4.584 236.997
f 1320 1319 1318 1317
f 1313 1314 1318 1317
f 1314 1315 1319 1318
f 1315 1316 1320 1319
f 1316 1313 1317 1320
v -44.814 0.717 223.481
v -34.517 0.717 206.757
v -23.046 0.717 213.819
v -33.343 0.717 230.543
v -44.814 4.617 223.481
v -34.517 4.617 206.757
v -23.046 4.617 213.819
v -33.343 4.617 230.543
f 1328 1327 1326 1325
f 1321 1322 1326 1325
f 1322 1323 1327 1326
f 1323 1324 1328 1327
f 1324 1321 1325 1328
v 50.224 0.589 244.649
v 63.249 0.589 228.910
v 75.576 0.589 239.111
v 62.551 0.589 254.850
v 50.224 4.489 244.649
v 63.249 4.489 228.910
v 75.576 4.489 239.111
v 62.551 4.489 254.850
f 1336 1335 1334 1333
f 1329 1330 1334 1333
f 1330 1331 1335 1334
f 1331 1332 1336 1335
f 1332 1329 1333 1336
v 181.267 0.527 195.898
v 194.366 0.527 176.714
v 205.713 0.527 184.462
v 192.614 0.527 203.646
v 181.267 4.427 195.898
v 194.366 4.427 176.714
v 205.713 4.427 184.462
v 192.614 4.427 203.646
f 1344 1343 1342 1341
f 1337 1338 1342 1341
f 1338 1339 1343 1342
f 1339 1340 1344 1343
f 1340 1337 1341 1344
v 165.715 0.366 201.225
v 186.559 0.366 191.815
v 193.665 0.366 207.555
v 172.821 0.366 216.965
v 165.715 4.266 201.225
v 186.559 4.266 191.815
v 193.665 4.266 207.555
v 172.821 4.266 216.965
f 1352 1351 1350 1349
f 1345 1346 1350 1349
f 1346 1347 1351 1350
f 1347 1348 1352 1351
f 1348 1345 1349 1352
v 166.552 0.522 168.991
v 176.900 0.522 155.972
v 187.868 0.522 164.689
v 177.520 0.522 177.708
v 166.552 4.422 168.991
v 176.900 4.422 155.972
v 187.868 4.422 164.689
v 177.520 4.422 177.708
f 1360 1359 1358 1357
f 1353 1354 1358 1357
f 1354 1355 1359 1358
f 1355 1356 1360 1359
f 1356 1353 1357 1360
v 149.409 0.525 182.073
v 153.596 0.525 164.218
v 172.231 0.525 168.587
v 168.044 0.525 186.442
v 149.409 4.425 182.073
v 153.596 4.425 164.218
v 172.231 4.425 168.587
v 168.044 4.425 186.442
f 1368 1367 1366 1365
f 1361 1362 1366 1365
f 1362 1363 1367 1366
f 1363 1364 1368 1367
f 1364 1361 1365 1368
v 157.853 0.418 188.196
v 160.818 0.418 184.107
v 163.627 0.418 186.144
v 160.662 0.418 190.233
v 157.853 4.318 188.196
v 160.818 4.318 184.107
v 163.627 4.318 186.144
v 160.662 4.318 190.233
f 1376 1375 1374 1373
f 1369 1370 1374 1373
f 1370 1371 1375 1374
f 1371 1372 1376 1375
f 1372 1369 1373 1376
v 133.108 0.487 182.537
v 145.787 0.487 171.885
v 156.252 0.487 184.343
v 143.573 0.487 194.995
v 133.108 4.387 182.537
v 145.787 4.387 171.885
v 156.252 4.387 184.343
v 143.573 4.387 194.995
f 1384 1383 1382 1381
f 1377 1378 1382 1381
f 1378 1379 1383 1382
f 1379 1380 1384 1383
f 1380 1377 1381 1384
v 152.645 0.342 193.046
v 156.151 0.342 187.704
v 159.855 0.342 190.134
v 156.349 0.342 195.476
v 152.645 4.242 193.046
v 156.151 4.242 187.704
v 159.855 4.242 190.134
v 156.349 4.242 195.476
f 1392 1391 1390 1389
f 1385 1386 1390 1389
f 1386 1387 1391 1390
f 1387 1388 1392 1391
f 1388 1385 1389 1392
v 165.929 0.563 200.935
v 178.759 0.563 214.581
v 164.311 0.563 228.165
v 151.481 0.563 214.519
v 165.929 4.463 200.935
v 178.759 4.463 214.581
v 164.311 4.463 228.165
v 151.481 4.463 214.519
f 1400 1399 1398 1397
f 1393 1394 1398 1397
f 1394 1395 1399 1398
f 1395 1396 1400 1399
f 1396 1393 1397 1400
v 120.941 0.322 203.257
v 128.341 0.322 184.311
v 141.019 0.322 189.263
v 133.619 0.322 208.209
v 120.941 4.222 203.257
v 128.341 4.222 184.311
v 141.019 4.222 189.263
v 133.619 4.222 208.209
f 1408 1407 1406 1405
f 1401 1402 1406 1405
f 1402 1403 1407 1406
f 1403 1404 1408 1407
f 1404 1401 1405 1408
v 134.738 0.227 201.430
v 139.614 0.227 193.818
v 142.662 0.227 195.770
v 137.786 0.227 203.382
v 134.738 4.127 201.430
v 139.614 4.127 193.818
v 142.662 4.127 195.770
v 137.786 4.127 203.382
f 1416 1415 1414 1413
f 1409 1410 1414 1413
f 1410 1411 1415 1414
f 1411 1412 1416 1415
f 1412 1409 1413 1416
v 131.717 0.471 218.823
v 151.256 0.471 215.441
v 153.983 0.471 231.197
v 134.444 0.471 234.579
v 131.717 4.371 218.823
v 151.256 4.371 215.441
v 153.983 4.371 231.197
v 134.444 4.371 234.579
f 1424 1423 1422 1421
f 1417 1418 1422 1421
f 1418 1419 1423 1422
f 1419 1420 1424 1423
f 1420 1417 1421 1424
v 100.344 0.764 242.149
v 119.256 0.764 228.182
v 131.316 0.764 244.511
v 112.404 0.764 258.478
v 100.344 4.664 242.149
v 119.256 4.664 228.182
v 131.316 4.664 244.511
v 112.404 4.664 258.478
f 1432 1431 1430 1429
f 1425 1426 1430 1429
f 1426 1427 1431 1430
f 1427 1428 1432 1431
f 1428 1425 1429 1432
v 88.366 0.430 218.300
v 106.171 0.430 204.823
v 117.614 0.430 219.940
v 99.809 0.430 233.417
v 88.366 4.330 218.300
v 106.171 4.330 204.823
v 117.614 4.330 219.940
v 99.809 4.330 233.417
f 1440 1439 1438 1437
f 1433 1434 1438 1437
f 1434 1435 1439 1438
f 1435 1436 1440 1439
f 1436 1433 1437 1440
v 103.707 0.364 213.166
v 113.625 0.364 197.054
v 128.213 0.364 206.034
v 118.295 0.364 222.146
v 103.707 4.264 213.166
v 113.625 4.264 197.054
v 128.213 4.264 206.034
v 118.295 4.264 222.146
f 1448 1447 1446 1445
f 1441 1442 1446 1445
f 1442 1443 1447 1446
f 1443 1444 1448 1447
f 1444 1441 1445 1448
v 188.361 0.363 154.845
v 199.133 0.363 138.963
v 209.619 0.363 146.075
v 198.847 0.363 161.957
v 188.361 4.263 154.845
v 199.133 4.263 138.963
v 209.619 4.263 146.075
v 198.847 4.263 161.957
f 1456 1455 1454 1453
f 1449 1450 1454 1453
f 1450 1451 1455 1454
f 1451 1452 1456 1455
f 1452 1449 1453 1456
v 200.794 0.364 144.243
v 210.598 0.364 129.639
v 222.006 0.364 137.297
v 212.202 0.364 151.901
v 200.794 4.264 144.243
v 210.598 4.264 129.639
v 222.006 4.264 137.297
v 212.202 4.264 151.901
f 1464 1463 1462 1461
f 1457 1458 1462 1461
f 1458 1459 1463 1462
f 1459 1460 1464 1463
f 1460 1457 1461 1464
v 212.621 0.495 126.172
v 225.074 0.495 119.122
v 233.819 0.495 134.568
v 221.366 0.495 141.618
v 212.621 4.395 126.172
v 225.074 4.395 119.122
v 233.819 4.395 134.568
v 221.366 4.395 141.618
f 1472 1471 1470 1469
f 1465 1466 1470 1469
f 1466 1467 1471 1470
f 1467 1468 1472 1471
f 1468 1465 1469 1472
v 226.746 0.399 130.439
v 233.454 0.399 111.258
v 248.274 0.399 116.441
v 241.566 0.399 135.622
v 226.746 4.299 130.439
v 233.454 4.299 111.258
v 248.274 4.299 116.441
v 241.566 4.299 135.622
f 1480 1479 1478 1477
f 1473 1474 1478 1477
f 1474 1475 1479 1478
f 1475 1476 1480 1479
f 1476 1473 1477 1480
v 108.764 0.859 61.161
v 123.171 0.859 71.006
v 115.836 0.859 81.739
v 101.429 0.859 71.894
v 108.764 4.759 61.161
v 123.171 4.759 71.006
v 115.836 4.759 81.739
v 101.429 4.759 71.894
f 1488 1487 1486 1485
f 1481 1482 1486 1485
f 1482 1483 1487 1486
f 1483 1484 1488 1487
f 1484 1481 1485 1488
v 87.288 0.664 80.318
v 98.670 0.664 68.762
v 108.032 0.664 77.982
v 96.650 0.664 89.538
v 87.288 4.564 80.318
v 98.670 4.564 68.762
v 108.032 4.564 77.982
v 96.650 4.564 89.538
f 1496 1495 1494 1493
f 1489 1490 1494 1493
f 1490 1491 1495 1494
f 1491 1492 1496 1495
f 1492 1489 1493 1496
v 85.084 0.741 73.754
v 95.920 0.741 91.203
v 78.556 0.741 101.986
v 67.720 0.741 84.537
v 85.084 4.641 73.754
v 95.920 4.641 91.203
v 78.556 4.641 101.986
v 67.720 4.641 84.537
f 1504 1503 1502 1501
f 1497 1498 1502 1501
f 1498 1499 1503 1502
f 1499 1500 1504 1503
f 1500 1497 1501 1504
v 58.822 0.663 91.384
v 75.572 0.663 96.205
v 71.038 0.663 111.956
v 54.288 0.663 107.135
v 58.822 4.563 91.384
v 75.572 4.563 96.205
v 71.038 4.563 111.956
v 54.288 4.563 107.135
f 1512 1511 1510 1509
f 1505 1506 1510 1509
f 1506 1507 1511 1510
f 1507 1508 1512 1511
f 1508 1505 1509 1512
v 51.208 0.700 83.767
v 60.062 0.700 89.631
v 57.412 0.700 93.633
v 48.558 0.700 87.769
v 51.208 4.600 83.767
v 60.062 4.600 89.631
v 57.412 4.600 93.633
v 48.558 4.600 87.769
f 1520 1519 1518 1517
f 1513 1514 1518 1517
f 1514 1515 1519 1518
f 1515 1516 1520 1519
f 1516 1513 1517 1520
v 42.065 0.640 124.469
v 44.375 0.640 102.480
v 60.855 0.640 104.211
v 58.545 0.640 126.200
v 42.065 4.540 124.469
v 44.375 4.540 102.480
v 60.855 4.540 104.211
v 58.545 4.540 126.200
f 1528 1527 1526 1525
f 1521 1522 1526 1525
f 1522 1523 1527 1526
f 1523 1524 1528 1527
f 1524 1521 1525 1528
v 22.635 0.669 121.675
v 36.860 0.669 108.632
v 47.545 0.669 120.285
v 33.320 0.669 133.328
v 22.635 4.569 121.675
v 36.860 4.569 108.632
v 47.545 4.569 120.285
v 33.320 4.569 133.328
f 1536 1535 1534 1533
f 1529 1530 1534 1533
f 1530 1531 1535 1534
f 1531 1532 1536 1535
f 1532 1529 1533 1536
v 16.437 0.853 88.520
v 31.936 0.853 96.690
v 26.923 0.853 106.200
v 11.424 0.853 98.030
v 16.437 4.753 88.520
v 31.936 4.753 96.690
v 26.923 4.753 106.200
v 11.424 4.753 98.030
f 1544 1543 1542 1541
f 1537 1538 1542 1541
f 1538 1539 1543 1542
f 1539 1540 1544 1543
f 1540 1537 1541 1544
v 17.867 0.490 85.805
v 21.241 0.490 81.161
v 24.453 0.490 83.495
v 21.079 0.490 88.139
v 17.867 4.390 85.805
v 21.241 4.390 81.161
v 24.453 4.390 83.495
v 21.079 4.390 88.139
f 1552 1551 1550 1549
f 1545 1546 1550 1549
f 1546 1547 1551 1550
f 1547 1548 1552 1551
f 1548 1545 1549 1552
v 5.888 1.139 120.739
v 23.895 1.139 139.061
v 9.752 1.139 152.961
v -8.255 1.139 134.639
v 5.888 5.039 120.739
v 23.895 5.039 139.061
v 9.752 5.039 152.961
v -8.255 5.039 134.639
f 1560 1559 1558 1557
f 1553 1554 1558 1557
f 1554 1555 1559 1558
f 1555 1556 1560 1559
f 1556 1553 1557 1560
v -19.168 1.174 106.961
v 9.025 1.174 118.833
v 1.528 1.174 136.639
v -26.665 1.174 124.767
v -19.168 5.074 106.961
v 9.025 5.074 118.833
v 1.528 5.074 136.639
v -26.665 5.074 124.767
f 1568 1567 1566 1565
f 1561 1562 1566 1565
f 1562 1563 1567 1566
f 1563 1564 1568 1567
f 1564 1561 1565 1568
v -19.733 0.809 139.878
v 0.082 0.809 144.729
v -4.787 0.809 164.622
v -24.602 0.809 159.771
v -19.733 4.709 139.878
v 0.082 4.709 144.729
v -4.787 4.709 164.622
v -24.602 4.709 159.771
f 1576 1575 1574 1573
f 1569 1570 1574 1573
f 1570 1571 1575 1574
f 1571 1572 1576 1575
f 1572 1569 1573 1576
v -37.720 0.728 156.315
v -20.431 0.728 167.916
v -28.020 0.728 179.225
v -45.309 0.728 167.624
v -37.720 4.628 156.315
v -20.431 4.628 167.916
v -28.020 4.628 179.225
v -45.309 4.628 167.624
f 1584 1583 1582 1581
f 1577 1578 1582 1581
f 1578 1579 1583 1582
f 1579 1580 1584 1583
f 1580 1577 1581 1584
v -57.223 0.548 185.803
v -49.242 0.548 174.106
v -41.957 0.548 179.077
v -49.938 0.548 190.774
v -57.223 4.448 185.803
v -49.242 4.448 174.106
v -41.957 4.448 179.077
v -49.938 4.448 190.774
f 1592 1591 1590 1589
f 1585 1586 1590 1589
f 1586 1587 1591 1590
f 1587 1588 1592 1591
f 1588 1585 1589 1592
v -93.044 0.565 165.400
v -76.961 0.565 151.664
v -64.616 0.565 166.120
v -80.699 0.565 179.856
v -93.044 4.465 165.400
v -76.961 4.465 151.664
v -64.616 4.465 166.120
v -80.699 4.465 179.856
f 1600 1599 1598 1597
f 1593 1594 1598 1597
f 1594 1595 1599 1598
f 1595 1596 1600 1599
f 1596 1593 1597 1600
v -117.549 0.810 137.760
v -107.775 0.810 123.292
v -99.771 0.810 128.700
v -109.545 0.810 143.168
v -117.549 4.710 137.760
v -107.775 4.710 123.292
v -99.771 4.710 128.700
v -109.545 4.710 143.168
f 1608 1607 1606 1605
f 1601 1602 1606 1605
f 1602 1603 1607 1606
f 1603 1604 1608 1607
f 1604 1601 1605 1608
v -103.920 0.645 127.204
v -91.110 0.645 115.815
v -82.040 0.645 126.016
v -94.850 0.645 137.405
v -103.920 4.545 127.204
v -91.110 4.545 115.815
v -82.040 4.545 126.016
v -94.850 4.545 137.405
f 1616 1615 1614 1613
f 1609 1610 1614 1613
f 1610 1611 1615 1614
f 1611 1612 1616 1615
f 1612 1609 1613 1616
v -88.688 0.811 124.781
v -84.412 0.811 100.271
v -67.852 0.811 103.159
v -72.128 0.811 127.669
v -88.688 4.711 124.781
v -84.412 4.711 100.271
v -67.852 4.711 103.159
v -72.128 4.711 127.669
f 1624 1623 1622 1621
f 1617 1618 1622 1621
f 1618 1619 1623 1622
f 1619 1620 1624 1623
f 1620 1617 1621 1624
v -33.115 1.062 48.271
v -22.407 1.062 26.960
v -7.065 1.062 34.669
v -17.773 1.062 55.980
v -33.115 4.962 48.271
v -22.407 4.962 26.960
v -7.065 4.962 34.669
v -17.773 4.962 55.980
f 1632 1631 1630 1629
f 1625 1626 1630 1629
f 1626 1627 1631 1630
f 1627 1628 1632 1631
f 1628 1625 1629 1632
v -17.656 0.665 53.827
v 4.452 0.665 53.112
v 5.016 0.665 70.573
v -17.092 0.665 71.288
v -17.656 4.565 53.827
v 4.452 4.565 53.112
v 5.016 4.565 70.573
v -17.092 4.565 71.288
f 1640 1639 1638 1637
f 1633 1634 1638 1637
f 1634 1635 1639 1638
f 1635 1636 1640 1639
f 1636 1633 1637 1640
v 12.088 0.894 40.323
v 25.687 0.894 49.631
v 18.112 0.894 60.697
v 4.513 0.894 51.389
v 12.088 4.794 40.323
v 25.687 4.794 49.631
v 18.112 4.794 60.697
v 4.513 4.794 51.389
f 1648 1647 1646 1645
f 1641 1642 1646 1645
f 1642 1643 1647 1646
f 1643 1644 1648 1647
f 1644 1641 1645 1648
v 19.733 0.657 44.225
v 33.322 0.657 26.355
v 43.607 0.657 34.175
v 30.018 0.657 52.045
v 19.733 4.557 44.225
v 33.322 4.557 26.355
v 43.607 4.557 34.175
v 30.018 4.557 52.045
f 1656 1655 1654 1653
f 1649 1650 1654 1653
f 1650 1651 1655 1654
f 1651 1652 1656 1655
f 1652 1649 1653 1656
v 48.545 0.947 8.150
v 58.198 0.947 33.634
v 37.615 0.947 41.430
v 27.962 0.947 15.946
v 48.545 4.847 8.150
v 58.198 4.847 33.634
v 37.615 4.847 41.430
v 27.962 4.847 15.946
f 1664 1663 1662 1661
f 1657 1658 1662 1661
f 1658 1659 1663 1662
f 1659 1660 1664 1663
f 1660 1657 1661 1664
v 52.975 0.499 0.925
v 73.337 0.499 -1.271
v 75.085 0.499 14.935
v 54.723 0.499 17.131
v 52.975 4.399 0.925
v 73.337 4.399 -1.271
v 75.085 4.399 14.935
v 54.723 4.399 17.131
f 1672 1671 1670 1669
f 1665 1666 1670 1669
f 1666 1667 1671 1670
f 1667 1668 1672 1671
f 1668 1665 1669 1672
v 52.184 0.646 -21.398
v 68.338 0.646 -0.974
v 54.996 0.646 9.578
v 38.842 0.646 -10.846
v 52.184 4.546 -21.398
v 68.338 4.546 -0.974
v 54.996 4.546 9.578
v 38.842 4.546 -10.846
f 1680 1679 1678 1677
f 1673 1674 1678 1677
f 1674 1675 1679 1678
f 1675 1676 1680 1679
f 1676 1673 1677 1680
v 21.993 0.777 10.096
v 25.231 0.777 -13.927
v 44.447 0.777 -11.336
v 41.209 0.777 12.687
v 21.993 4.677 10.096
v 25.231 4.677 -13.927
v 44.447 4.677 -11.336
v 41.209 4.677 12.687
f 1688 1687 1686 1685
f 1681 1682 1686 1685
f 1682 1683 1687 1686
f 1683 1684 1688 1687
f 1684 1681 1685 1688
v 14.710 0.804 4.413
v 17.663 0.804 -0.286
v 20.770 0.804 1.667
v 17.817 0.804 6.366
v 14.710 4.704 4.413
v 17.663 4.704 -0.286
v 20.770 4.704 1.667
v 17.817 4.704 6.366
f 1696 1695 1694 1693
f 1689 1690 1694 1693
f 1690 1691 1695 1694
f 1691 1692 1696 1695
f 1692 1689 1693 1696
v 6.502 0.938 20.352
v 12.794 0.938 4.527
v 24.818 0.938 9.308
v 18.526 0.938 25.133
v 6.502 4.838 20.352
v 12.794 4.838 4.527
v 24.818 4.838 9.308
v 18.526 4.838 25.133
f 1704 1703 1702 1701
f 1697 1698 1702 1701
f 1698 1699 1703 1702
f 1699 1700 1704 1703
f 1700 1697 1701 1704
v -0.375 0.805 29.832
v 7.420 0.805 17.749
v 15.075 0.805 22.688
v 7.280 0.805 34.771
v -0.375 4.705 29.832
v 7.420 4.705 17.749
v 15.075 4.705 22.688
v 7.280 4.705 34.771
f 1712 1711 1710 1709
f 1705 1706 1710 1709
f 1706 1707 1711 1710
f 1707 1708 1712 1711
f 1708 1705 1709 1712
v -12.719 0.859 31.472
v -4.782 0.859 20.601
v 2.979 0.859 26.268
v -4.958 0.859 37.139
v -12.719 4.759 31.472
v -4.782 4.759 20.601
v 2.979 4.759 26.268
v -4.958 4.759 37.139
f 1720 1719 1718 1717
f 1713 1714 1718 1717
f 1714 1715 1719 1718
f 1715 1716 1720 1719
f 1716 1713 1717 1720
v -48.084 1.039 50.258
v -38.121 1.039 66.459
v -52.696 1.039 75.422
v -62.659 1.039 59.221
v -48.084 4.939 50.258
v -38.121 4.939 66.459
v -52.696 4.939 75.422
v -62.659 4.939 59.221
f 1728 1727 1726 1725
f 1721 1722 1726 1725
f 1722 1723 1727 1726
f 1723 1724 1728 1727
f 1724 1721 1725 1728
v -67.916 1.058 61.508
v -56.983 1.058 68.778
v -62.564 1.058 77.172
v -73.497 1.058 69.902
v -67.916 4.958 61.508
v -56.983 4.958 68.778
v -62.564 4.958 77.172
v -73.497 4.958 69.902
f 1736 1735 1734 1733
f 1729 1730 1734 1733
f 1730 1731 1735 1734
f 1731 1732 1736 1735
f 1732 1729 1733 1736
v -38.668 0.700 64.209
v -32.269 0.700 66.763
v -33.892 0.700 70.831
v -40.291 0.700 68.277
v -38.668 4.600 64.209
v -32.269 4.600 66.763
v -33.892 4.600 70.831
v -40.291 4.600 68.277
f 1744 1743 1742 1741
f 1737 1738 1742 1741
f 1738 1739 1743 1742
f 1739 1740 1744 1743
f 1740 1737 1741 1744
v -42.149 0.841 88.629
v -32.319 0.841 74.369
v -23.411 0.841 80.511
v -33.241 0.841 94.771
v -42.149 4.741 88.629
v -32.319 4.741 74.369
v -23.411 4.741 80.511
v -33.241 4.741 94.771
f 1752 1751 1750 1749
f 1745 1746 1750 1749
f 1746 1747 1751 1750
f 1747 1748 1752 1751
f 1748 1745 1749 1752
v -49.747 0.751 86.789
v -39.159 0.751 93.910
v -44.433 0.751 101.751
v -55.021 0.751 94.630
v -49.747 4.651 86.789
v -39.159 4.651 93.910
v -44.433 4.651 101.751
v -55.021 4.651 94.630
f 1760 1759 1758 1757
f 1753 1754 1758 1757
f 1754 1755 1759 1758
f 1755 1756 1760 1759
f 1756 1753 1757 1760
v -64.015 0.841 94.184
v -54.946 0.841 106.119
v -64.365 0.841 113.276
v -73.434 0.841 101.341
v -64.015 4.741 94.184
v -54.946 4.741 106.119
v -64.365 4.741 113.276
v -73.434 4.741 101.341
f 1768 1767 1766 1765
f 1761 1762 1766 1765
f 1762 1763 1767 1766
f 1763 1764 1768 1767
f 1764 1761 1765 1768
v -81.783 1.259 71.435
v -68.650 1.259 78.867
v -75.757 1.259 91.425
v -88.890 1.259 83.993
v -81.783 5.159 71.435
v -68.650 5.159 78.867
v -75.757 5.159 91.425
v -88.890 5.159 83.993
f 1776 1775 1774 1773
f 1769 1770 1774 1773
f 1770 1771 1775 1774
f 1771 1772 1776 1775
f 1772 1769 1773 1776
v -99.187 0.878 98.638
v -86.664 0.878 81.706
v -79.773 0.878 86.802
v -92.296 0.878 103.734
v -99.187 4.778 98.638
v -86.664 4.778 81.706
v -79.773 4.778 86.802
v -92.296 4.778 103.734
f 1784 1783 1782 1781
f 1777 1778 1782 1781
f 1778 1779 1783 1782
f 1779 1780 1784 1783
f 1780 1777 1781 1784
v -110.213 0.918 102.319
v -99.168 0.918 86.492
v -90.787 0.918 92.341
v -101.832 0.918 108.168
v -110.213 4.818 102.319
v -99.168 4.818 86.492
v -90.787 4.818 92.341
v -101.832 4.818 108.168
f 1792 1791 1790 1789
f 1785 1786 1790 1789
f 1786 1787 1791 1790
f 1787 1788 1792 1791
f 1788 1785 1789 1792
v -119.270 0.729 95.724
v -112.454 0.729 115.629
v -126.550 0.729 120.456
v -133.366 0.729 100.551
v -119.270 4.629 95.724
v -112.454 4.629 115.629
v -126.550 4.629 120.456
v -133.366 4.629 100.551
f 1800 1799 1798 1797
f 1793 1794 1798 1797
f 1794 1795 1799 1798
f 1795 1796 1800 1799
f 1796 1793 1797 1800
v -101.421 1.460 -12.885
v -79.028 1.460 -1.748
v -83.699 1.460 7.645
v -106.092 1.460 -3.492
v -101.421 5.360 -12.885
v -79.028 5.360 -1.748
v -83.699 5.360 7.645
v -106.092 5.360 -3.492
f 1808 1807 1806 1805
f 1801 1802 1806 1805
f 1802 1803 1807 1806
f 1803 1804 1808 1807
f 1804 1801 1805 1808
v -82.049 0.949 -5.082
v -72.856 0.949 2.058
v -77.891 0.949 8.542
v -87.084 0.949 1.402
v -82.049 4.849 -5.082
v -72.856 4.849 2.058
v -77.891 4.849 8.542
v -87.084 4.849 1.402
f 1816 1815 1814 1813
f 1809 1810 1814 1813
f 1810 1811 1815 1814
f 1811 1812 1816 1815
f 1812 1809 1813 1816
v -74.146 1.023 5.247
v -66.936 1.023 1.115
v -62.834 1.023 8.273
v -70.044 1.023 12.405
v -74.146 4.923 5.247
v -66.936 4.923 1.115
v -62.834 4.923 8.273
v -70.044 4.923 12.405
f 1824 1823 1822 1821
f 1817 1818 1822 1821
f 1818 1819 1823 1822
f 1819 1820 1824 1823
f 1820 1817 1821 1824
v -78.414 1.120 25.607
v -65.536 1.120 6.177
v -54.466 1.120 13.513
v -67.344 1.120 32.943
v -78.414 5.020 25.607
v -65.536 5.020 6.177
v -54.466 5.020 13.513
v -67.344 5.020 32.943
f 1832 1831 1830 1829
f 1825 1826 1830 1829
f 1826 1827 1831 1830
f 1827 1828 1832 1831
f 1828 1825 1829 1832
v -118.927 1.320 12.486
v -106.038 1.320 1.617
v -94.673 1.320 15.094
v -107.562 1.320 25.963
v -118.927 5.220 12.486
v -106.038 5.220 1.617
v -94.673 5.220 15.094
v -107.562 5.220 25.963
f 1840 1839 1838 1837
f 1833 1834 1838 1837
f 1834 1835 1839 1838
f 1835 1836 1840 1839
f 1836 1833 1837 1840
v -98.047 0.972 18.890
v -96.151 0.972 16.019
v -93.773 0.972 17.590
v -95.669 0.972 20.461
v -98.047 4.872 18.890
v -96.151 4.872 16.019
v -93.773 4.872 17.590
v -95.669 4.872 20.461
f 1848 1847 1846 1845
f 1841 1842 1846 1845
f 1842 1843 1847 1846
f 1843 1844 1848 1847
f 1844 1841 1845 1848
v -102.418 0.739 36.711
v -90.796 0.739 24.858
v -81.442 0.739 34.029
v -93.064 0.739 45.882
v -102.418 4.639 36.711
v -90.796 4.639 24.858
v -81.442 4.639 34.029
v -93.064 4.639 45.882
f 1856 1855 1854 1853
f 1849 1850 1854 1853
f 1850 1851 1855 1854
f 1851 1852 1856 1855
f 1852 1849 1853 1856
v -133.121 1.034 28.227
v -118.100 1.034 6.663
v -105.939 1.034 15.133
v -120.960 1.034 36.697
v -133.121 4.934 28.227
v -118.100 4.934 6.663
v -105.939 4.934 15.133
v -120.960 4.934 36.697
f 1864 1863 1862 1861
f 1857 1858 1862 1861
f 1858 1859 1863 1862
f 1859 1860 1864 1863
f 1860 1857 1861 1864
v -120.558 1.286 51.488
v -115.616 1.286 27.941
v -97.462 1.286 31.752
v -102.404 1.286 55.299
v -120.558 5.186 51.488
v -115.616 5.186 27.941
v -97.462 5.186 31.752
v -102.404 5.186 55.299
f 1872 1871 1870 1869
f 1865 1866 1870 1869
f 1866 1867 1871 1870
f 1867 1868 1872 1871
f 1868 1865 1869 1872
v -144.580 0.943 33.456
v -133.721 0.943 14.507
v -122.000 0.943 21.224
v -132.859 0.943 40.173
v -144.580 4.843 33.456
v -133.721 4.843 14.507
v -122.000 4.843 21.224
v -132.859 4.843 40.173
f 1880 1879 1878 1877
f 1873 1874 1878 1877
f 1874 1875 1879 1878
f 1875 1876 1880 1879
f 1876 1873 1877 1880
v -162.566 1.012 31.361
v -133.222 1.012 36.672
v -136.814 1.012 56.519
v -166.158 1.012 51.208
v -162.566 4.912 31.361
v -133.222 4.912 36.672
v -136.814 4.912 56.519
v -166.158 4.912 51.208
f 1888 1887 1886 1885
f 1881 1882 1886 1885
f 1882 1883 1887 1886
f 1883 1884 1888 1887
f 1884 1881 1885 1888
v -140.046 0.839 65.425
v -130.467 0.839 48.509
v -118.554 0.839 55.255
v -128.133 0.839 72.171
v -140.046 4.739 65.425
v -130.467 4.739 48.509
v -118.554 4.739 55.255
v -128.133 4.739 72.171
f 1896 1895 1894 1893
f 1889 1890 1894 1893
f 1890 1891 1895 1894
f 1891 1892 1896 1895
f 1892 1889 1893 1896
v -176.743 1.001 78.976
v -157.802 1.001 85.968
v -162.917 1.001 99.824
v -181.858 1.001 92.832
v -176.743 4.901 78.976
v -157.802 4.901 85.968
v -162.917 4.901 99.824
v -181.858 4.901 92.832
f 1904 1903 1902 1901
f 1897 1898 1902 1901
f 1898 1899 1903 1902
f 1899 1900 1904 1903
f 1900 1897 1901 1904
v -190.804 0.597 66.552
v -180.852 0.597 49.713
v -172.536 0.597 54.628
v -182.488 0.597 71.467
v -190.804 4.497 66.552
v -180.852 4.497 49.713
v -172.536 4.497 54.628
v -182.488 4.497 71.467
f 1912 1911 1910 1909
f 1905 1906 1910 1909
f 1906 1907 1911 1910
f 1907 1908 1912 1911
f 1908 1905 1909 1912
v -197.763 0.211 59.205
v -181.269 0.211 74.227
v -194.137 0.211 88.355
v -210.631 0.211 73.333
v -197.763 4.111 59.205
v -181.269 4.111 74.227
v -194.137 4.111 88.355
v -210.631 4.111 73.333
f 1920 1919 1918 1917
f 1913 1914 1918 1917
f 1914 1915 1919 1918
f 1915 1916 1920 1919
f 1916 1913 1917 1920
v -215.491 0.720 78.431
v -201.846 0.720 89.244
v -208.349 0.720 97.449
v -221.994 0.720 86.636
v -215.491 4.620 78.431
v -201.846 4.620 89.244
v -208.349 4.620 97.449
v -221.994 4.620 86.636
f 1928 1927 1926 1925
f 1921 1922 1926 1925
f 1922 1923 1927 1926
f 1923 1924 1928 1927
f 1924 1921 1925 1928
v -229.607 0.555 81.267
v -223.979 0.555 75.126
v -217.993 0.555 80.613
v -223.621 0.555 86.754
v -229.607 4.455 81.267
v -223.979 4.455 75.126
v -217.993 4.455 80.613
v -223.621 4.455 86.754
f 1936 1935 1934 1933
f 1929 1930 1934 1933
f 1930 1931 1935 1934
f 1931 1932 1936 1935
f 1932 1929 1933 1936
v -237.627 0.809 87.173
v -223.712 0.809 87.521
v -224.033 0.809 100.327
v -237.948 0.809 99.979
v -237.627 4.709 87.173
v -223.712 4.709 87.521
v -224.033 4.709 100.327
v -237.948 4.709 99.979
f 1944 1943 1942 1941
f 1937 1938 1942 1941
f 1938 1939 1943 1942
f 1939 1940 1944 1943
f 1940 1937 1941 1944
v -199.326 1.176 94.748
v -176.183 1.176 98.271
v -178.674 1.176 114.632
v -201.817 1.176 111.109
v -199.326 5.076 94.748
v -176.183 5.076 98.271
v -178.674 5.076 114.632
v -201.817 5.076 111.109
f 1952 1951 1950 1949
f 1945 1946 1950 1949
f 1946 1947 1951 1950
f 1947 1948 1952 1951
f 1948 1945 1949 1952
v -221.100 0.714 103.395
v -217.881 0.714 98.739
v -214.460 0.714 101.105
v -217.679 0.714 105.761
v -221.100 4.614 103.395
v -217.881 4.614 98.739
v -214.460 4.614 101.105
v -217.679 4.614 105.761
f 1960 1959 1958 1957
f 1953 1954 1958 1957
f 1954 1955 1959 1958
f 1955 1956 1960 1959
f 1956 1953 1957 1960
v -210.158 0.909 96.790
v -196.054 0.909 120.397
v -217.902 0.909 133.450
v -232.006 0.909 109.843
v -210.158 4.809 96.790
v -196.054 4.809 120.397
v -217.902 4.809 133.450
v -232.006 4.809 109.843
f 1968 1967 1966 1965
f 1961 1962 1966 1965
f 1962 1963 1967 1966
f 1963 1964 1968 1967
f 1964 1961 1965 1968
v -236.327 0.641 133.860
v -226.537 0.641 118.068
v -216.193 0.641 124.480
v -225.983 0.641 140.272
v -236.327 4.541 133.860
v -226.537 4.541 118.068
v -216.193 4.541 124.480
v -225.983 4.541 140.272
f 1976 1975 1974 1973
f 1969 1970 1974 1973
f 1970 1971 1975 1974
f 1971 1972 1976 1975
f 1972 1969 1973 1976
v -248.144 1.140 125.716
v -227.840 1.140 127.349
v -229.456 1.140 147.444
v -249.760 1.140 145.811
v -248.144 5.040 125.716
v -227.840 5.040 127.349
v -229.456 5.040 147.444
v -249.760 5.040 145.811
f 1984 1983 1982 1981
f 1977 1978 1982 1981
f 1978 1979 1983 1982
f 1979 1980 1984 1983
f 1980 1977 1981 1984
v -260.851 0.678 106.629
v -246.397 0.678 102.849
v -242.449 0.678 117.951
v -256.903 0.678 121.731
v -260.851 4.578 106.629
v -246.397 4.578 102.849
v -242.449 4.578 117.951
v -256.903 4.578 121.731
f 1992 1991 1990 1989
f 1985 1986 1990 1989
f 1986 1987 1991 1990
f 1987 1988 1992 1991
f 1988 1985 1989 1992
v -259.047 0.644 137.681
v -254.548 0.644 131.506
v -248.793 0.644 135.699
v -253.292 0.644 141.874
v -259.047 4.544 137.681
v -254.548 4.544 131.506
v -248.793 4.544 135.699
v -253.292 4.544 141.874
f 2000 1999 1998 1997
f 1993 1994 1998 1997
f 1994 1995 1999 1998
f 1995 1996 2000 1999
f 1996 1993 1997 2000
v -259.123 1.011 139.618
v -241.956 1.011 148.846
v -249.717 1.011 163.282
v -266.884 1.011 154.054
v -259.123 4.911 139.618
v -241.956 4.911 148.846
v -249.717 4.911 163.282
v -266.884 4.911 154.054
f 2008 2007 2006 2005
f 2001 2002 2006 2005
f 2002 2003 2007 2006
f 2003 2004 2008 2007
f 2004 2001 2005 2008
v 73.244 1.156 -212.181
v 90.526 1.156 -202.195
v 83.236 1.156 -189.579
v 65.954 1.156 -199.565
v 73.244 5.056 -212.181
v 90.526 5.056 -202.195
v 83.236 5.056 -189.579
v 65.954 5.056 -199.565
f 2016 2015 2014 2013
f 2009 2010 2014 2013
f 2010 2011 2015 2014
f 2011 2012 2016 2015
f 2012 2009 2013 2016
v 89.564 0.998 -165.517
v 99.225 0.998 -193.179
v 111.696 0.998 -188.823
v 102.035 0.998 -161.161
v 89.564 4.898 -165.517
v 99.225 4.898 -193.179
v 111.696 4.898 -188.823
v 102.035 4.898 -161.161
f 2024 2023 2022 2021
f 2017 2018 2022 2021
f 2018 2019 2023 2022
f 2019 2020 2024 2023
f 2020 2017 2021 2024
v 77.775 0.671 -167.693
v 87.580 0.671 -181.126
v 96.045 0.671 -174.947
v 86.240 0.671 -161.514
v 77.775 4.571 -167.693
v 87.580 4.571 -181.126
v 96.045 4.571 -174.947
v 86.240 4.571 -161.514
f 2032 2031 2030 2029
f 2025 2026 2030 2029
f 2026 2027 2031 2030
f 2027 2028 2032 2031
f 2028 2025 2029 2032
v 65.438 0.830 -162.816
v 79.072 0.830 -170.919
v 87.282 0.830 -157.104
v 73.648 0.830 -149.001
v 65.438 4.730 -162.816
v 79.072 4.730 -170.919
v 87.282 4.730 -157.104
v 73.648 4.730 -149.001
f 2040 2039 2038 2037
f 2033 2034 2038 2037
f 2034 2035 2039 2038
f 2035 2036 2040 2039
f 2036 2033 2037 2040
v 62.448 0.943 -166.748
v 65.939 0.943 -172.040
v 70.012 0.943 -169.352
v 66.521 0.943 -164.060
v 62.448 4.843 -166.748
v 65.939 4.843 -172.040
v 70.012 4.843 -169.352
v 66.521 4.843 -164.060
f 2048 2047 2046 2045
f 2041 2042 2046 2045
f 2042 2043 2047 2046
f 2043 2044 2048 2047
f 2044 2041 2045 2048
v 48.316 0.967 -182.474
v 62.270 0.967 -200.907
v 72.364 0.967 -193.266
v 58.410 0.967 -174.833
v 48.316 4.867 -182.474
v 62.270 4.867 -200.907
v 72.364 4.867 -193.266
v 58.410 4.867 -174.833
f 2056 2055 2054 2053
f 2049 2050 2054 2053
f 2050 2051 2055 2054
f 2051 2052 2056 2055
f 2052 2049 2053 2056
v 36.220 0.816 -179.590
v 51.488 0.816 -190.247
v 58.940 0.816 -179.570
v 43.672 0.816 -168.913
v 36.220 4.716 -179.590
v 51.488 4.716 -190.247
v 58.940 4.716 -179.570
v 43.672 4.716 -168.913
f 2064 2063 2062 2061
f 2057 2058 2062 2061
f 2058 2059 2063 2062
f 2059 2060 2064 2063
f 2060 2057 2061 2064
v 55.140 1.106 -149.191
v 62.727 1.106 -162.107
v 73.040 1.106 -156.049
v 65.453 1.106 -143.133
v 55.140 5.006 -149.191
v 62.727 5.006 -162.107
v 73.040 5.006 -156.049
v 65.453 5.006 -143.133
f 2072 2071 2070 2069
f 2065 2066 2070 2069
f 2066 2067 2071 2070
f 2067 2068 2072 2071
f 2068 2065 2069 2072
v 36.112 1.044 -152.508
v 54.010 1.044 -158.029
v 59.408 1.044 -140.532
v 41.510 1.044 -135.011
v 36.112 4.944 -152.508
v 54.010 4.944 -158.029
v 59.408 4.944 -140.532
v 41.510 4.944 -135.011
f 2080 2079 2078 2077
f 2073 2074 2078 2077
f 2074 2075 2079 2078
f 2075 2076 2080 2079
f 2076 2073 2077 2080
v 25.985 0.894 -146.635
v 42.160 0.894 -144.791
v 41.035 0.894 -134.925
v 24.860 0.894 -136.769
v 25.985 4.794 -146.635
v 42.160 4.794 -144.791
v 41.035 4.794 -134.925
v 24.860 4.794 -136.769
f 2088 2087 2086 2085
f 2081 2082 2086 2085
f 2082 2083 2087 2086
f 2083 2084 2088 2087
f 2084 2081 2085 2088
v 37.233 0.995 -137.782
v 47.096 0.995 -131.637
v 43.807 0.995 -126.358
v 33.944 0.995 -132.503
v 37.233 4.895 -137.782
v 47.096 4.895 -131.637
v 43.807 4.895 -126.358
v 33.944 4.895 -132.503
f 2096 2095 2094 2093
f 2089 2090 2094 2093
f 2090 2091 2095 2094
f 2091 2092 2096 2095
f 2092 2089 2093 2096
v 14.893 0.985 -118.241
v 20.927 0.985 -141.605
v 34.347 0.985 -138.139
v 28.313 0.985 -114.775
v 14.893 4.885 -118.241
v 20.927 4.885 -141.605
v 34.347 4.885 -138.139
v 28.313 4.885 -114.775
f 2104 2103 2102 2101
f 2097 2098 2102 2101
f 2098 2099 2103 2102
f 2099 2100 2104 2103
f 2100 2097 2101 2104
v 8.278 0.921 -154.790
v 23.551 0.921 -144.745
v 17.122 0.921 -134.970
v 1.849 0.921 -145.015
v 8.278 4.821 -154.790
v 23.551 4.821 -144.745
v 17.122 4.821 -134.970
v 1.849 4.821 -145.015
f 2112 2111 2110 2109
f 2105 2106 2110 2109
f 2106 2107 2111 2110
f 2107 2108 2112 2111
f 2108 2105 2109 2112
v 19.239 1.186 -157.980
v 24.552 1.186 -166.274
v 30.101 1.186 -162.720
v 24.788 1.186 -154.426
v 19.239 5.086 -157.980
v 24.552 5.086 -166.274
v 30.101 5.086 -162.720
v 24.788 5.086 -154.426
f 2120 2119 2118 2117
f 2113 2114 2118 2117
f 2114 2115 2119 2118
f 2115 2116 2120 2119
f 2116 2113 2117 2120
v 22.658 0.627 -161.668
v 30.063 0.627 -181.608
v 44.162 0.627 -176.372
v 36.757 0.627 -156.432
v 22.658 4.527 -161.668
v 30.063 4.527 -181.608
v 44.162 4.527 -176.372
v 36.757 4.527 -156.432
f 2128 2127 2126 2125
f 2121 2122 2126 2125
f 2122 2123 2127 2126
f 2123 2124 2128 2127
f 2124 2121 2125 2128
v -2.424 0.745 -168.288
v 13.651 0.745 -156.935
v 9.284 0.745 -150.752
v -6.791 0.745 -162.105
v -2.424 4.645 -168.288
v 13.651 4.645 -156.935
v 9.284 4.645 -150.752
v -6.791 4.645 -162.105
f 2136 2135 2134 2133
f 2129 2130 2134 2133
f 2130 2131 2135 2134
f 2131 2132 2136 2135
f 2132 2129 2133 2136
v -58.802 0.938 -66.146
v -49.480 0.938 -80.254
v -43.398 0.938 -76.234
v -52.720 0.938 -62.126
v -58.802 4.838 -66.146
v -49.480 4.838 -80.254
v -43.398 4.838 -76.234
v -52.720 4.838 -62.126
f 2144 2143 2142 2141
f 2137 2138 2142 2141
f 2138 2139 2143 2142
f 2139 2140 2144 2143
f 2140 2137 2141 2144
v -114.263 1.030 -30.037
v -109.053 1.030 -47.726
v -94.577 1.030 -43.463
v -99.787 1.030 -25.774
v -114.263 4.930 -30.037
v -109.053 4.930 -47.726
v -94.577 4.930 -43.463
v -99.787 4.930 -25.774
f 2152 2151 2150 2149
f 2145 2146 2150 2149
f 2146 2147 2151 2150
f 2147 2148 2152 2151
f 2148 2145 2149 2152
v -126.897 0.663 -22.291
v -117.211 0.663 -40.641
v -107.943 0.663 -35.749
v -117.629 0.663 -17.399
v -126.897 4.563 -22.291
v -117.211 4.563 -40.641
v -107.943 4.563 -35.749
v -117.629 4.563 -17.399
f 2160 2159 2158 2157
f 2153 2154 2158 2157
f 2154 2155 2159 2158
f 2155 2156 2160 2159
f 2156 2153 2157 2160
v -141.018 0.606 -15.821
v -128.741 0.606 -30.583
v -120.222 0.606 -23.499
v -132.499 0.606 -8.737
v -141.018 4.506 -15.821
v -128.741 4.506 -30.583
v -120.222 4.506 -23.499
v -132.499 4.506 -8.737
f 2168 2167 2166 2165
f 2161 2162 2166 2165
f 2162 2163 2167 2166
f 2163 2164 2168 2167
f 2164 2161 2165 2168
v -110.313 1.025 -50.277
v -106.978 1.025 -54.887
v -103.267 1.025 -52.203
v -106.602 1.025 -47.593
v -110.313 4.925 -50.277
v -106.978 4.925 -54.887
v -103.267 4.925 -52.203
v -106.602 4.925 -47.593
f 2176 2175 2174 2173
f 2169 2170 2174 2173
f 2170 2171 2175 2174
f 2171 2172 2176 2175
f 2172 2169 2173 2176
v -170.753 0.429 -134.366
v -156.401 0.429 -124.059
v -163.687 0.429 -113.914
v -178.039 0.429 -124.221
v -170.753 4.329 -134.366
v -156.401 4.329 -124.059
v -163.687 4.329 -113.914
v -178.039 4.329 -124.221
f 2184 2183 2182 2181
f 2177 2178 2182 2181
f 2178 2179 2183 2182
f 2179 2180 2184 2183
f 2180 2177 2181 2184
v -200.944 0.447 -153.365
v -186.862 0.447 -171.016
v -179.616 0.447 -165.235
v -193.698 0.447 -147.584
v -200.944 4.347 -153.365
v -186.862 4.347 -171.016
v -179.616 4.347 -165.235
v -193.698 4.347 -147.584
f 2192 2191 2190 2189
f 2185 2186 2190 2189
f 2186 2187 2191 2190
f 2187 2188 2192 2191
f 2188 2185 2189 2192
v -214.084 0.638 -146.887
v -199.684 0.638 -165.936
v -188.516 0.638 -157.493
v -202.916 0.638 -138.444
v -214.084 4.538 -146.887
v -199.684 4.538 -165.936
v -188.516 4.538 -157.493
v -202.916 4.538 -138.444
f 2200 2199 2198 2197
f 2193 2194 2198 2197
f 2194 2195 2199 2198
f 2195 2196 2200 2199
f 2196 2193 2197 2200
v -228.123 0.701 -138.086
v -211.605 0.701 -156.289
v -200.237 0.701 -145.974
v -216.755 0.701 -127.771
v -228.123 4.601 -138.086
v -211.605 4.601 -156.289
v -200.237 4.601 -145.974
v -216.755 4.601 -127.771
f 2208 2207 2206 2205
f 2201 2202 2206 2205
f 2202 2203 2207 2206
f 2203 2204 2208 2207
f 2204 2201 2205 2208
v -231.874 0.326 -167.172
v -218.171 0.326 -164.506
v -221.206 0.326 -148.908
v -234.909 0.326 -151.574
v -231.874 4.226 -167.172
v -218.171 4.226 -164.506
v -221.206 4.226 -148.908
v -234.909 4.226 -151.574
f 2216 2215 2214 2213
f 2209 2210 2214 2213
f 2210 2211 2215 2214
f 2211 2212 2216 2215
f 2212 2209 2213 2216
v -214.546 0.465 -171.439
v -203.323 0.465 -169.170
v -205.034 0.465 -160.701
v -216.257 0.465 -162.970
v -214.546 4.365 -171.439
v -203.323 4.365 -169.170
v -205.034 4.365 -160.701
v -216.257 4.365 -162.970
f 2224 2223 2222 2221
f 2217 2218 2222 2221
f 2218 2219 2223 2222
f 2219 2220 2224 2223
f 2220 2217 2221 2224
v -216.169 0.514 -174.032
v -203.114 0.514 -196.679
v -188.871 0.514 -188.468
v -201.926 0.514 -165.821
v -216.169 4.414 -174.032
v -203.114 4.414 -196.679
v -188.871 4.414 -188.468
v -201.926 4.414 -165.821
f 2232 2231 2230 2229
f 2225 2226 2230 2229
f 2226 2227 2231 2230
f 2227 2228 2232 2231
f 2228 2225 2229 2232
v -228.235 0.622 -185.559
v -212.210 0.622 -188.650
v -209.165 0.622 -172.861
v -225.190 0.622 -169.770
v -228.235 4.522 -185.559
v -212.210 4.522 -188.650
v -209.165 4.522 -172.861
v -225.190 4.522 -169.770
f 2240 2239 2238 2237
f 2233 2234 2238 2237
f 2234 2235 2239 2238
f 2235 2236 2240 2239
f 2236 2233 2237 2240
v -236.465 0.253 -172.571
v -231.198 0.253 -180.740
v -225.475 0.253 -177.049
v -230.742 0.253 -168.880
v -236.465 4.153 -172.571
v -231.198 4.153 -180.740
v -225.475 4.153 -177.049
v -230.742 4.153 -168.880
f 2248 2247 2246 2245
f 2241 2242 2246 2245
f 2242 2243 2247 2246
f 2243 2244 2248 2247
f 2244 2241 2245 2248
v -251.344 0.264 -152.470
v -241.655 0.264 -168.500
v -233.996 0.264 -163.870
v -243.685 0.264 -147.840
v -251.344 4.164 -152.470
v -241.655 4.164 -168.500
v -233.996 4.164 -163.870
v -243.685 4.164 -147.840
f 2256 2255 2254 2253
f 2249 2250 2254 2253
f 2250 2251 2255 2254
f 2251 2252 2256 2255
f 2252 2249 2253 2256
v -264.564 0.326 -141.256
v -253.263 0.326 -158.647
v -245.716 0.326 -153.744
v -257.017 0.326 -136.353
v -264.564 4.226 -141.256
v -253.263 4.226 -158.647
v -245.716 4.226 -153.744
v -257.017 4.226 -136.353
f 2264 2263 2262 2261
f 2257 2258 2262 2261
f 2258 2259 2263 2262
f 2259 2260 2264 2263
f 2260 2257 2261 2264
v -246.188 0.392 -122.973
v -240.935 0.392 -130.684
v -235.332 0.392 -126.867
v -240.585 0.392 -119.156
v -246.188 4.292 -122.973
v -240.935 4.292 -130.684
v -235.332 4.292 -126.867
v -240.585 4.292 -119.156
f 2272 2271 2270 2269
f 2265 2266 2270 2269
f 2266 2267 2271 2270
f 2267 2268 2272 2271
f 2268 2265 2269 2272
v -263.230 0.136 -112.047
v -251.131 0.136 -128.198
v -238.790 0.136 -118.953
v -250.889 0.136 -102.802
v -263.230 4.036 -112.047
v -251.131 4.036 -128.198
v -238.790 4.036 -118.953
v -250.889 4.036 -102.802
f 2280 2279 2278 2277
f 2273 2274 2278 2277
f 2274 2275 2279 2278
f 2275 2276 2280 2279
f 2276 2273 2277 2280
v -240.427 0.499 -213.007
v -230.151 0.499 -206.486
v -234.513 0.499 -199.613
v -244.789 0.499 -206.134
v -240.427 4.399 -213.007
v -230.151 4.399 -206.486
v -234.513 4.399 -199.613
v -244.789 4.399 -206.134
f 2288 2287 2286 2285
f 2281 2282 2286 2285
f 2282 2283 2287 2286
f 2283 2284 2288 2287
f 2284 2281 2285 2288
v -245.852 0.578 -212.589
v -241.758 0.578 -218.789
v -238.128 0.578 -216.391
v -242.222 0.578 -210.191
v -245.852 4.478 -212.589
v -241.758 4.478 -218.789
v -238.128 4.478 -216.391
v -242.222 4.478 -210.191
f 2296 2295 2294 2293
f 2289 2290 2294 2293
f 2290 2291 2295 2294
f 2291 2292 2296 2295
f 2292 2289 2293 2296
v -248.106 0.537 -208.760
v -247.404 0.537 -193.176
v -257.534 0.537 -192.720
v -258.236 0.537 -208.304
v -248.106 4.437 -208.760
v -247.404 4.437 -193.176
v -257.534 4.437 -192.720
v -258.236 4.437 -208.304
f 2304 2303 2302 2301
f 2297 2298 2302 2301
f 2298 2299 2303 2302
f 2299 2300 2304 2303
f 2300 2297 2301 2304
v -260.059 0.270 -227.062
v -254.249 0.270 -235.603
v -250.801 0.270 -233.258
v -256.611 0.270 -224.717
v -260.059 4.170 -227.062
v -254.249 4.170 -235.603
v -250.801 4.170 -233.258
v -256.611 4.170 -224.717
f 2312 2311 2310 2309
f 2305 2306 2310 2309
f 2306 2307 2311 2310
f 2307 2308 2312 2311
f 2308 2305 2309 2312
v -237.863 0.867 185.764
v -231.594 0.867 172.478
v -221.257 0.867 177.356
v -227.526 0.867 190.642
v -237.863 4.767 185.764
v -231.594 4.767 172.478
v -221.257 4.767 177.356
v -227.526 4.767 190.642
f 2320 2319 2318 2317
f 2313 2314 2318 2317
f 2314 2315 2319 2318
f 2315 2316 2320 2319
f 2316 2313 2317 2320
v -253.186 0.747 -66.047
v -236.151 0.747 -83.333
v -226.714 0.747 -74.033
v -243.749 0.747 -56.747
v -253.186 4.647 -66.047
v -236.151 4.647 -83.333
v -226.714 4.647 -74.033
v -243.749 4.647 -56.747
f 2328 2327 2326 2325
f 2321 2322 2326 2325
f 2322 2323 2327 2326
f 2323 2324 2328 2327
f 2324 2321 2325 2328
v -258.851 0.520 -44.269
v -242.396 0.520 -33.677
v -248.669 0.520 -23.931
v -265.124 0.520 -34.523
v -258.851 4.420 -44.269
v -242.396 4.420 -33.677
v -248.669 4.420 -23.931
v -265.124 4.420 -34.523
f 2336 2335 2334 2333
f 2329 2330 2334 2333
f 2330 2331 2335 2334
f 2331 2332 2336 2335
f 2332 2329 2333 2336
v -254.942 0.697 -31.424
v -237.954 0.697 -20.441
v -243.698 0.697 -11.556
v -260.686 0.697 -22.539
v -254.942 4.597 -31.424
v -237.954 4.597 -20.441
v -243.698 4.597 -11.556
v -260.686 4.597 -22.539
f 2344 2343 2342 2341
f 2337 2338 2342 2341
f 2338 2339 2343 2342
f 2339 2340 2344 2343
f 2340 2337 2341 2344
v -204.358 0.916 -3.265
v -198.123 0.916 -26.037
v -182.122 0.916 -21.655
v -188.357 0.916 1.117
v -204.358 4.816 -3.265
v -198.123 4.816 -26.037
v -182.122 4.816 -21.655
v -188.357 4.816 1.117
f 2352 2351 2350 2349
f 2345 2346 2350 2349
f 2346 2347 2351 2350
f 2347 2348 2352 2351
f 2348 2345 2349 2352
v -188.961 0.781 17.106
v -179.211 0.781 3.425
v -170.359 0.781 9.734
v -180.109 0.781 23.415
v -188.961 4.681 17.106
v -179.211 4.681 3.425
v -170.359 4.681 9.734
v -180.109 4.681 23.415
f 2360 2359 2358 2357
f 2353 2354 2358 2357
f 2354 2355 2359 2358
f 2355 2356 2360 2359
f 2356 2353 2357 2360
v -178.540 0.892 8.115
v -169.849 0.892 -5.164
v -158.620 0.892 2.185
v -167.311 0.892 15.464
v -178.540 4.792 8.115
v -169.849 4.792 -5.164
v -158.620 4.792 2.185
v -167.311 4.792 15.464
f 2368 2367 2366 2365
f 2361 2362 2366 2365
f 2362 2363 2367 2366
f 2363 2364 2368 2367
f 2364 2361 2365 2368
v -171.114 0.588 2.564
v -154.394 0.588 -23.861
v -142.766 0.588 -16.504
v -159.486 0.588 9.921
v -171.114 4.488 2.564
v -154.394 4.488 -23.861
v -142.766 4.488 -16.504
v -159.486 4.488 9.921
f 2376 2375 2374 2373
f 2369 2370 2374 2373
f 2370 2371 2375 2374
f 2371 2372 2376 2375
f 2372 2369 2373 2376
v -209.904 0.455 26.216
v -196.445 0.455 37.819
v -203.536 0.455 46.044
v -216.995 0.455 34.441
v -209.904 4.355 26.216
v -196.445 4.355 37.819
v -203.536 4.355 46.044
v -216.995 4.355 34.441
f 2384 2383 2382 2381
f 2377 2378 2382 2381
f 2378 2379 2383 2382
f 2379 2380 2384 2383
f 2380 2377 2381 2384
v -217.820 0.516 26.736
v -213.374 0.516 29.355
v -215.760 0.516 33.404
v -220.206 0.516 30.785
v -217.820 4.416 26.736
v -213.374 4.416 29.355
v -215.760 4.416 33.404
v -220.206 4.416 30.785
f 2392 2391 2390 2389
f 2385 2386 2390 2389
f 2386 2387 2391 2390
f 2387 2388 2392 2391
f 2388 2385 2389 2392
v -215.347 0.610 24.698
v -210.281 0.610 18.047
v -204.013 0.610 22.822
v -209.079 0.610 29.473
v -215.347 4.510 24.698
v -210.281 4.510 18.047
v -204.013 4.510 22.822
v -209.079 4.510 29.473
f 2400 2399 2398 2397
f 2393 2394 2398 2397
f 2394 2395 2399 2398
f 2395 2396 2400 2399
f 2396 2393 2397 2400
v -219.536 0.520 9.045
v -209.186 0.520 16.508
v -214.584 0.520 23.995
v -224.934 0.520 16.532
v -219.536 4.420 9.045
v -209.186 4.420 16.508
v -214.584 4.420 23.995
v -224.934 4.420 16.532
f 2408 2407 2406 2405
f 2401 2402 2406 2405
f 2402 2403 2407 2406
f 2403 2404 2408 2407
f 2404 2401 2405 2408
v -231.684 0.759 -8.060
v -217.640 0.759 -0.007
v -225.236 0.759 13.240
v -239.280 0.759 5.187
v -231.684 4.659 -8.060
v -217.640 4.659 -0.007
v -225.236 4.659 13.240
v -239.280 4.659 5.187
f 2416 2415 2414 2413
f 2409 2410 2414 2413
f 2410 2411 2415 2414
f 2411 2412 2416 2415
f 2412 2409 2413 2416
v -240.586 0.812 12.693
v -231.248 0.812 28.163
v -246.034 0.812 37.087
v -255.372 0.812 21.617
v -240.586 4.712 12.693
v -231.248 4.712 28.163
v -246.034 4.712 37.087
v -255.372 4.712 21.617
f 2424 2423 2422 2421
f 2417 2418 2422 2421
f 2418 2419 2423 2422
f 2419 2420 2424 2423
f 2420 2417 2421 2424
v -241.231 -0.137 49.473
v -230.484 -0.137 33.890
v -220.309 -0.137 40.907
v -231.056 -0.137 56.490
v -241.231 3.763 49.473
v -230.484 3.763 33.890
v -220.309 3.763 40.907
v -231.056 3.763 56.490
f 2432 2431 2430 2429
f 2425 2426 2430 2429
f 2426 2427 2431 2430
f 2427 2428 2432 2431
f 2428 2425 2429 2432
v -242.194 0.709 33.994
v -236.208 0.709 37.850
v -239.826 0.709 43.466
v -245.812 0.709 39.610
v -242.194 4.609 33.994
v -236.208 4.609 37.850
v -239.826 4.609 43.466
v -245.812 4.609 39.610
f 2440 2439 2438 2437
f 2433 2434 2438 2437
f 2434 2435 2439 2438
f 2435 2436 2440 2439
f 2436 2433 2437 2440
v -165.337 0.904 128.376
v -143.655 0.904 114.136
v -132.643 0.904 130.904
v -154.325 0.904 145.144
v -165.337 4.804 128.376
v -143.655 4.804 114.136
v -132.643 4.804 130.904
v -154.325 4.804 145.144
f 2448 2447 2446 2445
f 2441 2442 2446 2445
f 2442 2443 2447 2446
f 2443 2444 2448 2447
f 2444 2441 2445 2448
v -139.424 0.952 142.006
v -124.903 0.952 149.143
v -131.956 0.952 163.494
v -146.477 0.952 156.357
v -139.424 4.852 142.006
v -124.903 4.852 149.143
v -131.956 4.852 163.494
v -146.477 4.852 156.357
f 2456 2455 2454 2453
f 2449 2450 2454 2453
f 2450 2451 2455 2454
f 2451 2452 2456 2455
f 2452 2449 2453 2456
v -158.137 0.860 170.640
v -155.262 0.860 154.778
v -140.463 0.860 157.460
v -143.338 0.860 173.322
v -158.137 4.760 170.640
v -155.262 4.760 154.778
v -140.463 4.760 157.460
v -143.338 4.760 173.322
f 2464 2463 2462 2461
f 2457 2458 2462 2461
f 2458 2459 2463 2462
f 2459 2460 2464 2463
f 2460 2457 2461 2464
v -169.252 0.791 161.888
v -154.945 0.791 170.770
v -162.968 0.791 183.692
v -177.275 0.791 174.810
v -169.252 4.691 161.888
v -154.945 4.691 170.770
v -162.968 4.691 183.692
v -177.275 4.691 174.810
f 2472 2471 2470 2469
f 2465 2466 2470 2469
f 2466 2467 2471 2470
f 2467 2468 2472 2471
f 2468 2465 2469 2472
v -188.378 0.794 174.539
v -169.368 0.794 177.370
v -171.922 0.794 194.521
v -190.932 0.794 191.690
v -188.378 4.694 174.539
v -169.368 4.694 177.370
v -171.922 4.694 194.521
v -190.932 4.694 191.690
f 2480 2479 2478 2477
f 2473 2474 2478 2477
f 2474 2475 2479 2478
f 2475 2476 2480 2479
f 2476 2473 2477 2480
v -193.068 0.553 174.604
v -188.761 0.553 177.410
v -191.032 0.553 180.896
v -195.339 0.553 178.090
v -193.068 4.453 174.604
v -188.761 4.453 177.410
v -191.032 4.453 180.896
v -195.339 4.453 178.090
f 2488 2487 2486 2485
f 2481 2482 2486 2485
f 2482 2483 2487 2486
f 2483 2484 2488 2487
f 2484 2481 2485 2488
v -211.606 0.812 191.848
v -192.461 0.812 182.697
v -185.074 0.812 198.152
v -204.219 0.812 207.303
v -211.606 4.712 191.848
v -192.461 4.712 182.697
v -185.074 4.712 198.152
v -204.219 4.712 207.303
f 2496 2495 2494 2493
f 2489 2490 2494 2493
f 2490 2491 2495 2494
f 2491 2492 2496 2495
f 2492 2489 2493 2496
v -216.058 0.796 196.631
v -203.312 0.796 203.628
v -209.042 0.796 214.069
v -221.788 0.796 207.072
v -216.058 4.696 196.631
v -203.312 4.696 203.628
v -209.042 4.696 214.069
v -221.788 4.696 207.072
f 2504 2503 2502 2501
f 2497 2498 2502 2501
f 2498 2499 2503 2502
f 2499 2500 2504 2503
f 2500 2497 2501 2504
v -238.936 0.655 212.054
v -236.061 0.655 214.050
v -237.864 0.655 216.646
v -240.739 0.655 214.650
v -238.936 4.555 212.054
v -236.061 4.555 214.050
v -237.864 4.555 216.646
v -240.739 4.555 214.650
f 2512 2511 2510 2509
f 2505 2506 2510 2509
f 2506 2507 2511 2510
f 2507 2508 2512 2511
f 2508 2505 2509 2512
v -206.905 0.884 159.251
v -201.741 0.884 181.315
v -218.975 0.884 185.349
v -224.139 0.884 163.285
v -206.905 4.784 159.251
v -201.741 4.784 181.315
v -218.975 4.784 185.349
v -224.139 4.784 163.285
f 2520 2519 2518 2517
f 2513 2514 2518 2517
f 2514 2515 2519 2518
f 2515 2516 2520 2519
f 2516 2513 2517 2520
v -179.870 0.966 136.105
v -170.253 0.966 157.624
v -187.910 0.966 165.515
v -197.527 0.966 143.996
v -179.870 4.866 136.105
v -170.253 4.866 157.624
v -187.910 4.866 165.515
v -197.527 4.866 143.996
f 2528 2527 2526 2525
f 2521 2522 2526 2525
f 2522 2523 2527 2526
f 2523 2524 2528 2527
f 2524 2521 2525 2528
v -177.541 1.063 148.109
v -173.968 1.063 130.325
v -160.399 1.063 133.051
v -163.972 1.063 150.835
v -177.541 4.963 148.109
v -173.968 4.963 130.325
v -160.399 4.963 133.051
v -163.972 4.963 150.835
f 2536 2535 2534 2533
f 2529 2530 2534 2533
f 2530 2531 2535 2534
f 2531 2532 2536 2535
f 2532 2529 2533 2536
v -90.526 0.864 199.452
v -84.545 0.864 205.477
v -89.634 0.864 210.528
v -95.615 0.864 204.503
v -90.526 4.764 199.452
v -84.545 4.764 205.477
v -89.634 4.764 210.528
v -95.615 4.764 204.503
f 2544 2543 2542 2541
f 2537 2538 2542 2541
f 2538 2539 2543 2542
f 2539 2540 2544 2543
f 2540 2537 2541 2544
v -116.789 0.561 219.572
v -107.272 0.561 203.440
v -96.411 0.561 209.848
v -105.928 0.561 225.980
v -116.789 4.461 219.572
v -107.272 4.461 203.440
v -96.411 4.461 209.848
v -105.928 4.461 225.980
f 2552 2551 2550 2549
f 2545 2546 2550 2549
f 2546 2547 2551 2550
f 2547 2548 2552 2551
f 2548 2545 2549 2552
v -130.805 0.762 225.284
v -117.227 0.762 213.620
v -106.475 0.762 226.136
v -120.053 0.762 237.800
v -130.805 4.662 225.284
v -117.227 4.662 213.620
v -106.475 4.662 226.136
v -120.053 4.662 237.800
f 2560 2559 2558 2557
f 2553 2554 2558 2557
f 2554 2555 2559 2558
f 2555 2556 2560 2559
f 2556 2553 2557 2560
v -158.355 0.783 250.874
v -150.748 0.783 239.819
v -143.325 0.783 244.926
v -150.932 0.783 255.981
v -158.355 4.683 250.874
v -150.748 4.683 239.819
v -143.325 4.683 244.926
v -150.932 4.683 255.981
f 2568 2567 2566 2565
f 2561 2562 2566 2565
f 2562 2563 2567 2566
f 2563 2564 2568 2567
f 2564 2561 2565 2568
v -171.899 0.589 260.116
v -163.318 0.589 243.749
v -152.381 0.589 249.484
v -160.962 0.589 265.851
v -171.899 4.489 260.116
v -163.318 4.489 243.749
v -152.381 4.489 249.484
v -160.962 4.489 265.851
f 2576 2575 2574 2573
f 2569 2570 2574 2573
f 2570 2571 2575 2574
f 2571 2572 2576 2575
f 2572 2569 2573 2576
v -212.311 0.786 258.556
v -200.027 0.786 235.482
v -183.829 0.786 244.104
v -196.113 0.786 267.178
v -212.311 4.686 258.556
v -200.027 4.686 235.482
v -183.829 4.686 244.104
v -196.113 4.686 267.178
f 2584 2583 2582 2581
f 2577 2578 2582 2581
f 2578 2579 2583 2582
f 2579 2580 2584 2583
f 2580 2577 2581 2584
v -196.234 0.263 243.707
v -186.763 0.263 229.662
v -179.806 0.263 234.353
v -189.277 0.263 248.398
v -196.234 4.163 243.707
v -186.763 4.163 229.662
v -179.806 4.163 234.353
v -189.277 4.163 248.398
f 2592 2591 2590 2589
f 2585 2586 2590 2589
f 2586 2587 2591 2590
f 2587 2588 2592 2591
f 2588 2585 2589 2592
v -177.028 0.736 215.317
v -157.147 0.736 228.868
v -166.372 0.736 242.403
v -186.253 0.736 228.852
v -177.028 4.636 215.317
v -157.147 4.636 228.868
v -166.372 4.636 242.403
v -186.253 4.636 228.852
f 2600 2599 2598 2597
f 2593 2594 2598 2597
f 2594 2595 2599 2598
f 2595 2596 2600 2599
f 2596 2593 2597 2600
v -161.688 0.569 203.390
v -142.382 0.569 206.406
v -145.032 0.569 223.370
v -164.338 0.569 220.354
v -161.688 4.469 203.390
v -142.382 4.469 206.406
v -145.032 4.469 223.370
v -164.338 4.469 220.354
f 2608 2607 2606 2605
f 2601 2602 2606 2605
f 2602 2603 2607 2606
f 2603 2604 2608 2607
f 2604 2601 2605 2608
v -146.420 0.643 205.829
v -136.013 0.643 193.676
v -126.420 0.643 201.891
v -136.827 0.643 214.044
v -146.420 4.543 205.829
v -136.013 4.543 193.676
v -126.420 4.543 201.891
v -136.827 4.543 214.044
f 2616 2615 2614 2613
f 2609 2610 2614 2613
f 2610 2611 2615 2614
f 2611 2612 2616 2615
f 2612 2609 2613 2616
v -133.307 0.614 198.942
v -125.906 0.614 187.783
v -118.073 0.614 192.978
v -125.474 0.614 204.137
v -133.307 4.514 198.942
v -125.906 4.514 187.783
v -118.073 4.514 192.978
v -125.474 4.514 204.137
f 2624 2623 2622 2621
f 2617 2618 2622 2621
f 2618 2619 2623 2622
f 2619 2620 2624 2623
f 2620 2617 2621 2624
v -117.796 0.739 201.158
v -114.499 0.739 203.646
v -116.004 0.739 205.642
v -119.301 0.739 203.154
v -117.796 4.639 201.158
v -114.499 4.639 203.646
v -116.004 4.639 205.642
v -119.301 4.639 203.154
f 2632 2631 2630 2629
f 2625 2626 2630 2629
f 2626 2627 2631 2630
f 2627 2628 2632 2631
f 2628 2625 2629 2632
v -117.498 0.426 200.881
v -113.558 0.426 195.083
v -110.622 0.426 197.079
v -114.562 0.426 202.877
v -117.498 4.326 200.881
v -113.558 4.326 195.083
v -110.622 4.326 197.079
v -114.562 4.326 202.877
f 2640 2639 2638 2637
f 2633 2634 2638 2637
f 2634 2635 2639 2638
f 2635 2636 2640 2639
f 2636 2633 2637 2640
v -113.921 0.578 178.365
v -101.699 0.578 186.922
v -107.239 0.578 194.835
v -119.461 0.578 186.278
v -113.921 4.478 178.365
v -101.699 4.478 186.922
v -107.239 4.478 194.835
v -119.461 4.478 186.278
f 2648 2647 2646 2645
f 2641 2642 2646 2645
f 2642 2643 2647 2646
f 2643 2644 2648 2647
f 2644 2641 2645 2648
v -259.622 0.904 233.452
v -254.376 0.904 226.263
v -248.778 0.904 230.348
v -254.024 0.904 237.537
v -259.622 4.804 233.452
v -254.376 4.804 226.263
v -248.778 4.804 230.348
v -254.024 4.804 237.537
f 2656 2655 2654 2653
f 2649 2650 2654 2653
f 2650 2651 2655 2654
f 2651 2652 2656 2655
f 2652 2649 2653 2656
v -61.406 1.045 -165.621
v -44.459 1.045 -183.411
v -33.214 1.045 -172.699
v -50.161 1.045 -154.909
v -61.406 4.945 -165.621
v -44.459 4.945 -183.411
v -33.214 4.945 -172.699
v -50.161 4.945 -154.909
f 2664 2663 2662 2661
f 2657 2658 2662 2661
f 2658 2659 2663 2662
f 2659 2660 2664 2663
f 2660 2657 2661 2664
v -74.629 0.634 -185.093
v -59.088 0.634 -204.279
v -46.531 0.634 -194.107
v -62.072 0.634 -174.921
v -74.629 4.534 -185.093
v -59.088 4.534 -204.279
v -46.531 4.534 -194.107
v -62.072 4.534 -174.921
f 2672 2671 2670 2669
f 2665 2666 2670 2669
f 2666 2667 2671 2670
f 2667 2668 2672 2671
f 2668 2665 2669 2672
v -67.416 0.539 -193.237
v -66.889 0.539 -171.613
v -84.564 0.539 -171.183
v -85.091 0.539 -192.807
v -67.416 4.439 -193.237
v -66.889 4.439 -171.613
v -84.564 4.439 -171.183
v -85.091 4.439 -192.807
f 2680 2679 2678 2677
f 2673 2674 2678 2677
f 2674 2675 2679 2678
f 2675 2676 2680 2679
f 2676 2673 2677 2680
v -92.103 0.784 -181.998
v -80.233 0.784 -173.174
v -88.657 0.784 -161.842
v -100.527 0.784 -170.666
v -92.103 4.684 -181.998
v -80.233 4.684 -173.174
v -88.657 4.684 -161.842
v -100.527 4.684 -170.666
f 2688 2687 2686 2685
f 2681 2682 2686 2685
f 2682 2683 2687 2686
f 2683 2684 2688 2687
f 2684 2681 2685 2688
v -116.139 0.552 -170.536
v -100.094 0.552 -169.203
v -101.321 0.552 -154.444
v -117.366 0.552 -155.777
v -116.139 4.452 -170.536
v -100.094 4.452 -169.203
v -101.321 4.452 -154.444
v -117.366 4.452 -155.777
f 2696 2695 2694 2693
f 2689 2690 2694 2693
f 2690 2691 2695 2694
f 2691 2692 2696 2695
f 2692 2689 2693 2696
v -131.107 0.522 -151.232
v -122.996 0.522 -163.190
v -113.793 0.522 -156.948
v -121.904 0.522 -144.990
v -131.107 4.422 -151.232
v -122.996 4.422 -163.190
v -113.793 4.422 -156.948
v -121.904 4.422 -144.990
f 2704 2703 2702 2701
f 2697 2698 2702 2701
f 2698 2699 2703 2702
f 2699 2700 2704 2703
f 2700 2697 2701 2704
v -148.099 0.780 -142.147
v -135.608 0.780 -155.617
v -124.301 0.780 -145.133
v -136.792 0.780 -131.663
v -148.099 4.680 -142.147
v -135.608 4.680 -155.617
v -124.301 4.680 -145.133
v -136.792 4.680 -131.663
f 2712 2711 2710 2709
f 2705 2706 2710 2709
f 2706 2707 2711 2710
f 2707 2708 2712 2711
f 2708 2705 2709 2712
v -58.993 0.898 -111.155
v -43.221 0.898 -131.179
v -30.227 0.898 -120.945
v -45.999 0.898 -100.921
v -58.993 4.798 -111.155
v -43.221 4.798 -131.179
v -30.227 4.798 -120.945
v -45.999 4.798 -100.921
f 2720 2719 2718 2717
f 2713 2714 2718 2717
f 2714 2715 2719 2718
f 2715 2716 2720 2719
f 2716 2713 2717 2720
v -18.978 0.364 -219.460
v -7.325 0.364 -240.464
v 5.118 0.364 -233.560
v -6.535 0.364 -212.556
v -18.978 4.264 -219.460
v -7.325 4.264 -240.464
v 5.118 4.264 -233.560
v -6.535 4.264 -212.556
f 2728 2727 2726 2725
f 2721 2722 2726 2725
f 2722 2723 2727 2726
f 2723 2724 2728 2727
f 2724 2721 2725 2728
v -36.070 0.416 -213.528
v -25.667 0.416 -235.865
v -9.450 0.416 -228.312
v -19.853 0.416 -205.975
v -36.070 4.316 -213.528
v -25.667 4.316 -235.865
v -9.450 4.316 -228.312
v -19.853 4.316 -205.975
f 2736 2735 2734 2733
f 2729 2730 2734 2733
f 2730 2731 2735 2734
f 2731 2732 2736 2735
f 2732 2729 2733 2736
v -41.321 0.551 -198.773
v -33.157 0.551 -220.778
v -19.919 0.551 -215.867
v -28.083 0.551 -193.862
v -41.321 4.451 -198.773
v -33.157 4.451 -220.778
v -19.919 4.451 -215.867
v -28.083 4.451 -193.862
f 2744 2743 2742 2741
f 2737 2738 2742 2741
f 2738 2739 2743 2742
f 2739 2740 2744 2743
f 2740 2737 2741 2744
v -32.093 0.306 -189.300
v -28.359 0.306 -195.054
v -25.347 0.306 -193.100
v -29.081 0.306 -187.346
v -32.093 4.206 -189.300
v -28.359 4.206 -195.054
v -25.347 4.206 -193.100
v -29.081 4.206 -187.346
f 2752 2751 2750 2749
f 2745 2746 2750 2749
f 2746 2747 2751 2750
f 2747 2748 2752 2751
f 2748 2745 2749 2752
v -23.835 0.670 -183.808
v -13.121 0.670 -193.264
v -5.485 0.670 -184.612
v -16.199 0.670 -175.156
v -23.835 4.570 -183.808
v -13.121 4.570 -193.264
v -5.485 4.570 -184.612
v -16.199 4.570 -175.156
f 2760 2759 2758 2757
f 2753 2754 2758 2757
f 2754 2755 2759 2758
f 2755 2756 2760 2759
f 2756 2753 2757 2760
v -13.376 0.300 -185.826
v -8.198 0.300 -206.971
v 4.856 0.300 -203.774
v -0.322 0.300 -182.629
v -13.376 4.200 -185.826
v -8.198 4.200 -206.971
v 4.856 4.200 -203.774
v -0.322 4.200 -182.629
f 2768 2767 2766 2765
f 2761 2762 2766 2765
f 2762 2763 2767 2766
f 2763 2764 2768 2767
f 2764 2761 2765 2768
v -0.525 0.746 -199.378
v 10.395 0.746 -211.058
v 18.605 0.746 -203.382
v 7.685 0.746 -191.702
v -0.525 4.646 -199.378
v 10.395 4.646 -211.058
v 18.605 4.646 -203.382
v 7.685 4.646 -191.702
f 2776 2775 2774 2773
f 2769 2770 2774 2773
f 2770 2771 2775 2774
f 2771 2772 2776 2775
f 2772 2769 2773 2776
v -5.318 0.513 -209.907
v -2.519 0.513 -213.620
v 0.938 0.513 -211.013
v -1.861 0.513 -207.300
v -5.318 4.413 -209.907
v -2.519 4.413 -213.620
v 0.938 4.413 -211.013
v -1.861 4.413 -207.300
f 2784 2783 2782 2781
f 2777 2778 2782 2781
f 2778 2779 2783 2782
f 2779 2780 2784 2783
f 2780 2777 2781 2784
v 10.002 0.655 -205.054
v 21.595 0.655 -221.388
v 28.078 0.655 -216.786
v 16.485 0.655 -200.452
v 10.002 4.555 -205.054
v 21.595 4.555 -221.388
v 28.078 4.555 -216.786
v 16.485 4.555 -200.452
f 2792 2791 2790 2789
f 2785 2786 2790 2789
f 2786 2787 2791 2790
f 2787 2788 2792 2791
f 2788 2785 2789 2792
v 18.655 0.386 -207.687
v 31.120 0.386 -225.790
v 36.605 0.386 -222.013
v 24.140 0.386 -203.910
v 18.655 4.286 -207.687
v 31.120 4.286 -225.790
v 36.605 4.286 -222.013
v 24.140 4.286 -203.910
f 2800 2799 2798 2797
f 2793 2794 2798 2797
f 2794 2795 2799 2798
f 2795 2796 2800 2799
f 2796 2793 2797 2800
v 2.599 0.213 -233.106
v 19.170 0.213 -241.487
v 25.741 0.213 -228.494
v 9.170 0.213 -220.113
v 2.599 4.113 -233.106
v 19.170 4.113 -241.487
v 25.741 4.113 -228.494
v 9.170 4.113 -220.113
f 2808 2807 2806 2805
f 2801 2802 2806 2805
f 2802 2803 2807 2806
f 2803 2804 2808 2807
f 2804 2801 2805 2808
v 8.927 0.160 -238.417
v 11.211 0.160 -242.212
v 13.353 0.160 -240.923
v 11.069 0.160 -237.128
v 8.927 4.060 -238.417
v 11.211 4.060 -242.212
v 13.353 4.060 -240.923
v 11.069 4.060 -237.128
f 2816 2815 2814 2813
f 2809 2810 2814 2813
f 2810 2811 2815 2814
f 2811 2812 2816 2815
f 2812 2809 2813 2816
v 27.292 0.464 -218.504
v 38.237 0.464 -235.754
v 45.988 0.464 -230.836
v 35.043 0.464 -213.586
v 27.292 4.364 -218.504
v 38.237 4.364 -235.754
v 45.988 4.364 -230.836
v 35.043 4.364 -213.586
f 2824 2823 2822 2821
f 2817 2818 2822 2821
f 2818 2819 2823 2822
f 2819 2820 2824 2823
f 2820 2817 2821 2824
v 48.301 0.695 -228.876
v 51.915 0.695 -246.713
v 70.419 0.695 -242.964
v 66.805 0.695 -225.127
v 48.301 4.595 -228.876
v 51.915 4.595 -246.713
v 70.419 4.595 -242.964
v 66.805 4.595 -225.127
f 2832 2831 2830 2829
f 2825 2826 2830 2829
f 2826 2827 2831 2830
f 2827 2828 2832 2831
f 2828 2825 2829 2832
v 53.033 0.544 -256.996
v 58.012 0.544 -253.454
v 56.227 0.544 -250.944
v 51.248 0.544 -254.486
v 53.033 4.444 -256.996
v 58.012 4.444 -253.454
v 56.227 4.444 -250.944
v 51.248 4.444 -254.486
f 2840 2839 2838 2837
f 2833 2834 2838 2837
f 2834 2835 2839 2838
f 2835 2836 2840 2839
f 2836 2833 2837 2840
v 9.279 0.316 -242.841
v 23.423 0.316 -258.512
v 32.301 0.316 -250.499
v 18.157 0.316 -234.828
v 9.279 4.216 -242.841
v 23.423 4.216 -258.512
v 32.301 4.216 -250.499
v 18.157 4.216 -234.828
f 2848 2847 2846 2845
f 2841 2842 2846 2845
f 2842 2843 2847 2846
f 2843 2844 2848 2847
f 2844 2841 2845 2848
v -68.838 0.545 -246.259
v -53.175 0.545 -259.930
v -43.042 0.545 -248.321
v -58.705 0.545 -234.650
v -68.838 4.445 -246.259
v -53.175 4.445 -259.930
v -43.042 4.445 -248.321
v -58.705 4.445 -234.650
f 2856 2855 2854 2853
f 2849 2850 2854 2853
f 2850 2851 2855 2854
f 2851 2852 2856 2855
f 2852 2849 2853 2856
v -48.394 0.472 -265.112
v -27.492 0.472 -259.506
v -31.906 0.472 -243.048
v -52.808 0.472 -248.654
v -48.394 4.372 -265.112
v -27.492 4.372 -259.506
v -31.906 4.372 -243.048
v -52.808 4.372 -248.654
f 2864 2863 2862 2861
f 2857 2858 2862 2861
f 2858 2859 2863 2862
f 2859 2860 2864 2863
f 2860 2857 2861 2864
v -98.116 0.659 -226.334
v -88.345 0.659 -240.196
v -78.684 0.659 -233.386
v -88.455 0.659 -219.524
v -98.116 4.559 -226.334
v -88.345 4.559 -240.196
v -78.684 4.559 -233.386
v -88.455 4.559 -219.524
f 2872 2871 2870 2869
f 2865 2866 2870 2869
f 2866 2867 2871 2870
f 2867 2868 2872 2871
f 2868 2865 2869 2872
v -105.478 0.619 -225.761
v -89.390 0.619 -224.242
v -91.022 0.619 -206.959
v -107.110 0.619 -208.478
v -105.478 4.519 -225.761
v -89.390 4.519 -224.242
v -91.022 4.519 -206.959
v -107.110 4.519 -208.478
f 2880 2879 2878 2877
f 2873 2874 2878 2877
f 2874 2875 2879 2878
f 2875 2876 2880 2879
f 2876 2873 2877 2880
v -126.600 0.408 -204.169
v -116.102 0.408 -220.803
v -103.120 0.408 -212.611
v -113.618 0.408 -195.977
v -126.600 4.308 -204.169
v -116.102 4.308 -220.803
v -103.120 4.308 -212.611
v -113.618 4.308 -195.977
f 2888 2887 2886 2885
f 2881 2882 2886 2885
f 2882 2883 2887 2886
f 2883 2884 2888 2887
f 2884 2881 2885 2888
v -130.660 0.393 -221.586
v -126.982 0.393 -219.189
v -129.220 0.393 -215.754
v -132.898 0.393 -218.151
v -130.660 4.293 -221.586
v -126.982 4.293 -219.189
v -129.220 4.293 -215.754
v -132.898 4.293 -218.151
f 2896 2895 2894 2893
f 2889 2890 2894 2893
f 2890 2891 2895 2894
f 2891 2892 2896 2895
f 2892 2889 2893 2896
v -137.496 0.577 -206.674
v -118.384 0.577 -203.464
v -121.404 0.577 -185.486
v -140.516 0.577 -188.696
v -137.496 4.477 -206.674
v -118.384 4.477 -203.464
v -121.404 4.477 -185.486
v -140.516 4.477 -188.696
f 2904 2903 2902 2901
f 2897 2898 2902 2901
f 2898 2899 2903 2902
f 2899 2900 2904 2903
f 2900 2897 2901 2904
v -143.830 0.353 -197.974
v -132.511 0.353 -185.236
v -143.910 0.353 -175.106
v -155.229 0.353 -187.844
v -143.830 4.253 -197.974
v -132.511 4.253 -185.236
v -143.910 4.253 -175.106
v -155.229 4.253 -187.844
f 2912 2911 2910 2909
f 2905 2906 2910 2909
f 2906 2907 2911 2910
f 2907 2908 2912 2911
f 2908 2905 2909 2912
v -168.675 0.589 -170.656
v -152.411 0.589 -192.359
v -144.945 0.589 -186.764
v -161.209 0.589 -165.061
v -168.675 4.489 -170.656
v -152.411 4.489 -192.359
v -144.945 4.489 -186.764
v -161.209 4.489 -165.061
f 2920 2919 2918 2917
f 2913 2914 2918 2917
f 2914 2915 2919 2918
f 2915 2916 2920 2919
f 2916 2913 2917 2920
v -184.005 0.383 -199.085
v -175.231 0.383 -211.947
v -165.715 0.383 -205.455
v -174.489 0.383 -192.593
v -184.005 4.283 -199.085
v -175.231 4.283 -211.947
v -165.715 4.283 -205.455
v -174.489 4.283 -192.593
f 2928 2927 2926 2925
f 2921 2922 2926 2925
f 2922 2923 2927 2926
f 2923 2924 2928 2927
f 2924 2921 2925 2928
v -174.116 0.412 -208.491
v -161.098 0.412 -222.888
v -149.044 0.412 -211.989
v -162.062 0.412 -197.592
v -174.116 4.312 -208.491
v -161.098 4.312 -222.888
v -149.044 4.312 -211.989
v -162.062 4.312 -197.592
f 2936 2935 2934 2933
f 2929 2930 2934 2933
f 2930 2931 2935 2934
f 2931 2932 2936 2935
f 2932 2929 2933 2936
v -135.969 0.478 -241.852
v -121.267 0.478 -236.546
v -126.651 0.478 -221.628
v -141.353 0.478 -226.934
v -135.969 4.378 -241.852
v -121.267 4.378 -236.546
v -126.651 4.378 -221.628
v -141.353 4.378 -226.934
f 2944 2943 2942 2941
f 2937 2938 2942 2941
f 2938 2939 2943 2942
f 2939 2940 2944 2943
f 2940 2937 2941 2944
v -132.238 0.417 -246.527
v -111.842 0.417 -256.353
v -102.602 0.417 -237.173
v -122.998 0.417 -227.347
v -132.238 4.317 -246.527
v -111.842 4.317 -256.353
v -102.602 4.317 -237.173
v -122.998 4.317 -227.347
f 2952 2951 2950 2949
f 2945 2946 2950 2949
f 2946 2947 2951 2950
f 2947 2948 2952 2951
f 2948 2945 2949 2952
v -115.234 0.544 -252.683
v -99.682 0.544 -263.942
v -89.326 0.544 -249.637
v -104.878 0.544 -238.378
v -115.234 4.444 -252.683
v -99.682 4.444 -263.942
v -89.326 4.444 -249.637
v -104.878 4.444 -238.378
f 2960 2959 2958 2957
f 2953 2954 2958 2957
f 2954 2955 2959 2958
f 2955 2956 2960 2959
f 2956 2953 2957 2960
v -196.840 0.229 -261.439
v -185.079 0.229 -253.771
v -191.540 0.229 -243.861
v -203.301 0.229 -251.529
v -196.840 4.129 -261.439
v -185.079 4.129 -253.771
v -191.540 4.129 -243.861
v -203.301 4.129 -251.529
f 2968 2967 2966 2965
f 2961 2962 2966 2965
f 2962 2963 2967 2966
f 2963 2964 2968 2967
f 2964 2961 2965 2968
v -214.006 0.411 -239.274
v -208.690 0.411 -250.643
v -202.494 0.411 -247.746
v -207.810 0.411 -236.377
v -214.006 4.311 -239.274
v -208.690 4.311 -250.643
v -202.494 4.311 -247.746
v -207.810 4.311 -236.377
f 2976 2975 2974 2973
f 2969 2970 2974 2973
f 2970 2971 2975 2974
f 2971 2972 2976 2975
f 2972 2969 2973 2976
v -203.643 0.286 -237.167
v -199.671 0.286 -243.810
v -196.297 0.286 -241.793
v -200.269 0.286 -235.150
v -203.643 4.186 -237.167
v -199.671 4.186 -243.810
v -196.297 4.186 -241.793
v -200.269 4.186 -235.150
f 2984 2983 2982 2981
f 2977 2978 2982 2981
f 2978 2979 2983 2982
f 2979 2980 2984 2983
f 2980 2977 2981 2984
v 54.168 0.934 -68.672
v 62.289 0.934 -80.199
v 70.112 0.934 -74.688
v 61.991 0.934 -63.161
v 54.168 4.834 -68.672
v 62.289 4.834 -80.199
v 70.112 4.834 -74.688
v 61.991 4.834 -63.161
f 2992 2991 2990 2989
f 2985 2986 2990 2989
f 2986 2987 2991 2990
f 2987 2988 2992 2991
f 2988 2985 2989 2992
v 65.085 1.039 -72.472
v 76.001 1.039 -88.084
v 83.975 1.039 -82.508
v 73.059 1.039 -66.896
v 65.085 4.939 -72.472
v 76.001 4.939 -88.084
v 83.975 4.939 -82.508
v 73.059 4.939 -66.896
f 3000 2999 2998 2997
f 2993 2994 2998 2997
f 2994 2995 2999 2998
f 2995 2996 3000 2999
f 2996 2993 2997 3000
v 93.110 1.137 -104.816
v 105.945 1.137 -96.055
v 99.890 1.137 -87.184
v 87.055 1.137 -95.945
v 93.110 5.037 -104.816
v 105.945 5.037 -96.055
v 99.890 5.037 -87.184
v 87.055 5.037 -95.945
f 3008 3007 3006 3005
f 3001 3002 3006 3005
f 3002 3003 3007 3006
f 3003 3004 3008 3007
f 3004 3001 3005 3008
v 84.965 1.153 -119.670
v 89.733 1.153 -126.477
v 93.255 1.153 -124.010
v 88.487 1.153 -117.203
v 84.965 5.053 -119.670
v 89.733 5.053 -126.477
v 93.255 5.053 -124.010
v 88.487 5.053 -117.203
f 3016 3015 3014 3013
f 3009 3010 3014 3013
f 3010 3011 3015 3014
f 3011 3012 3016 3015
f 3012 3009 3013 3016
v 76.700 0.965 -113.297
v 84.252 0.965 -124.086
v 90.200 0.965 -119.923
v 82.648 0.965 -109.134
v 76.700 4.865 -113.297
v 84.252 4.865 -124.086
v 90.200 4.865 -119.923
v 82.648 4.865 -109.134
f 3024 3023 3022 3021
f 3017 3018 3022 3021
f 3018 3019 3023 3022
f 3019 3020 3024 3023
f 3020 3017 3021 3024
v 137.644 -0.042 -53.511
v 143.533 -0.042 -50.013
v 140.596 -0.042 -45.069
v 134.707 -0.042 -48.567
v 137.644 6.258 -53.511
v 143.533 6.258 -50.013
v 140.596 6.258 -45.069
v 134.707 6.258 -48.567
f 3032 3031 3030 3029
f 3025 3026 3030 3029
f 3026 3027 3031 3030
f 3027 3028 3032 3031
f 3028 3025 3029 3032
usemtl road
v 111.199 0.556 254.450
v 78.092 0.492 205.910
v 73.548 0.493 209.010
v 106.655 0.564 257.550
f 3033 3034 3035 3036
v 78.072 0.492 205.882
v 35.422 0.562 145.022
v 30.918 0.571 148.178
v 73.568 0.492 209.038
f 3037 3038 3039 3040
v 35.430 0.562 145.034
v -2.900 0.789 89.724
v -7.420 0.755 92.856
v 30.910 0.571 148.166
f 3041 3042 3043 3044
v -2.967 0.791 89.631
v -42.237 1.193 37.721
v -46.623 1.192 41.039
v -7.353 0.753 92.949
f 3045 3046 3047 3048
v -42.235 1.193 37.723
v -45.225 1.255 33.763
v -49.615 1.208 37.077
v -46.625 1.192 41.037
f 3049 3050 3051 3052
v -127.875 0.838 258.291
v -65.079 0.781 216.601
v -68.121 0.735 212.019
v -130.917 0.809 253.709
f 3053 3054 3055 3056
v -65.056 0.781 216.585
v 34.714 0.551 148.875
v 31.626 0.586 144.325
v -68.144 0.735 212.035
f 3057 3058 3059 3060
v 34.737 0.551 148.860
v 134.517 0.458 79.700
v 131.383 0.465 75.180
v 31.603 0.586 144.340
f 3061 3062 3063 3064
v 134.496 0.458 79.714
v 238.266 0.645 9.184
v 235.174 0.704 4.636
v 131.404 0.465 75.166
f 3065 3066 3067 3068
v 68.571 0.902 -243.929
v 80.061 1.000 -226.169
v 85.939 1.104 -229.971
v 74.449 0.878 -247.731
f 3069 3070 3071 3072
v 80.142 1.001 -226.049
v 91.132 1.128 -210.509
v 96.848 1.065 -214.551
v 85.858 1.105 -230.091
f 3073 3074 3075 3076
v 91.093 1.128 -210.567
v 96.663 1.242 -202.347
v 102.457 1.122 -206.273
v 96.887 1.065 -214.493
f 3077 3078 3079 3080
v 96.663 1.242 -202.346
v 113.113 1.330 -178.086
v 118.907 1.276 -182.014
v 102.457 1.122 -206.274
f 3081 3082 3083 3084
v -258.262 0.799 -69.259
v -224.032 0.812 -19.746
v -219.508 0.821 -22.874
v -253.738 0.732 -72.387
f 3085 3086 3087 3088
v -224.027 0.812 -19.738
v -186.767 0.937 33.762
v -182.253 0.967 30.618
v -219.513 0.821 -22.882
f 3089 3090 3091 3092
v -186.768 0.937 33.759
v -183.078 0.967 39.069
v -178.562 0.980 35.931
v -182.252 0.967 30.621
f 3093 3094 3095 3096
v -258.209 0.966 203.328
v -230.059 0.815 241.278
v -225.641 0.805 238.002
v -253.791 0.829 200.052
f 3097 3098 3099 3100
v 5.047 0.668 258.283
v 77.353 0.457 209.743
v 74.287 0.511 205.177
v 1.981 0.702 253.717
f 3101 3102 3103 3104
v 77.357 0.457 209.741
v 177.967 0.403 141.951
v 174.893 0.392 137.389
v 74.283 0.511 205.179
f 3105 3106 3107 3108
v 177.907 0.403 141.990
v 257.477 0.584 91.321
v 254.523 0.551 86.682
v 174.953 0.392 137.350
f 3109 3110 3111 3112
v 117.607 1.291 -177.811
v 128.967 1.330 -185.911
v 125.773 1.291 -190.389
v 114.413 1.298 -182.289
f 3113 3114 3115 3116
v 128.968 1.330 -185.912
v 174.128 1.292 -218.142
v 170.932 1.310 -222.618
v 125.772 1.291 -190.388
f 3117 3118 3119 3120
v 174.127 1.292 -218.141
v 185.317 1.275 -226.121
v 182.123 1.282 -230.599
v 170.933 1.310 -222.619
f 3121 3122 3123 3124
v 185.317 1.275 -226.121
v 200.497 1.238 -236.951
v 197.303 1.246 -241.429
v 182.123 1.282 -230.599
f 3125 3126 3127 3128
v 200.497 1.238 -236.951
v 207.677 1.222 -242.071
v 204.483 1.221 -246.549
v 197.303 1.246 -241.429
f 3129 3130 3131 3132
v 207.679 1.222 -242.073
v 213.039 1.290 -245.903
v 209.841 1.280 -250.377
v 204.481 1.221 -246.547
f 3133 3134 3135 3136
v 213.000 1.291 -245.875
v 218.170 1.197 -249.435
v 215.050 1.249 -253.965
v 209.880 1.279 -250.405
f 3137 3138 3139 3140
v 258.154 0.354 254.443
v 221.627 0.297 201.253
v 217.093 0.306 204.367
v 253.620 0.504 257.557
f 3141 3142 3143 3144
v 221.634 0.297 201.264
v 178.704 0.391 138.124
v 174.156 0.411 141.216
v 217.086 0.306 204.356
f 3145 3146 3147 3148
v 178.685 0.391 138.096
v 174.735 0.344 132.436
v 170.225 0.379 135.584
v 174.175 0.410 141.244
f 3149 3150 3151 3152
v 174.734 0.344 132.435
v 135.204 0.486 75.865
v 130.696 0.486 79.015
v 170.226 0.379 135.585
f 3153 3154 3155 3156
v 135.239 0.486 75.916
v 97.709 0.845 19.536
v 93.131 0.831 22.584
v 130.661 0.486 78.964
f 3157 3158 3159 3160
v 97.682 0.846 19.497
v 61.222 1.078 -33.273
v 56.698 1.071 -30.147
v 93.158 0.830 22.623
f 3161 3162 3163 3164
v 61.221 1.078 -33.276
v 57.591 1.122 -38.516
v 53.069 1.109 -35.384
v 56.699 1.071 -30.144
f 3165 3166 3167 3168
v -254.485 0.606 -170.907
v -200.645 0.550 -206.445
v -203.675 0.586 -211.035
v -257.515 0.652 -175.497
f 3169 3170 3171 3172
v -200.613 0.550 -206.466
v -131.142 0.524 -253.726
v -134.235 0.585 -258.274
v -203.707 0.586 -211.014
f 3173 3174 3175 3176
v 212.112 1.070 -149.385
v 218.012 1.020 -140.535
v 222.588 0.992 -143.585
v 216.688 1.057 -152.435
f 3177 3178 3179 3180
v 218.011 1.020 -140.535
v 223.481 0.907 -132.325
v 228.059 0.905 -135.375
v 222.589 0.992 -143.585
f 3181 3182 3183 3184
v 223.482 0.907 -132.325
v 253.712 0.715 -86.975
v 258.288 0.762 -90.025
v 228.058 0.905 -135.375
f 3185 3186 3187 3188
v 139.943 0.543 258.298
v 220.870 0.230 205.108
v 217.850 0.402 200.512
v 136.922 0.563 253.702
f 3189 3190 3191 3192
v 196.846 0.872 -53.065
v 93.846 0.844 18.805
v 96.994 0.810 23.315
v 199.994 0.791 -48.555
f 3193 3194 3195 3196
v 93.846 0.844 18.805
v -6.734 0.814 89.035
v -3.586 0.741 93.545
v 96.994 0.810 23.315
f 3197 3198 3199 3200
v -6.702 0.814 89.013
v -109.362 0.896 158.523
v -106.278 0.897 163.077
v -3.618 0.740 93.567
f 3201 3202 3203 3204
v -109.330 0.897 158.501
v -229.360 0.808 237.341
v -226.340 0.773 241.939
v -106.310 0.896 163.099
f 3205 3206 3207 3208
v -220.237 0.818 -19.027
v -121.097 1.049 -85.567
v -124.163 1.009 -90.133
v -223.303 0.824 -23.593
f 3209 3210 3211 3212
v -121.082 1.049 -85.577
v -17.372 1.029 -156.237
v -20.468 1.041 -160.783
v -124.178 1.009 -90.123
f 3213 3214 3215 3216
v -17.370 1.029 -156.239
v 84.550 0.991 -225.799
v 81.450 0.979 -230.341
v -20.470 1.041 -160.781
f 3217 3218 3219 3220
v -5.032 0.651 -258.266
v -60.118 0.668 -220.386
v -57.002 0.609 -215.854
v -1.916 0.588 -253.734
f 3221 3222 3223 3224
v -60.093 0.668 -220.403
v -163.913 0.745 -150.713
v -160.847 0.782 -146.147
v -57.027 0.609 -215.837
f 3225 3226 3227 3228
v -163.909 0.746 -150.715
v -257.529 0.732 -88.067
v -254.471 0.700 -83.496
v -160.851 0.782 -146.145
f 3229 3230 3231 3232
v 248.061 1.019 -177.444
v 243.151 1.040 -174.104
v 247.089 1.056 -168.316
v 251.999 1.010 -171.656
f 3233 3234 3235 3236
v 243.150 1.040 -174.103
v 230.260 1.016 -165.323
v 234.200 1.022 -159.537
v 247.090 1.056 -168.317
f 3237 3238 3239 3240
v 230.331 1.016 -165.370
v 212.501 1.003 -153.850
v 216.299 1.036 -147.970
v 234.129 1.022 -159.490
f 3241 3242 3243 3244
v 212.238 1.004 -153.662
v 192.648 1.092 -138.272
v 196.972 1.086 -132.768
v 216.562 1.036 -148.158
f 3245 3246 3247 3248
v 192.646 1.092 -138.271
v 179.186 1.187 -127.681
v 183.514 1.189 -122.179
v 196.974 1.086 -132.769
f 3249 3250 3251 3252
v 179.188 1.187 -127.682
v 175.548 1.180 -124.822
v 179.872 1.213 -119.318
v 183.512 1.190 -122.178
f 3253 3254 3255 3256
v 175.735 1.178 -124.959
v 161.135 1.203 -114.979
v 165.085 1.234 -109.201
v 179.685 1.217 -119.181
f 3257 3258 3259 3260
v 160.936 1.204 -114.833
v 156.016 1.257 -110.933
v 160.364 1.222 -105.447
v 165.284 1.242 -109.347
f 3261 3262 3263 3264
v 156.199 1.254 -111.068
v 127.129 1.192 -90.958
v 131.111 1.169 -85.202
v 160.181 1.221 -105.312
f 3265 3266 3267 3268
v 127.128 1.192 -90.958
v 58.328 1.132 -43.328
v 62.312 1.142 -37.572
v 131.112 1.169 -85.202
f 3269 3270 3271 3272
v 58.310 1.132 -43.315
v 53.320 1.091 -39.815
v 57.340 1.090 -34.085
v 62.330 1.143 -37.585
f 3273 3274 3275 3276
v 53.317 1.091 -39.813
v 47.927 1.072 -36.023
v 51.953 1.096 -30.297
v 57.343 1.090 -34.087
f 3277 3278 3279 3280
v 47.926 1.072 -36.022
v -43.164 1.296 28.068
v -39.136 1.323 33.792
v 51.954 1.096 -30.298
f 3281 3282 3283 3284
v -43.188 1.296 28.084
v -49.458 1.237 32.574
v -45.382 1.198 38.266
v -39.112 1.324 33.776
f 3285 3286 3287 3288
v -49.352 1.238 32.501
v -54.292 1.167 35.771
v -50.428 1.190 41.609
v -45.488 1.198 38.339
f 3289 3290 3291 3292
v -54.294 1.167 35.773
v -135.304 1.289 89.483
v -131.436 1.315 95.317
v -50.426 1.190 41.607
f 3293 3294 3295 3296
v -135.305 1.289 89.483
v -143.355 1.286 94.823
v -139.485 1.329 100.657
v -131.435 1.315 95.317
f 3297 3298 3299 3300
v -143.330 1.286 94.807
v -151.820 1.254 100.337
v -148.000 1.230 106.203
v -139.510 1.329 100.673
f 3301 3302 3303 3304
v -151.874 1.254 100.373
v -257.964 1.117 172.311
v -254.036 1.097 178.104
v -147.946 1.230 106.167
f 3305 3306 3307 3308
v -38.870 1.257 29.392
v -42.870 1.276 23.462
v -47.430 1.251 26.538
v -43.430 1.249 32.468
f 3309 3310 3311 3312
v -42.871 1.276 23.461
v -79.321 1.186 -30.509
v -83.879 1.212 -27.431
v -47.429 1.251 26.539
f 3313 3314 3315 3316
v -79.344 1.186 -30.542
v -120.374 1.021 -89.422
v -124.886 0.999 -86.278
v -83.856 1.212 -27.398
f 3317 3318 3319 3320
v -120.331 1.022 -89.359
v -160.081 0.772 -149.939
v -164.679 0.729 -146.921
v -124.929 0.998 -86.341
f 3321 3322 3323 3324
v -160.084 0.772 -149.944
v -199.864 0.568 -210.254
v -204.456 0.548 -207.226
v -164.676 0.729 -146.916
f 3325 3326 3327 3328
v -199.882 0.568 -210.281
v -231.849 0.539 -257.541
v -236.405 0.527 -254.459
v -204.438 0.547 -207.199
f 3329 3330 3331 3332
v 62.612 1.112 -41.969
v 24.122 1.188 -100.049
v 19.538 1.167 -97.011
v 58.028 1.122 -38.931
f 3333 3334 3335 3336
v 24.105 1.188 -100.075
v -16.645 1.046 -160.055
v -21.195 1.069 -156.965
v 19.555 1.167 -96.985
f 3337 3338 3339 3340
v -16.630 1.045 -160.033
v -56.270 0.638 -219.643
v -60.850 0.687 -216.597
v -21.210 1.070 -156.987
f 3341 3342 3343 3344
v -56.259 0.638 -219.627
v -81.068 0.520 -257.507
v -85.669 0.606 -254.493
v -60.861 0.688 -216.613
f 3345 3346 3347 3348
v 155.937 1.272 -106.613
v 159.927 1.161 -100.913
v 164.433 1.152 -104.067
v 160.443 1.262 -109.767
f 3349 3350 3351 3352
v 159.928 1.161 -100.911
v 196.168 0.847 -49.231
v 200.672 0.759 -52.389
v 164.432 1.152 -104.069
f 3353 3354 3355 3356
v 196.129 0.847 -49.289
v 226.899 0.774 -2.939
v 231.481 0.769 -5.981
v 200.711 0.758 -52.331
f 3357 3358 3359 3360
v 226.897 0.774 -2.942
v 234.427 0.616 8.428
v 239.013 0.687 5.392
v 231.483 0.769 -5.978
f 3361 3362 3363 3364
v -152.089 1.252 104.947
v -147.849 1.185 110.457
v -143.491 1.214 107.103
v -147.731 1.259 101.593
f 3365 3366 3367 3368
v -147.847 1.185 110.460
v -142.547 1.115 117.330
v -138.193 1.182 113.970
v -143.493 1.214 107.100
f 3369 3370 3371 3372
v -142.601 1.116 117.258
v -110.051 0.863 162.408
v -105.589 0.888 159.192
v -138.139 1.182 114.042
f 3373 3374 3375 3376
v -109.999 0.862 162.478
v -68.779 0.756 215.988
v -64.421 0.749 212.632
v -105.641 0.889 159.122
f 3377 3378 3379 3380
v -68.703 0.756 216.082
v -33.573 0.925 257.772
v -29.367 0.982 254.228
v -64.497 0.749 212.538
f 3381 3382 3383 3384
v -185.122 0.934 43.720
v -179.282 0.988 39.780
v -182.358 0.983 35.220
v -188.198 0.911 39.160
f 3385 3386 3387 3388
v -179.285 0.988 39.781
v -174.055 0.956 36.261
v -177.125 0.935 31.699
v -182.355 0.983 35.219
f 3389 3390 3391 3392
v -174.060 0.956 36.265
v -80.070 1.208 -26.685
v -83.130 1.197 -31.255
v -177.120 0.935 31.695
f 3393 3394 3395 3396
v -80.065 1.208 -26.688
v 23.365 1.146 -96.248
v 20.295 1.201 -100.812
v -83.135 1.197 -31.252
f 3397 3398 3399 3400
v 23.410 1.146 -96.279
v 124.510 1.271 -167.219
v 121.350 1.290 -171.721
v 20.250 1.200 -100.781
f 3401 3402 3403 3404
v 208.177 1.258 -245.826
v 232.337 1.162 -211.756
v 238.863 1.159 -216.384
v 214.703 1.230 -250.454
f 3405 3406 3407 3408
v 232.340 1.162 -211.753
v 236.740 1.135 -205.563
v 243.260 1.142 -210.197
v 238.860 1.159 -216.387
f 3409 3410 3411 3412
v 236.737 1.135 -205.566
v 248.037 1.030 -189.636
v 254.563 0.981 -194.264
v 243.263 1.142 -210.194
f 3413 3414 3415 3416
v 248.051 1.030 -189.617
v 248.891 1.016 -188.447
v 255.389 0.986 -193.113
v 254.549 0.981 -194.283
f 3417 3418 3419 3420
v 248.913 1.016 -188.417
v 249.433 1.007 -187.707
v 255.887 0.988 -192.433
v 255.367 0.986 -193.143
f 3421 3422 3423 3424
v 250.041 1.003 -187.047
v 251.461 1.008 -185.817
v 256.699 0.979 -191.863
v 255.279 0.985 -193.093
f 3425 3426 3427 3428
v 252.109 1.013 -185.360
v 253.539 1.024 -184.550
v 257.481 0.977 -191.510
v 256.051 0.987 -192.320
f 3429 3430 3431 3432
v -183.119 0.967 39.009
v -178.519 1.002 46.019
v -173.921 1.073 43.001
v -178.521 0.980 35.991
f 3433 3434 3435 3436
v -178.519 1.002 46.018
v -147.589 1.240 93.168
v -142.991 1.240 90.152
v -173.921 1.073 43.002
f 3437 3438 3439 3440
v -147.610 1.239 93.137
v -143.740 1.288 99.217
v -139.100 1.292 96.263
v -142.970 1.241 90.183
f 3441 3442 3443 3444
v 236.613 1.215 -212.643
v 241.743 1.251 -216.283
v 239.717 1.160 -219.137
v 234.587 1.235 -215.497
f 3445 3446 3447 3448
v 227.192 1.014 -197.072
v 235.082 1.037 -202.422
v 233.118 1.047 -205.318
v 225.228 1.017 -199.968
f 3449 3450 3451 3452
v 235.084 1.037 -202.423
v 240.984 1.190 -206.433
v 239.016 1.202 -209.327
v 233.116 1.047 -205.317
f 3453 3454 3455 3456
v 182.290 1.287 -227.351
v 218.720 1.060 -175.711
v 221.580 1.048 -177.729
v 185.150 1.272 -229.369
f 3457 3458 3459 3460
v 197.447 1.250 -238.214
v 224.757 1.029 -197.544
v 227.663 1.009 -199.496
v 200.353 1.254 -240.166
f 3461 3462 3463 3464
v 224.757 1.029 -197.545
v 232.347 0.987 -186.235
v 235.253 0.984 -188.185
v 227.663 1.009 -199.495
f 3465 3466 3467 3468
v 232.734 0.991 -188.598
v 219.084 1.069 -178.108
v 221.216 1.044 -175.332
v 234.866 0.972 -185.822
f 3469 3470 3471 3472
v 219.084 1.069 -178.108
v 183.494 0.929 -150.778
v 185.626 0.930 -148.002
v 221.216 1.044 -175.332
f 3473 3474 3475 3476
v 183.152 0.940 -148.350
v 188.182 1.096 -141.540
v 190.998 1.086 -143.620
v 185.968 0.918 -150.430
f 3477 3478 3479 3480
v 188.183 1.096 -141.540
v 193.403 1.133 -134.480
v 196.217 1.125 -136.560
v 190.997 1.086 -143.620
f 3481 3482 3483 3484
v 182.744 1.181 -125.988
v 176.734 1.154 -133.908
v 173.946 1.140 -131.792
v 179.956 1.193 -123.872
f 3485 3486 3487 3488
v 176.734 1.154 -133.908
v 173.654 1.185 -137.968
v 170.866 1.177 -135.852
v 173.946 1.140 -131.792
f 3489 3490 3491 3492
v 171.188 1.200 -138.294
v 153.938 1.053 -124.934
v 156.082 1.055 -122.166
v 173.332 1.156 -135.526
f 3493 3494 3495 3496
v 100.560 1.145 -202.874
v 112.290 1.301 -211.044
v 110.290 1.324 -213.916
v 98.560 1.114 -205.746
f 3497 3498 3499 3500
v 109.830 1.230 -211.515
v 125.910 1.299 -187.185
v 128.830 1.314 -189.115
v 112.750 1.394 -213.445
f 3501 3502 3503 3504
v 152.676 1.401 -248.177
v 171.056 1.322 -219.437
v 174.004 1.304 -221.323
v 155.624 1.363 -250.063
f 3505 3506 3507 3508
v 248.623 1.068 -173.510
v 254.583 1.092 -165.450
v 257.397 1.053 -167.530
v 251.437 1.050 -175.590
f 3509 3510 3511 3512
v 226.714 0.905 -132.377
v 245.534 1.132 -144.437
v 243.646 1.085 -147.383
v 224.826 0.915 -135.323
f 3513 3514 3515 3516
v 246.003 1.108 -146.942
v 239.813 1.090 -155.422
v 236.987 1.073 -153.358
v 243.177 1.113 -144.878
f 3517 3518 3519 3520
v 239.788 1.090 -155.455
v 233.618 1.070 -163.495
v 230.842 1.050 -161.365
v 237.012 1.073 -153.325
f 3521 3522 3523 3524
v 120.061 1.264 -167.466
v 152.141 1.081 -121.546
v 157.879 1.066 -125.554
v 125.799 1.308 -171.474
f 3525 3526 3527 3528
v 152.149 1.081 -121.534
v 154.489 1.102 -118.214
v 160.211 1.054 -122.246
v 157.871 1.066 -125.566
f 3529 3530 3531 3532
v 154.493 1.102 -118.208
v 160.253 1.262 -110.068
v 165.967 1.247 -114.112
v 160.207 1.054 -122.252
f 3533 3534 3535 3536
v 113.081 1.330 -178.134
v 120.001 1.264 -167.554
v 125.859 1.307 -171.386
v 118.939 1.276 -181.966
f 3537 3538 3539 3540
v 130.563 1.213 -89.069
v 127.403 1.243 -93.679
v 124.517 1.228 -91.701
v 127.677 1.214 -87.091
f 3541 3542 3543 3544
v 127.434 1.242 -93.634
v 115.584 1.282 -112.144
v 112.636 1.291 -110.256
v 124.486 1.229 -91.746
f 3545 3546 3547 3548
usemtl asphalt
