# Baked ultra-low Key West silhouette; generated by bake_key_west_far_city.py
mtllib far_city.mtl
usemtl massing
v -121.322 1.810 37.100
v -104.242 1.810 -10.328
v -76.618 1.810 -0.380
v -93.698 1.810 47.048
v -121.322 7.610 37.100
v -104.242 7.610 -10.328
v -76.618 7.610 -0.380
v -93.698 7.610 47.048
f 8 7 6 5
f 1 2 6 5
f 2 3 7 6
f 3 4 8 7
f 4 1 5 8
v -20.747 1.140 -59.354
v 37.161 1.140 -86.299
v 57.167 1.140 -43.306
v -0.741 1.140 -16.361
v -20.747 9.440 -59.354
v 37.161 9.440 -86.299
v 57.167 9.440 -43.306
v -0.741 9.440 -16.361
f 16 15 14 13
f 9 10 14 13
f 10 11 15 14
f 11 12 16 15
f 12 9 13 16
v -267.964 1.832 -250.360
v -255.773 1.832 -268.541
v -239.336 1.832 -257.520
v -251.527 1.832 -239.339
v -267.964 5.732 -250.360
v -255.773 5.732 -268.541
v -239.336 5.732 -257.520
v -251.527 5.732 -239.339
f 24 23 22 21
f 17 18 22 21
f 18 19 23 22
f 19 20 24 23
f 20 17 21 24
v -274.143 1.446 -195.822
v -237.221 1.446 -211.337
v -225.557 1.446 -183.578
v -262.479 1.446 -168.063
v -274.143 7.246 -195.822
v -237.221 7.246 -211.337
v -225.557 7.246 -183.578
v -262.479 7.246 -168.063
f 32 31 30 29
f 25 26 30 29
f 26 27 31 30
f 27 28 32 31
f 28 25 29 32
v -209.062 1.750 -182.739
v -178.452 1.750 -164.252
v -187.458 1.750 -149.341
v -218.068 1.750 -167.828
v -209.062 7.550 -182.739
v -178.452 7.550 -164.252
v -187.458 7.550 -149.341
v -218.068 7.550 -167.828
f 40 39 38 37
f 33 34 38 37
f 34 35 39 38
f 35 36 40 39
f 36 33 37 40
v -224.890 1.709 -124.690
v -213.564 1.709 -141.573
v -203.690 1.709 -134.950
v -215.016 1.709 -118.067
v -224.890 5.609 -124.690
v -213.564 5.609 -141.573
v -203.690 5.609 -134.950
v -215.016 5.609 -118.067
f 48 47 46 45
f 41 42 46 45
f 42 43 47 46
f 43 44 48 47
f 44 41 45 48
v -188.414 1.861 5.861
v -170.392 1.861 -20.666
v -160.846 1.861 -14.181
v -178.868 1.861 12.346
v -188.414 5.761 5.861
v -170.392 5.761 -20.666
v -160.846 5.761 -14.181
v -178.868 5.761 12.346
f 56 55 54 53
f 49 50 54 53
f 50 51 55 54
f 51 52 56 55
f 52 49 53 56
v -113.857 1.522 -49.696
v -105.247 1.522 -43.394
v -109.103 1.522 -38.124
v -117.713 1.522 -44.426
v -113.857 5.422 -49.696
v -105.247 5.422 -43.394
v -109.103 5.422 -38.124
v -117.713 5.422 -44.426
f 64 63 62 61
f 57 58 62 61
f 58 59 63 62
f 59 60 64 63
f 60 57 61 64
v -118.981 1.740 -68.023
v -83.719 1.740 -101.512
v -63.039 1.740 -79.737
v -98.301 1.740 -46.248
v -118.981 7.540 -68.023
v -83.719 7.540 -101.512
v -63.039 7.540 -79.737
v -98.301 7.540 -46.248
f 72 71 70 69
f 65 66 70 69
f 66 67 71 70
f 67 68 72 71
f 68 65 69 72
v -107.044 1.663 -46.624
v -97.686 1.663 -60.250
v -89.336 1.663 -54.516
v -98.694 1.663 -40.890
v -107.044 5.563 -46.624
v -97.686 5.563 -60.250
v -89.336 5.563 -54.516
v -98.694 5.563 -40.890
f 80 79 78 77
f 73 74 78 77
f 74 75 79 78
f 75 76 80 79
f 76 73 77 80
v 71.715 0.557 -199.899
v 198.614 0.557 -97.709
v 160.405 0.557 -50.261
v 33.506 0.557 -152.451
v 71.715 8.857 -199.899
v 198.614 8.857 -97.709
v 160.405 8.857 -50.261
v 33.506 8.857 -152.451
f 88 87 86 85
f 81 82 86 85
f 82 83 87 86
f 83 84 88 87
f 84 81 85 88
v -209.434 1.821 16.776
v -127.909 1.821 92.695
v -164.886 1.821 132.404
v -246.411 1.821 56.485
v -209.434 10.121 16.776
v -127.909 10.121 92.695
v -164.886 10.121 132.404
v -246.411 10.121 56.485
f 96 95 94 93
f 89 90 94 93
f 90 91 95 94
f 91 92 96 95
f 92 89 93 96
v -124.850 1.040 115.984
v -102.363 1.040 84.500
v -84.110 1.040 97.536
v -106.597 1.040 129.020
v -124.850 6.840 115.984
v -102.363 6.840 84.500
v -84.110 6.840 97.536
v -106.597 6.840 129.020
f 104 103 102 101
f 97 98 102 101
f 98 99 103 102
f 99 100 104 103
f 100 97 101 104
v -6.983 1.109 195.734
v 8.503 1.109 175.324
v 26.403 1.109 188.906
v 10.917 1.109 209.316
v -6.983 5.009 195.734
v 8.503 5.009 175.324
v 26.403 5.009 188.906
v 10.917 5.009 209.316
f 112 111 110 109
f 105 106 110 109
f 106 107 111 110
f 107 108 112 111
f 108 105 109 112
v -259.664 1.325 -126.835
v -239.981 1.325 -128.185
v -238.516 1.325 -106.825
v -258.199 1.325 -105.475
v -259.664 10.625 -126.835
v -239.981 10.625 -128.185
v -238.516 10.625 -106.825
v -258.199 10.625 -105.475
f 120 119 118 117
f 113 114 118 117
f 114 115 119 118
f 115 116 120 119
f 116 113 117 120
v 44.717 0.699 -259.567
v 56.555 0.699 -252.456
v 51.483 0.699 -244.013
v 39.645 0.699 -251.124
v 44.717 4.199 -259.567
v 56.555 4.199 -252.456
v 51.483 4.199 -244.013
v 39.645 4.199 -251.124
f 128 127 126 125
f 121 122 126 125
f 122 123 127 126
f 123 124 128 127
f 124 121 125 128
v -189.860 1.716 -122.742
v -146.908 1.716 -113.523
v -155.340 1.716 -74.238
v -198.292 1.716 -83.457
v -189.860 11.016 -122.742
v -146.908 11.016 -113.523
v -155.340 11.016 -74.238
v -198.292 11.016 -83.457
f 136 135 134 133
f 129 130 134 133
f 130 131 135 134
f 131 132 136 135
f 132 129 133 136
v 38.170 0.995 -181.131
v 46.749 0.995 -193.932
v 53.470 0.995 -189.429
v 44.891 0.995 -176.628
v 38.170 4.895 -181.131
v 46.749 4.895 -193.932
v 53.470 4.895 -189.429
v 44.891 4.895 -176.628
f 144 143 142 141
f 137 138 142 141
f 138 139 143 142
f 139 140 144 143
f 140 137 141 144
v -14.849 1.329 -163.152
v 2.125 1.329 -152.613
v -2.871 1.329 -144.568
v -19.845 1.329 -155.107
v -14.849 5.229 -163.152
v 2.125 5.229 -152.613
v -2.871 5.229 -144.568
v -19.845 5.229 -155.107
f 152 151 150 149
f 145 146 150 149
f 146 147 151 150
f 147 148 152 151
f 148 145 149 152
v -93.629 1.231 -153.021
v -78.769 1.231 -142.652
v -82.671 1.231 -137.059
v -97.531 1.231 -147.428
v -93.629 5.131 -153.021
v -78.769 5.131 -142.652
v -82.671 5.131 -137.059
v -97.531 5.131 -147.428
f 160 159 158 157
f 153 154 158 157
f 154 155 159 158
f 155 156 160 159
f 156 153 157 160
v 66.870 0.774 64.459
v 77.845 0.774 49.915
v 88.430 0.774 57.901
v 77.455 0.774 72.445
v 66.870 4.674 64.459
v 77.845 4.674 49.915
v 88.430 4.674 57.901
v 77.455 4.674 72.445
f 168 167 166 165
f 161 162 166 165
f 162 163 167 166
f 163 164 168 167
f 164 161 165 168
v -80.795 0.903 200.715
v -69.373 0.903 183.463
v -61.485 0.903 188.685
v -72.907 0.903 205.937
v -80.795 4.803 200.715
v -69.373 4.803 183.463
v -61.485 4.803 188.685
v -72.907 4.803 205.937
f 176 175 174 173
f 169 170 174 173
f 170 171 175 174
f 171 172 176 175
f 172 169 173 176
v 219.133 0.595 -215.098
v 228.871 0.595 -230.081
v 239.947 0.595 -222.882
v 230.209 0.595 -207.899
v 219.133 4.495 -215.098
v 228.871 4.495 -230.081
v 239.947 4.495 -222.882
v 230.209 4.495 -207.899
f 184 183 182 181
f 177 178 182 181
f 178 179 183 182
f 179 180 184 183
f 180 177 181 184
v -121.269 1.185 -229.585
v -113.244 1.185 -240.516
v -105.151 1.185 -234.575
v -113.176 1.185 -223.644
v -121.269 5.085 -229.585
v -113.244 5.085 -240.516
v -105.151 5.085 -234.575
v -113.176 5.085 -223.644
f 192 191 190 189
f 185 186 190 189
f 186 187 191 190
f 187 188 192 191
f 188 185 189 192
v -218.356 1.726 185.182
v -201.955 1.726 192.840
v -207.324 1.726 204.338
v -223.725 1.726 196.680
v -218.356 5.626 185.182
v -201.955 5.626 192.840
v -207.324 5.626 204.338
v -223.725 5.626 196.680
f 200 199 198 197
f 193 194 198 197
f 194 195 199 198
f 195 196 200 199
f 196 193 197 200
v 71.757 0.947 169.286
v 88.320 0.947 179.877
v 79.383 0.947 193.854
v 62.820 0.947 183.263
v 71.757 4.847 169.286
v 88.320 4.847 179.877
v 79.383 4.847 193.854
v 62.820 4.847 183.263
f 208 207 206 205
f 201 202 206 205
f 202 203 207 206
f 203 204 208 207
f 204 201 205 208
v 212.918 0.531 -29.267
v 221.998 0.531 -50.769
v 237.142 0.531 -44.373
v 228.062 0.531 -22.871
v 212.918 4.431 -29.267
v 221.998 4.431 -50.769
v 237.142 4.431 -44.373
v 228.062 4.431 -22.871
f 216 215 214 213
f 209 210 214 213
f 210 211 215 214
f 211 212 216 215
f 212 209 213 216
v 224.379 0.350 -130.529
v 233.101 0.350 -144.311
v 241.221 0.350 -139.171
v 232.499 0.350 -125.389
v 224.379 4.250 -130.529
v 233.101 4.250 -144.311
v 241.221 4.250 -139.171
v 232.499 4.250 -125.389
f 224 223 222 221
f 217 218 222 221
f 218 219 223 222
f 219 220 224 223
f 220 217 221 224
v 196.334 0.735 60.193
v 208.507 0.735 46.677
v 219.066 0.735 56.187
v 206.893 0.735 69.703
v 196.334 10.035 60.193
v 208.507 10.035 46.677
v 219.066 10.035 56.187
v 206.893 10.035 69.703
f 232 231 230 229
f 225 226 230 229
f 226 227 231 230
f 227 228 232 231
f 228 225 229 232
v 227.225 0.975 155.134
v 246.257 0.975 163.119
v 240.775 0.975 176.186
v 221.743 0.975 168.201
v 227.225 10.275 155.134
v 246.257 10.275 163.119
v 240.775 10.275 176.186
v 221.743 10.275 168.201
f 240 239 238 237
f 233 234 238 237
f 234 235 239 238
f 235 236 240 239
f 236 233 237 240
v 3.945 0.980 -140.876
v 21.223 0.980 -132.876
v 16.375 0.980 -122.404
v -0.903 0.980 -130.404
v 3.945 10.280 -140.876
v 21.223 10.280 -132.876
v 16.375 10.280 -122.404
v -0.903 10.280 -130.404
f 248 247 246 245
f 241 242 246 245
f 242 243 247 246
f 243 244 248 247
f 244 241 245 248
v 166.795 0.389 -243.241
v 169.212 0.389 -240.079
v 166.725 0.389 -238.179
v 164.308 0.389 -241.341
v 166.795 9.689 -243.241
v 169.212 9.689 -240.079
v 166.725 9.689 -238.179
v 164.308 9.689 -241.341
f 256 255 254 253
f 249 250 254 253
f 250 251 255 254
f 251 252 256 255
f 252 249 253 256
v -204.206 1.727 18.358
v -193.948 1.727 4.490
v -188.794 1.727 8.302
v -199.052 1.727 22.170
v -204.206 5.627 18.358
v -193.948 5.627 4.490
v -188.794 5.627 8.302
v -199.052 5.627 22.170
f 264 263 262 261
f 257 258 262 261
f 258 259 263 262
f 259 260 264 263
f 260 257 261 264
v -204.364 1.947 -3.811
v -198.611 1.947 0.633
v -202.456 1.947 5.611
v -208.209 1.947 1.167
v -204.364 5.847 -3.811
v -198.611 5.847 0.633
v -202.456 5.847 5.611
v -208.209 5.847 1.167
f 272 271 270 269
f 265 266 270 269
f 266 267 271 270
f 267 268 272 271
f 268 265 269 272
v -221.600 2.060 12.168
v -209.704 2.060 0.533
v -200.160 2.060 10.292
v -212.056 2.060 21.927
v -221.600 5.960 12.168
v -209.704 5.960 0.533
v -200.160 5.960 10.292
v -212.056 5.960 21.927
f 280 279 278 277
f 273 274 278 277
f 274 275 279 278
f 275 276 280 279
f 276 273 277 280
v -226.475 1.917 11.563
v -220.810 1.917 15.026
v -223.225 1.917 18.977
v -228.890 1.917 15.514
v -226.475 5.817 11.563
v -220.810 5.817 15.026
v -223.225 5.817 18.977
v -228.890 5.817 15.514
f 288 287 286 285
f 281 282 286 285
f 282 283 287 286
f 283 284 288 287
f 284 281 285 288
v -163.036 1.784 -15.179
v -144.360 1.784 -42.592
v -133.864 1.784 -35.441
v -152.540 1.784 -8.028
v -163.036 5.684 -15.179
v -144.360 5.684 -42.592
v -133.864 5.684 -35.441
v -152.540 5.684 -8.028
f 296 295 294 293
f 289 290 294 293
f 290 291 295 294
f 291 292 296 295
f 292 289 293 296
v -171.797 1.639 -48.163
v -163.780 1.639 -58.700
v -154.023 1.639 -51.277
v -162.040 1.639 -40.740
v -171.797 5.539 -48.163
v -163.780 5.539 -58.700
v -154.023 5.539 -51.277
v -162.040 5.539 -40.740
f 304 303 302 301
f 297 298 302 301
f 298 299 303 302
f 299 300 304 303
f 300 297 301 304
v 220.779 0.909 115.351
v 249.661 0.909 105.275
v 257.781 0.909 128.549
v 228.899 0.909 138.625
v 220.779 4.809 115.351
v 249.661 4.809 105.275
v 257.781 4.809 128.549
v 228.899 4.809 138.625
f 312 311 310 309
f 305 306 310 309
f 306 307 311 310
f 307 308 312 311
f 308 305 309 312
v 239.633 0.970 148.572
v 244.566 0.970 151.641
v 242.247 0.970 155.368
v 237.314 0.970 152.299
v 239.633 4.870 148.572
v 244.566 4.870 151.641
v 242.247 4.870 155.368
v 237.314 4.870 152.299
f 320 319 318 317
f 313 314 318 317
f 314 315 319 318
f 315 316 320 319
f 316 313 317 320
v 225.256 0.945 147.068
v 236.619 0.945 154.559
v 234.264 0.945 158.132
v 222.901 0.945 150.641
v 225.256 4.845 147.068
v 236.619 4.845 154.559
v 234.264 4.845 158.132
v 222.901 4.845 150.641
f 328 327 326 325
f 321 322 326 325
f 322 323 327 326
f 323 324 328 327
f 324 321 325 328
v 235.457 0.893 146.191
v 238.428 0.893 142.219
v 242.183 0.893 145.029
v 239.212 0.893 149.001
v 235.457 4.793 146.191
v 238.428 4.793 142.219
v 242.183 4.793 145.029
v 239.212 4.793 149.001
f 336 335 334 333
f 329 330 334 333
f 330 331 335 334
f 331 332 336 335
f 332 329 333 336
v 214.045 1.059 127.692
v 231.212 1.059 139.857
v 218.775 1.059 157.408
v 201.608 1.059 145.243
v 214.045 4.959 127.692
v 231.212 4.959 139.857
v 218.775 4.959 157.408
v 201.608 4.959 145.243
f 344 343 342 341
f 337 338 342 341
f 338 339 343 342
f 339 340 344 343
f 340 337 341 344
v 234.931 0.437 -133.032
v 236.724 0.437 -156.524
v 252.389 0.437 -155.328
v 250.596 0.437 -131.836
v 234.931 4.337 -133.032
v 236.724 4.337 -156.524
v 252.389 4.337 -155.328
v 250.596 4.337 -131.836
f 352 351 350 349
f 345 346 350 349
f 346 347 351 350
f 347 348 352 351
f 348 345 349 352
v 253.756 0.416 -135.818
v 259.374 0.416 -132.317
v 257.084 0.416 -128.642
v 251.466 0.416 -132.143
v 253.756 4.316 -135.818
v 259.374 4.316 -132.317
v 257.084 4.316 -128.642
v 251.466 4.316 -132.143
f 360 359 358 357
f 353 354 358 357
f 354 355 359 358
f 355 356 360 359
f 356 353 357 360
v 233.631 0.392 -126.364
v 242.108 0.392 -120.798
v 238.469 0.392 -115.256
v 229.992 0.392 -120.822
v 233.631 4.292 -126.364
v 242.108 4.292 -120.798
v 238.469 4.292 -115.256
v 229.992 4.292 -120.822
f 368 367 366 365
f 361 362 366 365
f 362 363 367 366
f 363 364 368 367
f 364 361 365 368
v 254.636 0.488 -211.381
v 258.761 0.488 -208.314
v 257.204 0.488 -206.219
v 253.079 0.488 -209.286
v 254.636 4.388 -211.381
v 258.761 4.388 -208.314
v 257.204 4.388 -206.219
v 253.079 4.388 -209.286
f 376 375 374 373
f 369 370 374 373
f 370 371 375 374
f 371 372 376 375
f 372 369 373 376
v 228.584 0.219 -226.471
v 242.544 0.219 -240.200
v 250.776 0.219 -231.829
v 236.816 0.219 -218.100
v 228.584 4.119 -226.471
v 242.544 4.119 -240.200
v 250.776 4.119 -231.829
v 236.816 4.119 -218.100
f 384 383 382 381
f 377 378 382 381
f 378 379 383 382
f 379 380 384 383
f 380 377 381 384
v 235.257 0.663 -200.540
v 254.613 0.663 -195.012
v 249.983 0.663 -178.800
v 230.627 0.663 -184.328
v 235.257 4.563 -200.540
v 254.613 4.563 -195.012
v 249.983 4.563 -178.800
v 230.627 4.563 -184.328
f 392 391 390 389
f 385 386 390 389
f 386 387 391 390
f 387 388 392 391
f 388 385 389 392
v 211.751 0.235 -182.680
v 229.623 0.235 -187.143
v 234.149 0.235 -169.020
v 216.277 0.235 -164.557
v 211.751 4.135 -182.680
v 229.623 4.135 -187.143
v 234.149 4.135 -169.020
v 216.277 4.135 -164.557
f 400 399 398 397
f 393 394 398 397
f 394 395 399 398
f 395 396 400 399
f 396 393 397 400
v 217.981 0.231 -188.870
v 223.216 0.231 -196.326
v 228.879 0.231 -192.350
v 223.644 0.231 -184.894
v 217.981 4.131 -188.870
v 223.216 4.131 -196.326
v 228.879 4.131 -192.350
v 223.644 4.131 -184.894
f 408 407 406 405
f 401 402 406 405
f 402 403 407 406
f 403 404 408 407
f 404 401 405 408
v 202.114 0.545 -160.526
v 210.860 0.545 -173.804
v 218.526 0.545 -168.754
v 209.780 0.545 -155.476
v 202.114 4.445 -160.526
v 210.860 4.445 -173.804
v 218.526 4.445 -168.754
v 209.780 4.445 -155.476
f 416 415 414 413
f 409 410 414 413
f 410 411 415 414
f 411 412 416 415
f 412 409 413 416
v 201.621 0.346 -185.076
v 209.216 0.346 -176.628
v 202.359 0.346 -170.464
v 194.764 0.346 -178.912
v 201.621 4.246 -185.076
v 209.216 4.246 -176.628
v 202.359 4.246 -170.464
v 194.764 4.246 -178.912
f 424 423 422 421
f 417 418 422 421
f 418 419 423 422
f 419 420 424 423
f 420 417 421 424
v 193.818 0.497 -191.655
v 204.888 0.497 -184.802
v 200.482 0.497 -177.685
v 189.412 0.497 -184.538
v 193.818 4.397 -191.655
v 204.888 4.397 -184.802
v 200.482 4.397 -177.685
v 189.412 4.397 -184.538
f 432 431 430 429
f 425 426 430 429
f 426 427 431 430
f 427 428 432 431
f 428 425 429 432
v 202.917 0.377 -187.892
v 206.495 0.377 -193.186
v 209.983 0.377 -190.828
v 206.405 0.377 -185.534
v 202.917 4.277 -187.892
v 206.495 4.277 -193.186
v 209.983 4.277 -190.828
v 206.405 4.277 -185.534
f 440 439 438 437
f 433 434 438 437
f 434 435 439 438
f 435 436 440 439
f 436 433 437 440
v 213.394 0.960 -208.754
v 217.938 0.960 -195.332
v 203.446 0.960 -190.426
v 198.902 0.960 -203.848
v 213.394 4.860 -208.754
v 217.938 4.860 -195.332
v 203.446 4.860 -190.426
v 198.902 4.860 -203.848
f 448 447 446 445
f 441 442 446 445
f 442 443 447 446
f 443 444 448 447
f 444 441 445 448
v 186.254 0.372 -198.522
v 193.543 0.372 -208.480
v 197.206 0.372 -205.798
v 189.917 0.372 -195.840
v 186.254 4.272 -198.522
v 193.543 4.272 -208.480
v 197.206 4.272 -205.798
v 189.917 4.272 -195.840
f 456 455 454 453
f 449 450 454 453
f 450 451 455 454
f 451 452 456 455
f 452 449 453 456
v 178.543 0.439 -190.498
v 188.811 0.439 -205.536
v 196.037 0.439 -200.602
v 185.769 0.439 -185.564
v 178.543 4.339 -190.498
v 188.811 4.339 -205.536
v 196.037 4.339 -200.602
v 185.769 4.339 -185.564
f 464 463 462 461
f 457 458 462 461
f 458 459 463 462
f 459 460 464 463
f 460 457 461 464
v 201.027 0.691 -112.121
v 211.634 0.691 -128.448
v 221.253 0.691 -122.199
v 210.646 0.691 -105.872
v 201.027 4.591 -112.121
v 211.634 4.591 -128.448
v 221.253 4.591 -122.199
v 210.646 4.591 -105.872
f 472 471 470 469
f 465 466 470 469
f 466 467 471 470
f 467 468 472 471
f 468 465 469 472
v 217.956 0.791 -107.638
v 230.679 0.791 -92.742
v 219.464 0.791 -83.162
v 206.741 0.791 -98.058
v 217.956 4.691 -107.638
v 230.679 4.691 -92.742
v 219.464 4.691 -83.162
v 206.741 4.691 -98.058
f 480 479 478 477
f 473 474 478 477
f 474 475 479 478
f 475 476 480 479
f 476 473 477 480
v 220.622 0.697 -94.820
v 234.042 0.697 -86.367
v 228.318 0.697 -77.280
v 214.898 0.697 -85.733
v 220.622 4.597 -94.820
v 234.042 4.597 -86.367
v 228.318 4.597 -77.280
v 214.898 4.597 -85.733
f 488 487 486 485
f 481 482 486 485
f 482 483 487 486
f 483 484 488 487
f 484 481 485 488
v 199.203 0.746 -90.286
v 204.574 0.746 -94.052
v 208.317 0.746 -88.714
v 202.946 0.746 -84.948
v 199.203 4.646 -90.286
v 204.574 4.646 -94.052
v 208.317 4.646 -88.714
v 202.946 4.646 -84.948
f 496 495 494 493
f 489 490 494 493
f 490 491 495 494
f 491 492 496 495
f 492 489 493 496
v 185.436 0.628 -96.826
v 198.976 0.628 -117.113
v 208.084 0.628 -111.034
v 194.544 0.628 -90.747
v 185.436 4.528 -96.826
v 198.976 4.528 -117.113
v 208.084 4.528 -111.034
v 194.544 4.528 -90.747
f 504 503 502 501
f 497 498 502 501
f 498 499 503 502
f 499 500 504 503
f 500 497 501 504
v 200.720 0.695 -86.992
v 218.430 0.695 -78.456
v 212.160 0.695 -65.448
v 194.450 0.695 -73.984
v 200.720 4.595 -86.992
v 218.430 4.595 -78.456
v 212.160 4.595 -65.448
v 194.450 4.595 -73.984
f 512 511 510 509
f 505 506 510 509
f 506 507 511 510
f 507 508 512 511
f 508 505 509 512
v 171.942 0.603 -94.726
v 185.495 0.603 -109.092
v 193.358 0.603 -101.674
v 179.805 0.603 -87.308
v 171.942 4.503 -94.726
v 185.495 4.503 -109.092
v 193.358 4.503 -101.674
v 179.805 4.503 -87.308
f 520 519 518 517
f 513 514 518 517
f 514 515 519 518
f 515 516 520 519
f 516 513 517 520
v 161.093 0.567 -82.734
v 169.113 0.567 -96.417
v 176.947 0.567 -91.826
v 168.927 0.567 -78.143
v 161.093 4.467 -82.734
v 169.113 4.467 -96.417
v 176.947 4.467 -91.826
v 168.927 4.467 -78.143
f 528 527 526 525
f 521 522 526 525
f 522 523 527 526
f 523 524 528 527
f 524 521 525 528
v 188.642 0.410 -74.558
v 200.840 0.410 -66.037
v 191.638 0.410 -52.862
v 179.440 0.410 -61.383
v 188.642 4.310 -74.558
v 200.840 4.310 -66.037
v 191.638 4.310 -52.862
v 179.440 4.310 -61.383
f 536 535 534 533
f 529 530 534 533
f 530 531 535 534
f 531 532 536 535
f 532 529 533 536
v 178.357 0.653 -62.428
v 181.067 0.653 -49.080
v 170.983 0.653 -47.032
v 168.273 0.653 -60.380
v 178.357 4.553 -62.428
v 181.067 4.553 -49.080
v 170.983 4.553 -47.032
v 168.273 4.553 -60.380
f 544 543 542 541
f 537 538 542 541
f 538 539 543 542
f 539 540 544 543
f 540 537 541 544
v 148.292 0.410 -72.865
v 160.761 0.410 -64.121
v 152.608 0.410 -52.495
v 140.139 0.410 -61.239
v 148.292 4.310 -72.865
v 160.761 4.310 -64.121
v 152.608 4.310 -52.495
v 140.139 4.310 -61.239
f 552 551 550 549
f 545 546 550 549
f 546 547 551 550
f 547 548 552 551
f 548 545 549 552
v 109.842 0.608 -50.114
v 122.297 0.608 -59.257
v 129.558 0.608 -49.366
v 117.103 0.608 -40.223
v 109.842 4.508 -50.114
v 122.297 4.508 -59.257
v 129.558 4.508 -49.366
v 117.103 4.508 -40.223
f 560 559 558 557
f 553 554 558 557
f 554 555 559 558
f 555 556 560 559
f 556 553 557 560
v 108.492 0.650 -57.240
v 112.017 0.650 -62.169
v 116.588 0.650 -58.900
v 113.063 0.650 -53.971
v 108.492 4.550 -57.240
v 112.017 4.550 -62.169
v 116.588 4.550 -58.900
v 113.063 4.550 -53.971
f 568 567 566 565
f 561 562 566 565
f 562 563 567 566
f 563 564 568 567
f 564 561 565 568
v 101.388 0.812 -55.845
v 111.340 0.812 -49.376
v 107.972 0.812 -44.195
v 98.020 0.812 -50.664
v 101.388 4.712 -55.845
v 111.340 4.712 -49.376
v 107.972 4.712 -44.195
v 98.020 4.712 -50.664
f 576 575 574 573
f 569 570 574 573
f 570 571 575 574
f 571 572 576 575
f 572 569 573 576
v 107.762 0.949 -50.722
v 116.636 0.949 -42.510
v 110.258 0.949 -35.618
v 101.384 0.949 -43.830
v 107.762 4.849 -50.722
v 116.636 4.849 -42.510
v 110.258 4.849 -35.618
v 101.384 4.849 -43.830
f 584 583 582 581
f 577 578 582 581
f 578 579 583 582
f 579 580 584 583
f 580 577 581 584
v 141.637 0.794 -40.789
v 152.707 0.794 -40.811
v 152.723 0.794 -32.411
v 141.653 0.794 -32.389
v 141.637 4.694 -40.789
v 152.707 4.694 -40.811
v 152.723 4.694 -32.411
v 141.653 4.694 -32.389
f 592 591 590 589
f 585 586 590 589
f 586 587 591 590
f 587 588 592 591
f 588 585 589 592
v 123.375 1.178 -23.281
v 132.735 1.178 -41.677
v 143.305 1.178 -36.299
v 133.945 1.178 -17.903
v 123.375 5.078 -23.281
v 132.735 5.078 -41.677
v 143.305 5.078 -36.299
v 133.945 5.078 -17.903
f 600 599 598 597
f 593 594 598 597
f 594 595 599 598
f 595 596 600 599
f 596 593 597 600
v 110.268 1.101 -20.998
v 123.240 1.101 -34.812
v 134.772 1.101 -23.982
v 121.800 1.101 -10.168
v 110.268 5.001 -20.998
v 123.240 5.001 -34.812
v 134.772 5.001 -23.982
v 121.800 5.001 -10.168
f 608 607 606 605
f 601 602 606 605
f 602 603 607 606
f 603 604 608 607
f 604 601 605 608
v 96.434 0.974 -12.546
v 109.610 0.974 -26.566
v 117.306 0.974 -19.334
v 104.130 0.974 -5.314
v 96.434 4.874 -12.546
v 109.610 4.874 -26.566
v 117.306 4.874 -19.334
v 104.130 4.874 -5.314
f 616 615 614 613
f 609 610 614 613
f 610 611 615 614
f 611 612 616 615
f 612 609 613 616
v 79.451 1.116 -39.507
v 88.987 1.116 -51.700
v 99.149 1.116 -43.753
v 89.613 1.116 -31.560
v 79.451 5.016 -39.507
v 88.987 5.016 -51.700
v 99.149 5.016 -43.753
v 89.613 5.016 -31.560
f 624 623 622 621
f 617 618 622 621
f 618 619 623 622
f 619 620 624 623
f 620 617 621 624
v 232.078 0.655 -71.617
v 259.011 0.655 -57.346
v 252.142 0.655 -44.383
v 225.209 0.655 -58.654
v 232.078 4.555 -71.617
v 259.011 4.555 -57.346
v 252.142 4.555 -44.383
v 225.209 4.555 -58.654
f 632 631 630 629
f 625 626 630 629
f 626 627 631 630
f 627 628 632 631
f 628 625 629 632
v 242.615 0.549 -57.148
v 261.749 0.549 -45.951
v 254.845 0.549 -34.152
v 235.711 0.549 -45.349
v 242.615 4.449 -57.148
v 261.749 4.449 -45.951
v 254.845 4.449 -34.152
v 235.711 4.449 -45.349
f 640 639 638 637
f 633 634 638 637
f 634 635 639 638
f 635 636 640 639
f 636 633 637 640
v 232.981 0.882 -10.134
v 246.500 0.882 -24.927
v 253.439 0.882 -18.586
v 239.920 0.882 -3.793
v 232.981 4.782 -10.134
v 246.500 4.782 -24.927
v 253.439 4.782 -18.586
v 239.920 4.782 -3.793
f 648 647 646 645
f 641 642 646 645
f 642 643 647 646
f 643 644 648 647
f 644 641 645 648
v 226.273 1.009 -16.288
v 242.139 1.009 -7.411
v 235.347 1.009 4.728
v 219.481 1.009 -4.149
v 226.273 4.909 -16.288
v 242.139 4.909 -7.411
v 235.347 4.909 4.728
v 219.481 4.909 -4.149
f 656 655 654 653
f 649 650 654 653
f 650 651 655 654
f 651 652 656 655
f 652 649 653 656
v 216.899 0.792 -17.126
v 224.084 0.792 -13.631
v 220.641 0.792 -6.554
v 213.456 0.792 -10.049
v 216.899 4.692 -17.126
v 224.084 4.692 -13.631
v 220.641 4.692 -6.554
v 213.456 4.692 -10.049
f 664 663 662 661
f 657 658 662 661
f 658 659 663 662
f 659 660 664 663
f 660 657 661 664
v 200.770 0.401 -30.615
v 213.161 0.401 -42.283
v 223.930 0.401 -30.845
v 211.539 0.401 -19.177
v 200.770 4.301 -30.615
v 213.161 4.301 -42.283
v 223.930 4.301 -30.845
v 211.539 4.301 -19.177
f 672 671 670 669
f 665 666 670 669
f 666 667 671 670
f 667 668 672 671
f 668 665 669 672
v 187.385 0.027 -21.313
v 199.559 0.027 -32.803
v 210.315 0.027 -21.407
v 198.141 0.027 -9.917
v 187.385 3.927 -21.313
v 199.559 3.927 -32.803
v 210.315 3.927 -21.407
v 198.141 3.927 -9.917
f 680 679 678 677
f 673 674 678 677
f 674 675 679 678
f 675 676 680 679
f 676 673 677 680
v 174.686 0.748 -8.741
v 186.836 0.748 -22.759
v 197.174 0.748 -13.799
v 185.024 0.748 0.219
v 174.686 4.648 -8.741
v 186.836 4.648 -22.759
v 197.174 4.648 -13.799
v 185.024 4.648 0.219
f 688 687 686 685
f 681 682 686 685
f 682 683 687 686
f 683 684 688 687
f 684 681 685 688
v 202.914 0.728 -8.537
v 223.205 0.728 1.186
v 216.166 0.728 15.877
v 195.875 0.728 6.154
v 202.914 4.628 -8.537
v 223.205 4.628 1.186
v 216.166 4.628 15.877
v 195.875 4.628 6.154
f 696 695 694 693
f 689 690 694 693
f 690 691 695 694
f 691 692 696 695
f 692 689 693 696
v 177.645 0.441 24.473
v 189.904 0.441 10.818
v 198.335 0.441 18.387
v 186.076 0.441 32.042
v 177.645 4.341 24.473
v 189.904 4.341 10.818
v 198.335 4.341 18.387
v 186.076 4.341 32.042
f 704 703 702 701
f 697 698 702 701
f 698 699 703 702
f 699 700 704 703
f 700 697 701 704
v 172.420 0.838 14.594
v 176.172 0.838 16.755
v 174.080 0.838 20.386
v 170.328 0.838 18.225
v 172.420 4.738 14.594
v 176.172 4.738 16.755
v 174.080 4.738 20.386
v 170.328 4.738 18.225
f 712 711 710 709
f 705 706 710 709
f 706 707 711 710
f 707 708 712 711
f 708 705 709 712
v 165.877 1.061 39.013
v 166.368 1.061 19.669
v 181.263 1.061 20.047
v 180.772 1.061 39.391
v 165.877 4.961 39.013
v 166.368 4.961 19.669
v 181.263 4.961 20.047
v 180.772 4.961 39.391
f 720 719 718 717
f 713 714 718 717
f 714 715 719 718
f 715 716 720 719
f 716 713 717 720
v 133.863 1.034 40.979
v 157.677 1.034 27.246
v 168.157 1.034 45.421
v 144.343 1.034 59.154
v 133.863 4.934 40.979
v 157.677 4.934 27.246
v 168.157 4.934 45.421
v 144.343 4.934 59.154
f 728 727 726 725
f 721 722 726 725
f 722 723 727 726
f 723 724 728 727
f 724 721 725 728
v 139.560 0.659 14.232
v 154.019 0.659 31.327
v 143.780 0.659 39.988
v 129.321 0.659 22.893
v 139.560 4.559 14.232
v 154.019 4.559 31.327
v 143.780 4.559 39.988
v 129.321 4.559 22.893
f 736 735 734 733
f 729 730 734 733
f 730 731 735 734
f 731 732 736 735
f 732 729 733 736
v 124.576 0.630 5.135
v 145.695 0.630 11.332
v 142.024 0.630 23.845
v 120.905 0.630 17.648
v 124.576 4.530 5.135
v 145.695 4.530 11.332
v 142.024 4.530 23.845
v 120.905 4.530 17.648
f 744 743 742 741
f 737 738 742 741
f 738 739 743 742
f 739 740 744 743
f 740 737 741 744
v 148.100 0.419 15.386
v 153.471 0.419 -5.215
v 168.160 0.419 -1.386
v 162.789 0.419 19.215
v 148.100 4.319 15.386
v 153.471 4.319 -5.215
v 168.160 4.319 -1.386
v 162.789 4.319 19.215
f 752 751 750 749
f 745 746 750 749
f 746 747 751 750
f 747 748 752 751
f 748 745 749 752
v 165.265 0.609 4.135
v 171.215 0.609 -8.660
v 182.495 0.609 -3.415
v 176.545 0.609 9.380
v 165.265 4.509 4.135
v 171.215 4.509 -8.660
v 182.495 4.509 -3.415
v 176.545 4.509 9.380
f 760 759 758 757
f 753 754 758 757
f 754 755 759 758
f 755 756 760 759
f 756 753 757 760
v 238.518 0.395 56.002
v 262.688 0.395 55.024
v 263.462 0.395 74.158
v 239.292 0.395 75.136
v 238.518 4.295 56.002
v 262.688 4.295 55.024
v 263.462 4.295 74.158
v 239.292 4.295 75.136
f 768 767 766 765
f 761 762 766 765
f 762 763 767 766
f 763 764 768 767
f 764 761 765 768
v 249.734 0.336 52.741
v 253.406 0.336 46.770
v 257.486 0.336 49.279
v 253.814 0.336 55.250
v 249.734 4.236 52.741
v 253.406 4.236 46.770
v 257.486 4.236 49.279
v 253.814 4.236 55.250
f 776 775 774 773
f 769 770 774 773
f 770 771 775 774
f 771 772 776 775
f 772 769 773 776
v 224.840 0.852 79.867
v 237.824 0.852 61.896
v 245.460 0.852 67.413
v 232.476 0.852 85.384
v 224.840 4.752 79.867
v 237.824 4.752 61.896
v 245.460 4.752 67.413
v 232.476 4.752 85.384
f 784 783 782 781
f 777 778 782 781
f 778 779 783 782
f 779 780 784 783
f 780 777 781 784
v 215.008 0.679 83.489
v 226.819 0.679 68.011
v 235.572 0.679 74.691
v 223.761 0.679 90.169
v 215.008 4.579 83.489
v 226.819 4.579 68.011
v 235.572 4.579 74.691
v 223.761 4.579 90.169
f 792 791 790 789
f 785 786 790 789
f 786 787 791 790
f 787 788 792 791
f 788 785 789 792
v 209.110 0.844 85.673
v 221.998 0.844 97.378
v 214.670 0.844 105.447
v 201.782 0.844 93.742
v 209.110 4.744 85.673
v 221.998 4.744 97.378
v 214.670 4.744 105.447
v 201.782 4.744 93.742
f 800 799 798 797
f 793 794 798 797
f 794 795 799 798
f 795 796 800 799
f 796 793 797 800
v 199.497 0.660 75.203
v 215.185 0.660 86.099
v 211.603 0.660 91.257
v 195.915 0.660 80.361
v 199.497 4.560 75.203
v 215.185 4.560 86.099
v 211.603 4.560 91.257
v 195.915 4.560 80.361
f 808 807 806 805
f 801 802 806 805
f 802 803 807 806
f 803 804 808 807
f 804 801 805 808
v 190.180 1.051 91.326
v 192.632 1.051 87.553
v 195.340 1.051 89.314
v 192.888 1.051 93.087
v 190.180 4.951 91.326
v 192.632 4.951 87.553
v 195.340 4.951 89.314
v 192.888 4.951 93.087
f 816 815 814 813
f 809 810 814 813
f 810 811 815 814
f 811 812 816 815
f 812 809 813 816
v 172.604 1.016 113.661
v 180.134 1.016 89.989
v 203.996 1.016 97.579
v 196.466 1.016 121.251
v 172.604 4.916 113.661
v 180.134 4.916 89.989
v 203.996 4.916 97.579
v 196.466 4.916 121.251
f 824 823 822 821
f 817 818 822 821
f 818 819 823 822
f 819 820 824 823
f 820 817 821 824
v 195.993 1.140 68.280
v 206.399 1.140 71.997
v 202.947 1.140 81.660
v 192.541 1.140 77.943
v 195.993 5.040 68.280
v 206.399 5.040 71.997
v 202.947 5.040 81.660
v 192.541 5.040 77.943
f 832 831 830 829
f 825 826 830 829
f 826 827 831 830
f 827 828 832 831
f 828 825 829 832
v 205.934 0.611 70.069
v 210.722 0.611 71.400
v 209.406 0.611 76.131
v 204.618 0.611 74.800
v 205.934 4.511 70.069
v 210.722 4.511 71.400
v 209.406 4.511 76.131
v 204.618 4.511 74.800
f 840 839 838 837
f 833 834 838 837
f 834 835 839 838
f 835 836 840 839
f 836 833 837 840
v 172.993 1.459 60.517
v 197.324 1.459 75.048
v 188.607 1.459 89.643
v 164.276 1.459 75.112
v 172.993 5.359 60.517
v 197.324 5.359 75.048
v 188.607 5.359 89.643
v 164.276 5.359 75.112
f 848 847 846 845
f 841 842 846 845
f 842 843 847 846
f 843 844 848 847
f 844 841 845 848
v 235.870 0.822 23.847
v 247.388 0.822 47.746
v 230.110 0.822 56.073
v 218.592 0.822 32.174
v 235.870 4.722 23.847
v 247.388 4.722 47.746
v 230.110 4.722 56.073
v 218.592 4.722 32.174
f 856 855 854 853
f 849 850 854 853
f 850 851 855 854
f 851 852 856 855
f 852 849 853 856
v 233.106 0.721 21.813
v 239.772 0.721 25.865
v 236.354 0.721 31.487
v 229.688 0.721 27.435
v 233.106 4.621 21.813
v 239.772 4.621 25.865
v 236.354 4.621 31.487
v 229.688 4.621 27.435
f 864 863 862 861
f 857 858 862 861
f 858 859 863 862
f 859 860 864 863
f 860 857 861 864
v 242.977 0.493 29.990
v 251.184 0.493 18.685
v 261.963 0.493 26.510
v 253.756 0.493 37.815
v 242.977 4.393 29.990
v 251.184 4.393 18.685
v 261.963 4.393 26.510
v 253.756 4.393 37.815
f 872 871 870 869
f 865 866 870 869
f 866 867 871 870
f 867 868 872 871
f 868 865 869 872
v 251.113 0.810 39.491
v 254.248 0.810 36.666
v 257.027 0.810 39.749
v 253.892 0.810 42.574
v 251.113 4.710 39.491
v 254.248 4.710 36.666
v 257.027 4.710 39.749
v 253.892 4.710 42.574
f 880 879 878 877
f 873 874 878 877
f 874 875 879 878
f 875 876 880 879
f 876 873 877 880
v 227.411 0.814 215.304
v 245.097 0.814 198.438
v 258.389 0.814 212.376
v 240.703 0.814 229.242
v 227.411 4.714 215.304
v 245.097 4.714 198.438
v 258.389 4.714 212.376
v 240.703 4.714 229.242
f 888 887 886 885
f 881 882 886 885
f 882 883 887 886
f 883 884 888 887
f 884 881 885 888
v 223.294 0.880 210.995
v 237.636 0.880 223.228
v 227.046 0.880 235.645
v 212.704 0.880 223.412
v 223.294 4.780 210.995
v 237.636 4.780 223.228
v 227.046 4.780 235.645
v 212.704 4.780 223.412
f 896 895 894 893
f 889 890 894 893
f 890 891 895 894
f 891 892 896 895
f 892 889 893 896
v 232.287 1.057 232.030
v 240.091 1.057 237.052
v 237.093 1.057 241.710
v 229.289 1.057 236.688
v 232.287 4.957 232.030
v 240.091 4.957 237.052
v 237.093 4.957 241.710
v 229.289 4.957 236.688
f 904 903 902 901
f 897 898 902 901
f 898 899 903 902
f 899 900 904 903
f 900 897 901 904
v 246.897 0.706 233.772
v 254.565 0.706 257.955
v 236.863 0.706 263.568
v 229.195 0.706 239.385
v 246.897 4.606 233.772
v 254.565 4.606 257.955
v 236.863 4.606 263.568
v 229.195 4.606 239.385
f 912 911 910 909
f 905 906 910 909
f 906 907 911 910
f 907 908 912 911
f 908 905 909 912
v 198.654 0.742 238.390
v 207.667 0.742 225.768
v 219.126 0.742 233.950
v 210.113 0.742 246.572
v 198.654 4.642 238.390
v 207.667 4.642 225.768
v 219.126 4.642 233.950
v 210.113 4.642 246.572
f 920 919 918 917
f 913 914 918 917
f 914 915 919 918
f 915 916 920 919
f 916 913 917 920
v 196.597 0.813 241.061
v 200.023 0.813 236.135
v 202.503 0.813 237.859
v 199.077 0.813 242.785
v 196.597 4.713 241.061
v 200.023 4.713 236.135
v 202.503 4.713 237.859
v 199.077 4.713 242.785
f 928 927 926 925
f 921 922 926 925
f 922 923 927 926
f 923 924 928 927
f 924 921 925 928
v 181.036 1.152 261.975
v 183.899 1.152 235.841
v 203.104 1.152 237.945
v 200.241 1.152 264.079
v 181.036 5.052 261.975
v 183.899 5.052 235.841
v 203.104 5.052 237.945
v 200.241 5.052 264.079
f 936 935 934 933
f 929 930 934 933
f 930 931 935 934
f 931 932 936 935
f 932 929 933 936
v 202.739 0.622 249.447
v 204.510 0.622 246.615
v 206.841 0.622 248.073
v 205.070 0.622 250.905
v 202.739 4.522 249.447
v 204.510 4.522 246.615
v 206.841 4.522 248.073
v 205.070 4.522 250.905
f 944 943 942 941
f 937 938 942 941
f 938 939 943 942
f 939 940 944 943
f 940 937 941 944
v -94.962 1.015 257.051
v -82.327 1.015 236.470
v -72.458 1.015 242.529
v -85.093 1.015 263.110
v -94.962 4.915 257.051
v -82.327 4.915 236.470
v -72.458 4.915 242.529
v -85.093 4.915 263.110
f 952 951 950 949
f 945 946 950 949
f 946 947 951 950
f 947 948 952 951
f 948 945 949 952
v -78.675 0.974 247.278
v -67.805 0.974 231.330
v -59.485 0.974 237.002
v -70.355 0.974 252.950
v -78.675 4.874 247.278
v -67.805 4.874 231.330
v -59.485 4.874 237.002
v -70.355 4.874 252.950
f 960 959 958 957
f 953 954 958 957
f 954 955 959 958
f 955 956 960 959
f 956 953 957 960
v -58.689 0.894 247.462
v -52.829 0.894 239.459
v -46.931 0.894 243.778
v -52.791 0.894 251.781
v -58.689 4.794 247.462
v -52.829 4.794 239.459
v -46.931 4.794 243.778
v -52.791 4.794 251.781
f 968 967 966 965
f 961 962 966 965
f 962 963 967 966
f 963 964 968 967
f 964 961 965 968
v -34.277 1.003 257.182
v -23.952 1.003 241.965
v -18.863 1.003 245.418
v -29.188 1.003 260.635
v -34.277 4.903 257.182
v -23.952 4.903 241.965
v -18.863 4.903 245.418
v -29.188 4.903 260.635
f 976 975 974 973
f 969 970 974 973
f 970 971 975 974
f 971 972 976 975
f 972 969 973 976
v -48.520 1.100 217.045
v -35.832 1.100 231.734
v -48.220 1.100 242.435
v -60.908 1.100 227.746
v -48.520 5.000 217.045
v -35.832 5.000 231.734
v -48.220 5.000 242.435
v -60.908 5.000 227.746
f 984 983 982 981
f 977 978 982 981
f 978 979 983 982
f 979 980 984 983
f 980 977 981 984
v -40.180 1.391 206.953
v -29.153 1.391 213.761
v -34.380 1.391 222.227
v -45.407 1.391 215.419
v -40.180 5.291 206.953
v -29.153 5.291 213.761
v -34.380 5.291 222.227
v -45.407 5.291 215.419
f 992 991 990 989
f 985 986 990 989
f 986 987 991 990
f 987 988 992 991
f 988 985 989 992
v -29.323 1.008 211.459
v -12.157 1.008 224.338
v -18.477 1.008 232.761
v -35.643 1.008 219.882
v -29.323 4.908 211.459
v -12.157 4.908 224.338
v -18.477 4.908 232.761
v -35.643 4.908 219.882
f 1000 999 998 997
f 993 994 998 997
f 994 995 999 998
f 995 996 1000 999
f 996 993 997 1000
v -22.746 0.913 224.151
v -5.352 0.913 238.137
v -12.614 0.913 247.169
v -30.008 0.913 233.183
v -22.746 4.813 224.151
v -5.352 4.813 238.137
v -12.614 4.813 247.169
v -30.008 4.813 233.183
f 1008 1007 1006 1005
f 1001 1002 1006 1005
f 1002 1003 1007 1006
f 1003 1004 1008 1007
f 1004 1001 1005 1008
v -15.658 0.793 238.437
v -3.244 0.793 248.891
v -10.362 0.793 257.343
v -22.776 0.793 246.889
v -15.658 4.693 238.437
v -3.244 4.693 248.891
v -10.362 4.693 257.343
v -22.776 4.693 246.889
f 1016 1015 1014 1013
f 1009 1010 1014 1013
f 1010 1011 1015 1014
f 1011 1012 1016 1015
f 1012 1009 1013 1016
v 51.995 0.868 238.339
v 61.746 0.868 243.727
v 57.185 0.868 251.981
v 47.434 0.868 246.593
v 51.995 4.768 238.339
v 61.746 4.768 243.727
v 57.185 4.768 251.981
v 47.434 4.768 246.593
f 1024 1023 1022 1021
f 1017 1018 1022 1021
f 1018 1019 1023 1022
f 1019 1020 1024 1023
f 1020 1017 1021 1024
v 58.596 0.804 245.632
v 69.526 0.804 230.286
v 75.904 0.804 234.828
v 64.974 0.804 250.174
v 58.596 4.704 245.632
v 69.526 4.704 230.286
v 75.904 4.704 234.828
v 64.974 4.704 250.174
f 1032 1031 1030 1029
f 1025 1026 1030 1029
f 1026 1027 1031 1030
f 1027 1028 1032 1031
f 1028 1025 1029 1032
v 89.532 1.105 226.804
v 91.954 1.105 244.489
v 76.568 1.105 246.596
v 74.146 1.105 228.911
v 89.532 5.005 226.804
v 91.954 5.005 244.489
v 76.568 5.005 246.596
v 74.146 5.005 228.911
f 1040 1039 1038 1037
f 1033 1034 1038 1037
f 1034 1035 1039 1038
f 1035 1036 1040 1039
f 1036 1033 1037 1040
v 96.296 0.883 245.944
v 111.458 0.883 233.745
v 119.544 0.883 243.796
v 104.382 0.883 255.995
v 96.296 4.783 245.944
v 111.458 4.783 233.745
v 119.544 4.783 243.796
v 104.382 4.783 255.995
f 1048 1047 1046 1045
f 1041 1042 1046 1045
f 1042 1043 1047 1046
f 1043 1044 1048 1047
f 1044 1041 1045 1048
v 111.385 0.984 240.097
v 125.625 0.984 227.025
v 135.775 0.984 238.083
v 121.535 0.984 251.155
v 111.385 4.884 240.097
v 125.625 4.884 227.025
v 135.775 4.884 238.083
v 121.535 4.884 251.155
f 1056 1055 1054 1053
f 1049 1050 1054 1053
f 1050 1051 1055 1054
f 1051 1052 1056 1055
f 1052 1049 1053 1056
v 124.839 0.949 232.934
v 134.389 0.949 219.516
v 144.801 0.949 226.926
v 135.251 0.949 240.344
v 124.839 4.849 232.934
v 134.389 4.849 219.516
v 144.801 4.849 226.926
v 135.251 4.849 240.344
f 1064 1063 1062 1061
f 1057 1058 1062 1061
f 1058 1059 1063 1062
f 1059 1060 1064 1063
f 1060 1057 1061 1064
v 79.600 0.937 224.280
v 92.984 0.937 209.043
v 100.700 0.937 215.820
v 87.316 0.937 231.057
v 79.600 4.837 224.280
v 92.984 4.837 209.043
v 100.700 4.837 215.820
v 87.316 4.837 231.057
f 1072 1071 1070 1069
f 1065 1066 1070 1069
f 1066 1067 1071 1070
f 1067 1068 1072 1071
f 1068 1065 1069 1072
v 94.797 0.870 217.724
v 103.861 0.870 199.014
v 114.723 0.870 204.276
v 105.659 0.870 222.986
v 94.797 4.770 217.724
v 103.861 4.770 199.014
v 114.723 4.770 204.276
v 105.659 4.770 222.986
f 1080 1079 1078 1077
f 1073 1074 1078 1077
f 1074 1075 1079 1078
f 1075 1076 1080 1079
f 1076 1073 1077 1080
v 108.495 1.117 209.480
v 114.588 1.117 195.850
v 126.465 1.117 201.160
v 120.372 1.117 214.790
v 108.495 5.017 209.480
v 114.588 5.017 195.850
v 126.465 5.017 201.160
v 120.372 5.017 214.790
f 1088 1087 1086 1085
f 1081 1082 1086 1085
f 1082 1083 1087 1086
f 1083 1084 1088 1087
f 1084 1081 1085 1088
v 121.575 0.883 207.274
v 124.055 0.883 203.472
v 127.205 0.883 205.526
v 124.725 0.883 209.328
v 121.575 4.783 207.274
v 124.055 4.783 203.472
v 127.205 4.783 205.526
v 124.725 4.783 209.328
f 1096 1095 1094 1093
f 1089 1090 1094 1093
f 1090 1091 1095 1094
f 1091 1092 1096 1095
f 1092 1089 1093 1096
v 121.176 0.926 201.267
v 130.031 0.926 188.643
v 138.684 0.926 194.713
v 129.829 0.926 207.337
v 121.176 4.826 201.267
v 130.031 4.826 188.643
v 138.684 4.826 194.713
v 129.829 4.826 207.337
f 1104 1103 1102 1101
f 1097 1098 1102 1101
f 1098 1099 1103 1102
f 1099 1100 1104 1103
f 1100 1097 1101 1104
v 132.550 1.043 192.036
v 143.452 1.043 180.781
v 152.890 1.043 189.924
v 141.988 1.043 201.179
v 132.550 4.943 192.036
v 143.452 4.943 180.781
v 152.890 4.943 189.924
v 141.988 4.943 201.179
f 1112 1111 1110 1109
f 1105 1106 1110 1109
f 1106 1107 1111 1110
f 1107 1108 1112 1111
f 1108 1105 1109 1112
v 143.434 1.169 186.293
v 155.200 1.169 172.355
v 166.586 1.169 181.967
v 154.820 1.169 195.905
v 143.434 5.069 186.293
v 155.200 5.069 172.355
v 166.586 5.069 181.967
v 154.820 5.069 195.905
f 1120 1119 1118 1117
f 1113 1114 1118 1117
f 1114 1115 1119 1118
f 1115 1116 1120 1119
f 1116 1113 1117 1120
v 162.100 0.684 183.951
v 175.278 0.684 164.626
v 189.860 0.684 174.569
v 176.682 0.684 193.894
v 162.100 4.584 183.951
v 175.278 4.584 164.626
v 189.860 4.584 174.569
v 176.682 4.584 193.894
f 1128 1127 1126 1125
f 1121 1122 1126 1125
f 1122 1123 1127 1126
f 1123 1124 1128 1127
f 1124 1121 1125 1128
v 187.562 1.377 175.767
v 191.920 1.377 169.961
v 197.558 1.377 174.193
v 193.200 1.377 179.999
v 187.562 5.277 175.767
v 191.920 5.277 169.961
v 197.558 5.277 174.193
v 193.200 5.277 179.999
f 1136 1135 1134 1133
f 1129 1130 1134 1133
f 1130 1131 1135 1134
f 1131 1132 1136 1135
f 1132 1129 1133 1136
v 188.079 0.666 192.489
v 197.382 0.666 179.153
v 208.561 0.666 186.951
v 199.258 0.666 200.287
v 188.079 4.566 192.489
v 197.382 4.566 179.153
v 208.561 4.566 186.951
v 199.258 4.566 200.287
f 1144 1143 1142 1141
f 1137 1138 1142 1141
f 1138 1139 1143 1142
f 1139 1140 1144 1143
f 1140 1137 1141 1144
v 163.760 0.246 191.415
v 188.726 0.246 196.846
v 184.440 0.246 216.545
v 159.474 0.246 211.114
v 163.760 4.146 191.415
v 188.726 4.146 196.846
v 184.440 4.146 216.545
v 159.474 4.146 211.114
f 1152 1151 1150 1149
f 1145 1146 1150 1149
f 1146 1147 1151 1150
f 1147 1148 1152 1151
f 1148 1145 1149 1152
v 147.911 0.708 217.736
v 163.075 0.708 206.073
v 171.129 0.708 216.544
v 155.965 0.708 228.207
v 147.911 4.608 217.736
v 163.075 4.608 206.073
v 171.129 4.608 216.544
v 155.965 4.608 228.207
f 1160 1159 1158 1157
f 1153 1154 1158 1157
f 1154 1155 1159 1158
f 1155 1156 1160 1159
f 1156 1153 1157 1160
v 134.985 0.921 224.879
v 146.289 0.921 209.583
v 157.275 0.921 217.701
v 145.971 0.921 232.997
v 134.985 4.821 224.879
v 146.289 4.821 209.583
v 157.275 4.821 217.701
v 145.971 4.821 232.997
f 1168 1167 1166 1165
f 1161 1162 1166 1165
f 1162 1163 1167 1166
f 1163 1164 1168 1167
f 1164 1161 1165 1168
v 48.160 1.176 193.214
v 60.937 1.176 201.539
v 55.980 1.176 209.146
v 43.203 1.176 200.821
v 48.160 5.076 193.214
v 60.937 5.076 201.539
v 55.980 5.076 209.146
v 43.203 5.076 200.821
f 1176 1175 1174 1173
f 1169 1170 1174 1173
f 1170 1171 1175 1174
f 1171 1172 1176 1175
f 1172 1169 1173 1176
v 31.306 0.638 199.260
v 36.108 0.638 191.862
v 42.114 0.638 195.760
v 37.312 0.638 203.158
v 31.306 4.538 199.260
v 36.108 4.538 191.862
v 42.114 4.538 195.760
v 37.312 4.538 203.158
f 1184 1183 1182 1181
f 1177 1178 1182 1181
f 1178 1179 1183 1182
f 1179 1180 1184 1183
f 1180 1177 1181 1184
v 12.756 1.057 219.247
v 19.329 1.057 201.655
v 34.364 1.057 207.273
v 27.791 1.057 224.865
v 12.756 4.957 219.247
v 19.329 4.957 201.655
v 34.364 4.957 207.273
v 27.791 4.957 224.865
f 1192 1191 1190 1189
f 1185 1186 1190 1189
f 1186 1187 1191 1190
f 1187 1188 1192 1191
f 1188 1185 1189 1192
v 15.248 0.787 181.727
v 31.726 0.787 167.135
v 40.332 0.787 176.853
v 23.854 0.787 191.445
v 15.248 4.687 181.727
v 31.726 4.687 167.135
v 40.332 4.687 176.853
v 23.854 4.687 191.445
f 1200 1199 1198 1197
f 1193 1194 1198 1197
f 1194 1195 1199 1198
f 1195 1196 1200 1199
f 1196 1193 1197 1200
v 29.694 1.040 174.953
v 40.057 1.040 160.309
v 48.506 1.040 166.287
v 38.143 1.040 180.931
v 29.694 4.940 174.953
v 40.057 4.940 160.309
v 48.506 4.940 166.287
v 38.143 4.940 180.931
f 1208 1207 1206 1205
f 1201 1202 1206 1205
f 1202 1203 1207 1206
f 1203 1204 1208 1207
f 1204 1201 1205 1208
v 41.774 1.088 159.076
v 59.779 1.088 153.633
v 64.166 1.088 168.144
v 46.161 1.088 173.587
v 41.774 4.988 159.076
v 59.779 4.988 153.633
v 64.166 4.988 168.144
v 46.161 4.988 173.587
f 1216 1215 1214 1213
f 1209 1210 1214 1213
f 1210 1211 1215 1214
f 1211 1212 1216 1215
f 1212 1209 1213 1216
v 61.329 1.228 129.991
v 90.428 1.228 140.388
v 82.531 1.228 162.489
v 53.432 1.228 152.092
v 61.329 5.128 129.991
v 90.428 5.128 140.388
v 82.531 5.128 162.489
v 53.432 5.128 152.092
f 1224 1223 1222 1221
f 1217 1218 1222 1221
f 1218 1219 1223 1222
f 1219 1220 1224 1223
f 1220 1217 1221 1224
v 84.808 0.769 171.248
v 96.733 0.769 159.945
v 105.972 0.769 169.692
v 94.047 0.769 180.995
v 84.808 4.669 171.248
v 96.733 4.669 159.945
v 105.972 4.669 169.692
v 94.047 4.669 180.995
f 1232 1231 1230 1229
f 1225 1226 1230 1229
f 1226 1227 1231 1230
f 1227 1228 1232 1231
f 1228 1225 1229 1232
v 102.231 1.083 145.724
v 126.848 1.083 152.788
v 121.429 1.083 171.676
v 96.812 1.083 164.612
v 102.231 4.983 145.724
v 126.848 4.983 152.788
v 121.429 4.983 171.676
v 96.812 4.983 164.612
f 1240 1239 1238 1237
f 1233 1234 1238 1237
f 1234 1235 1239 1238
f 1235 1236 1240 1239
f 1236 1233 1237 1240
v 161.674 1.083 107.358
v 169.346 1.083 144.984
v 148.466 1.083 149.242
v 140.794 1.083 111.616
v 161.674 4.983 107.358
v 169.346 4.983 144.984
v 148.466 4.983 149.242
v 140.794 4.983 111.616
f 1248 1247 1246 1245
f 1241 1242 1246 1245
f 1242 1243 1247 1246
f 1243 1244 1248 1247
f 1244 1241 1245 1248
v 129.918 1.245 134.121
v 137.733 1.245 121.518
v 143.122 1.245 124.859
v 135.307 1.245 137.462
v 129.918 5.145 134.121
v 137.733 5.145 121.518
v 143.122 5.145 124.859
v 135.307 5.145 137.462
f 1256 1255 1254 1253
f 1249 1250 1254 1253
f 1250 1251 1255 1254
f 1251 1252 1256 1255
f 1252 1249 1253 1256
v 115.936 0.959 125.938
v 125.766 0.959 113.339
v 132.664 0.959 118.722
v 122.834 0.959 131.321
v 115.936 4.859 125.938
v 125.766 4.859 113.339
v 132.664 4.859 118.722
v 122.834 4.859 131.321
f 1264 1263 1262 1261
f 1257 1258 1262 1261
f 1258 1259 1263 1262
f 1259 1260 1264 1263
f 1260 1257 1261 1264
v 148.204 0.859 102.857
v 155.706 0.859 107.774
v 152.856 0.859 112.123
v 145.354 0.859 107.206
v 148.204 4.759 102.857
v 155.706 4.759 107.774
v 152.856 4.759 112.123
v 145.354 4.759 107.206
f 1272 1271 1270 1269
f 1265 1266 1270 1269
f 1266 1267 1271 1270
f 1267 1268 1272 1271
f 1268 1265 1269 1272
v 124.607 1.239 92.950
v 150.349 1.239 101.360
v 145.073 1.239 117.510
v 119.331 1.239 109.100
v 124.607 5.139 92.950
v 150.349 5.139 101.360
v 145.073 5.139 117.510
v 119.331 5.139 109.100
f 1280 1279 1278 1277
f 1273 1274 1278 1277
f 1274 1275 1279 1278
f 1275 1276 1280 1279
f 1276 1273 1277 1280
v 93.775 0.986 119.562
v 114.038 0.986 110.995
v 122.605 0.986 131.258
v 102.342 0.986 139.825
v 93.775 4.886 119.562
v 114.038 4.886 110.995
v 122.605 4.886 131.258
v 102.342 4.886 139.825
f 1288 1287 1286 1285
f 1281 1282 1286 1285
f 1282 1283 1287 1286
f 1283 1284 1288 1287
f 1284 1281 1285 1288
v 80.106 1.166 137.182
v 87.717 1.166 123.108
v 99.794 1.166 129.638
v 92.183 1.166 143.712
v 80.106 5.066 137.182
v 87.717 5.066 123.108
v 99.794 5.066 129.638
v 92.183 5.066 143.712
f 1296 1295 1294 1293
f 1289 1290 1294 1293
f 1290 1291 1295 1294
f 1291 1292 1296 1295
f 1292 1289 1293 1296
v 100.283 0.886 132.300
v 106.973 0.886 141.271
v 99.157 0.886 147.100
v 92.467 0.886 138.129
v 100.283 4.786 132.300
v 106.973 4.786 141.271
v 99.157 4.786 147.100
v 92.467 4.786 138.129
f 1304 1303 1302 1301
f 1297 1298 1302 1301
f 1298 1299 1303 1302
f 1299 1300 1304 1303
f 1300 1297 1301 1304
v 89.183 0.989 31.325
v 103.292 0.989 42.227
v 96.517 0.989 50.995
v 82.408 0.989 40.093
v 89.183 4.889 31.325
v 103.292 4.889 42.227
v 96.517 4.889 50.995
v 82.408 4.889 40.093
f 1312 1311 1310 1309
f 1305 1306 1310 1309
f 1306 1307 1311 1310
f 1307 1308 1312 1311
f 1308 1305 1309 1312
v 100.068 0.649 43.472
v 110.708 0.649 50.332
v 104.752 0.649 59.568
v 94.112 0.649 52.708
v 100.068 4.549 43.472
v 110.708 4.549 50.332
v 104.752 4.549 59.568
v 94.112 4.549 52.708
f 1320 1319 1318 1317
f 1313 1314 1318 1317
f 1314 1315 1319 1318
f 1315 1316 1320 1319
f 1316 1313 1317 1320
v 106.532 0.963 60.993
v 122.105 0.963 56.113
v 127.248 0.963 72.527
v 111.675 0.963 77.407
v 106.532 4.863 60.993
v 122.105 4.863 56.113
v 127.248 4.863 72.527
v 111.675 4.863 77.407
f 1328 1327 1326 1325
f 1321 1322 1326 1325
f 1322 1323 1327 1326
f 1323 1324 1328 1327
f 1324 1321 1325 1328
v 83.899 0.813 91.320
v 87.018 0.813 73.389
v 102.141 0.813 76.020
v 99.022 0.813 93.951
v 83.899 4.713 91.320
v 87.018 4.713 73.389
v 102.141 4.713 76.020
v 99.022 4.713 93.951
f 1336 1335 1334 1333
f 1329 1330 1334 1333
f 1330 1331 1335 1334
f 1331 1332 1336 1335
f 1332 1329 1333 1336
v 53.467 1.116 71.323
v 65.037 1.116 57.132
v 74.733 1.116 65.037
v 63.163 1.116 79.228
v 53.467 5.016 71.323
v 65.037 5.016 57.132
v 74.733 5.016 65.037
v 63.163 5.016 79.228
f 1344 1343 1342 1341
f 1337 1338 1342 1341
f 1338 1339 1343 1342
f 1339 1340 1344 1343
f 1340 1337 1341 1344
v 71.880 0.824 83.206
v 75.344 0.824 77.848
v 79.560 0.824 80.574
v 76.096 0.824 85.932
v 71.880 4.724 83.206
v 75.344 4.724 77.848
v 79.560 4.724 80.574
v 76.096 4.724 85.932
f 1352 1351 1350 1349
f 1345 1346 1350 1349
f 1346 1347 1351 1350
f 1347 1348 1352 1351
f 1348 1345 1349 1352
v 62.447 0.736 100.486
v 72.494 0.736 84.762
v 83.373 0.736 91.714
v 73.326 0.736 107.438
v 62.447 4.636 100.486
v 72.494 4.636 84.762
v 83.373 4.636 91.714
v 73.326 4.636 107.438
f 1360 1359 1358 1357
f 1353 1354 1358 1357
f 1354 1355 1359 1358
f 1355 1356 1360 1359
f 1356 1353 1357 1360
v 56.392 0.893 90.564
v 60.033 0.893 92.851
v 57.968 0.893 96.136
v 54.327 0.893 93.849
v 56.392 4.793 90.564
v 60.033 4.793 92.851
v 57.968 4.793 96.136
v 54.327 4.793 93.849
f 1368 1367 1366 1365
f 1361 1362 1366 1365
f 1362 1363 1367 1366
f 1363 1364 1368 1367
f 1364 1361 1365 1368
v 46.039 0.728 113.703
v 55.552 0.728 98.706
v 63.861 0.728 103.977
v 54.348 0.728 118.974
v 46.039 4.628 113.703
v 55.552 4.628 98.706
v 63.861 4.628 103.977
v 54.348 4.628 118.974
f 1376 1375 1374 1373
f 1369 1370 1374 1373
f 1370 1371 1375 1374
f 1371 1372 1376 1375
f 1372 1369 1373 1376
v 40.435 0.884 103.492
v 42.556 0.884 100.925
v 44.545 0.884 102.568
v 42.424 0.884 105.135
v 40.435 4.784 103.492
v 42.556 4.784 100.925
v 44.545 4.784 102.568
v 42.424 4.784 105.135
f 1384 1383 1382 1381
f 1377 1378 1382 1381
f 1378 1379 1383 1382
f 1379 1380 1384 1383
f 1380 1377 1381 1384
v 29.291 0.951 122.098
v 40.774 0.951 105.104
v 49.889 0.951 111.262
v 38.406 0.951 128.256
v 29.291 4.851 122.098
v 40.774 4.851 105.104
v 49.889 4.851 111.262
v 38.406 4.851 128.256
f 1392 1391 1390 1389
f 1385 1386 1390 1389
f 1386 1387 1391 1390
f 1387 1388 1392 1391
f 1388 1385 1389 1392
v 17.014 0.999 132.567
v 27.334 0.999 110.037
v 39.726 0.999 115.713
v 29.406 0.999 138.243
v 17.014 4.899 132.567
v 27.334 4.899 110.037
v 39.726 4.899 115.713
v 29.406 4.899 138.243
f 1400 1399 1398 1397
f 1393 1394 1398 1397
f 1394 1395 1399 1398
f 1395 1396 1400 1399
f 1396 1393 1397 1400
v 6.896 1.227 144.588
v 9.160 1.227 122.373
v 25.824 1.227 124.072
v 23.560 1.227 146.287
v 6.896 5.127 144.588
v 9.160 5.127 122.373
v 25.824 5.127 124.072
v 23.560 5.127 146.287
f 1408 1407 1406 1405
f 1401 1402 1406 1405
f 1402 1403 1407 1406
f 1403 1404 1408 1407
f 1404 1401 1405 1408
v -7.470 1.106 145.021
v 6.390 1.106 133.241
v 16.570 1.106 145.219
v 2.710 1.106 156.999
v -7.470 5.006 145.021
v 6.390 5.006 133.241
v 16.570 5.006 145.219
v 2.710 5.006 156.999
f 1416 1415 1414 1413
f 1409 1410 1414 1413
f 1410 1411 1415 1414
f 1411 1412 1416 1415
f 1412 1409 1413 1416
v -18.724 1.343 155.056
v -4.783 1.343 162.618
v -10.276 1.343 172.744
v -24.217 1.343 165.182
v -18.724 5.243 155.056
v -4.783 5.243 162.618
v -10.276 5.243 172.744
v -24.217 5.243 165.182
f 1424 1423 1422 1421
f 1417 1418 1422 1421
f 1418 1419 1423 1422
f 1419 1420 1424 1423
f 1420 1417 1421 1424
v -27.337 0.951 143.958
v -12.038 0.951 153.871
v -15.583 0.951 159.342
v -30.882 0.951 149.429
v -27.337 4.851 143.958
v -12.038 4.851 153.871
v -15.583 4.851 159.342
v -30.882 4.851 149.429
f 1432 1431 1430 1429
f 1425 1426 1430 1429
f 1426 1427 1431 1430
f 1427 1428 1432 1431
f 1428 1425 1429 1432
v -36.654 0.828 133.631
v -23.576 0.828 136.109
v -25.706 0.828 147.349
v -38.784 0.828 144.871
v -36.654 4.728 133.631
v -23.576 4.728 136.109
v -25.706 4.728 147.349
v -38.784 4.728 144.871
f 1440 1439 1438 1437
f 1433 1434 1438 1437
f 1434 1435 1439 1438
f 1435 1436 1440 1439
f 1436 1433 1437 1440
v -41.334 0.964 120.794
v -29.702 0.964 128.031
v -34.726 0.964 136.106
v -46.358 0.964 128.869
v -41.334 4.864 120.794
v -29.702 4.864 128.031
v -34.726 4.864 136.106
v -46.358 4.864 128.869
f 1448 1447 1446 1445
f 1441 1442 1446 1445
f 1442 1443 1447 1446
f 1443 1444 1448 1447
f 1444 1441 1445 1448
v -26.393 1.176 129.404
v -13.067 1.176 109.347
v 0.493 1.176 118.356
v -12.833 1.176 138.413
v -26.393 5.076 129.404
v -13.067 5.076 109.347
v 0.493 5.076 118.356
v -12.833 5.076 138.413
f 1456 1455 1454 1453
f 1449 1450 1454 1453
f 1450 1451 1455 1454
f 1451 1452 1456 1455
f 1452 1449 1453 1456
v -29.168 1.342 123.710
v -25.529 1.342 118.889
v -20.892 1.342 122.390
v -24.531 1.342 127.211
v -29.168 5.242 123.710
v -25.529 5.242 118.889
v -20.892 5.242 122.390
v -24.531 5.242 127.211
f 1464 1463 1462 1461
f 1457 1458 1462 1461
f 1458 1459 1463 1462
f 1459 1460 1464 1463
f 1460 1457 1461 1464
v -10.357 1.020 112.773
v -0.760 1.020 99.573
v 9.657 1.020 107.147
v 0.060 1.020 120.347
v -10.357 4.920 112.773
v -0.760 4.920 99.573
v 9.657 4.920 107.147
v 0.060 4.920 120.347
f 1472 1471 1470 1469
f 1465 1466 1470 1469
f 1466 1467 1471 1470
f 1467 1468 1472 1471
f 1468 1465 1469 1472
v -0.211 1.128 106.172
v 13.354 1.128 89.197
v 25.431 1.128 98.848
v 11.866 1.128 115.823
v -0.211 5.028 106.172
v 13.354 5.028 89.197
v 25.431 5.028 98.848
v 11.866 5.028 115.823
f 1480 1479 1478 1477
f 1473 1474 1478 1477
f 1474 1475 1479 1478
f 1475 1476 1480 1479
f 1476 1473 1477 1480
v 12.164 1.363 93.066
v 22.405 1.363 81.658
v 31.536 1.363 89.854
v 21.295 1.363 101.262
v 12.164 5.263 93.066
v 22.405 5.263 81.658
v 31.536 5.263 89.854
v 21.295 5.263 101.262
f 1488 1487 1486 1485
f 1481 1482 1486 1485
f 1482 1483 1487 1486
f 1483 1484 1488 1487
f 1484 1481 1485 1488
v 27.447 1.165 86.746
v 35.932 1.165 74.779
v 45.093 1.165 81.274
v 36.608 1.165 93.241
v 27.447 5.065 86.746
v 35.932 5.065 74.779
v 45.093 5.065 81.274
v 36.608 5.065 93.241
f 1496 1495 1494 1493
f 1489 1490 1494 1493
f 1490 1491 1495 1494
f 1491 1492 1496 1495
f 1492 1489 1493 1496
v 48.254 1.011 70.018
v 57.537 1.011 76.339
v 52.646 1.011 83.522
v 43.363 1.011 77.201
v 48.254 4.911 70.018
v 57.537 4.911 76.339
v 52.646 4.911 83.522
v 43.363 4.911 77.201
f 1504 1503 1502 1501
f 1497 1498 1502 1501
f 1498 1499 1503 1502
f 1499 1500 1504 1503
f 1500 1497 1501 1504
v -56.181 1.121 177.726
v -38.742 1.121 188.879
v -45.019 1.121 198.694
v -62.458 1.121 187.541
v -56.181 5.021 177.726
v -38.742 5.021 188.879
v -45.019 5.021 198.694
v -62.458 5.021 187.541
f 1512 1511 1510 1509
f 1505 1506 1510 1509
f 1506 1507 1511 1510
f 1507 1508 1512 1511
f 1508 1505 1509 1512
v -61.770 1.251 164.627
v -44.915 1.251 174.451
v -50.570 1.251 184.153
v -67.425 1.251 174.329
v -61.770 5.151 164.627
v -44.915 5.151 174.451
v -50.570 5.151 184.153
v -67.425 5.151 174.329
f 1520 1519 1518 1517
f 1513 1514 1518 1517
f 1514 1515 1519 1518
f 1515 1516 1520 1519
f 1516 1513 1517 1520
v -92.440 0.868 207.970
v -79.396 0.868 188.711
v -72.400 0.868 193.450
v -85.444 0.868 212.709
v -92.440 4.768 207.970
v -79.396 4.768 188.711
v -72.400 4.768 193.450
v -85.444 4.768 212.709
f 1528 1527 1526 1525
f 1521 1522 1526 1525
f 1522 1523 1527 1526
f 1523 1524 1528 1527
f 1524 1521 1525 1528
v -101.166 1.294 212.994
v -93.852 1.294 192.553
v -81.574 1.294 196.946
v -88.888 1.294 217.387
v -101.166 5.194 212.994
v -93.852 5.194 192.553
v -81.574 5.194 196.946
v -88.888 5.194 217.387
f 1536 1535 1534 1533
f 1529 1530 1534 1533
f 1530 1531 1535 1534
f 1531 1532 1536 1535
f 1532 1529 1533 1536
v -93.864 0.845 184.811
v -89.121 0.845 187.881
v -91.496 0.845 191.549
v -96.239 0.845 188.479
v -93.864 4.745 184.811
v -89.121 4.745 187.881
v -91.496 4.745 191.549
v -96.239 4.745 188.479
f 1544 1543 1542 1541
f 1537 1538 1542 1541
f 1538 1539 1543 1542
f 1539 1540 1544 1543
f 1540 1537 1541 1544
v -90.915 0.903 187.865
v -89.011 0.903 179.386
v -82.025 0.903 180.955
v -83.929 0.903 189.434
v -90.915 4.803 187.865
v -89.011 4.803 179.386
v -82.025 4.803 180.955
v -83.929 4.803 189.434
f 1552 1551 1550 1549
f 1545 1546 1550 1549
f 1546 1547 1551 1550
f 1547 1548 1552 1551
f 1548 1545 1549 1552
v -83.303 0.836 180.593
v -77.494 0.836 173.241
v -70.197 0.836 179.007
v -76.006 0.836 186.359
v -83.303 4.736 180.593
v -77.494 4.736 173.241
v -70.197 4.736 179.007
v -76.006 4.736 186.359
f 1560 1559 1558 1557
f 1553 1554 1558 1557
f 1554 1555 1559 1558
f 1555 1556 1560 1559
f 1556 1553 1557 1560
v -61.003 1.047 162.000
v -55.348 1.047 152.787
v -50.277 1.047 155.900
v -55.932 1.047 165.113
v -61.003 4.947 162.000
v -55.348 4.947 152.787
v -50.277 4.947 155.900
v -55.932 4.947 165.113
f 1568 1567 1566 1565
f 1561 1562 1566 1565
f 1562 1563 1567 1566
f 1563 1564 1568 1567
f 1564 1561 1565 1568
v -72.260 1.238 141.333
v -60.694 1.238 156.015
v -72.540 1.238 165.347
v -84.106 1.238 150.665
v -72.260 5.138 141.333
v -60.694 5.138 156.015
v -72.540 5.138 165.347
v -84.106 5.138 150.665
f 1576 1575 1574 1573
f 1569 1570 1574 1573
f 1570 1571 1575 1574
f 1571 1572 1576 1575
f 1572 1569 1573 1576
v -79.279 1.398 131.825
v -67.167 1.398 139.332
v -73.441 1.398 149.455
v -85.553 1.398 141.948
v -79.279 5.298 131.825
v -67.167 5.298 139.332
v -73.441 5.298 149.455
v -85.553 5.298 141.948
f 1584 1583 1582 1581
f 1577 1578 1582 1581
f 1578 1579 1583 1582
f 1579 1580 1584 1583
f 1580 1577 1581 1584
v -101.965 0.954 162.653
v -91.864 0.954 147.864
v -84.275 0.954 153.047
v -94.376 0.954 167.836
v -101.965 4.854 162.653
v -91.864 4.854 147.864
v -84.275 4.854 153.047
v -94.376 4.854 167.836
f 1592 1591 1590 1589
f 1585 1586 1590 1589
f 1586 1587 1591 1590
f 1587 1588 1592 1591
f 1588 1585 1589 1592
v -114.515 0.946 173.252
v -105.445 0.946 159.685
v -93.865 0.946 167.428
v -102.935 0.946 180.995
v -114.515 4.846 173.252
v -105.445 4.846 159.685
v -93.865 4.846 167.428
v -102.935 4.846 180.995
f 1600 1599 1598 1597
f 1593 1594 1598 1597
f 1594 1595 1599 1598
f 1595 1596 1600 1599
f 1596 1593 1597 1600
v -137.773 1.283 189.988
v -123.870 1.283 166.621
v -112.827 1.283 173.192
v -126.730 1.283 196.559
v -137.773 5.183 189.988
v -123.870 5.183 166.621
v -112.827 5.183 173.192
v -126.730 5.183 196.559
f 1608 1607 1606 1605
f 1601 1602 1606 1605
f 1602 1603 1607 1606
f 1603 1604 1608 1607
f 1604 1601 1605 1608
v -108.504 0.881 219.455
v -100.968 0.881 207.907
v -94.076 0.881 212.405
v -101.612 0.881 223.953
v -108.504 4.781 219.455
v -100.968 4.781 207.907
v -94.076 4.781 212.405
v -101.612 4.781 223.953
f 1616 1615 1614 1613
f 1609 1610 1614 1613
f 1610 1611 1615 1614
f 1611 1612 1616 1615
f 1612 1609 1613 1616
v -113.331 1.213 226.572
v -102.923 1.213 229.304
v -105.449 1.213 238.928
v -115.857 1.213 236.196
v -113.331 5.113 226.572
v -102.923 5.113 229.304
v -105.449 5.113 238.928
v -115.857 5.113 236.196
f 1624 1623 1622 1621
f 1617 1618 1622 1621
f 1618 1619 1623 1622
f 1619 1620 1624 1623
f 1620 1617 1621 1624
v -133.666 1.075 234.690
v -123.063 1.075 217.981
v -116.494 1.075 222.150
v -127.097 1.075 238.859
v -133.666 4.975 234.690
v -123.063 4.975 217.981
v -116.494 4.975 222.150
v -127.097 4.975 238.859
f 1632 1631 1630 1629
f 1625 1626 1630 1629
f 1626 1627 1631 1630
f 1627 1628 1632 1631
f 1628 1625 1629 1632
v -140.869 0.937 247.168
v -134.475 0.937 234.848
v -126.451 0.937 239.012
v -132.845 0.937 251.332
v -140.869 4.837 247.168
v -134.475 4.837 234.848
v -126.451 4.837 239.012
v -132.845 4.837 251.332
f 1640 1639 1638 1637
f 1633 1634 1638 1637
f 1634 1635 1639 1638
f 1635 1636 1640 1639
f 1636 1633 1637 1640
v -145.951 1.130 233.994
v -140.958 1.130 226.881
v -134.909 1.130 231.126
v -139.902 1.130 238.239
v -145.951 5.030 233.994
v -140.958 5.030 226.881
v -134.909 5.030 231.126
v -139.902 5.030 238.239
f 1648 1647 1646 1645
f 1641 1642 1646 1645
f 1642 1643 1647 1646
f 1643 1644 1648 1647
f 1644 1641 1645 1648
v -149.514 0.610 210.988
v -135.887 0.610 220.538
v -140.186 0.610 226.672
v -153.813 0.610 217.122
v -149.514 4.510 210.988
v -135.887 4.510 220.538
v -140.186 4.510 226.672
v -153.813 4.510 217.122
f 1656 1655 1654 1653
f 1649 1650 1654 1653
f 1650 1651 1655 1654
f 1651 1652 1656 1655
f 1652 1649 1653 1656
v -169.120 1.492 188.137
v -136.830 1.492 185.343
v -134.740 1.492 209.503
v -167.030 1.492 212.297
v -169.120 5.392 188.137
v -136.830 5.392 185.343
v -134.740 5.392 209.503
v -167.030 5.392 212.297
f 1664 1663 1662 1661
f 1657 1658 1662 1661
f 1658 1659 1663 1662
f 1659 1660 1664 1663
f 1660 1657 1661 1664
v -119.894 1.145 201.746
v -114.077 1.145 214.919
v -125.026 1.145 219.754
v -130.843 1.145 206.581
v -119.894 5.045 201.746
v -114.077 5.045 214.919
v -125.026 5.045 219.754
v -130.843 5.045 206.581
f 1672 1671 1670 1669
f 1665 1666 1670 1669
f 1666 1667 1671 1670
f 1667 1668 1672 1671
f 1668 1665 1669 1672
v -147.470 1.479 201.053
v -128.777 1.479 177.665
v -119.090 1.479 185.407
v -137.783 1.479 208.795
v -147.470 5.379 201.053
v -128.777 5.379 177.665
v -119.090 5.379 185.407
v -137.783 5.379 208.795
f 1680 1679 1678 1677
f 1673 1674 1678 1677
f 1674 1675 1679 1678
f 1675 1676 1680 1679
f 1676 1673 1677 1680
v -201.929 1.283 209.376
v -181.923 1.283 218.575
v -188.051 1.283 231.904
v -208.057 1.283 222.705
v -201.929 5.183 209.376
v -181.923 5.183 218.575
v -188.051 5.183 231.904
v -208.057 5.183 222.705
f 1688 1687 1686 1685
f 1681 1682 1686 1685
f 1682 1683 1687 1686
f 1683 1684 1688 1687
f 1684 1681 1685 1688
v -229.106 1.326 246.655
v -212.971 1.326 231.046
v -201.054 1.326 243.365
v -217.189 1.326 258.974
v -229.106 5.226 246.655
v -212.971 5.226 231.046
v -201.054 5.226 243.365
v -217.189 5.226 258.974
f 1696 1695 1694 1693
f 1689 1690 1694 1693
f 1690 1691 1695 1694
f 1691 1692 1696 1695
f 1692 1689 1693 1696
v -187.035 0.871 244.210
v -181.186 0.871 250.945
v -186.305 0.871 255.390
v -192.154 0.871 248.655
v -187.035 4.771 244.210
v -181.186 4.771 250.945
v -186.305 4.771 255.390
v -192.154 4.771 248.655
f 1704 1703 1702 1701
f 1697 1698 1702 1701
f 1698 1699 1703 1702
f 1699 1700 1704 1703
f 1700 1697 1701 1704
v -240.402 1.326 261.355
v -230.837 1.326 242.817
v -219.658 1.326 248.585
v -229.223 1.326 267.123
v -240.402 5.226 261.355
v -230.837 5.226 242.817
v -219.658 5.226 248.585
v -229.223 5.226 267.123
f 1712 1711 1710 1709
f 1705 1706 1710 1709
f 1706 1707 1711 1710
f 1707 1708 1712 1711
f 1708 1705 1709 1712
v 82.760 1.006 -4.760
v 87.934 1.006 15.551
v 68.660 1.006 20.460
v 63.486 1.006 0.149
v 82.760 4.906 -4.760
v 87.934 4.906 15.551
v 68.660 4.906 20.460
v 63.486 4.906 0.149
f 1720 1719 1718 1717
f 1713 1714 1718 1717
f 1714 1715 1719 1718
f 1715 1716 1720 1719
f 1716 1713 1717 1720
v 43.699 1.043 32.180
v 48.847 1.043 8.023
v 68.261 1.043 12.160
v 63.113 1.043 36.317
v 43.699 4.943 32.180
v 48.847 4.943 8.023
v 68.261 4.943 12.160
v 63.113 4.943 36.317
f 1728 1727 1726 1725
f 1721 1722 1726 1725
f 1722 1723 1727 1726
f 1723 1724 1728 1727
f 1724 1721 1725 1728
v 62.531 0.979 23.274
v 66.196 0.979 18.224
v 70.389 0.979 21.266
v 66.724 0.979 26.316
v 62.531 4.879 23.274
v 66.196 4.879 18.224
v 70.389 4.879 21.266
v 66.724 4.879 26.316
f 1736 1735 1734 1733
f 1729 1730 1734 1733
f 1730 1731 1735 1734
f 1731 1732 1736 1735
f 1732 1729 1733 1736
v 14.547 1.366 45.643
v 25.225 1.366 25.464
v 37.193 1.366 31.797
v 26.515 1.366 51.976
v 14.547 5.266 45.643
v 25.225 5.266 25.464
v 37.193 5.266 31.797
v 26.515 5.266 51.976
f 1744 1743 1742 1741
f 1737 1738 1742 1741
f 1738 1739 1743 1742
f 1739 1740 1744 1743
f 1740 1737 1741 1744
v 23.811 1.219 28.550
v 26.154 1.219 24.327
v 30.089 1.219 26.510
v 27.746 1.219 30.733
v 23.811 5.119 28.550
v 26.154 5.119 24.327
v 30.089 5.119 26.510
v 27.746 5.119 30.733
f 1752 1751 1750 1749
f 1745 1746 1750 1749
f 1746 1747 1751 1750
f 1747 1748 1752 1751
f 1748 1745 1749 1752
v -5.154 1.062 59.633
v 7.234 1.062 42.355
v 16.734 1.062 49.167
v 4.346 1.062 66.445
v -5.154 4.962 59.633
v 7.234 4.962 42.355
v 16.734 4.962 49.167
v 4.346 4.962 66.445
f 1760 1759 1758 1757
f 1753 1754 1758 1757
f 1754 1755 1759 1758
f 1755 1756 1760 1759
f 1756 1753 1757 1760
v 0.298 1.394 37.443
v 3.505 1.394 32.479
v 7.402 1.394 34.997
v 4.195 1.394 39.961
v 0.298 5.294 37.443
v 3.505 5.294 32.479
v 7.402 5.294 34.997
v 4.195 5.294 39.961
f 1768 1767 1766 1765
f 1761 1762 1766 1765
f 1762 1763 1767 1766
f 1763 1764 1768 1767
f 1764 1761 1765 1768
v -20.156 1.014 71.638
v -11.047 1.014 56.602
v -3.024 1.014 61.462
v -12.133 1.014 76.498
v -20.156 4.914 71.638
v -11.047 4.914 56.602
v -3.024 4.914 61.462
v -12.133 4.914 76.498
f 1776 1775 1774 1773
f 1769 1770 1774 1773
f 1770 1771 1775 1774
f 1771 1772 1776 1775
f 1772 1769 1773 1776
v -40.750 1.199 76.122
v -23.283 1.199 56.944
v -10.730 1.199 68.378
v -28.197 1.199 87.556
v -40.750 5.099 76.122
v -23.283 5.099 56.944
v -10.730 5.099 68.378
v -28.197 5.099 87.556
f 1784 1783 1782 1781
f 1777 1778 1782 1781
f 1778 1779 1783 1782
f 1779 1780 1784 1783
f 1780 1777 1781 1784
v -47.059 1.106 87.847
v -36.404 1.106 70.322
v -28.261 1.106 75.273
v -38.916 1.106 92.798
v -47.059 5.006 87.847
v -36.404 5.006 70.322
v -28.261 5.006 75.273
v -38.916 5.006 92.798
f 1792 1791 1790 1789
f 1785 1786 1790 1789
f 1786 1787 1791 1790
f 1787 1788 1792 1791
f 1788 1785 1789 1792
v -49.615 1.171 94.369
v -43.480 1.171 86.045
v -38.505 1.171 89.711
v -44.640 1.171 98.035
v -49.615 5.071 94.369
v -43.480 5.071 86.045
v -38.505 5.071 89.711
v -44.640 5.071 98.035
f 1800 1799 1798 1797
f 1793 1794 1798 1797
f 1794 1795 1799 1798
f 1795 1796 1800 1799
f 1796 1793 1797 1800
v -50.320 1.162 90.118
v -41.510 1.162 108.274
v -55.500 1.162 115.062
v -64.310 1.162 96.906
v -50.320 5.062 90.118
v -41.510 5.062 108.274
v -55.500 5.062 115.062
v -64.310 5.062 96.906
f 1808 1807 1806 1805
f 1801 1802 1806 1805
f 1802 1803 1807 1806
f 1803 1804 1808 1807
f 1804 1801 1805 1808
v -63.182 1.194 79.648
v -50.895 1.194 93.785
v -61.718 1.194 103.192
v -74.005 1.194 89.055
v -63.182 5.094 79.648
v -50.895 5.094 93.785
v -61.718 5.094 103.192
v -74.005 5.094 89.055
f 1816 1815 1814 1813
f 1809 1810 1814 1813
f 1810 1811 1815 1814
f 1811 1812 1816 1815
f 1812 1809 1813 1816
v -85.960 1.539 78.166
v -77.371 1.539 63.218
v -61.400 1.539 72.394
v -69.989 1.539 87.342
v -85.960 5.439 78.166
v -77.371 5.439 63.218
v -61.400 5.439 72.394
v -69.989 5.439 87.342
f 1824 1823 1822 1821
f 1817 1818 1822 1821
f 1818 1819 1823 1822
f 1819 1820 1824 1823
f 1820 1817 1821 1824
v -65.912 1.635 62.381
v -52.358 1.635 48.058
v -41.768 1.635 58.079
v -55.322 1.635 72.402
v -65.912 5.535 62.381
v -52.358 5.535 48.058
v -41.768 5.535 58.079
v -55.322 5.535 72.402
f 1832 1831 1830 1829
f 1825 1826 1830 1829
f 1826 1827 1831 1830
f 1827 1828 1832 1831
f 1828 1825 1829 1832
v -51.101 1.797 57.211
v -42.969 1.797 37.903
v -29.799 1.797 43.449
v -37.931 1.797 62.757
v -51.101 5.697 57.211
v -42.969 5.697 37.903
v -29.799 5.697 43.449
v -37.931 5.697 62.757
f 1840 1839 1838 1837
f 1833 1834 1838 1837
f 1834 1835 1839 1838
f 1835 1836 1840 1839
f 1836 1833 1837 1840
v -38.708 1.812 46.838
v -28.993 1.812 29.402
v -19.052 1.812 34.942
v -28.767 1.812 52.378
v -38.708 5.712 46.838
v -28.993 5.712 29.402
v -19.052 5.712 34.942
v -28.767 5.712 52.378
f 1848 1847 1846 1845
f 1841 1842 1846 1845
f 1842 1843 1847 1846
f 1843 1844 1848 1847
f 1844 1841 1845 1848
v -22.186 1.458 45.679
v -14.132 1.458 49.827
v -16.714 1.458 54.841
v -24.768 1.458 50.693
v -22.186 5.358 45.679
v -14.132 5.358 49.827
v -16.714 5.358 54.841
v -24.768 5.358 50.693
f 1856 1855 1854 1853
f 1849 1850 1854 1853
f 1850 1851 1855 1854
f 1851 1852 1856 1855
f 1852 1849 1853 1856
v -20.250 1.107 19.884
v -2.925 1.107 25.717
v -7.510 1.107 39.336
v -24.835 1.107 33.503
v -20.250 5.007 19.884
v -2.925 5.007 25.717
v -7.510 5.007 39.336
v -24.835 5.007 33.503
f 1864 1863 1862 1861
f 1857 1858 1862 1861
f 1858 1859 1863 1862
f 1859 1860 1864 1863
f 1860 1857 1861 1864
v -13.749 1.376 18.467
v -10.933 1.376 13.685
v -8.271 1.376 15.253
v -11.087 1.376 20.035
v -13.749 5.276 18.467
v -10.933 5.276 13.685
v -8.271 5.276 15.253
v -11.087 5.276 20.035
f 1872 1871 1870 1869
f 1865 1866 1870 1869
f 1866 1867 1871 1870
f 1867 1868 1872 1871
f 1868 1865 1869 1872
v -8.944 1.495 21.844
v 0.438 1.495 9.949
v 9.044 1.495 16.736
v -0.338 1.495 28.631
v -8.944 5.395 21.844
v 0.438 5.395 9.949
v 9.044 5.395 16.736
v -0.338 5.395 28.631
f 1880 1879 1878 1877
f 1873 1874 1878 1877
f 1874 1875 1879 1878
f 1875 1876 1880 1879
f 1876 1873 1877 1880
v 3.280 1.343 12.607
v 6.775 1.343 6.832
v 10.180 1.343 8.893
v 6.685 1.343 14.668
v 3.280 5.243 12.607
v 6.775 5.243 6.832
v 10.180 5.243 8.893
v 6.685 5.243 14.668
f 1888 1887 1886 1885
f 1881 1882 1886 1885
f 1882 1883 1887 1886
f 1883 1884 1888 1887
f 1884 1881 1885 1888
v 9.966 1.433 12.275
v 15.730 1.433 3.932
v 22.814 1.433 8.825
v 17.050 1.433 17.168
v 9.966 5.333 12.275
v 15.730 5.333 3.932
v 22.814 5.333 8.825
v 17.050 5.333 17.168
f 1896 1895 1894 1893
f 1889 1890 1894 1893
f 1890 1891 1895 1894
f 1891 1892 1896 1895
f 1892 1889 1893 1896
v 22.063 1.403 2.474
v 35.426 1.403 -11.131
v 42.917 1.403 -3.774
v 29.554 1.403 9.831
v 22.063 5.303 2.474
v 35.426 5.303 -11.131
v 42.917 5.303 -3.774
v 29.554 5.303 9.831
f 1904 1903 1902 1901
f 1897 1898 1902 1901
f 1898 1899 1903 1902
f 1899 1900 1904 1903
f 1900 1897 1901 1904
v 63.993 1.118 -27.273
v 74.586 1.118 1.914
v 52.327 1.118 9.993
v 41.734 1.118 -19.194
v 63.993 5.018 -27.273
v 74.586 5.018 1.914
v 52.327 5.018 9.993
v 41.734 5.018 -19.194
f 1912 1911 1910 1909
f 1905 1906 1910 1909
f 1906 1907 1911 1910
f 1907 1908 1912 1911
f 1908 1905 1909 1912
v -126.775 1.499 74.134
v -107.502 1.499 83.686
v -113.905 1.499 96.606
v -133.178 1.499 87.054
v -126.775 5.399 74.134
v -107.502 5.399 83.686
v -113.905 5.399 96.606
v -133.178 5.399 87.054
f 1920 1919 1918 1917
f 1913 1914 1918 1917
f 1914 1915 1919 1918
f 1915 1916 1920 1919
f 1916 1913 1917 1920
v -128.834 1.235 111.668
v -128.065 1.235 100.054
v -118.726 1.235 100.672
v -119.495 1.235 112.286
v -128.834 5.135 111.668
v -128.065 5.135 100.054
v -118.726 5.135 100.672
v -119.495 5.135 112.286
f 1928 1927 1926 1925
f 1921 1922 1926 1925
f 1922 1923 1927 1926
f 1923 1924 1928 1927
f 1924 1921 1925 1928
v -125.362 1.389 124.449
v -115.991 1.389 113.279
v -107.418 1.389 120.471
v -116.789 1.389 131.641
v -125.362 5.289 124.449
v -115.991 5.289 113.279
v -107.418 5.289 120.471
v -116.789 5.289 131.641
f 1936 1935 1934 1933
f 1929 1930 1934 1933
f 1930 1931 1935 1934
f 1931 1932 1936 1935
f 1932 1929 1933 1936
v -152.985 1.134 129.300
v -130.917 1.134 118.845
v -120.355 1.134 141.140
v -142.423 1.134 151.595
v -152.985 5.034 129.300
v -130.917 5.034 118.845
v -120.355 5.034 141.140
v -142.423 5.034 151.595
f 1944 1943 1942 1941
f 1937 1938 1942 1941
f 1938 1939 1943 1942
f 1939 1940 1944 1943
f 1940 1937 1941 1944
v -157.882 1.540 153.593
v -147.772 1.540 138.411
v -138.558 1.540 144.547
v -148.668 1.540 159.729
v -157.882 5.440 153.593
v -147.772 5.440 138.411
v -138.558 5.440 144.547
v -148.668 5.440 159.729
f 1952 1951 1950 1949
f 1945 1946 1950 1949
f 1946 1947 1951 1950
f 1947 1948 1952 1951
f 1948 1945 1949 1952
v -176.687 1.599 156.289
v -159.373 1.599 140.623
v -148.853 1.599 152.251
v -166.167 1.599 167.917
v -176.687 5.499 156.289
v -159.373 5.499 140.623
v -148.853 5.499 152.251
v -166.167 5.499 167.917
f 1960 1959 1958 1957
f 1953 1954 1958 1957
f 1954 1955 1959 1958
f 1955 1956 1960 1959
f 1956 1953 1957 1960
v -190.598 1.106 167.112
v -177.050 1.106 153.185
v -165.882 1.106 164.048
v -179.430 1.106 177.975
v -190.598 5.006 167.112
v -177.050 5.006 153.185
v -165.882 5.006 164.048
v -179.430 5.006 177.975
f 1968 1967 1966 1965
f 1961 1962 1966 1965
f 1962 1963 1967 1966
f 1963 1964 1968 1967
f 1964 1961 1965 1968
v -192.763 1.316 147.298
v -186.314 1.316 151.667
v -188.777 1.316 155.302
v -195.226 1.316 150.933
v -192.763 5.216 147.298
v -186.314 5.216 151.667
v -188.777 5.216 155.302
v -195.226 5.216 150.933
f 1976 1975 1974 1973
f 1969 1970 1974 1973
f 1970 1971 1975 1974
f 1971 1972 1976 1975
f 1972 1969 1973 1976
v -197.850 1.445 128.265
v -182.582 1.445 140.935
v -191.810 1.445 152.055
v -207.078 1.445 139.385
v -197.850 5.345 128.265
v -182.582 5.345 140.935
v -191.810 5.345 152.055
v -207.078 5.345 139.385
f 1984 1983 1982 1981
f 1977 1978 1982 1981
f 1978 1979 1983 1982
f 1979 1980 1984 1983
f 1980 1977 1981 1984
v -189.161 1.467 133.744
v -185.671 1.467 128.839
v -183.259 1.467 130.556
v -186.749 1.467 135.461
v -189.161 5.367 133.744
v -185.671 5.367 128.839
v -183.259 5.367 130.556
v -186.749 5.367 135.461
f 1992 1991 1990 1989
f 1985 1986 1990 1989
f 1986 1987 1991 1990
f 1987 1988 1992 1991
f 1988 1985 1989 1992
v -188.117 1.392 141.487
v -185.949 1.392 119.313
v -166.303 1.392 121.233
v -168.471 1.392 143.407
v -188.117 5.292 141.487
v -185.949 5.292 119.313
v -166.303 5.292 121.233
v -168.471 5.292 143.407
f 2000 1999 1998 1997
f 1993 1994 1998 1997
f 1994 1995 1999 1998
f 1995 1996 2000 1999
f 1996 1993 1997 2000
v -177.027 1.482 127.461
v -163.908 1.482 111.307
v -154.733 1.482 118.759
v -167.852 1.482 134.913
v -177.027 5.382 127.461
v -163.908 5.382 111.307
v -154.733 5.382 118.759
v -167.852 5.382 134.913
f 2008 2007 2006 2005
f 2001 2002 2006 2005
f 2002 2003 2007 2006
f 2003 2004 2008 2007
f 2004 2001 2005 2008
v -166.182 1.694 117.665
v -156.225 1.694 103.973
v -147.118 1.694 110.595
v -157.075 1.694 124.287
v -166.182 5.594 117.665
v -156.225 5.594 103.973
v -147.118 5.594 110.595
v -157.075 5.594 124.287
f 2016 2015 2014 2013
f 2009 2010 2014 2013
f 2010 2011 2015 2014
f 2011 2012 2016 2015
f 2012 2009 2013 2016
v -154.612 0.113 113.475
v -144.125 0.113 90.693
v -125.068 0.113 99.465
v -135.555 0.113 122.247
v -154.612 4.013 113.475
v -144.125 4.013 90.693
v -125.068 4.013 99.465
v -135.555 4.013 122.247
f 2024 2023 2022 2021
f 2017 2018 2022 2021
f 2018 2019 2023 2022
f 2019 2020 2024 2023
f 2020 2017 2021 2024
v -184.081 1.887 2.613
v -180.214 1.887 -2.870
v -177.779 1.887 -1.153
v -181.646 1.887 4.330
v -184.081 5.787 2.613
v -180.214 5.787 -2.870
v -177.779 5.787 -1.153
v -181.646 5.787 4.330
f 2032 2031 2030 2029
f 2025 2026 2030 2029
f 2026 2027 2031 2030
f 2027 2028 2032 2031
f 2028 2025 2029 2032
v -190.009 1.844 8.175
v -184.493 1.844 0.428
v -178.571 1.844 4.645
v -184.087 1.844 12.392
v -190.009 5.744 8.175
v -184.493 5.744 0.428
v -178.571 5.744 4.645
v -184.087 5.744 12.392
f 2040 2039 2038 2037
f 2033 2034 2038 2037
f 2034 2035 2039 2038
f 2035 2036 2040 2039
f 2036 2033 2037 2040
v -196.231 1.825 0.410
v -190.034 1.825 -9.159
v -185.049 1.825 -5.930
v -191.246 1.825 3.639
v -196.231 5.725 0.410
v -190.034 5.725 -9.159
v -185.049 5.725 -5.930
v -191.246 5.725 3.639
f 2048 2047 2046 2045
f 2041 2042 2046 2045
f 2042 2043 2047 2046
f 2043 2044 2048 2047
f 2044 2041 2045 2048
v -199.182 1.788 -6.839
v -196.217 1.788 -4.961
v -197.838 1.788 -2.401
v -200.803 1.788 -4.279
v -199.182 5.688 -6.839
v -196.217 5.688 -4.961
v -197.838 5.688 -2.401
v -200.803 5.688 -4.279
f 2056 2055 2054 2053
f 2049 2050 2054 2053
f 2050 2051 2055 2054
f 2051 2052 2056 2055
f 2052 2049 2053 2056
v -200.757 1.972 -17.617
v -191.165 1.972 -11.291
v -194.403 1.972 -6.383
v -203.995 1.972 -12.709
v -200.757 5.872 -17.617
v -191.165 5.872 -11.291
v -194.403 5.872 -6.383
v -203.995 5.872 -12.709
f 2064 2063 2062 2061
f 2057 2058 2062 2061
f 2058 2059 2063 2062
f 2059 2060 2064 2063
f 2060 2057 2061 2064
v -205.920 1.917 -26.177
v -195.104 1.917 -20.578
v -198.000 1.917 -14.983
v -208.816 1.917 -20.582
v -205.920 5.817 -26.177
v -195.104 5.817 -20.578
v -198.000 5.817 -14.983
v -208.816 5.817 -20.582
f 2072 2071 2070 2069
f 2065 2066 2070 2069
f 2066 2067 2071 2070
f 2067 2068 2072 2071
f 2068 2065 2069 2072
v -189.117 1.691 -26.807
v -177.117 1.691 -19.216
v -179.763 1.691 -15.033
v -191.763 1.691 -22.624
v -189.117 5.591 -26.807
v -177.117 5.591 -19.216
v -179.763 5.591 -15.033
v -191.763 5.591 -22.624
f 2080 2079 2078 2077
f 2073 2074 2078 2077
f 2074 2075 2079 2078
f 2075 2076 2080 2079
f 2076 2073 2077 2080
v -193.600 1.663 -34.965
v -181.185 1.663 -27.532
v -184.380 1.663 -22.195
v -196.795 1.663 -29.628
v -193.600 5.563 -34.965
v -181.185 5.563 -27.532
v -184.380 5.563 -22.195
v -196.795 5.563 -29.628
f 2088 2087 2086 2085
f 2081 2082 2086 2085
f 2082 2083 2087 2086
f 2083 2084 2088 2087
f 2084 2081 2085 2088
v -205.215 1.850 -49.332
v -185.864 1.850 -37.484
v -193.405 1.850 -25.168
v -212.756 1.850 -37.016
v -205.215 5.750 -49.332
v -185.864 5.750 -37.484
v -193.405 5.750 -25.168
v -212.756 5.750 -37.016
f 2096 2095 2094 2093
f 2089 2090 2094 2093
f 2090 2091 2095 2094
f 2091 2092 2096 2095
f 2092 2089 2093 2096
v -222.460 2.021 -50.776
v -208.886 2.021 -44.853
v -214.980 2.021 -30.884
v -228.554 2.021 -36.807
v -222.460 5.921 -50.776
v -208.886 5.921 -44.853
v -214.980 5.921 -30.884
v -228.554 5.921 -36.807
f 2104 2103 2102 2101
f 2097 2098 2102 2101
f 2098 2099 2103 2102
f 2099 2100 2104 2103
f 2100 2097 2101 2104
v -225.518 2.032 -27.923
v -220.421 2.032 -10.576
v -240.022 2.032 -4.817
v -245.119 2.032 -22.164
v -225.518 5.932 -27.923
v -220.421 5.932 -10.576
v -240.022 5.932 -4.817
v -245.119 5.932 -22.164
f 2112 2111 2110 2109
f 2105 2106 2110 2109
f 2106 2107 2111 2110
f 2107 2108 2112 2111
f 2108 2105 2109 2112
v -247.894 2.168 -38.665
v -230.567 2.168 -22.159
v -238.706 2.168 -13.615
v -256.033 2.168 -30.121
v -247.894 6.068 -38.665
v -230.567 6.068 -22.159
v -238.706 6.068 -13.615
v -256.033 6.068 -30.121
f 2120 2119 2118 2117
f 2113 2114 2118 2117
f 2114 2115 2119 2118
f 2115 2116 2120 2119
f 2116 2113 2117 2120
v -258.416 2.032 -39.969
v -245.701 2.032 -38.186
v -247.204 2.032 -27.471
v -259.919 2.032 -29.254
v -258.416 5.932 -39.969
v -245.701 5.932 -38.186
v -247.204 5.932 -27.471
v -259.919 5.932 -29.254
f 2128 2127 2126 2125
f 2121 2122 2126 2125
f 2122 2123 2127 2126
f 2123 2124 2128 2127
f 2124 2121 2125 2128
v -242.099 1.738 -41.050
v -238.629 1.738 -39.001
v -239.981 1.738 -36.710
v -243.451 1.738 -38.759
v -242.099 5.638 -41.050
v -238.629 5.638 -39.001
v -239.981 5.638 -36.710
v -243.451 5.638 -38.759
f 2136 2135 2134 2133
f 2129 2130 2134 2133
f 2130 2131 2135 2134
f 2131 2132 2136 2135
f 2132 2129 2133 2136
v -258.577 1.922 -52.140
v -242.910 1.922 -71.916
v -231.983 1.922 -63.260
v -247.650 1.922 -43.484
v -258.577 5.822 -52.140
v -242.910 5.822 -71.916
v -231.983 5.822 -63.260
v -247.650 5.822 -43.484
f 2144 2143 2142 2141
f 2137 2138 2142 2141
f 2138 2139 2143 2142
f 2139 2140 2144 2143
f 2140 2137 2141 2144
v -242.269 1.696 -64.646
v -231.364 1.696 -77.713
v -221.851 1.696 -69.774
v -232.756 1.696 -56.707
v -242.269 5.596 -64.646
v -231.364 5.596 -77.713
v -221.851 5.596 -69.774
v -232.756 5.596 -56.707
f 2152 2151 2150 2149
f 2145 2146 2150 2149
f 2146 2147 2151 2150
f 2147 2148 2152 2151
f 2148 2145 2149 2152
v -227.524 1.530 -90.899
v -214.372 1.530 -80.887
v -220.756 1.530 -72.501
v -233.908 1.530 -82.513
v -227.524 5.430 -90.899
v -214.372 5.430 -80.887
v -220.756 5.430 -72.501
v -233.908 5.430 -82.513
f 2160 2159 2158 2157
f 2153 2154 2158 2157
f 2154 2155 2159 2158
f 2155 2156 2160 2159
f 2156 2153 2157 2160
v -252.748 1.867 24.540
v -237.988 1.867 32.311
v -241.552 1.867 39.080
v -256.312 1.867 31.309
v -252.748 5.767 24.540
v -237.988 5.767 32.311
v -241.552 5.767 39.080
v -256.312 5.767 31.309
f 2168 2167 2166 2165
f 2161 2162 2166 2165
f 2162 2163 2167 2166
f 2163 2164 2168 2167
f 2164 2161 2165 2168
v -240.080 1.743 48.338
v -231.685 1.743 35.919
v -227.360 1.743 38.842
v -235.755 1.743 51.261
v -240.080 5.643 48.338
v -231.685 5.643 35.919
v -227.360 5.643 38.842
v -235.755 5.643 51.261
f 2176 2175 2174 2173
f 2169 2170 2174 2173
f 2170 2171 2175 2174
f 2171 2172 2176 2175
f 2172 2169 2173 2176
v -248.907 1.954 52.955
v -240.070 1.954 37.654
v -233.333 1.954 41.545
v -242.170 1.954 56.846
v -248.907 5.854 52.955
v -240.070 5.854 37.654
v -233.333 5.854 41.545
v -242.170 5.854 56.846
f 2184 2183 2182 2181
f 2177 2178 2182 2181
f 2178 2179 2183 2182
f 2179 2180 2184 2183
f 2180 2177 2181 2184
v -266.370 1.894 57.451
v -255.450 1.894 43.471
v -244.110 1.894 52.329
v -255.030 1.894 66.309
v -266.370 5.794 57.451
v -255.450 5.794 43.471
v -244.110 5.794 52.329
v -255.030 5.794 66.309
f 2192 2191 2190 2189
f 2185 2186 2190 2189
f 2186 2187 2191 2190
f 2187 2188 2192 2191
f 2188 2185 2189 2192
v 76.680 0.549 -249.183
v 90.547 0.549 -263.050
v 99.280 0.549 -254.317
v 85.413 0.549 -240.450
v 76.680 4.449 -249.183
v 90.547 4.449 -263.050
v 99.280 4.449 -254.317
v 85.413 4.449 -240.450
f 2200 2199 2198 2197
f 2193 2194 2198 2197
f 2194 2195 2199 2198
f 2195 2196 2200 2199
f 2196 2193 2197 2200
v 21.816 0.925 -250.185
v 32.604 0.925 -242.304
v 26.564 0.925 -234.035
v 15.776 0.925 -241.916
v 21.816 4.825 -250.185
v 32.604 4.825 -242.304
v 26.564 4.825 -234.035
v 15.776 4.825 -241.916
f 2208 2207 2206 2205
f 2201 2202 2206 2205
f 2202 2203 2207 2206
f 2203 2204 2208 2207
f 2204 2201 2205 2208
v 47.188 0.932 -249.926
v 63.926 0.932 -246.286
v 61.152 0.932 -233.534
v 44.414 0.932 -237.174
v 47.188 4.832 -249.926
v 63.926 4.832 -246.286
v 61.152 4.832 -233.534
v 44.414 4.832 -237.174
f 2216 2215 2214 2213
f 2209 2210 2214 2213
f 2210 2211 2215 2214
f 2211 2212 2216 2215
f 2212 2209 2213 2216
v 49.016 0.825 -238.017
v 73.149 0.825 -227.364
v 68.364 0.825 -216.523
v 44.231 0.825 -227.176
v 49.016 4.725 -238.017
v 73.149 4.725 -227.364
v 68.364 4.725 -216.523
v 44.231 4.725 -227.176
f 2224 2223 2222 2221
f 2217 2218 2222 2221
f 2218 2219 2223 2222
f 2219 2220 2224 2223
f 2220 2217 2221 2224
v 42.571 0.787 -219.717
v 45.494 0.787 -223.847
v 48.269 0.787 -221.883
v 45.346 0.787 -217.753
v 42.571 4.687 -219.717
v 45.494 4.687 -223.847
v 48.269 4.687 -221.883
v 45.346 4.687 -217.753
f 2232 2231 2230 2229
f 2225 2226 2230 2229
f 2226 2227 2231 2230
f 2227 2228 2232 2231
f 2228 2225 2229 2232
v 34.412 1.054 -215.911
v 39.966 1.054 -222.917
v 46.588 1.054 -217.669
v 41.034 1.054 -210.663
v 34.412 4.954 -215.911
v 39.966 4.954 -222.917
v 46.588 4.954 -217.669
v 41.034 4.954 -210.663
f 2240 2239 2238 2237
f 2233 2234 2238 2237
f 2234 2235 2239 2238
f 2235 2236 2240 2239
f 2236 2233 2237 2240
v 19.743 1.116 -231.851
v 40.378 1.116 -241.453
v 47.817 1.116 -225.469
v 27.182 1.116 -215.867
v 19.743 5.016 -231.851
v 40.378 5.016 -241.453
v 47.817 5.016 -225.469
v 27.182 5.016 -215.867
f 2248 2247 2246 2245
f 2241 2242 2246 2245
f 2242 2243 2247 2246
f 2243 2244 2248 2247
f 2244 2241 2245 2248
v 15.666 0.631 -204.377
v 23.376 0.631 -225.291
v 36.474 0.631 -220.463
v 28.764 0.631 -199.549
v 15.666 4.531 -204.377
v 23.376 4.531 -225.291
v 36.474 4.531 -220.463
v 28.764 4.531 -199.549
f 2256 2255 2254 2253
f 2249 2250 2254 2253
f 2250 2251 2255 2254
f 2251 2252 2256 2255
f 2252 2249 2253 2256
v -0.731 1.390 -216.326
v 20.940 1.390 -206.416
v 16.311 1.390 -196.294
v -5.360 1.390 -206.204
v -0.731 5.290 -216.326
v 20.940 5.290 -206.416
v 16.311 5.290 -196.294
v -5.360 5.290 -206.204
f 2264 2263 2262 2261
f 2257 2258 2262 2261
f 2258 2259 2263 2262
f 2259 2260 2264 2263
f 2260 2257 2261 2264
v 6.685 0.946 -204.958
v 21.129 0.946 -194.850
v 15.315 0.946 -186.542
v 0.871 0.946 -196.650
v 6.685 4.846 -204.958
v 21.129 4.846 -194.850
v 15.315 4.846 -186.542
v 0.871 4.846 -196.650
f 2272 2271 2270 2269
f 2265 2266 2270 2269
f 2266 2267 2271 2270
f 2267 2268 2272 2271
f 2268 2265 2269 2272
v -7.805 0.858 -222.214
v 3.239 0.858 -212.742
v -2.555 0.858 -205.986
v -13.599 0.858 -215.458
v -7.805 4.758 -222.214
v 3.239 4.758 -212.742
v -2.555 4.758 -205.986
v -13.599 4.758 -215.458
f 2280 2279 2278 2277
f 2273 2274 2278 2277
f 2274 2275 2279 2278
f 2275 2276 2280 2279
f 2276 2273 2277 2280
v -16.356 0.890 -237.376
v -1.100 0.890 -229.673
v -6.224 0.890 -219.524
v -21.480 0.890 -227.227
v -16.356 4.790 -237.376
v -1.100 4.790 -229.673
v -6.224 4.790 -219.524
v -21.480 4.790 -227.227
f 2288 2287 2286 2285
f 2281 2282 2286 2285
f 2282 2283 2287 2286
f 2283 2284 2288 2287
f 2284 2281 2285 2288
v 2.113 0.811 -233.758
v 11.986 0.811 -247.351
v 19.267 0.811 -242.062
v 9.394 0.811 -228.469
v 2.113 4.711 -233.758
v 11.986 4.711 -247.351
v 19.267 4.711 -242.062
v 9.394 4.711 -228.469
f 2296 2295 2294 2293
f 2289 2290 2294 2293
f 2290 2291 2295 2294
f 2291 2292 2296 2295
f 2292 2289 2293 2296
v -147.796 1.418 -247.590
v -135.119 1.418 -265.632
v -127.944 1.418 -260.590
v -140.621 1.418 -242.548
v -147.796 5.318 -247.590
v -135.119 5.318 -265.632
v -127.944 5.318 -260.590
v -140.621 5.318 -242.548
f 2304 2303 2302 2301
f 2297 2298 2302 2301
f 2298 2299 2303 2302
f 2299 2300 2304 2303
f 2300 2297 2301 2304
v -147.112 1.425 -252.643
v -145.282 1.425 -255.207
v -143.028 1.425 -253.597
v -144.858 1.425 -251.033
v -147.112 5.325 -252.643
v -145.282 5.325 -255.207
v -143.028 5.325 -253.597
v -144.858 5.325 -251.033
f 2312 2311 2310 2309
f 2305 2306 2310 2309
f 2306 2307 2311 2310
f 2307 2308 2312 2311
f 2308 2305 2309 2312
v -158.579 1.483 -247.575
v -140.869 1.483 -237.052
v -144.961 1.483 -230.165
v -162.671 1.483 -240.688
v -158.579 5.383 -247.575
v -140.869 5.383 -237.052
v -144.961 5.383 -230.165
v -162.671 5.383 -240.688
f 2320 2319 2318 2317
f 2313 2314 2318 2317
f 2314 2315 2319 2318
f 2315 2316 2320 2319
f 2316 2313 2317 2320
v -163.125 1.472 -258.565
v -146.820 1.472 -247.156
v -153.035 1.472 -238.275
v -169.340 1.472 -249.684
v -163.125 5.372 -258.565
v -146.820 5.372 -247.156
v -153.035 5.372 -238.275
v -169.340 5.372 -249.684
f 2328 2327 2326 2325
f 2321 2322 2326 2325
f 2322 2323 2327 2326
f 2323 2324 2328 2327
f 2324 2321 2325 2328
v -207.928 1.730 -264.840
v -189.011 1.730 -245.589
v -200.052 1.730 -234.740
v -218.969 1.730 -253.991
v -207.928 5.630 -264.840
v -189.011 5.630 -245.589
v -200.052 5.630 -234.740
v -218.969 5.630 -253.991
f 2336 2335 2334 2333
f 2329 2330 2334 2333
f 2330 2331 2335 2334
f 2331 2332 2336 2335
f 2332 2329 2333 2336
v -202.313 1.873 -246.782
v -188.141 1.873 -237.105
v -193.007 1.873 -229.978
v -207.179 1.873 -239.655
v -202.313 5.773 -246.782
v -188.141 5.773 -237.105
v -193.007 5.773 -229.978
v -207.179 5.773 -239.655
f 2344 2343 2342 2341
f 2337 2338 2342 2341
f 2338 2339 2343 2342
f 2339 2340 2344 2343
f 2340 2337 2341 2344
v -210.463 1.136 -236.448
v -206.084 1.136 -233.358
v -208.177 1.136 -230.392
v -212.556 1.136 -233.482
v -210.463 5.036 -236.448
v -206.084 5.036 -233.358
v -208.177 5.036 -230.392
v -212.556 5.036 -233.482
f 2352 2351 2350 2349
f 2345 2346 2350 2349
f 2346 2347 2351 2350
f 2347 2348 2352 2351
f 2348 2345 2349 2352
v -226.333 1.555 -228.264
v -216.103 1.555 -244.156
v -211.007 1.555 -240.876
v -221.237 1.555 -224.984
v -226.333 5.455 -228.264
v -216.103 5.455 -244.156
v -211.007 5.455 -240.876
v -221.237 5.455 -224.984
f 2360 2359 2358 2357
f 2353 2354 2358 2357
f 2354 2355 2359 2358
f 2355 2356 2360 2359
f 2356 2353 2357 2360
v -213.909 1.225 -227.398
v -207.914 1.225 -223.577
v -210.091 1.225 -220.162
v -216.086 1.225 -223.983
v -213.909 5.125 -227.398
v -207.914 5.125 -223.577
v -210.091 5.125 -220.162
v -216.086 5.125 -223.983
f 2368 2367 2366 2365
f 2361 2362 2366 2365
f 2362 2363 2367 2366
f 2363 2364 2368 2367
f 2364 2361 2365 2368
v -204.103 1.743 -226.143
v -199.941 1.743 -223.426
v -201.657 1.743 -220.797
v -205.819 1.743 -223.514
v -204.103 5.643 -226.143
v -199.941 5.643 -223.426
v -201.657 5.643 -220.797
v -205.819 5.643 -223.514
f 2376 2375 2374 2373
f 2369 2370 2374 2373
f 2370 2371 2375 2374
f 2371 2372 2376 2375
f 2372 2369 2373 2376
v -189.463 1.756 -237.213
v -178.052 1.756 -227.555
v -186.657 1.756 -217.387
v -198.068 1.756 -227.045
v -189.463 5.656 -237.213
v -178.052 5.656 -227.555
v -186.657 5.656 -217.387
v -198.068 5.656 -227.045
f 2384 2383 2382 2381
f 2377 2378 2382 2381
f 2378 2379 2383 2382
f 2379 2380 2384 2383
f 2380 2377 2381 2384
v -193.164 1.728 -220.274
v -185.308 1.728 -217.754
v -187.876 1.728 -209.746
v -195.732 1.728 -212.266
v -193.164 5.628 -220.274
v -185.308 5.628 -217.754
v -187.876 5.628 -209.746
v -195.732 5.628 -212.266
f 2392 2391 2390 2389
f 2385 2386 2390 2389
f 2386 2387 2391 2390
f 2387 2388 2392 2391
f 2388 2385 2389 2392
v -210.133 1.843 -203.043
v -199.617 1.843 -218.554
v -194.047 1.843 -214.777
v -204.563 1.843 -199.266
v -210.133 5.743 -203.043
v -199.617 5.743 -218.554
v -194.047 5.743 -214.777
v -204.563 5.743 -199.266
f 2400 2399 2398 2397
f 2393 2394 2398 2397
f 2394 2395 2399 2398
f 2395 2396 2400 2399
f 2396 2393 2397 2400
v -228.006 1.756 -198.908
v -211.138 1.756 -214.661
v -199.774 1.756 -202.492
v -216.642 1.756 -186.739
v -228.006 5.656 -198.908
v -211.138 5.656 -214.661
v -199.774 5.656 -202.492
v -216.642 5.656 -186.739
f 2408 2407 2406 2405
f 2401 2402 2406 2405
f 2402 2403 2407 2406
f 2403 2404 2408 2407
f 2404 2401 2405 2408
v -228.489 1.483 -187.677
v -220.980 1.483 -198.006
v -216.491 1.483 -194.743
v -224.000 1.483 -184.414
v -228.489 5.383 -187.677
v -220.980 5.383 -198.006
v -216.491 5.383 -194.743
v -224.000 5.383 -184.414
f 2416 2415 2414 2413
f 2409 2410 2414 2413
f 2410 2411 2415 2414
f 2411 2412 2416 2415
f 2412 2409 2413 2416
v -236.976 1.256 -184.086
v -228.176 1.256 -196.821
v -223.824 1.256 -193.814
v -232.624 1.256 -181.079
v -236.976 5.156 -184.086
v -228.176 5.156 -196.821
v -223.824 5.156 -193.814
v -232.624 5.156 -181.079
f 2424 2423 2422 2421
f 2417 2418 2422 2421
f 2418 2419 2423 2422
f 2419 2420 2424 2423
f 2420 2417 2421 2424
v -232.823 1.370 -200.602
v -229.607 1.370 -205.356
v -225.797 1.370 -202.778
v -229.013 1.370 -198.024
v -232.823 5.270 -200.602
v -229.607 5.270 -205.356
v -225.797 5.270 -202.778
v -229.013 5.270 -198.024
f 2432 2431 2430 2429
f 2425 2426 2430 2429
f 2426 2427 2431 2430
f 2427 2428 2432 2431
f 2428 2425 2429 2432
v -253.935 1.324 -213.110
v -245.985 1.324 -225.309
v -238.805 1.324 -220.630
v -246.755 1.324 -208.431
v -253.935 5.224 -213.110
v -245.985 5.224 -225.309
v -238.805 5.224 -220.630
v -246.755 5.224 -208.431
f 2440 2439 2438 2437
f 2433 2434 2438 2437
f 2434 2435 2439 2438
f 2435 2436 2440 2439
f 2436 2433 2437 2440
v -241.007 1.261 -219.759
v -232.878 1.261 -231.120
v -227.373 1.261 -227.181
v -235.502 1.261 -215.820
v -241.007 5.161 -219.759
v -232.878 5.161 -231.120
v -227.373 5.161 -227.181
v -235.502 5.161 -215.820
f 2448 2447 2446 2445
f 2441 2442 2446 2445
f 2442 2443 2447 2446
f 2443 2444 2448 2447
f 2444 2441 2445 2448
v -231.760 1.428 -223.335
v -222.852 1.428 -236.493
v -217.760 1.428 -233.045
v -226.668 1.428 -219.887
v -231.760 5.328 -223.335
v -222.852 5.328 -236.493
v -217.760 5.328 -233.045
v -226.668 5.328 -219.887
f 2456 2455 2454 2453
f 2449 2450 2454 2453
f 2450 2451 2455 2454
f 2451 2452 2456 2455
f 2452 2449 2453 2456
v -202.091 1.912 -144.636
v -189.946 1.912 -158.057
v -180.849 1.912 -149.824
v -192.994 1.912 -136.403
v -202.091 5.812 -144.636
v -189.946 5.812 -158.057
v -180.849 5.812 -149.824
v -192.994 5.812 -136.403
f 2464 2463 2462 2461
f 2457 2458 2462 2461
f 2458 2459 2463 2462
f 2459 2460 2464 2463
f 2460 2457 2461 2464
v -183.759 1.764 -167.270
v -176.966 1.764 -162.894
v -179.841 1.764 -158.430
v -186.634 1.764 -162.806
v -183.759 5.664 -167.270
v -176.966 5.664 -162.894
v -179.841 5.664 -158.430
v -186.634 5.664 -162.806
f 2472 2471 2470 2469
f 2465 2466 2470 2469
f 2466 2467 2471 2470
f 2467 2468 2472 2471
f 2468 2465 2469 2472
v -168.311 1.571 -188.497
v -135.994 1.571 -155.523
v -154.749 1.571 -137.143
v -187.066 1.571 -170.117
v -168.311 7.371 -188.497
v -135.994 7.371 -155.523
v -154.749 7.371 -137.143
v -187.066 7.371 -170.117
f 2480 2479 2478 2477
f 2473 2474 2478 2477
f 2474 2475 2479 2478
f 2475 2476 2480 2479
f 2476 2473 2477 2480
v -39.209 0.849 -247.041
v -24.847 0.849 -260.024
v -17.431 0.849 -251.819
v -31.793 0.849 -238.836
v -39.209 4.749 -247.041
v -24.847 4.749 -260.024
v -17.431 4.749 -251.819
v -31.793 4.749 -238.836
f 2488 2487 2486 2485
f 2481 2482 2486 2485
f 2482 2483 2487 2486
f 2483 2484 2488 2487
f 2484 2481 2485 2488
v 156.586 0.599 -269.678
v 167.885 0.599 -251.245
v 151.174 0.599 -241.002
v 139.875 0.599 -259.435
v 156.586 4.499 -269.678
v 167.885 4.499 -251.245
v 151.174 4.499 -241.002
v 139.875 4.499 -259.435
f 2496 2495 2494 2493
f 2489 2490 2494 2493
f 2490 2491 2495 2494
f 2491 2492 2496 2495
f 2492 2489 2493 2496
v 159.397 0.656 -228.729
v 166.993 0.656 -239.866
v 177.543 0.656 -232.671
v 169.947 0.656 -221.534
v 159.397 4.556 -228.729
v 166.993 4.556 -239.866
v 177.543 4.556 -232.671
v 169.947 4.556 -221.534
f 2504 2503 2502 2501
f 2497 2498 2502 2501
f 2498 2499 2503 2502
f 2499 2500 2504 2503
f 2500 2497 2501 2504
v 174.652 0.356 -236.589
v 182.049 0.356 -250.027
v 192.868 0.356 -244.071
v 185.471 0.356 -230.633
v 174.652 4.256 -236.589
v 182.049 4.256 -250.027
v 192.868 4.256 -244.071
v 185.471 4.256 -230.633
f 2512 2511 2510 2509
f 2505 2506 2510 2509
f 2506 2507 2511 2510
f 2507 2508 2512 2511
f 2508 2505 2509 2512
v 180.661 0.308 -255.792
v 183.979 0.308 -253.120
v 181.859 0.308 -250.488
v 178.541 0.308 -253.160
v 180.661 4.208 -255.792
v 183.979 4.208 -253.120
v 181.859 4.208 -250.488
v 178.541 4.208 -253.160
f 2520 2519 2518 2517
f 2513 2514 2518 2517
f 2514 2515 2519 2518
f 2515 2516 2520 2519
f 2516 2513 2517 2520
v 187.659 0.455 -244.389
v 195.368 0.455 -260.964
v 207.781 0.455 -255.191
v 200.072 0.455 -238.616
v 187.659 4.355 -244.389
v 195.368 4.355 -260.964
v 207.781 4.355 -255.191
v 200.072 4.355 -238.616
f 2528 2527 2526 2525
f 2521 2522 2526 2525
f 2522 2523 2527 2526
f 2523 2524 2528 2527
f 2524 2521 2525 2528
v 120.971 0.826 -234.140
v 133.343 0.826 -252.246
v 143.449 0.826 -245.340
v 131.077 0.826 -227.234
v 120.971 4.726 -234.140
v 133.343 4.726 -252.246
v 143.449 4.726 -245.340
v 131.077 4.726 -227.234
f 2536 2535 2534 2533
f 2529 2530 2534 2533
f 2530 2531 2535 2534
f 2531 2532 2536 2535
f 2532 2529 2533 2536
v 102.651 0.617 -242.667
v 119.912 0.617 -228.739
v 113.049 0.617 -220.233
v 95.788 0.617 -234.161
v 102.651 4.517 -242.667
v 119.912 4.517 -228.739
v 113.049 4.517 -220.233
v 95.788 4.517 -234.161
f 2544 2543 2542 2541
f 2537 2538 2542 2541
f 2538 2539 2543 2542
f 2539 2540 2544 2543
f 2540 2537 2541 2544
v 108.281 0.425 -229.201
v 121.453 0.425 -219.083
v 115.519 0.425 -211.359
v 102.347 0.425 -221.477
v 108.281 4.325 -229.201
v 121.453 4.325 -219.083
v 115.519 4.325 -211.359
v 102.347 4.325 -221.477
f 2552 2551 2550 2549
f 2545 2546 2550 2549
f 2546 2547 2551 2550
f 2547 2548 2552 2551
f 2548 2545 2549 2552
v 140.389 0.444 -213.302
v 150.007 0.444 -226.930
v 156.911 0.444 -222.058
v 147.293 0.444 -208.430
v 140.389 4.344 -213.302
v 150.007 4.344 -226.930
v 156.911 4.344 -222.058
v 147.293 4.344 -208.430
f 2560 2559 2558 2557
f 2553 2554 2558 2557
f 2554 2555 2559 2558
f 2555 2556 2560 2559
f 2556 2553 2557 2560
v 135.142 0.580 -225.096
v 137.341 0.580 -228.497
v 140.238 0.580 -226.624
v 138.039 0.580 -223.223
v 135.142 4.480 -225.096
v 137.341 4.480 -228.497
v 140.238 4.480 -226.624
v 138.039 4.480 -223.223
f 2568 2567 2566 2565
f 2561 2562 2566 2565
f 2562 2563 2567 2566
f 2563 2564 2568 2567
f 2564 2561 2565 2568
v 127.756 0.549 -226.022
v 138.940 0.549 -219.755
v 134.144 0.549 -211.198
v 122.960 0.549 -217.465
v 127.756 4.449 -226.022
v 138.940 4.449 -219.755
v 134.144 4.449 -211.198
v 122.960 4.449 -217.465
f 2576 2575 2574 2573
f 2569 2570 2574 2573
f 2570 2571 2575 2574
f 2571 2572 2576 2575
f 2572 2569 2573 2576
v 114.520 0.655 -217.992
v 127.151 0.655 -209.628
v 122.900 0.655 -203.208
v 110.269 0.655 -211.572
v 114.520 4.555 -217.992
v 127.151 4.555 -209.628
v 122.900 4.555 -203.208
v 110.269 4.555 -211.572
f 2584 2583 2582 2581
f 2577 2578 2582 2581
f 2578 2579 2583 2582
f 2579 2580 2584 2583
f 2580 2577 2581 2584
v 123.272 0.642 -209.933
v 135.499 0.642 -201.991
v 128.288 0.642 -190.887
v 116.061 0.642 -198.829
v 123.272 4.542 -209.933
v 135.499 4.542 -201.991
v 128.288 4.542 -190.887
v 116.061 4.542 -198.829
f 2592 2591 2590 2589
f 2585 2586 2590 2589
f 2586 2587 2591 2590
f 2587 2588 2592 2591
f 2588 2585 2589 2592
v 69.500 1.007 -218.806
v 83.634 1.007 -208.151
v 77.740 1.007 -200.334
v 63.606 1.007 -210.989
v 69.500 4.907 -218.806
v 83.634 4.907 -208.151
v 77.740 4.907 -200.334
v 63.606 4.907 -210.989
f 2600 2599 2598 2597
f 2593 2594 2598 2597
f 2594 2595 2599 2598
f 2595 2596 2600 2599
f 2596 2593 2597 2600
v 73.906 0.804 -207.804
v 90.712 0.804 -196.489
v 87.054 0.804 -191.056
v 70.248 0.804 -202.371
v 73.906 4.704 -207.804
v 90.712 4.704 -196.489
v 87.054 4.704 -191.056
v 70.248 4.704 -202.371
f 2608 2607 2606 2605
f 2601 2602 2606 2605
f 2602 2603 2607 2606
f 2603 2604 2608 2607
f 2604 2601 2605 2608
v 84.490 0.724 -181.830
v 101.034 0.724 -201.011
v 111.030 0.724 -192.390
v 94.486 0.724 -173.209
v 84.490 4.624 -181.830
v 101.034 4.624 -201.011
v 111.030 4.624 -192.390
v 94.486 4.624 -173.209
f 2616 2615 2614 2613
f 2609 2610 2614 2613
f 2610 2611 2615 2614
f 2611 2612 2616 2615
f 2612 2609 2613 2616
v 48.278 1.075 -188.793
v 59.736 1.075 -203.292
v 67.182 1.075 -197.407
v 55.724 1.075 -182.908
v 48.278 4.975 -188.793
v 59.736 4.975 -203.292
v 67.182 4.975 -197.407
v 55.724 4.975 -182.908
f 2624 2623 2622 2621
f 2617 2618 2622 2621
f 2618 2619 2623 2622
f 2619 2620 2624 2623
f 2620 2617 2621 2624
v 66.425 0.252 -174.229
v 74.888 0.252 -185.818
v 81.115 0.252 -181.271
v 72.652 0.252 -169.682
v 66.425 4.152 -174.229
v 74.888 4.152 -185.818
v 81.115 4.152 -181.271
v 72.652 4.152 -169.682
f 2632 2631 2630 2629
f 2625 2626 2630 2629
f 2626 2627 2631 2630
f 2627 2628 2632 2631
f 2628 2625 2629 2632
v 20.002 1.100 -185.609
v 33.732 1.100 -176.155
v 27.958 1.100 -167.771
v 14.228 1.100 -177.225
v 20.002 5.000 -185.609
v 33.732 5.000 -176.155
v 27.958 5.000 -167.771
v 14.228 5.000 -177.225
f 2640 2639 2638 2637
f 2633 2634 2638 2637
f 2634 2635 2639 2638
f 2635 2636 2640 2639
f 2636 2633 2637 2640
v 35.102 0.845 -179.820
v 38.191 0.845 -184.729
v 42.558 0.845 -181.980
v 39.469 0.845 -177.071
v 35.102 4.745 -179.820
v 38.191 4.745 -184.729
v 42.558 4.745 -181.980
v 39.469 4.745 -177.071
f 2648 2647 2646 2645
f 2641 2642 2646 2645
f 2642 2643 2647 2646
f 2643 2644 2648 2647
f 2644 2641 2645 2648
v 41.783 1.006 -177.441
v 44.159 1.006 -175.693
v 42.677 1.006 -173.679
v 40.301 1.006 -175.427
v 41.783 4.906 -177.441
v 44.159 4.906 -175.693
v 42.677 4.906 -173.679
v 40.301 4.906 -175.427
f 2656 2655 2654 2653
f 2649 2650 2654 2653
f 2650 2651 2655 2654
f 2651 2652 2656 2655
f 2652 2649 2653 2656
v 30.497 0.639 -142.574
v 35.396 0.639 -166.702
v 56.163 0.639 -162.486
v 51.264 0.639 -138.358
v 30.497 4.539 -142.574
v 35.396 4.539 -166.702
v 56.163 4.539 -162.486
v 51.264 4.539 -138.358
f 2664 2663 2662 2661
f 2657 2658 2662 2661
f 2658 2659 2663 2662
f 2659 2660 2664 2663
f 2660 2657 2661 2664
v -9.524 1.309 -154.086
v 10.501 1.309 -141.750
v 4.344 1.309 -131.754
v -15.681 1.309 -144.090
v -9.524 5.209 -154.086
v 10.501 5.209 -141.750
v 4.344 5.209 -131.754
v -15.681 5.209 -144.090
f 2672 2671 2670 2669
f 2665 2666 2670 2669
f 2666 2667 2671 2670
f 2667 2668 2672 2671
f 2668 2665 2669 2672
v 15.906 1.249 -133.792
v 29.174 1.249 -125.474
v 22.274 1.249 -114.468
v 9.006 1.249 -122.786
v 15.906 5.149 -133.792
v 29.174 5.149 -125.474
v 22.274 5.149 -114.468
v 9.006 5.149 -122.786
f 2680 2679 2678 2677
f 2673 2674 2678 2677
f 2674 2675 2679 2678
f 2675 2676 2680 2679
f 2676 2673 2677 2680
v 0.840 1.181 -112.312
v 7.582 1.181 -122.311
v 13.460 1.181 -118.348
v 6.718 1.181 -108.349
v 0.840 5.081 -112.312
v 7.582 5.081 -122.311
v 13.460 5.081 -118.348
v 6.718 5.081 -108.349
f 2688 2687 2686 2685
f 2681 2682 2686 2685
f 2682 2683 2687 2686
f 2683 2684 2688 2687
f 2684 2681 2685 2688
v -9.780 1.112 -108.880
v -0.642 1.112 -123.392
v 4.300 1.112 -120.280
v -4.838 1.112 -105.768
v -9.780 5.012 -108.880
v -0.642 5.012 -123.392
v 4.300 5.012 -120.280
v -4.838 5.012 -105.768
f 2696 2695 2694 2693
f 2689 2690 2694 2693
f 2690 2691 2695 2694
f 2691 2692 2696 2695
f 2692 2689 2693 2696
v -8.994 1.408 -125.773
v -7.699 1.408 -113.129
v -17.866 1.408 -112.087
v -19.161 1.408 -124.731
v -8.994 5.308 -125.773
v -7.699 5.308 -113.129
v -17.866 5.308 -112.087
v -19.161 5.308 -124.731
f 2704 2703 2702 2701
f 2697 2698 2702 2701
f 2698 2699 2703 2702
f 2699 2700 2704 2703
f 2700 2697 2701 2704
v -34.576 0.233 -134.836
v -21.992 0.233 -148.246
v -14.744 0.233 -141.444
v -27.328 0.233 -128.034
v -34.576 4.133 -134.836
v -21.992 4.133 -148.246
v -14.744 4.133 -141.444
v -27.328 4.133 -128.034
f 2712 2711 2710 2709
f 2705 2706 2710 2709
f 2706 2707 2711 2710
f 2707 2708 2712 2711
f 2708 2705 2709 2712
v -24.487 1.235 -120.192
v -21.039 1.235 -117.300
v -23.313 1.235 -114.588
v -26.761 1.235 -117.480
v -24.487 5.135 -120.192
v -21.039 5.135 -117.300
v -23.313 5.135 -114.588
v -26.761 5.135 -117.480
f 2720 2719 2718 2717
f 2713 2714 2718 2717
f 2714 2715 2719 2718
f 2715 2716 2720 2719
f 2716 2713 2717 2720
v -41.221 1.140 -121.224
v -30.595 1.140 -138.755
v -22.479 1.140 -133.836
v -33.105 1.140 -116.305
v -41.221 5.040 -121.224
v -30.595 5.040 -138.755
v -22.479 5.040 -133.836
v -33.105 5.040 -116.305
f 2728 2727 2726 2725
f 2721 2722 2726 2725
f 2722 2723 2727 2726
f 2723 2724 2728 2727
f 2724 2721 2725 2728
v -45.193 1.311 -138.740
v -29.536 1.311 -115.106
v -50.527 1.311 -101.200
v -66.184 1.311 -124.834
v -45.193 5.211 -138.740
v -29.536 5.211 -115.106
v -50.527 5.211 -101.200
v -66.184 5.211 -124.834
f 2736 2735 2734 2733
f 2729 2730 2734 2733
f 2730 2731 2735 2734
f 2731 2732 2736 2735
f 2732 2729 2733 2736
v -68.833 1.380 -117.084
v -65.514 1.380 -122.404
v -61.527 1.380 -119.916
v -64.846 1.380 -114.596
v -68.833 5.280 -117.084
v -65.514 5.280 -122.404
v -61.527 5.280 -119.916
v -64.846 5.280 -114.596
f 2744 2743 2742 2741
f 2737 2738 2742 2741
f 2738 2739 2743 2742
f 2739 2740 2744 2743
f 2740 2737 2741 2744
v -78.892 1.735 -115.326
v -57.972 1.735 -117.274
v -56.668 1.735 -103.274
v -77.588 1.735 -101.326
v -78.892 5.635 -115.326
v -57.972 5.635 -117.274
v -56.668 5.635 -103.274
v -77.588 5.635 -101.326
f 2752 2751 2750 2749
f 2745 2746 2750 2749
f 2746 2747 2751 2750
f 2747 2748 2752 2751
f 2748 2745 2749 2752
v -70.952 1.584 -93.546
v -66.816 1.584 -100.301
v -62.688 1.584 -97.774
v -66.824 1.584 -91.019
v -70.952 5.484 -93.546
v -66.816 5.484 -100.301
v -62.688 5.484 -97.774
v -66.824 5.484 -91.019
f 2760 2759 2758 2757
f 2753 2754 2758 2757
f 2754 2755 2759 2758
f 2755 2756 2760 2759
f 2756 2753 2757 2760
v -61.678 1.420 -103.797
v -50.751 1.420 -96.773
v -52.622 1.420 -93.863
v -63.549 1.420 -100.887
v -61.678 5.320 -103.797
v -50.751 5.320 -96.773
v -52.622 5.320 -93.863
v -63.549 5.320 -100.887
f 2768 2767 2766 2765
f 2761 2762 2766 2765
f 2762 2763 2767 2766
f 2763 2764 2768 2767
f 2764 2761 2765 2768
v -25.379 1.263 -100.180
v -17.598 1.263 -112.380
v -6.781 1.263 -105.480
v -14.562 1.263 -93.280
v -25.379 5.163 -100.180
v -17.598 5.163 -112.380
v -6.781 5.163 -105.480
v -14.562 5.163 -93.280
f 2776 2775 2774 2773
f 2769 2770 2774 2773
f 2770 2771 2775 2774
f 2771 2772 2776 2775
f 2772 2769 2773 2776
v -33.909 1.394 -95.230
v -27.494 1.394 -105.489
v -20.491 1.394 -101.110
v -26.906 1.394 -90.851
v -33.909 5.294 -95.230
v -27.494 5.294 -105.489
v -20.491 5.294 -101.110
v -26.906 5.294 -90.851
f 2784 2783 2782 2781
f 2777 2778 2782 2781
f 2778 2779 2783 2782
f 2779 2780 2784 2783
f 2780 2777 2781 2784
v -38.118 1.443 -110.268
v -29.001 1.443 -101.227
v -35.422 1.443 -94.752
v -44.539 1.443 -103.793
v -38.118 5.343 -110.268
v -29.001 5.343 -101.227
v -35.422 5.343 -94.752
v -44.539 5.343 -103.793
f 2792 2791 2790 2789
f 2785 2786 2790 2789
f 2786 2787 2791 2790
f 2787 2788 2792 2791
f 2788 2785 2789 2792
v -43.191 1.236 -102.366
v -35.056 1.236 -81.969
v -57.609 1.236 -72.974
v -65.744 1.236 -93.371
v -43.191 5.136 -102.366
v -35.056 5.136 -81.969
v -57.609 5.136 -72.974
v -65.744 5.136 -93.371
f 2800 2799 2798 2797
f 2793 2794 2798 2797
f 2794 2795 2799 2798
f 2795 2796 2800 2799
f 2796 2793 2797 2800
v -120.061 1.448 -69.175
v -109.483 1.448 -66.508
v -111.879 1.448 -57.005
v -122.457 1.448 -59.672
v -120.061 5.348 -69.175
v -109.483 5.348 -66.508
v -111.879 5.348 -57.005
v -122.457 5.348 -59.672
f 2808 2807 2806 2805
f 2801 2802 2806 2805
f 2802 2803 2807 2806
f 2803 2804 2808 2807
f 2804 2801 2805 2808
v -127.787 1.411 -73.571
v -118.138 1.411 -74.343
v -117.493 1.411 -66.289
v -127.142 1.411 -65.517
v -127.787 5.311 -73.571
v -118.138 5.311 -74.343
v -117.493 5.311 -66.289
v -127.142 5.311 -65.517
f 2816 2815 2814 2813
f 2809 2810 2814 2813
f 2810 2811 2815 2814
f 2811 2812 2816 2815
f 2812 2809 2813 2816
v -138.608 1.408 -66.040
v -132.627 1.408 -76.155
v -127.832 1.408 -73.320
v -133.813 1.408 -63.205
v -138.608 5.308 -66.040
v -132.627 5.308 -76.155
v -127.832 5.308 -73.320
v -133.813 5.308 -63.205
f 2824 2823 2822 2821
f 2817 2818 2822 2821
f 2818 2819 2823 2822
f 2819 2820 2824 2823
f 2820 2817 2821 2824
v -150.734 1.691 -56.169
v -139.384 1.691 -70.652
v -127.286 1.691 -61.171
v -138.636 1.691 -46.688
v -150.734 5.591 -56.169
v -139.384 5.591 -70.652
v -127.286 5.591 -61.171
v -138.636 5.591 -46.688
f 2832 2831 2830 2829
f 2825 2826 2830 2829
f 2826 2827 2831 2830
f 2827 2828 2832 2831
f 2828 2825 2829 2832
v -177.567 1.979 -84.691
v -159.260 1.979 -69.640
v -166.653 1.979 -60.649
v -184.960 1.979 -75.700
v -177.567 5.879 -84.691
v -159.260 5.879 -69.640
v -166.653 5.879 -60.649
v -184.960 5.879 -75.700
f 2840 2839 2838 2837
f 2833 2834 2838 2837
f 2834 2835 2839 2838
f 2835 2836 2840 2839
f 2836 2833 2837 2840
v -83.436 1.271 -143.858
v -69.221 1.271 -133.823
v -74.164 1.271 -126.822
v -88.379 1.271 -136.857
v -83.436 5.171 -143.858
v -69.221 5.171 -133.823
v -74.164 5.171 -126.822
v -88.379 5.171 -136.857
f 2848 2847 2846 2845
f 2841 2842 2846 2845
f 2842 2843 2847 2846
f 2843 2844 2848 2847
f 2844 2841 2845 2848
v -73.839 1.221 -154.059
v -70.692 1.221 -145.553
v -78.401 1.221 -142.701
v -81.548 1.221 -151.207
v -73.839 5.121 -154.059
v -70.692 5.121 -145.553
v -78.401 5.121 -142.701
v -81.548 5.121 -151.207
f 2856 2855 2854 2853
f 2849 2850 2854 2853
f 2850 2851 2855 2854
f 2851 2852 2856 2855
f 2852 2849 2853 2856
v -72.483 1.257 -164.072
v -64.462 1.257 -157.919
v -70.177 1.257 -150.468
v -78.198 1.257 -156.621
v -72.483 5.157 -164.072
v -64.462 5.157 -157.919
v -70.177 5.157 -150.468
v -78.198 5.157 -156.621
f 2864 2863 2862 2861
f 2857 2858 2862 2861
f 2858 2859 2863 2862
f 2859 2860 2864 2863
f 2860 2857 2861 2864
v -67.878 1.204 -154.478
v -53.688 1.204 -166.175
v -45.202 1.204 -155.882
v -59.392 1.204 -144.185
v -67.878 5.104 -154.478
v -53.688 5.104 -166.175
v -45.202 5.104 -155.882
v -59.392 5.104 -144.185
f 2872 2871 2870 2869
f 2865 2866 2870 2869
f 2866 2867 2871 2870
f 2867 2868 2872 2871
f 2868 2865 2869 2872
v -101.108 1.609 -173.465
v -88.771 1.609 -165.398
v -94.332 1.609 -156.895
v -106.669 1.609 -164.962
v -101.108 5.509 -173.465
v -88.771 5.509 -165.398
v -94.332 5.509 -156.895
v -106.669 5.509 -164.962
f 2880 2879 2878 2877
f 2873 2874 2878 2877
f 2874 2875 2879 2878
f 2875 2876 2880 2879
f 2876 2873 2877 2880
v -88.777 1.485 -164.808
v -84.776 1.485 -171.034
v -79.543 1.485 -167.672
v -83.544 1.485 -161.446
v -88.777 5.385 -164.808
v -84.776 5.385 -171.034
v -79.543 5.385 -167.672
v -83.544 5.385 -161.446
f 2888 2887 2886 2885
f 2881 2882 2886 2885
f 2882 2883 2887 2886
f 2883 2884 2888 2887
f 2884 2881 2885 2888
v -90.728 1.401 -169.857
v -78.184 1.401 -187.392
v -70.092 1.401 -181.603
v -82.636 1.401 -164.068
v -90.728 5.301 -169.857
v -78.184 5.301 -187.392
v -70.092 5.301 -181.603
v -82.636 5.301 -164.068
f 2896 2895 2894 2893
f 2889 2890 2894 2893
f 2890 2891 2895 2894
f 2891 2892 2896 2895
f 2892 2889 2893 2896
v -73.525 1.315 -192.307
v -70.695 1.315 -196.294
v -67.115 1.315 -193.753
v -69.945 1.315 -189.766
v -73.525 5.215 -192.307
v -70.695 5.215 -196.294
v -67.115 5.215 -193.753
v -69.945 5.215 -189.766
f 2904 2903 2902 2901
f 2897 2898 2902 2901
f 2898 2899 2903 2902
f 2899 2900 2904 2903
f 2900 2897 2901 2904
v -62.938 1.174 -202.186
v -54.310 1.174 -197.052
v -58.462 1.174 -190.074
v -67.090 1.174 -195.208
v -62.938 5.074 -202.186
v -54.310 5.074 -197.052
v -58.462 5.074 -190.074
v -67.090 5.074 -195.208
f 2912 2911 2910 2909
f 2905 2906 2910 2909
f 2906 2907 2911 2910
f 2907 2908 2912 2911
f 2908 2905 2909 2912
v -56.159 1.445 -190.408
v -46.690 1.445 -184.500
v -51.761 1.445 -176.372
v -61.230 1.445 -182.280
v -56.159 5.345 -190.408
v -46.690 5.345 -184.500
v -51.761 5.345 -176.372
v -61.230 5.345 -182.280
f 2920 2919 2918 2917
f 2913 2914 2918 2917
f 2914 2915 2919 2918
f 2915 2916 2920 2919
f 2916 2913 2917 2920
v -46.409 1.382 -176.750
v -44.886 1.382 -167.181
v -53.251 1.382 -165.850
v -54.774 1.382 -175.419
v -46.409 5.282 -176.750
v -44.886 5.282 -167.181
v -53.251 5.282 -165.850
v -54.774 5.282 -175.419
f 2928 2927 2926 2925
f 2921 2922 2926 2925
f 2922 2923 2927 2926
f 2923 2924 2928 2927
f 2924 2921 2925 2928
v -47.609 1.149 -160.504
v -39.316 1.149 -172.739
v -32.231 1.149 -167.936
v -40.524 1.149 -155.701
v -47.609 5.049 -160.504
v -39.316 5.049 -172.739
v -32.231 5.049 -167.936
v -40.524 5.049 -155.701
f 2936 2935 2934 2933
f 2929 2930 2934 2933
f 2930 2931 2935 2934
f 2931 2932 2936 2935
f 2932 2929 2933 2936
v -29.544 1.226 -178.620
v -14.826 1.226 -189.444
v -5.056 1.226 -176.160
v -19.774 1.226 -165.336
v -29.544 5.126 -178.620
v -14.826 5.126 -189.444
v -5.056 5.126 -176.160
v -19.774 5.126 -165.336
f 2944 2943 2942 2941
f 2937 2938 2942 2941
f 2938 2939 2943 2942
f 2939 2940 2944 2943
f 2940 2937 2941 2944
v -36.176 1.269 -165.856
v -31.978 1.269 -183.566
v -19.144 1.269 -180.524
v -23.342 1.269 -162.814
v -36.176 5.169 -165.856
v -31.978 5.169 -183.566
v -19.144 5.169 -180.524
v -23.342 5.169 -162.814
f 2952 2951 2950 2949
f 2945 2946 2950 2949
f 2946 2947 2951 2950
f 2947 2948 2952 2951
f 2948 2945 2949 2952
v -27.568 1.315 -194.765
v -19.145 1.315 -189.013
v -23.392 1.315 -182.795
v -31.815 1.315 -188.547
v -27.568 5.215 -194.765
v -19.145 5.215 -189.013
v -23.392 5.215 -182.795
v -31.815 5.215 -188.547
f 2960 2959 2958 2957
f 2953 2954 2958 2957
f 2954 2955 2959 2958
f 2955 2956 2960 2959
f 2956 2953 2957 2960
v -37.455 1.240 -203.110
v -27.299 1.240 -196.851
v -31.565 1.240 -189.930
v -41.721 1.240 -196.189
v -37.455 5.140 -203.110
v -27.299 5.140 -196.851
v -31.565 5.140 -189.930
v -41.721 5.140 -196.189
f 2968 2967 2966 2965
f 2961 2962 2966 2965
f 2962 2963 2967 2966
f 2963 2964 2968 2967
f 2964 2961 2965 2968
v -47.289 1.449 -212.705
v -36.908 1.449 -211.203
v -38.191 1.449 -202.335
v -48.572 1.449 -203.837
v -47.289 5.349 -212.705
v -36.908 5.349 -211.203
v -38.191 5.349 -202.335
v -48.572 5.349 -203.837
f 2976 2975 2974 2973
f 2969 2970 2974 2973
f 2970 2971 2975 2974
f 2971 2972 2976 2975
f 2972 2969 2973 2976
v -70.840 1.304 -246.567
v -67.904 1.304 -250.262
v -64.420 1.304 -247.493
v -67.356 1.304 -243.798
v -70.840 5.204 -246.567
v -67.904 5.204 -250.262
v -64.420 5.204 -247.493
v -67.356 5.204 -243.798
f 2984 2983 2982 2981
f 2977 2978 2982 2981
f 2978 2979 2983 2982
f 2979 2980 2984 2983
f 2980 2977 2981 2984
v -91.954 1.141 -245.246
v -84.955 1.141 -260.760
v -74.746 1.141 -256.154
v -81.745 1.141 -240.640
v -91.954 5.041 -245.246
v -84.955 5.041 -260.760
v -74.746 5.041 -256.154
v -81.745 5.041 -240.640
f 2992 2991 2990 2989
f 2985 2986 2990 2989
f 2986 2987 2991 2990
f 2987 2988 2992 2991
f 2988 2985 2989 2992
v -100.752 0.888 -238.219
v -91.764 0.888 -251.153
v -86.048 0.888 -247.181
v -95.036 0.888 -234.247
v -100.752 4.788 -238.219
v -91.764 4.788 -251.153
v -86.048 4.788 -247.181
v -95.036 4.788 -234.247
f 3000 2999 2998 2997
f 2993 2994 2998 2997
f 2994 2995 2999 2998
f 2995 2996 3000 2999
f 2996 2993 2997 3000
v -96.662 0.999 -230.307
v -93.495 0.999 -235.035
v -90.238 0.999 -232.853
v -93.405 0.999 -228.125
v -96.662 4.899 -230.307
v -93.495 4.899 -235.035
v -90.238 4.899 -232.853
v -93.405 4.899 -228.125
f 3008 3007 3006 3005
f 3001 3002 3006 3005
f 3002 3003 3007 3006
f 3003 3004 3008 3007
f 3004 3001 3005 3008
v -111.922 1.024 -234.249
v -103.819 1.024 -246.551
v -97.898 1.024 -242.651
v -106.001 1.024 -230.349
v -111.922 4.924 -234.249
v -103.819 4.924 -246.551
v -97.898 4.924 -242.651
v -106.001 4.924 -230.349
f 3016 3015 3014 3013
f 3009 3010 3014 3013
f 3010 3011 3015 3014
f 3011 3012 3016 3015
f 3012 3009 3013 3016
v -132.004 1.410 -235.302
v -113.966 1.410 -231.877
v -117.376 1.410 -213.918
v -135.414 1.410 -217.343
v -132.004 5.310 -235.302
v -113.966 5.310 -231.877
v -117.376 5.310 -213.918
v -135.414 5.310 -217.343
f 3024 3023 3022 3021
f 3017 3018 3022 3021
f 3018 3019 3023 3022
f 3019 3020 3024 3023
f 3020 3017 3021 3024
v -149.137 1.380 -227.762
v -132.520 1.380 -214.808
v -140.463 1.380 -204.618
v -157.080 1.380 -217.572
v -149.137 5.280 -227.762
v -132.520 5.280 -214.808
v -140.463 5.280 -204.618
v -157.080 5.280 -217.572
f 3032 3031 3030 3029
f 3025 3026 3030 3029
f 3026 3027 3031 3030
f 3027 3028 3032 3031
f 3028 3025 3029 3032
v -137.817 1.666 -212.810
v -125.449 1.666 -204.536
v -130.403 1.666 -197.130
v -142.771 1.666 -205.404
v -137.817 5.566 -212.810
v -125.449 5.566 -204.536
v -130.403 5.566 -197.130
v -142.771 5.566 -205.404
f 3040 3039 3038 3037
f 3033 3034 3038 3037
f 3034 3035 3039 3038
f 3035 3036 3040 3039
f 3036 3033 3037 3040
v -125.612 1.866 -196.448
v -119.206 1.866 -207.841
v -112.468 1.866 -204.052
v -118.874 1.866 -192.659
v -125.612 5.766 -196.448
v -119.206 5.766 -207.841
v -112.468 5.766 -204.052
v -118.874 5.766 -192.659
f 3048 3047 3046 3045
f 3041 3042 3046 3045
f 3042 3043 3047 3046
f 3043 3044 3048 3047
f 3044 3041 3045 3048
v -130.909 1.783 -202.133
v -120.220 1.783 -193.773
v -126.731 1.783 -185.447
v -137.420 1.783 -193.807
v -130.909 5.683 -202.133
v -120.220 5.683 -193.773
v -126.731 5.683 -185.447
v -137.420 5.683 -193.807
f 3056 3055 3054 3053
f 3049 3050 3054 3053
f 3050 3051 3055 3054
f 3051 3052 3056 3055
f 3052 3049 3053 3056
v -114.399 1.429 -192.319
v -111.828 1.429 -196.313
v -108.641 1.429 -194.261
v -111.212 1.429 -190.267
v -114.399 5.329 -192.319
v -111.828 5.329 -196.313
v -108.641 5.329 -194.261
v -111.212 5.329 -190.267
f 3064 3063 3062 3061
f 3057 3058 3062 3061
f 3058 3059 3063 3062
f 3059 3060 3064 3063
f 3060 3057 3061 3064
v -124.401 1.223 -190.246
v -112.281 1.223 -182.963
v -118.019 1.223 -173.414
v -130.139 1.223 -180.697
v -124.401 5.123 -190.246
v -112.281 5.123 -182.963
v -118.019 5.123 -173.414
v -130.139 5.123 -180.697
f 3072 3071 3070 3069
f 3065 3066 3070 3069
f 3066 3067 3071 3070
f 3067 3068 3072 3071
f 3068 3065 3069 3072
v -111.647 1.001 -219.542
v -95.432 1.001 -209.278
v -101.053 1.001 -200.398
v -117.268 1.001 -210.662
v -111.647 4.901 -219.542
v -95.432 4.901 -209.278
v -101.053 4.901 -200.398
v -117.268 4.901 -210.662
f 3080 3079 3078 3077
f 3073 3074 3078 3077
f 3074 3075 3079 3078
f 3075 3076 3080 3079
f 3076 3073 3077 3080
v -99.172 1.347 -208.212
v -84.224 1.347 -222.890
v -76.328 1.347 -214.848
v -91.276 1.347 -200.170
v -99.172 5.247 -208.212
v -84.224 5.247 -222.890
v -76.328 5.247 -214.848
v -91.276 5.247 -200.170
f 3088 3087 3086 3085
f 3081 3082 3086 3085
f 3082 3083 3087 3086
f 3083 3084 3088 3087
f 3084 3081 3085 3088
v -77.130 0.696 -232.603
v -61.014 0.696 -224.631
v -69.550 0.696 -207.377
v -85.666 0.696 -215.349
v -77.130 4.596 -232.603
v -61.014 4.596 -224.631
v -69.550 4.596 -207.377
v -85.666 4.596 -215.349
f 3096 3095 3094 3093
f 3089 3090 3094 3093
f 3090 3091 3095 3094
f 3091 3092 3096 3095
f 3092 3089 3093 3096
v -62.999 1.004 -237.951
v -55.868 1.004 -249.225
v -49.141 1.004 -244.969
v -56.272 1.004 -233.695
v -62.999 4.904 -237.951
v -55.868 4.904 -249.225
v -49.141 4.904 -244.969
v -56.272 4.904 -233.695
f 3104 3103 3102 3101
f 3097 3098 3102 3101
f 3098 3099 3103 3102
f 3099 3100 3104 3103
f 3100 3097 3101 3104
v -58.581 1.182 -232.950
v -50.223 1.182 -227.263
v -55.539 1.182 -219.450
v -63.897 1.182 -225.137
v -58.581 5.082 -232.950
v -50.223 5.082 -227.263
v -55.539 5.082 -219.450
v -63.897 5.082 -225.137
f 3112 3111 3110 3109
f 3105 3106 3110 3109
f 3106 3107 3111 3110
f 3107 3108 3112 3111
f 3108 3105 3109 3112
v -131.785 1.123 -143.148
v -119.146 1.123 -134.368
v -124.395 1.123 -126.812
v -137.034 1.123 -135.592
v -131.785 5.023 -143.148
v -119.146 5.023 -134.368
v -124.395 5.023 -126.812
v -137.034 5.023 -135.592
f 3120 3119 3118 3117
f 3113 3114 3118 3117
f 3114 3115 3119 3118
f 3115 3116 3120 3119
f 3116 3113 3117 3120
v -155.204 1.650 -124.523
v -146.319 1.650 -138.153
v -140.036 1.650 -134.057
v -148.921 1.650 -120.427
v -155.204 5.550 -124.523
v -146.319 5.550 -138.153
v -140.036 5.550 -134.057
v -148.921 5.550 -120.427
f 3128 3127 3126 3125
f 3121 3122 3126 3125
f 3122 3123 3127 3126
f 3123 3124 3128 3127
f 3124 3121 3125 3128
v -169.054 1.444 -120.973
v -156.719 1.444 -135.226
v -146.806 1.444 -126.647
v -159.141 1.444 -112.394
v -169.054 5.344 -120.973
v -156.719 5.344 -135.226
v -146.806 5.344 -126.647
v -159.141 5.344 -112.394
f 3136 3135 3134 3133
f 3129 3130 3134 3133
f 3130 3131 3135 3134
f 3131 3132 3136 3135
f 3132 3129 3133 3136
v -177.367 1.707 -118.308
v -169.562 1.707 -129.773
v -161.453 1.707 -124.252
v -169.258 1.707 -112.787
v -177.367 5.607 -118.308
v -169.562 5.607 -129.773
v -161.453 5.607 -124.252
v -169.258 5.607 -112.787
f 3144 3143 3142 3141
f 3137 3138 3142 3141
f 3138 3139 3143 3142
f 3139 3140 3144 3143
f 3140 3137 3141 3144
v -154.133 1.424 -116.495
v -147.610 1.424 -112.127
v -151.027 1.424 -107.025
v -157.550 1.424 -111.393
v -154.133 5.324 -116.495
v -147.610 5.324 -112.127
v -151.027 5.324 -107.025
v -157.550 5.324 -111.393
f 3152 3151 3150 3149
f 3145 3146 3150 3149
f 3146 3147 3151 3150
f 3147 3148 3152 3151
f 3148 3145 3149 3152
v -129.326 1.561 -130.180
v -113.256 1.561 -120.578
v -118.954 1.561 -111.040
v -135.024 1.561 -120.642
v -129.326 5.461 -130.180
v -113.256 5.461 -120.578
v -118.954 5.461 -111.040
v -135.024 5.461 -120.642
f 3160 3159 3158 3157
f 3153 3154 3158 3157
f 3154 3155 3159 3158
f 3155 3156 3160 3159
f 3156 3153 3157 3160
v -113.809 1.335 -121.832
v -111.423 1.335 -125.729
v -108.711 1.335 -124.068
v -111.097 1.335 -120.171
v -113.809 5.235 -121.832
v -111.423 5.235 -125.729
v -108.711 5.235 -124.068
v -111.097 5.235 -120.171
f 3168 3167 3166 3165
f 3161 3162 3166 3165
f 3162 3163 3167 3166
f 3163 3164 3168 3167
f 3164 3161 3165 3168
v -114.961 1.584 -119.494
v -103.363 1.584 -112.164
v -108.519 1.584 -104.006
v -120.117 1.584 -111.336
v -114.961 5.484 -119.494
v -103.363 5.484 -112.164
v -108.519 5.484 -104.006
v -120.117 5.484 -111.336
f 3176 3175 3174 3173
f 3169 3170 3174 3173
f 3170 3171 3175 3174
f 3171 3172 3176 3175
f 3172 3169 3173 3176
v -141.674 1.243 -97.934
v -131.397 1.243 -112.638
v -122.766 1.243 -106.606
v -133.043 1.243 -91.902
v -141.674 5.143 -97.934
v -131.397 5.143 -112.638
v -122.766 5.143 -106.606
v -133.043 5.143 -91.902
f 3184 3183 3182 3181
f 3177 3178 3182 3181
f 3178 3179 3183 3182
f 3179 3180 3184 3183
f 3180 3177 3181 3184
v -152.577 1.459 -95.818
v -138.175 1.459 -106.228
v -131.303 1.459 -96.722
v -145.705 1.459 -86.312
v -152.577 5.359 -95.818
v -138.175 5.359 -106.228
v -131.303 5.359 -96.722
v -145.705 5.359 -86.312
f 3192 3191 3190 3189
f 3185 3186 3190 3189
f 3186 3187 3191 3190
f 3187 3188 3192 3191
f 3188 3185 3189 3192
v -165.838 1.476 -84.383
v -162.745 1.476 -89.325
v -158.642 1.476 -86.757
v -161.735 1.476 -81.815
v -165.838 5.376 -84.383
v -162.745 5.376 -89.325
v -158.642 5.376 -86.757
v -161.735 5.376 -81.815
f 3200 3199 3198 3197
f 3193 3194 3198 3197
f 3194 3195 3199 3198
f 3195 3196 3200 3199
f 3196 3193 3197 3200
v -153.866 1.339 -82.283
v -144.508 1.339 -97.741
v -138.554 1.339 -94.137
v -147.912 1.339 -78.679
v -153.866 5.239 -82.283
v -144.508 5.239 -97.741
v -138.554 5.239 -94.137
v -147.912 5.239 -78.679
f 3208 3207 3206 3205
f 3201 3202 3206 3205
f 3202 3203 3207 3206
f 3203 3204 3208 3207
f 3204 3201 3205 3208
v -155.966 1.455 -93.696
v -152.738 1.455 -91.867
v -154.474 1.455 -88.804
v -157.702 1.455 -90.633
v -155.966 5.355 -93.696
v -152.738 5.355 -91.867
v -154.474 5.355 -88.804
v -157.702 5.355 -90.633
f 3216 3215 3214 3213
f 3209 3210 3214 3213
f 3210 3211 3215 3214
f 3211 3212 3216 3215
f 3212 3209 3213 3216
v -161.228 1.418 -85.041
v -157.475 1.418 -91.079
v -155.352 1.418 -89.759
v -159.105 1.418 -83.721
v -161.228 5.318 -85.041
v -157.475 5.318 -91.079
v -155.352 5.318 -89.759
v -159.105 5.318 -83.721
f 3224 3223 3222 3221
f 3217 3218 3222 3221
f 3218 3219 3223 3222
f 3219 3220 3224 3223
f 3220 3217 3221 3224
v -158.161 1.399 -79.667
v -147.746 1.399 -87.159
v -142.519 1.399 -79.893
v -152.934 1.399 -72.401
v -158.161 5.299 -79.667
v -147.746 5.299 -87.159
v -142.519 5.299 -79.893
v -152.934 5.299 -72.401
f 3232 3231 3230 3229
f 3225 3226 3230 3229
f 3226 3227 3231 3230
f 3227 3228 3232 3231
f 3228 3225 3229 3232
v -248.607 1.514 -98.095
v -241.672 1.514 -109.350
v -235.593 1.514 -105.605
v -242.528 1.514 -94.350
v -248.607 5.414 -98.095
v -241.672 5.414 -109.350
v -235.593 5.414 -105.605
v -242.528 5.414 -94.350
f 3240 3239 3238 3237
f 3233 3234 3238 3237
f 3234 3235 3239 3238
f 3235 3236 3240 3239
f 3236 3233 3237 3240
v -234.789 1.518 188.589
v -216.269 1.518 216.204
v -232.771 1.518 227.271
v -251.291 1.518 199.656
v -234.789 5.418 188.589
v -216.269 5.418 216.204
v -232.771 5.418 227.271
v -251.291 5.418 199.656
f 3248 3247 3246 3245
f 3241 3242 3246 3245
f 3242 3243 3247 3246
f 3243 3244 3248 3247
f 3244 3241 3245 3248
v -256.781 1.407 180.959
v -249.931 1.407 165.773
v -237.279 1.407 171.481
v -244.129 1.407 186.667
v -256.781 5.307 180.959
v -249.931 5.307 165.773
v -237.279 5.307 171.481
v -244.129 5.307 186.667
f 3256 3255 3254 3253
f 3249 3250 3254 3253
f 3250 3251 3255 3254
f 3251 3252 3256 3255
f 3252 3249 3253 3256
v -232.995 1.455 182.017
v -228.438 1.455 176.010
v -222.805 1.455 180.283
v -227.362 1.455 186.290
v -232.995 5.355 182.017
v -228.438 5.355 176.010
v -222.805 5.355 180.283
v -227.362 5.355 186.290
f 3264 3263 3262 3261
f 3257 3258 3262 3261
f 3258 3259 3263 3262
f 3259 3260 3264 3263
f 3260 3257 3261 3264
v -229.046 1.753 152.136
v -215.101 1.753 166.695
v -227.494 1.753 178.564
v -241.439 1.753 164.005
v -229.046 5.653 152.136
v -215.101 5.653 166.695
v -227.494 5.653 178.564
v -241.439 5.653 164.005
f 3272 3271 3270 3269
f 3265 3266 3270 3269
f 3266 3267 3271 3270
f 3267 3268 3272 3271
f 3268 3265 3269 3272
v -215.683 1.530 173.809
v -208.098 1.530 178.597
v -212.577 1.530 185.691
v -220.162 1.530 180.903
v -215.683 5.430 173.809
v -208.098 5.430 178.597
v -212.577 5.430 185.691
v -220.162 5.430 180.903
f 3280 3279 3278 3277
f 3273 3274 3278 3277
f 3274 3275 3279 3278
f 3275 3276 3280 3279
f 3276 3273 3277 3280
usemtl road
v 9.391 1.079 -258.291
v -33.892 1.423 -229.541
v -30.848 1.448 -224.959
v 12.434 1.044 -253.709
f 3281 3282 3283 3284
v -33.901 1.423 -229.534
v -128.071 1.687 -166.414
v -125.009 1.616 -161.846
v -30.839 1.448 -224.966
f 3285 3286 3287 3288
v -128.045 1.687 -166.431
v -220.085 1.850 -106.221
v -217.075 1.871 -101.619
v -125.035 1.617 -161.829
f 3289 3290 3291 3292
v 64.528 1.018 -254.505
v 81.962 1.079 -227.595
v 86.578 1.014 -230.585
v 69.143 1.077 -257.495
f 3293 3294 3295 3296
v 82.018 1.079 -227.512
v 115.318 0.968 -179.972
v 119.822 0.934 -183.128
v 86.522 1.016 -230.668
f 3297 3298 3299 3300
v 115.318 0.968 -179.972
v 120.368 0.992 -172.762
v 124.872 0.963 -175.918
v 119.822 0.934 -183.128
f 3301 3302 3303 3304
v 229.456 1.179 193.496
v 188.806 0.950 133.576
v 184.254 0.947 136.664
v 224.904 1.184 196.584
f 3305 3306 3307 3308
v 188.806 0.950 133.576
v 147.946 1.067 73.356
v 143.394 1.146 76.444
v 184.254 0.947 136.664
f 3309 3310 3311 3312
v 147.946 1.067 73.357
v 126.076 1.193 41.107
v 121.524 1.251 44.193
v 143.394 1.146 76.443
f 3313 3314 3315 3316
v 126.076 1.193 41.107
v 114.596 1.110 24.177
v 110.044 1.163 27.263
v 121.524 1.251 44.193
f 3317 3318 3319 3320
v 114.595 1.110 24.175
v 107.525 1.154 13.765
v 102.975 1.195 16.855
v 110.045 1.163 27.265
f 3321 3322 3323 3324
v 107.526 1.154 13.766
v 65.776 1.162 -47.774
v 61.224 1.216 -44.686
v 102.974 1.195 16.854
f 3325 3326 3327 3328
v 65.776 1.162 -47.774
v 24.916 1.422 -108.014
v 20.364 1.432 -104.926
v 61.224 1.216 -44.686
f 3329 3330 3331 3332
v 133.255 0.791 -254.498
v 166.186 0.798 -203.978
v 170.794 0.773 -206.982
v 137.863 0.774 -257.502
f 3333 3334 3335 3336
v 166.180 0.798 -203.988
v 170.100 0.758 -197.918
v 174.720 0.877 -200.902
v 170.800 0.773 -206.972
f 3337 3338 3339 3340
v 170.100 0.758 -197.918
v 202.720 0.682 -147.408
v 207.340 0.776 -150.392
v 174.720 0.877 -200.902
f 3341 3342 3343 3344
v 202.720 0.682 -147.408
v 206.950 0.724 -140.858
v 211.570 0.746 -143.842
v 207.340 0.776 -150.392
f 3345 3346 3347 3348
v 206.951 0.724 -140.856
v 246.621 0.739 -79.556
v 251.239 0.723 -82.544
v 211.569 0.746 -143.844
f 3349 3350 3351 3352
v 43.216 1.313 -120.458
v 4.946 1.456 -176.118
v 0.414 1.471 -173.002
v 38.684 1.325 -117.342
f 3353 3354 3355 3356
v 4.970 1.456 -176.083
v -30.080 1.381 -228.773
v -34.660 1.454 -225.727
v 0.390 1.471 -173.037
f 3357 3358 3359 3360
v -30.105 1.381 -228.809
v -49.897 1.460 -257.559
v -54.427 1.397 -254.441
v -34.635 1.454 -225.691
f 3361 3362 3363 3364
v -258.292 1.748 -5.898
v -218.252 2.008 54.509
v -213.668 1.990 51.471
v -253.708 1.783 -8.937
f 3365 3366 3367 3368
v -219.724 2.051 140.772
v -185.424 1.660 197.522
v -180.716 1.667 194.678
v -215.016 1.965 137.928
f 3369 3370 3371 3372
v -185.345 1.658 197.645
v -144.670 1.156 257.545
v -140.120 1.145 254.455
v -180.795 1.669 194.555
f 3373 3374 3375 3376
v -215.764 1.909 141.582
v -114.614 1.576 68.792
v -117.826 1.577 64.328
v -218.976 2.084 137.118
f 3377 3378 3379 3380
v -115.544 1.602 69.226
v -114.084 1.570 68.856
v -115.436 1.566 63.524
v -116.896 1.564 63.894
f 3381 3382 3383 3384
v -114.083 1.570 68.855
v -105.023 1.777 66.555
v -106.377 1.802 61.225
v -115.437 1.566 63.525
f 3385 3386 3387 3388
v -105.185 1.774 66.591
v -93.635 1.598 64.391
v -94.665 1.661 58.989
v -106.215 1.799 61.189
f 3389 3390 3391 3392
v -92.597 1.625 63.959
v -33.867 1.808 23.769
v -36.973 1.796 19.231
v -95.703 1.634 59.421
f 3393 3394 3395 3396
v -33.866 1.808 23.769
v 65.054 1.192 -43.961
v 61.946 1.201 -48.499
v -36.974 1.796 19.231
f 3397 3398 3399 3400
v 65.014 1.192 -43.934
v 146.874 0.737 -97.924
v 143.846 0.780 -102.516
v 61.986 1.201 -48.526
f 3401 3402 3403 3404
v 146.874 0.737 -97.924
v 163.454 0.757 -108.854
v 160.426 0.733 -113.446
v 143.846 0.780 -102.516
f 3405 3406 3407 3408
v 163.454 0.757 -108.854
v 192.174 0.760 -127.794
v 189.146 0.688 -132.386
v 160.426 0.733 -113.446
f 3409 3410 3411 3412
v 192.173 0.760 -127.794
v 210.773 0.738 -140.054
v 207.747 0.724 -144.646
v 189.147 0.688 -132.386
f 3413 3414 3415 3416
v -105.329 1.428 -258.264
v -162.462 1.566 -218.844
v -159.338 1.664 -214.316
v -102.205 1.481 -253.736
f 3417 3418 3419 3420
v -162.411 1.566 -218.878
v -222.461 1.752 -179.398
v -219.439 1.865 -174.802
v -159.389 1.662 -214.282
f 3421 3422 3423 3424
v -222.460 1.752 -179.398
v -248.420 1.556 -162.338
v -245.400 1.612 -157.742
v -219.440 1.865 -174.802
f 3425 3426 3427 3428
v -248.421 1.556 -162.338
v -254.671 1.701 -158.228
v -251.649 1.716 -153.632
v -245.399 1.612 -157.742
f 3429 3430 3431 3432
v -181.780 1.868 -46.805
v -87.710 1.670 -109.815
v -90.770 1.725 -114.385
v -184.840 1.861 -51.375
f 3433 3434 3435 3436
v -87.694 1.670 -109.825
v 4.226 1.473 -172.285
v 1.134 1.487 -176.835
v -90.786 1.725 -114.375
f 3437 3438 3439 3440
v 4.208 1.473 -172.274
v 85.798 1.052 -226.804
v 82.742 1.102 -231.376
v 1.152 1.487 -176.846
f 3441 3442 3443 3444
v 85.835 1.051 -226.829
v 124.715 0.876 -253.739
v 121.585 0.692 -258.261
v 82.705 1.102 -231.351
f 3445 3446 3447 3448
v -124.616 1.079 258.293
v -21.371 1.435 189.893
v -24.409 1.434 185.307
v -127.654 1.096 253.707
f 3449 3450 3451 3452
v -21.361 1.436 189.886
v 117.949 1.257 96.736
v 114.891 1.246 92.164
v -24.419 1.434 185.314
f 3453 3454 3455 3456
v 117.948 1.257 96.736
v 147.198 1.117 77.186
v 144.142 1.117 72.614
v 114.892 1.246 92.164
f 3457 3458 3459 3460
v 147.194 1.117 77.189
v 257.524 0.828 3.761
v 254.476 0.835 -0.818
v 144.146 1.117 72.611
f 3461 3462 3463 3464
v 247.398 0.742 -83.334
v 103.718 1.182 13.026
v 106.782 1.157 17.594
v 250.462 0.723 -78.766
f 3465 3466 3467 3468
v 103.718 1.182 13.026
v -64.292 1.558 125.736
v -61.228 1.542 130.304
v 106.782 1.157 17.594
f 3469 3470 3471 3472
v -189.527 1.740 -254.472
v -163.187 1.590 -215.052
v -158.613 1.623 -218.108
v -184.954 1.767 -257.528
f 3473 3474 3475 3476
v -163.591 1.575 -216.012
v -162.351 1.627 -210.142
v -156.969 1.693 -211.278
v -158.209 1.700 -217.148
f 3477 3478 3479 3480
v -161.995 1.640 -209.258
v -155.925 1.683 -199.498
v -151.255 1.748 -202.402
v -157.325 1.728 -212.162
f 3481 3482 3483 3484
v -155.925 1.683 -199.497
v -134.965 1.591 -165.827
v -130.295 1.696 -168.733
v -151.255 1.748 -202.403
f 3485 3486 3487 3488
v -133.893 1.595 -164.837
v -127.803 1.660 -161.687
v -125.277 1.655 -166.573
v -131.367 1.696 -169.723
f 3489 3490 3491 3492
v -127.792 1.660 -161.681
v -121.982 1.574 -158.711
v -119.478 1.562 -163.609
v -125.288 1.655 -166.579
f 3493 3494 3495 3496
v -123.044 1.585 -159.675
v -91.554 1.684 -110.615
v -86.926 1.678 -113.585
v -118.416 1.573 -162.645
f 3497 3498 3499 3500
v -91.568 1.685 -110.636
v -56.798 1.612 -55.336
v -52.142 1.560 -58.264
v -86.912 1.677 -113.564
f 3501 3502 3503 3504
v -215.955 1.745 -258.275
v -257.545 1.675 -230.037
v -254.455 1.635 -225.487
v -212.865 1.718 -253.725
f 3505 3506 3507 3508
v -61.244 1.521 -48.312
v -52.584 1.606 -53.852
v -56.356 1.605 -59.748
v -65.016 1.625 -54.208
f 3509 3510 3511 3512
v -52.585 1.606 -53.851
v 14.675 1.493 -96.841
v 10.905 1.483 -102.739
v -56.355 1.604 -59.749
f 3513 3514 3515 3516
v 14.754 1.494 -96.893
v 24.604 1.356 -103.573
v 20.676 1.488 -109.367
v 10.826 1.483 -102.687
f 3517 3518 3519 3520
v 24.606 1.356 -103.574
v 42.916 1.216 -116.004
v 38.984 1.401 -121.796
v 20.674 1.488 -109.366
f 3521 3522 3523 3524
v 42.916 1.216 -116.004
v 124.586 0.956 -171.444
v 120.654 1.013 -177.236
v 38.984 1.401 -121.796
f 3525 3526 3527 3528
v 124.585 0.956 -171.444
v 146.025 0.817 -185.994
v 142.095 0.899 -191.786
v 120.655 1.013 -177.236
f 3529 3530 3531 3532
v 146.027 0.817 -185.995
v 164.787 0.810 -198.745
v 160.853 0.845 -204.535
v 142.093 0.899 -191.785
f 3533 3534 3535 3536
v 164.783 0.810 -198.742
v 170.453 0.751 -202.582
v 166.527 0.785 -208.378
v 160.857 0.845 -204.538
f 3537 3538 3539 3540
v 170.454 0.751 -202.583
v 174.644 0.804 -205.423
v 170.716 0.791 -211.217
v 166.526 0.785 -208.377
f 3541 3542 3543 3544
v 174.646 0.804 -205.424
v 244.875 0.671 -253.104
v 240.943 0.637 -258.896
v 170.714 0.791 -211.216
f 3545 3546 3547 3548
v -180.365 1.838 -50.981
v -214.005 1.802 -103.371
v -219.895 1.806 -99.589
v -186.255 1.762 -47.199
f 3549 3550 3551 3552
v -67.205 1.546 115.483
v -102.785 1.713 61.953
v -108.615 1.714 65.827
v -73.035 1.501 119.357
f 3553 3554 3555 3556
v -102.722 1.712 62.051
v -106.032 1.711 56.691
v -111.988 1.742 60.369
v -108.678 1.714 65.729
f 3557 3558 3559 3560
v -106.144 1.712 56.521
v -139.974 1.872 8.271
v -145.706 1.850 12.289
v -111.876 1.742 60.539
f 3561 3562 3563 3564
v -139.984 1.872 8.257
v -143.404 1.882 3.427
v -149.116 1.815 7.473
v -145.696 1.850 12.303
f 3565 3566 3567 3568
v -143.374 1.882 3.470
v -147.114 1.867 -1.980
v -152.886 1.822 1.980
v -149.146 1.814 7.430
f 3569 3570 3571 3572
v -147.104 1.867 -1.965
v -180.414 1.838 -51.055
v -186.206 1.762 -47.125
v -152.896 1.822 1.965
f 3573 3574 3575 3576
v -253.738 2.082 82.982
v -213.988 1.990 55.882
v -217.932 2.008 50.098
v -257.682 2.131 77.198
f 3577 3578 3579 3580
v -213.987 1.990 55.881
v -205.427 1.949 50.041
v -209.373 1.985 44.259
v -217.933 2.008 50.099
f 3581 3582 3583 3584
v -205.428 1.949 50.042
v -155.928 1.757 16.282
v -159.872 1.748 10.498
v -209.372 1.985 44.258
f 3585 3586 3587 3588
v -155.927 1.757 16.281
v -150.667 1.707 12.691
v -154.613 1.734 6.909
v -159.873 1.748 10.499
f 3589 3590 3591 3592
v -150.668 1.707 12.692
v -144.288 1.915 8.342
v -148.232 1.901 2.558
v -154.612 1.734 6.908
f 3593 3594 3595 3596
v -144.287 1.915 8.341
v -136.197 1.762 2.821
v -140.143 1.755 -2.961
v -148.233 1.901 2.559
f 3597 3598 3599 3600
v -136.197 1.762 2.821
v -132.577 1.831 0.351
v -136.523 1.739 -5.431
v -140.143 1.755 -2.961
f 3601 3602 3603 3604
v -132.578 1.831 0.351
v -80.968 1.566 -34.859
v -84.912 1.680 -40.641
v -136.522 1.739 -5.431
f 3605 3606 3607 3608
v -80.968 1.566 -34.858
v -61.158 1.520 -48.368
v -65.102 1.625 -54.152
v -84.912 1.680 -40.642
f 3609 3610 3611 3612
v 26.230 1.224 252.826
v 21.160 1.339 245.236
v 15.340 1.333 249.124
v 20.410 1.281 256.714
f 3613 3614 3615 3616
v 21.130 1.339 245.191
v -20.010 1.386 185.611
v -25.770 1.329 189.589
v 15.370 1.332 249.169
f 3617 3618 3619 3620
v -19.981 1.386 185.653
v -59.851 1.495 126.073
v -65.669 1.481 129.967
v -25.799 1.329 189.547
f 3621 3622 3623 3624
v -59.885 1.495 126.024
v -67.245 1.546 115.424
v -72.995 1.501 119.416
v -65.635 1.481 130.016
f 3625 3626 3627 3628
v 240.930 1.123 181.198
v 225.180 1.140 192.168
v 229.180 1.138 197.912
v 244.930 1.123 186.942
f 3629 3630 3631 3632
v 225.194 1.140 192.158
v 192.394 1.037 214.758
v 196.366 1.046 220.522
v 229.166 1.138 197.922
f 3633 3634 3635 3636
v 192.391 1.037 214.760
v 186.601 1.050 218.760
v 190.579 1.038 224.520
v 196.369 1.046 220.520
f 3637 3638 3639 3640
v 186.603 1.050 218.759
v 178.193 1.053 224.559
v 182.167 1.059 230.321
v 190.577 1.038 224.521
f 3641 3642 3643 3644
v 178.197 1.053 224.556
v 172.527 1.075 228.456
v 176.493 1.095 234.224
v 182.163 1.059 230.324
f 3645 3646 3647 3648
v 172.518 1.075 228.462
v 168.328 1.104 231.362
v 172.312 1.088 237.118
v 176.502 1.095 234.218
f 3649 3650 3651 3652
v 168.336 1.104 231.356
v 155.486 1.136 240.196
v 159.454 1.139 245.964
v 172.304 1.088 237.124
f 3653 3654 3655 3656
v 155.479 1.136 240.201
v 147.729 1.160 245.561
v 151.711 1.158 251.319
v 159.461 1.139 245.959
f 3657 3658 3659 3660
v 147.734 1.160 245.558
v 136.762 1.155 253.118
v 140.734 1.119 258.882
v 151.706 1.158 251.322
f 3661 3662 3663 3664
v -72.121 1.586 114.548
v -185.071 1.682 193.228
v -181.069 1.633 198.972
v -68.119 1.577 120.292
f 3665 3666 3667 3668
v -185.030 1.682 193.200
v -257.960 1.704 242.489
v -254.040 1.728 248.288
v -181.110 1.632 199.000
f 3669 3670 3671 3672
v 19.774 1.371 249.469
v 86.134 1.136 205.279
v 83.086 1.137 200.701
v 16.726 1.389 244.891
f 3673 3674 3675 3676
v 86.147 1.136 205.271
v 87.557 1.138 204.321
v 84.483 1.134 199.759
v 83.073 1.137 200.709
f 3677 3678 3679 3680
v 87.544 1.138 204.329
v 188.054 0.968 137.409
v 185.006 0.980 132.831
v 84.496 1.134 199.751
f 3681 3682 3683 3684
v 188.068 0.968 137.399
v 257.538 0.878 90.516
v 254.462 0.842 85.957
v 184.992 0.980 132.841
f 3685 3686 3687 3688
v 210.992 0.623 -100.990
v 192.142 0.701 -131.020
v 189.178 0.699 -129.160
v 208.028 0.783 -99.130
f 3689 3690 3691 3692
v 133.693 0.863 -114.935
v 143.893 0.788 -99.265
v 146.827 0.793 -101.175
v 136.627 0.871 -116.845
f 3693 3694 3695 3696
v 174.265 0.936 -95.842
v 163.395 0.746 -112.122
v 160.485 0.757 -110.178
v 171.355 0.966 -93.898
f 3697 3698 3699 3700
v 121.755 1.003 17.390
v 111.355 1.139 24.260
v 113.285 1.160 27.180
v 123.685 1.043 20.310
f 3701 3702 3703 3704
v 132.799 1.013 34.029
v 122.779 1.259 41.229
v 124.821 1.265 44.071
v 134.841 1.019 36.871
f 3705 3706 3707 3708
v 123.799 1.519 101.849
v 117.849 1.286 93.439
v 114.991 1.277 95.461
v 120.941 1.526 103.871
f 3709 3710 3711 3712
v 76.011 1.255 193.850
v 83.181 1.146 204.000
v 86.039 1.146 201.980
v 78.869 1.247 191.830
f 3713 3714 3715 3716
v 96.171 1.334 214.267
v 87.481 1.153 201.077
v 84.559 1.149 203.003
v 93.249 1.294 216.193
f 3717 3718 3719 3720
v 139.831 1.116 239.589
v 148.391 1.215 249.579
v 151.049 1.190 247.301
v 142.489 1.137 237.311
f 3721 3722 3723 3724
v 150.496 1.212 233.085
v 155.906 1.165 243.865
v 159.034 1.163 242.295
v 153.624 1.202 231.515
f 3725 3726 3727 3728
v 167.199 1.094 222.776
v 173.019 1.138 232.256
v 176.001 1.133 230.424
v 170.181 1.068 220.944
f 3729 3730 3731 3732
v 172.005 1.094 218.117
v 178.715 1.122 228.397
v 181.645 1.109 226.483
v 174.935 1.072 216.203
f 3733 3734 3735 3736
v 185.212 1.085 209.306
v 193.032 1.093 218.756
v 195.728 1.098 216.524
v 187.908 1.066 207.074
f 3737 3738 3739 3740
v 198.989 1.232 233.584
v 190.029 1.092 220.644
v 187.151 1.099 222.636
v 196.111 1.209 235.576
f 3741 3742 3743 3744
v 179.688 1.348 242.814
v 171.668 1.142 233.124
v 168.972 1.138 235.356
v 176.992 1.147 245.046
f 3745 3746 3747 3748
v -236.435 2.096 -63.161
v -248.005 1.718 -79.741
v -250.875 1.713 -77.739
v -239.305 2.122 -61.159
f 3749 3750 3751 3752
v -251.257 1.801 -96.534
v -245.507 1.618 -88.594
v -242.673 1.622 -90.646
v -248.423 1.829 -98.586
f 3753 3754 3755 3756
v -245.518 1.618 -88.608
v -242.138 1.707 -83.838
v -239.282 1.714 -85.862
v -242.662 1.622 -90.632
f 3757 3758 3759 3760
v -241.292 1.912 -109.354
v -234.232 1.669 -96.574
v -231.168 1.653 -98.266
v -238.228 1.835 -111.046
f 3761 3762 3763 3764
v -234.234 1.669 -96.577
v -231.474 1.710 -91.557
v -228.406 1.715 -93.243
v -231.166 1.653 -98.263
f 3765 3766 3767 3768
v -69.736 1.978 -18.837
v -51.406 1.979 -30.057
v -53.234 1.977 -33.043
v -71.564 1.971 -21.823
f 3769 3770 3771 3772
v -53.807 1.993 -30.627
v -39.107 1.994 -6.947
v -36.133 1.954 -8.793
v -50.833 1.966 -32.473
f 3773 3774 3775 3776
v -38.648 1.988 -9.286
v -49.048 2.023 -1.736
v -46.992 1.994 1.096
v -36.592 1.932 -6.454
f 3777 3778 3779 3780
v -49.407 2.021 -1.387
v -53.847 1.951 4.383
v -51.073 1.956 6.517
v -46.633 1.992 0.747
f 3781 3782 3783 3784
v -68.540 1.934 20.172
v -78.710 2.388 27.682
v -76.630 2.125 30.498
v -66.460 1.928 22.988
f 3785 3786 3787 3788
v -63.981 2.018 -10.972
v -81.161 1.960 0.318
v -79.239 1.942 3.242
v -62.059 2.002 -8.048
f 3789 3790 3791 3792
v -86.744 1.987 -5.196
v -81.674 1.962 2.724
v -78.726 1.952 0.836
v -83.796 2.018 -7.084
f 3793 3794 3795 3796
v -81.673 1.962 2.725
v -68.973 1.957 22.525
v -66.027 1.920 20.635
v -78.727 1.952 0.835
f 3797 3798 3799 3800
v -66.546 1.930 23.047
v -52.026 1.894 13.607
v -53.934 1.888 10.673
v -68.454 1.933 20.113
f 3801 3802 3803 3804
v -51.235 1.912 12.276
v -50.715 1.965 5.586
v -54.205 1.933 5.314
v -54.725 1.883 12.004
f 3805 3806 3807 3808
v -84.370 1.631 -36.741
v -72.080 1.979 -19.321
v -69.220 1.965 -21.339
v -81.510 1.615 -38.759
f 3809 3810 3811 3812
v -72.080 1.979 -19.321
v -64.450 1.994 -8.501
v -61.590 2.017 -10.519
v -69.220 1.965 -21.339
f 3813 3814 3815 3816
v -64.450 1.994 -8.501
v -53.890 1.923 6.459
v -51.030 1.975 4.441
v -61.590 2.017 -10.519
f 3817 3818 3819 3820
v -52.879 1.929 7.149
v -46.109 1.946 8.819
v -45.271 1.956 5.421
v -52.041 1.976 3.751
f 3821 3822 3823 3824
v -47.114 1.949 8.137
v -36.844 1.790 22.517
v -33.996 1.775 20.483
v -44.266 1.939 6.103
f 3825 3826 3827 3828
v -218.526 1.865 -103.734
v -231.516 1.649 -94.654
v -228.364 1.682 -90.146
v -215.374 1.876 -99.226
f 3829 3830 3831 3832
v -231.519 1.649 -94.652
v -242.289 1.673 -87.102
v -239.131 1.665 -82.598
v -228.361 1.682 -90.148
f 3833 3834 3835 3836
v -242.287 1.673 -87.103
v -251.017 1.682 -80.993
v -247.863 1.655 -76.487
v -239.133 1.665 -82.597
f 3837 3838 3839 3840
v -240.935 1.760 -137.491
v -235.095 1.669 -141.181
v -236.965 1.685 -144.139
v -242.805 1.756 -140.449
f 3841 3842 3843 3844
v -235.078 1.669 -141.192
v -218.678 1.937 -151.832
v -220.582 1.946 -154.768
v -236.982 1.685 -144.128
f 3845 3846 3847 3848
v -217.880 1.895 -153.259
v -217.690 1.975 -161.359
v -221.190 1.938 -161.441
v -221.380 1.944 -153.341
f 3849 3850 3851 3852
v -217.774 1.971 -160.863
v -216.014 2.030 -166.323
v -219.346 1.998 -167.397
v -221.106 1.939 -161.937
f 3853 3854 3855 3856
v -216.685 2.022 -165.421
v -214.285 2.035 -167.081
v -216.275 2.030 -169.959
v -218.675 2.010 -168.299
f 3857 3858 3859 3860
v -214.285 2.035 -167.080
v -208.725 2.176 -170.920
v -210.715 2.078 -173.800
v -216.275 2.030 -169.960
f 3861 3862 3863 3864
v -208.771 2.176 -170.889
v -204.431 2.078 -173.689
v -206.329 2.056 -176.631
v -210.669 2.078 -173.831
f 3865 3866 3867 3868
v -206.728 2.085 -174.044
v -204.898 2.126 -171.834
v -202.202 2.072 -174.066
v -204.032 2.060 -176.276
f 3869 3870 3871 3872
v -202.554 2.106 -171.511
v -182.594 2.162 -185.331
v -184.586 2.121 -188.209
v -204.546 2.074 -174.389
f 3873 3874 3875 3876
v -185.022 2.149 -185.764
v -182.492 2.175 -182.164
v -179.628 2.159 -184.176
v -182.158 2.132 -187.776
f 3877 3878 3879 3880
v -180.111 2.165 -181.700
v -156.791 1.783 -196.760
v -158.689 1.759 -199.700
v -182.009 2.166 -184.640
f 3881 3882 3883 3884
v -156.781 1.782 -196.766
v -152.631 1.708 -199.486
v -154.549 1.684 -202.414
v -158.699 1.760 -199.694
f 3885 3886 3887 3888
v -213.820 2.047 -169.485
v -219.490 1.802 -178.065
v -222.410 1.815 -176.135
v -216.740 2.027 -167.555
f 3889 3890 3891 3892
v -214.040 1.803 -103.424
v -215.670 1.805 -105.864
v -221.490 1.786 -101.976
v -219.860 1.806 -99.536
f 3893 3894 3895 3896
v -215.665 1.805 -105.857
v -238.955 1.688 -140.907
v -244.785 1.722 -137.033
v -221.495 1.786 -101.983
f 3897 3898 3899 3900
v -238.957 1.688 -140.909
v -250.247 1.614 -157.869
v -256.073 1.688 -153.991
v -244.783 1.722 -137.031
f 3901 3902 3903 3904
v -245.990 2.123 99.008
v -240.010 2.155 108.718
v -237.030 2.156 106.882
v -243.010 2.031 97.172
f 3905 3906 3907 3908
v -240.011 2.155 108.717
v -231.281 2.062 122.917
v -228.299 1.968 121.083
v -237.029 2.156 106.883
f 3909 3910 3911 3912
v -228.803 1.990 123.445
v -200.423 2.060 104.065
v -202.397 2.189 101.175
v -230.777 1.983 120.555
f 3913 3914 3915 3916
v -199.956 2.138 101.646
v -208.926 2.260 88.256
v -211.834 2.229 90.204
v -202.864 2.105 103.594
f 3917 3918 3919 3920
v -208.925 2.260 88.258
v -214.675 2.284 79.648
v -217.585 2.260 81.592
v -211.835 2.229 90.202
f 3921 3922 3923 3924
v -217.048 2.268 79.130
v -245.418 2.023 96.600
v -243.582 2.063 99.580
v -215.212 2.267 82.110
f 3925 3926 3927 3928
v -243.015 2.031 97.164
v -250.815 2.090 84.654
v -253.785 2.101 86.506
v -245.985 2.123 99.016
f 3929 3930 3931 3932
v -250.813 2.090 84.657
v -254.223 2.113 79.167
v -257.197 2.131 81.013
v -253.787 2.101 86.503
f 3933 3934 3935 3936
usemtl asphalt
