# Baked ultra-low Key West silhouette; generated by bake_key_west_far_city.py
mtllib far_city.mtl
usemtl massing
v 110.843 1.955 195.056
v 127.261 1.955 195.676
v 126.617 1.955 212.764
v 110.199 1.955 212.144
v 110.843 5.855 195.056
v 127.261 5.855 195.676
v 126.617 5.855 212.764
v 110.199 5.855 212.144
f 8 7 6 5
f 1 2 6 5
f 2 3 7 6
f 3 4 8 7
f 4 1 5 8
v 128.111 1.919 238.030
v 136.416 1.919 225.659
v 145.249 1.919 231.590
v 136.944 1.919 243.961
v 128.111 5.819 238.030
v 136.416 5.819 225.659
v 145.249 5.819 231.590
v 136.944 5.819 243.961
f 16 15 14 13
f 9 10 14 13
f 10 11 15 14
f 11 12 16 15
f 12 9 13 16
v 129.119 1.908 239.374
v 153.766 1.908 251.160
v 147.661 1.908 263.926
v 123.014 1.908 252.140
v 129.119 5.808 239.374
v 153.766 5.808 251.160
v 147.661 5.808 263.926
v 123.014 5.808 252.140
f 24 23 22 21
f 17 18 22 21
f 18 19 23 22
f 19 20 24 23
f 20 17 21 24
v 23.819 1.813 -34.715
v 33.258 1.813 -14.909
v 18.941 1.813 -8.085
v 9.502 1.813 -27.891
v 23.819 5.713 -34.715
v 33.258 5.713 -14.909
v 18.941 5.713 -8.085
v 9.502 5.713 -27.891
f 32 31 30 29
f 25 26 30 29
f 26 27 31 30
f 27 28 32 31
f 28 25 29 32
v 24.216 1.456 -63.757
v 34.698 1.456 -78.513
v 42.484 1.456 -72.983
v 32.002 1.456 -58.227
v 24.216 5.356 -63.757
v 34.698 5.356 -78.513
v 42.484 5.356 -72.983
v 32.002 5.356 -58.227
f 40 39 38 37
f 33 34 38 37
f 34 35 39 38
f 35 36 40 39
f 36 33 37 40
v 124.186 1.635 -76.100
v 144.567 1.635 -62.630
v 137.714 1.635 -52.260
v 117.333 1.635 -65.730
v 124.186 5.535 -76.100
v 144.567 5.535 -62.630
v 137.714 5.535 -52.260
v 117.333 5.535 -65.730
f 48 47 46 45
f 41 42 46 45
f 42 43 47 46
f 43 44 48 47
f 44 41 45 48
v 90.369 1.862 78.731
v 100.594 1.862 85.729
v 96.911 1.862 91.109
v 86.686 1.862 84.111
v 90.369 5.762 78.731
v 100.594 5.762 85.729
v 96.911 5.762 91.109
v 86.686 5.762 84.111
f 56 55 54 53
f 49 50 54 53
f 50 51 55 54
f 51 52 56 55
f 52 49 53 56
v 142.427 1.937 180.437
v 157.167 1.937 159.568
v 171.233 1.937 169.503
v 156.493 1.937 190.372
v 142.427 5.837 180.437
v 157.167 5.837 159.568
v 171.233 5.837 169.503
v 156.493 5.837 190.372
f 64 63 62 61
f 57 58 62 61
f 58 59 63 62
f 59 60 64 63
f 60 57 61 64
v 201.959 1.666 172.063
v 281.065 1.666 205.052
v 267.201 1.666 238.297
v 188.095 1.666 205.308
v 201.959 9.966 172.063
v 281.065 9.966 205.052
v 267.201 9.966 238.297
v 188.095 9.966 205.308
f 72 71 70 69
f 65 66 70 69
f 66 67 71 70
f 67 68 72 71
f 68 65 69 72
v 154.645 1.854 242.575
v 173.073 1.854 253.651
v 167.355 1.854 263.165
v 148.927 1.854 252.089
v 154.645 5.754 242.575
v 173.073 5.754 253.651
v 167.355 5.754 263.165
v 148.927 5.754 252.089
f 80 79 78 77
f 73 74 78 77
f 74 75 79 78
f 75 76 80 79
f 76 73 77 80
v 56.842 1.823 90.031
v 70.369 1.823 99.144
v 65.178 1.823 106.849
v 51.651 1.823 97.736
v 56.842 5.723 90.031
v 70.369 5.723 99.144
v 65.178 5.723 106.849
v 51.651 5.723 97.736
f 88 87 86 85
f 81 82 86 85
f 82 83 87 86
f 83 84 88 87
f 84 81 85 88
v 9.538 1.106 53.534
v 49.512 1.106 81.577
v 41.242 1.106 93.366
v 1.268 1.106 65.323
v 9.538 6.906 53.534
v 49.512 6.906 81.577
v 41.242 6.906 93.366
v 1.268 6.906 65.323
f 96 95 94 93
f 89 90 94 93
f 90 91 95 94
f 91 92 96 95
f 92 89 93 96
v -6.843 1.727 33.658
v 5.914 1.727 6.859
v 27.683 1.727 17.222
v 14.926 1.727 44.021
v -6.843 7.527 33.658
v 5.914 7.527 6.859
v 27.683 7.527 17.222
v 14.926 7.527 44.021
f 104 103 102 101
f 97 98 102 101
f 98 99 103 102
f 99 100 104 103
f 100 97 101 104
v -143.683 1.402 -203.570
v -122.766 1.402 -190.302
v -131.057 1.402 -177.230
v -151.974 1.402 -190.498
v -143.683 5.302 -203.570
v -122.766 5.302 -190.302
v -131.057 5.302 -177.230
v -151.974 5.302 -190.498
f 112 111 110 109
f 105 106 110 109
f 106 107 111 110
f 107 108 112 111
f 108 105 109 112
v -41.855 1.415 -62.586
v -25.905 1.415 -52.901
v -34.885 1.415 -38.114
v -50.835 1.415 -47.799
v -41.855 7.715 -62.586
v -25.905 7.715 -52.901
v -34.885 7.715 -38.114
v -50.835 7.715 -47.799
f 120 119 118 117
f 113 114 118 117
f 114 115 119 118
f 115 116 120 119
f 116 113 117 120
v 131.140 2.045 1.399
v 145.672 2.045 11.435
v 139.660 2.045 20.141
v 125.128 2.045 10.105
v 131.140 5.545 1.399
v 145.672 5.545 11.435
v 139.660 5.545 20.141
v 125.128 5.545 10.105
f 128 127 126 125
f 121 122 126 125
f 122 123 127 126
f 123 124 128 127
f 124 121 125 128
v 138.933 1.779 47.325
v 148.478 1.779 33.403
v 158.647 1.779 40.375
v 149.102 1.779 54.297
v 138.933 5.279 47.325
v 148.478 5.279 33.403
v 158.647 5.279 40.375
v 149.102 5.279 54.297
f 136 135 134 133
f 129 130 134 133
f 130 131 135 134
f 131 132 136 135
f 132 129 133 136
v 112.220 1.743 -30.836
v 125.126 1.743 -22.235
v 119.480 1.743 -13.764
v 106.574 1.743 -22.365
v 112.220 11.043 -30.836
v 125.126 11.043 -22.235
v 119.480 11.043 -13.764
v 106.574 11.043 -22.365
f 144 143 142 141
f 137 138 142 141
f 138 139 143 142
f 139 140 144 143
f 140 137 141 144
v 92.007 1.412 72.031
v 101.535 1.412 58.340
v 108.273 1.412 63.029
v 98.745 1.412 76.720
v 92.007 4.912 72.031
v 101.535 4.912 58.340
v 108.273 4.912 63.029
v 98.745 4.912 76.720
f 152 151 150 149
f 145 146 150 149
f 146 147 151 150
f 147 148 152 151
f 148 145 149 152
v 6.943 1.943 -175.107
v 18.225 1.943 -193.761
v 27.397 1.943 -188.213
v 16.115 1.943 -169.559
v 6.943 8.243 -175.107
v 18.225 8.243 -193.761
v 27.397 8.243 -188.213
v 16.115 8.243 -169.559
f 160 159 158 157
f 153 154 158 157
f 154 155 159 158
f 155 156 160 159
f 156 153 157 160
v 13.355 1.960 -133.791
v 29.232 1.960 -151.856
v 39.185 1.960 -143.109
v 23.308 1.960 -125.044
v 13.355 11.260 -133.791
v 29.232 11.260 -151.856
v 39.185 11.260 -143.109
v 23.308 11.260 -125.044
f 168 167 166 165
f 161 162 166 165
f 162 163 167 166
f 163 164 168 167
f 164 161 165 168
v 116.007 1.410 -129.683
v 128.004 1.410 -144.724
v 136.213 1.410 -138.177
v 124.216 1.410 -123.136
v 116.007 7.710 -129.683
v 128.004 7.710 -144.724
v 136.213 7.710 -138.177
v 124.216 7.710 -123.136
f 176 175 174 173
f 169 170 174 173
f 170 171 175 174
f 171 172 176 175
f 172 169 173 176
v 80.587 1.471 -104.376
v 92.227 1.471 -120.738
v 107.513 1.471 -109.864
v 95.873 1.471 -93.502
v 80.587 4.971 -104.376
v 92.227 4.971 -120.738
v 107.513 4.971 -109.864
v 95.873 4.971 -93.502
f 184 183 182 181
f 177 178 182 181
f 178 179 183 182
f 179 180 184 183
f 180 177 181 184
v -1.680 1.999 -256.297
v 5.898 1.999 -229.373
v -4.440 1.999 -226.463
v -12.018 1.999 -253.387
v -1.680 8.299 -256.297
v 5.898 8.299 -229.373
v -4.440 8.299 -226.463
v -12.018 8.299 -253.387
f 192 191 190 189
f 185 186 190 189
f 186 187 191 190
f 187 188 192 191
f 188 185 189 192
v -88.070 1.594 -204.517
v -70.551 1.594 -192.902
v -76.530 1.594 -183.883
v -94.049 1.594 -195.498
v -88.070 7.894 -204.517
v -70.551 7.894 -192.902
v -76.530 7.894 -183.883
v -94.049 7.894 -195.498
f 200 199 198 197
f 193 194 198 197
f 194 195 199 198
f 195 196 200 199
f 196 193 197 200
v -3.120 2.003 -200.659
v 7.282 2.003 -219.532
v 17.100 2.003 -214.121
v 6.698 2.003 -195.248
v -3.120 8.303 -200.659
v 7.282 8.303 -219.532
v 17.100 8.303 -214.121
v 6.698 8.303 -195.248
f 208 207 206 205
f 201 202 206 205
f 202 203 207 206
f 203 204 208 207
f 204 201 205 208
v 166.074 1.759 56.116
v 177.701 1.759 64.561
v 172.106 1.759 72.264
v 160.479 1.759 63.819
v 166.074 8.059 56.116
v 177.701 8.059 64.561
v 172.106 8.059 72.264
v 160.479 8.059 63.819
f 216 215 214 213
f 209 210 214 213
f 210 211 215 214
f 211 212 216 215
f 212 209 213 216
v 248.580 1.543 68.002
v 257.161 1.543 72.879
v 252.580 1.543 80.938
v 243.999 1.543 76.061
v 248.580 5.043 68.002
v 257.161 5.043 72.879
v 252.580 5.043 80.938
v 243.999 5.043 76.061
f 224 223 222 221
f 217 218 222 221
f 218 219 223 222
f 219 220 224 223
f 220 217 221 224
v 220.706 1.319 -114.736
v 228.891 1.319 -127.970
v 239.054 1.319 -121.684
v 230.869 1.319 -108.450
v 220.706 7.619 -114.736
v 228.891 7.619 -127.970
v 239.054 7.619 -121.684
v 230.869 7.619 -108.450
f 232 231 230 229
f 225 226 230 229
f 226 227 231 230
f 227 228 232 231
f 228 225 229 232
v 168.452 1.336 -235.908
v 176.065 1.336 -247.718
v 186.748 1.336 -240.832
v 179.135 1.336 -229.022
v 168.452 4.836 -235.908
v 176.065 4.836 -247.718
v 186.748 4.836 -240.832
v 179.135 4.836 -229.022
f 240 239 238 237
f 233 234 238 237
f 234 235 239 238
f 235 236 240 239
f 236 233 237 240
v 181.858 1.119 -211.900
v 192.323 1.119 -227.985
v 200.722 1.119 -222.520
v 190.257 1.119 -206.435
v 181.858 7.419 -211.900
v 192.323 7.419 -227.985
v 200.722 7.419 -222.520
v 190.257 7.419 -206.435
f 248 247 246 245
f 241 242 246 245
f 242 243 247 246
f 243 244 248 247
f 244 241 245 248
v 235.039 1.329 -90.650
v 245.184 1.329 -105.154
v 251.281 1.329 -100.890
v 241.136 1.329 -86.386
v 235.039 7.629 -90.650
v 245.184 7.629 -105.154
v 251.281 7.629 -100.890
v 241.136 7.629 -86.386
f 256 255 254 253
f 249 250 254 253
f 250 251 255 254
f 251 252 256 255
f 252 249 253 256
v -76.123 1.711 7.735
v -63.509 1.711 21.783
v -74.737 1.711 31.865
v -87.351 1.711 17.817
v -76.123 8.011 7.735
v -63.509 8.011 21.783
v -74.737 8.011 31.865
v -87.351 8.011 17.817
f 264 263 262 261
f 257 258 262 261
f 258 259 263 262
f 259 260 264 263
f 260 257 261 264
v -46.210 1.644 -33.220
v -20.190 1.644 -45.305
v -11.790 1.644 -27.220
v -37.810 1.644 -15.135
v -46.210 7.944 -33.220
v -20.190 7.944 -45.305
v -11.790 7.944 -27.220
v -37.810 7.944 -15.135
f 272 271 270 269
f 265 266 270 269
f 266 267 271 270
f 267 268 272 271
f 268 265 269 272
v -73.736 1.419 -251.385
v -70.703 1.419 -249.319
v -72.504 1.419 -246.675
v -75.537 1.419 -248.741
v -73.736 5.319 -251.385
v -70.703 5.319 -249.319
v -72.504 5.319 -246.675
v -75.537 5.319 -248.741
f 280 279 278 277
f 273 274 278 277
f 274 275 279 278
f 275 276 280 279
f 276 273 277 280
v -257.069 1.416 74.917
v -254.608 1.416 70.223
v -251.251 1.416 71.983
v -253.712 1.416 76.677
v -257.069 5.316 74.917
v -254.608 5.316 70.223
v -251.251 5.316 71.983
v -253.712 5.316 76.677
f 288 287 286 285
f 281 282 286 285
f 282 283 287 286
f 283 284 288 287
f 284 281 285 288
v -223.641 1.346 96.265
v -219.023 1.346 89.477
v -216.939 1.346 90.895
v -221.557 1.346 97.683
v -223.641 5.246 96.265
v -219.023 5.246 89.477
v -216.939 5.246 90.895
v -221.557 5.246 97.683
f 296 295 294 293
f 289 290 294 293
f 290 291 295 294
f 291 292 296 295
f 292 289 293 296
v -234.792 1.604 74.686
v -229.489 1.604 66.913
v -225.648 1.604 69.534
v -230.951 1.604 77.307
v -234.792 5.504 74.686
v -229.489 5.504 66.913
v -225.648 5.504 69.534
v -230.951 5.504 77.307
f 304 303 302 301
f 297 298 302 301
f 298 299 303 302
f 299 300 304 303
f 300 297 301 304
v -219.205 1.441 36.003
v -216.140 1.441 31.545
v -213.215 1.441 33.557
v -216.280 1.441 38.015
v -219.205 5.341 36.003
v -216.140 5.341 31.545
v -213.215 5.341 33.557
v -216.280 5.341 38.015
f 312 311 310 309
f 305 306 310 309
f 306 307 311 310
f 307 308 312 311
f 308 305 309 312
v -182.641 1.467 3.085
v -176.512 1.467 -5.916
v -173.999 1.467 -4.205
v -180.128 1.467 4.796
v -182.641 5.367 3.085
v -176.512 5.367 -5.916
v -173.999 5.367 -4.205
v -180.128 5.367 4.796
f 320 319 318 317
f 313 314 318 317
f 314 315 319 318
f 315 316 320 319
f 316 313 317 320
v -194.210 1.521 11.354
v -190.620 1.521 13.722
v -192.470 1.521 16.526
v -196.060 1.521 14.158
v -194.210 5.421 11.354
v -190.620 5.421 13.722
v -192.470 5.421 16.526
v -196.060 5.421 14.158
f 328 327 326 325
f 321 322 326 325
f 322 323 327 326
f 323 324 328 327
f 324 321 325 328
v -191.398 1.722 42.122
v -187.306 1.722 36.210
v -182.702 1.722 39.398
v -186.794 1.722 45.310
v -191.398 5.622 42.122
v -187.306 5.622 36.210
v -182.702 5.622 39.398
v -186.794 5.622 45.310
f 336 335 334 333
f 329 330 334 333
f 330 331 335 334
f 331 332 336 335
f 332 329 333 336
v -143.122 1.462 95.742
v -138.997 1.462 98.460
v -141.038 1.462 101.558
v -145.163 1.462 98.840
v -143.122 5.362 95.742
v -138.997 5.362 98.460
v -141.038 5.362 101.558
v -145.163 5.362 98.840
f 344 343 342 341
f 337 338 342 341
f 338 339 343 342
f 339 340 344 343
f 340 337 341 344
v -112.855 1.326 111.580
v -106.925 1.326 102.891
v -103.365 1.326 105.320
v -109.295 1.326 114.009
v -112.855 5.226 111.580
v -106.925 5.226 102.891
v -103.365 5.226 105.320
v -109.295 5.226 114.009
f 352 351 350 349
f 345 346 350 349
f 346 347 351 350
f 347 348 352 351
f 348 345 349 352
v -91.364 1.472 117.557
v -86.561 1.472 110.508
v -84.396 1.472 111.983
v -89.199 1.472 119.032
v -91.364 5.372 117.557
v -86.561 5.372 110.508
v -84.396 5.372 111.983
v -89.199 5.372 119.032
f 360 359 358 357
f 353 354 358 357
f 354 355 359 358
f 355 356 360 359
f 356 353 357 360
v -86.269 1.418 116.089
v -69.622 1.418 139.345
v -82.511 1.418 148.571
v -99.158 1.418 125.315
v -86.269 5.318 116.089
v -69.622 5.318 139.345
v -82.511 5.318 148.571
v -99.158 5.318 125.315
f 368 367 366 365
f 361 362 366 365
f 362 363 367 366
f 363 364 368 367
f 364 361 365 368
v -84.079 1.539 126.169
v -69.530 1.539 135.948
v -72.341 1.539 140.131
v -86.890 1.539 130.352
v -84.079 5.439 126.169
v -69.530 5.439 135.948
v -72.341 5.439 140.131
v -86.890 5.439 130.352
f 376 375 374 373
f 369 370 374 373
f 370 371 375 374
f 371 372 376 375
f 372 369 373 376
v -102.105 1.541 219.925
v -98.058 1.541 222.669
v -99.635 1.541 224.995
v -103.682 1.541 222.251
v -102.105 5.441 219.925
v -98.058 5.441 222.669
v -99.635 5.441 224.995
v -103.682 5.441 222.251
f 384 383 382 381
f 377 378 382 381
f 378 379 383 382
f 379 380 384 383
f 380 377 381 384
v -157.530 1.381 201.671
v -152.689 1.381 205.080
v -155.470 1.381 209.029
v -160.311 1.381 205.620
v -157.530 5.281 201.671
v -152.689 5.281 205.080
v -155.470 5.281 209.029
v -160.311 5.281 205.620
f 392 391 390 389
f 385 386 390 389
f 386 387 391 390
f 387 388 392 391
f 388 385 389 392
v -110.499 1.420 182.831
v -105.849 1.420 186.179
v -108.361 1.420 189.669
v -113.011 1.420 186.321
v -110.499 5.320 182.831
v -105.849 5.320 186.179
v -108.361 5.320 189.669
v -113.011 5.320 186.321
f 400 399 398 397
f 393 394 398 397
f 394 395 399 398
f 395 396 400 399
f 396 393 397 400
v -98.023 1.411 179.661
v -92.761 1.411 183.071
v -95.437 1.411 187.199
v -100.699 1.411 183.789
v -98.023 5.311 179.661
v -92.761 5.311 183.071
v -95.437 5.311 187.199
v -100.699 5.311 183.789
f 408 407 406 405
f 401 402 406 405
f 402 403 407 406
f 403 404 408 407
f 404 401 405 408
v -137.094 1.359 187.190
v -132.245 1.359 180.038
v -127.006 1.359 183.590
v -131.855 1.359 190.742
v -137.094 5.259 187.190
v -132.245 5.259 180.038
v -127.006 5.259 183.590
v -131.855 5.259 190.742
f 416 415 414 413
f 409 410 414 413
f 410 411 415 414
f 411 412 416 415
f 412 409 413 416
v -154.495 1.439 162.203
v -149.106 1.439 165.448
v -152.025 1.439 170.297
v -157.414 1.439 167.052
v -154.495 5.339 162.203
v -149.106 5.339 165.448
v -152.025 5.339 170.297
v -157.414 5.339 167.052
f 424 423 422 421
f 417 418 422 421
f 418 419 423 422
f 419 420 424 423
f 420 417 421 424
v -215.879 1.382 182.492
v -211.416 1.382 176.169
v -208.981 1.382 177.888
v -213.444 1.382 184.211
v -215.879 5.282 182.492
v -211.416 5.282 176.169
v -208.981 5.282 177.888
v -213.444 5.282 184.211
f 432 431 430 429
f 425 426 430 429
f 426 427 431 430
f 427 428 432 431
f 428 425 429 432
v -209.316 1.437 162.273
v -205.630 1.437 164.749
v -207.604 1.437 167.687
v -211.290 1.437 165.211
v -209.316 5.337 162.273
v -205.630 5.337 164.749
v -207.604 5.337 167.687
v -211.290 5.337 165.211
f 440 439 438 437
f 433 434 438 437
f 434 435 439 438
f 435 436 440 439
f 436 433 437 440
v -235.172 1.643 162.765
v -232.414 1.643 164.921
v -234.348 1.643 167.395
v -237.106 1.643 165.239
v -235.172 5.543 162.765
v -232.414 5.543 164.921
v -234.348 5.543 167.395
v -237.106 5.543 165.239
f 448 447 446 445
f 441 442 446 445
f 442 443 447 446
f 443 444 448 447
f 444 441 445 448
v -241.211 1.526 160.333
v -238.854 1.526 156.857
v -235.949 1.526 158.827
v -238.306 1.526 162.303
v -241.211 5.426 160.333
v -238.854 5.426 156.857
v -235.949 5.426 158.827
v -238.306 5.426 162.303
f 456 455 454 453
f 449 450 454 453
f 450 451 455 454
f 451 452 456 455
f 452 449 453 456
v -253.599 1.395 207.387
v -249.164 1.395 201.019
v -245.381 1.395 203.653
v -249.816 1.395 210.021
v -253.599 5.295 207.387
v -249.164 5.295 201.019
v -245.381 5.295 203.653
v -249.816 5.295 210.021
f 464 463 462 461
f 457 458 462 461
f 458 459 463 462
f 459 460 464 463
f 460 457 461 464
v -133.445 1.496 238.627
v -126.561 1.496 242.914
v -129.675 1.496 247.913
v -136.559 1.496 243.626
v -133.445 5.396 238.627
v -126.561 5.396 242.914
v -129.675 5.396 247.913
v -136.559 5.396 243.626
f 472 471 470 469
f 465 466 470 469
f 466 467 471 470
f 467 468 472 471
f 468 465 469 472
v -184.313 1.356 232.529
v -175.645 1.356 238.420
v -179.607 1.356 244.251
v -188.275 1.356 238.360
v -184.313 5.256 232.529
v -175.645 5.256 238.420
v -179.607 5.256 244.251
v -188.275 5.256 238.360
f 480 479 478 477
f 473 474 478 477
f 474 475 479 478
f 475 476 480 479
f 476 473 477 480
v -12.155 1.612 -263.913
v -11.482 1.612 -234.000
v -39.625 1.612 -233.367
v -40.298 1.612 -263.280
v -12.155 5.512 -263.913
v -11.482 5.512 -234.000
v -39.625 5.512 -233.367
v -40.298 5.512 -263.280
f 488 487 486 485
f 481 482 486 485
f 482 483 487 486
f 483 484 488 487
f 484 481 485 488
v 14.032 1.886 -250.037
v 15.152 1.886 -239.587
v 5.408 1.886 -238.543
v 4.288 1.886 -248.993
v 14.032 5.786 -250.037
v 15.152 5.786 -239.587
v 5.408 5.786 -238.543
v 4.288 5.786 -248.993
f 496 495 494 493
f 489 490 494 493
f 490 491 495 494
f 491 492 496 495
f 492 489 493 496
v 4.946 1.874 -240.900
v 15.085 1.874 -232.668
v 7.074 1.874 -222.800
v -3.065 1.874 -231.032
v 4.946 5.774 -240.900
v 15.085 5.774 -232.668
v 7.074 5.774 -222.800
v -3.065 5.774 -231.032
f 504 503 502 501
f 497 498 502 501
f 498 499 503 502
f 499 500 504 503
f 500 497 501 504
v 21.004 1.631 -249.935
v 21.456 1.631 -259.805
v 30.616 1.631 -259.385
v 30.164 1.631 -249.515
v 21.004 5.531 -249.935
v 21.456 5.531 -259.805
v 30.616 5.531 -259.385
v 30.164 5.531 -249.515
f 512 511 510 509
f 505 506 510 509
f 506 507 511 510
f 507 508 512 511
f 508 505 509 512
v 34.341 1.676 -250.425
v 34.530 1.676 -260.443
v 43.439 1.676 -260.275
v 43.250 1.676 -250.257
v 34.341 5.576 -250.425
v 34.530 5.576 -260.443
v 43.439 5.576 -260.275
v 43.250 5.576 -250.257
f 520 519 518 517
f 513 514 518 517
f 514 515 519 518
f 515 516 520 519
f 516 513 517 520
v 11.225 1.766 -222.057
v 21.622 1.766 -219.326
v 19.015 1.766 -209.403
v 8.618 1.766 -212.134
v 11.225 5.666 -222.057
v 21.622 5.666 -219.326
v 19.015 5.666 -209.403
v 8.618 5.666 -212.134
f 528 527 526 525
f 521 522 526 525
f 522 523 527 526
f 523 524 528 527
f 524 521 525 528
v 17.101 1.725 -210.407
v 25.649 1.725 -206.473
v 23.459 1.725 -201.713
v 14.911 1.725 -205.647
v 17.101 5.625 -210.407
v 25.649 5.625 -206.473
v 23.459 5.625 -201.713
v 14.911 5.625 -205.647
f 536 535 534 533
f 529 530 534 533
f 530 531 535 534
f 531 532 536 535
f 532 529 533 536
v 19.981 1.702 -198.960
v 27.306 1.702 -194.010
v 24.299 1.702 -189.560
v 16.974 1.702 -194.510
v 19.981 5.602 -198.960
v 27.306 5.602 -194.010
v 24.299 5.602 -189.560
v 16.974 5.602 -194.510
f 544 543 542 541
f 537 538 542 541
f 538 539 543 542
f 539 540 544 543
f 540 537 541 544
v 21.756 1.684 -183.952
v 27.504 1.684 -191.741
v 35.164 1.684 -186.088
v 29.416 1.684 -178.299
v 21.756 5.584 -183.952
v 27.504 5.584 -191.741
v 35.164 5.584 -186.088
v 29.416 5.584 -178.299
f 552 551 550 549
f 545 546 550 549
f 546 547 551 550
f 547 548 552 551
f 548 545 549 552
v 37.514 1.700 -193.274
v 43.042 1.700 -201.317
v 50.566 1.700 -196.146
v 45.038 1.700 -188.103
v 37.514 5.600 -193.274
v 43.042 5.600 -201.317
v 50.566 5.600 -196.146
v 45.038 5.600 -188.103
f 560 559 558 557
f 553 554 558 557
f 554 555 559 558
f 555 556 560 559
f 556 553 557 560
v 44.457 1.901 -197.003
v 52.291 1.901 -210.122
v 61.443 1.901 -204.657
v 53.609 1.901 -191.538
v 44.457 5.801 -197.003
v 52.291 5.801 -210.122
v 61.443 5.801 -204.657
v 53.609 5.801 -191.538
f 568 567 566 565
f 561 562 566 565
f 562 563 567 566
f 563 564 568 567
f 564 561 565 568
v 84.785 1.613 -233.900
v 86.464 1.613 -203.346
v 58.695 1.613 -201.820
v 57.016 1.613 -232.374
v 84.785 5.513 -233.900
v 86.464 5.513 -203.346
v 58.695 5.513 -201.820
v 57.016 5.513 -232.374
f 576 575 574 573
f 569 570 574 573
f 570 571 575 574
f 571 572 576 575
f 572 569 573 576
v 92.024 1.559 -232.199
v 103.831 1.559 -249.189
v 112.996 1.559 -242.821
v 101.189 1.559 -225.831
v 92.024 5.459 -232.199
v 103.831 5.459 -249.189
v 112.996 5.459 -242.821
v 101.189 5.459 -225.831
f 584 583 582 581
f 577 578 582 581
f 578 579 583 582
f 579 580 584 583
f 580 577 581 584
v 86.498 1.399 -242.079
v 93.858 1.399 -237.274
v 91.382 1.399 -233.481
v 84.022 1.399 -238.286
v 86.498 5.299 -242.079
v 93.858 5.299 -237.274
v 91.382 5.299 -233.481
v 84.022 5.299 -238.286
f 592 591 590 589
f 585 586 590 589
f 586 587 591 590
f 587 588 592 591
f 588 585 589 592
v 87.892 1.428 -227.904
v 94.122 1.428 -235.573
v 101.628 1.428 -229.476
v 95.398 1.428 -221.807
v 87.892 5.328 -227.904
v 94.122 5.328 -235.573
v 101.628 5.328 -229.476
v 95.398 5.328 -221.807
f 600 599 598 597
f 593 594 598 597
f 594 595 599 598
f 595 596 600 599
f 596 593 597 600
v 145.456 1.250 -234.732
v 160.030 1.250 -224.794
v 154.504 1.250 -216.688
v 139.930 1.250 -226.626
v 145.456 5.150 -234.732
v 160.030 5.150 -224.794
v 154.504 5.150 -216.688
v 139.930 5.150 -226.626
f 608 607 606 605
f 601 602 606 605
f 602 603 607 606
f 603 604 608 607
f 604 601 605 608
v 156.894 1.300 -241.425
v 164.973 1.300 -237.024
v 162.026 1.300 -231.615
v 153.947 1.300 -236.016
v 156.894 5.200 -241.425
v 164.973 5.200 -237.024
v 162.026 5.200 -231.615
v 153.947 5.200 -236.016
f 616 615 614 613
f 609 610 614 613
f 610 611 615 614
f 611 612 616 615
f 612 609 613 616
v 160.218 1.250 -228.593
v 174.462 1.250 -219.442
v 170.662 1.250 -213.527
v 156.418 1.250 -222.678
v 160.218 5.150 -228.593
v 174.462 5.150 -219.442
v 170.662 5.150 -213.527
v 156.418 5.150 -222.678
f 624 623 622 621
f 617 618 622 621
f 618 619 623 622
f 619 620 624 623
f 620 617 621 624
v 152.025 1.389 -190.253
v 162.225 1.389 -206.153
v 168.875 1.389 -201.887
v 158.675 1.389 -185.987
v 152.025 5.289 -190.253
v 162.225 5.289 -206.153
v 168.875 5.289 -201.887
v 158.675 5.289 -185.987
f 632 631 630 629
f 625 626 630 629
f 626 627 631 630
f 627 628 632 631
f 628 625 629 632
v 169.636 1.417 -202.096
v 179.844 1.417 -218.121
v 186.684 1.417 -213.764
v 176.476 1.417 -197.739
v 169.636 5.317 -202.096
v 179.844 5.317 -218.121
v 186.684 5.317 -213.764
v 176.476 5.317 -197.739
f 640 639 638 637
f 633 634 638 637
f 634 635 639 638
f 635 636 640 639
f 636 633 637 640
v 187.505 1.462 -258.853
v 197.805 1.462 -252.445
v 192.195 1.462 -243.427
v 181.895 1.462 -249.835
v 187.505 5.362 -258.853
v 197.805 5.362 -252.445
v 192.195 5.362 -243.427
v 181.895 5.362 -249.835
f 648 647 646 645
f 641 642 646 645
f 642 643 647 646
f 643 644 648 647
f 644 641 645 648
v 218.351 1.064 -241.202
v 223.598 1.064 -248.881
v 226.529 1.064 -246.878
v 221.282 1.064 -239.199
v 218.351 4.964 -241.202
v 223.598 4.964 -248.881
v 226.529 4.964 -246.878
v 221.282 4.964 -239.199
f 656 655 654 653
f 649 650 654 653
f 650 651 655 654
f 651 652 656 655
f 652 649 653 656
v 219.831 1.224 -232.124
v 225.253 1.224 -240.251
v 232.049 1.224 -235.716
v 226.627 1.224 -227.589
v 219.831 5.124 -232.124
v 225.253 5.124 -240.251
v 232.049 5.124 -235.716
v 226.627 5.124 -227.589
f 664 663 662 661
f 657 658 662 661
f 658 659 663 662
f 659 660 664 663
f 660 657 661 664
v 198.378 1.219 -219.686
v 204.702 1.219 -236.367
v 217.662 1.219 -231.454
v 211.338 1.219 -214.773
v 198.378 5.119 -219.686
v 204.702 5.119 -236.367
v 217.662 5.119 -231.454
v 211.338 5.119 -214.773
f 672 671 670 669
f 665 666 670 669
f 666 667 671 670
f 667 668 672 671
f 668 665 669 672
v 135.706 1.323 -182.670
v 144.802 1.323 -195.355
v 155.854 1.323 -187.430
v 146.758 1.323 -174.745
v 135.706 5.223 -182.670
v 144.802 5.223 -195.355
v 155.854 5.223 -187.430
v 146.758 5.223 -174.745
f 680 679 678 677
f 673 674 678 677
f 674 675 679 678
f 675 676 680 679
f 676 673 677 680
v 128.056 1.368 -191.819
v 131.741 1.368 -198.512
v 136.664 1.368 -195.801
v 132.979 1.368 -189.108
v 128.056 5.268 -191.819
v 131.741 5.268 -198.512
v 136.664 5.268 -195.801
v 132.979 5.268 -189.108
f 688 687 686 685
f 681 682 686 685
f 682 683 687 686
f 683 684 688 687
f 684 681 685 688
v 120.099 1.548 -204.543
v 127.355 1.548 -214.759
v 136.201 1.548 -208.477
v 128.945 1.548 -198.261
v 120.099 5.448 -204.543
v 127.355 5.448 -214.759
v 136.201 5.448 -208.477
v 128.945 5.448 -198.261
f 696 695 694 693
f 689 690 694 693
f 690 691 695 694
f 691 692 696 695
f 692 689 693 696
v 112.272 1.201 -201.609
v 118.136 1.201 -209.869
v 123.428 1.201 -206.111
v 117.564 1.201 -197.851
v 112.272 5.101 -201.609
v 118.136 5.101 -209.869
v 123.428 5.101 -206.111
v 117.564 5.101 -197.851
f 704 703 702 701
f 697 698 702 701
f 698 699 703 702
f 699 700 704 703
f 700 697 701 704
v 106.805 1.309 -193.535
v 114.984 1.309 -205.678
v 119.695 1.309 -202.505
v 111.516 1.309 -190.362
v 106.805 5.209 -193.535
v 114.984 5.209 -205.678
v 119.695 5.209 -202.505
v 111.516 5.209 -190.362
f 712 711 710 709
f 705 706 710 709
f 706 707 711 710
f 707 708 712 711
f 708 705 709 712
v 96.735 1.235 -186.452
v 103.269 1.235 -197.830
v 108.845 1.235 -194.628
v 102.311 1.235 -183.250
v 96.735 5.135 -186.452
v 103.269 5.135 -197.830
v 108.845 5.135 -194.628
v 102.311 5.135 -183.250
f 720 719 718 717
f 713 714 718 717
f 714 715 719 718
f 715 716 720 719
f 716 713 717 720
v 86.787 1.308 -194.479
v 93.830 1.308 -189.975
v 91.173 1.308 -185.821
v 84.130 1.308 -190.325
v 86.787 5.208 -194.479
v 93.830 5.208 -189.975
v 91.173 5.208 -185.821
v 84.130 5.208 -190.325
f 728 727 726 725
f 721 722 726 725
f 722 723 727 726
f 723 724 728 727
f 724 721 725 728
v 112.210 1.239 -185.061
v 114.296 1.239 -187.682
v 116.510 1.239 -185.919
v 114.424 1.239 -183.298
v 112.210 5.139 -185.061
v 114.296 5.139 -187.682
v 116.510 5.139 -185.919
v 114.424 5.139 -183.298
f 736 735 734 733
f 729 730 734 733
f 730 731 735 734
f 731 732 736 735
f 732 729 733 736
v 124.927 1.310 -184.189
v 128.478 1.310 -191.088
v 134.533 1.310 -187.971
v 130.982 1.310 -181.072
v 124.927 5.210 -184.189
v 128.478 5.210 -191.088
v 134.533 5.210 -187.971
v 130.982 5.210 -181.072
f 744 743 742 741
f 737 738 742 741
f 738 739 743 742
f 739 740 744 743
f 740 737 741 744
v -11.591 1.756 -187.819
v -7.738 1.756 -197.112
v -2.889 1.756 -195.101
v -6.742 1.756 -185.808
v -11.591 5.656 -187.819
v -7.738 5.656 -197.112
v -2.889 5.656 -195.101
v -6.742 5.656 -185.808
f 752 751 750 749
f 745 746 750 749
f 746 747 751 750
f 747 748 752 751
f 748 745 749 752
v 4.627 1.666 -126.303
v 14.786 1.666 -141.932
v 20.193 1.666 -138.417
v 10.034 1.666 -122.788
v 4.627 5.566 -126.303
v 14.786 5.566 -141.932
v 20.193 5.566 -138.417
v 10.034 5.566 -122.788
f 760 759 758 757
f 753 754 758 757
f 754 755 759 758
f 755 756 760 759
f 756 753 757 760
v 42.142 1.250 -119.145
v 50.636 1.250 -131.130
v 57.938 1.250 -125.955
v 49.444 1.250 -113.970
v 42.142 5.150 -119.145
v 50.636 5.150 -131.130
v 57.938 5.150 -125.955
v 49.444 5.150 -113.970
f 768 767 766 765
f 761 762 766 765
f 762 763 767 766
f 763 764 768 767
f 764 761 765 768
v 32.217 1.236 -112.262
v 43.122 1.236 -127.955
v 49.363 1.236 -123.618
v 38.458 1.236 -107.925
v 32.217 5.136 -112.262
v 43.122 5.136 -127.955
v 49.363 5.136 -123.618
v 38.458 5.136 -107.925
f 776 775 774 773
f 769 770 774 773
f 770 771 775 774
f 771 772 776 775
f 772 769 773 776
v 23.842 1.469 -101.240
v 28.301 1.469 -109.173
v 32.878 1.469 -106.600
v 28.419 1.469 -98.667
v 23.842 5.369 -101.240
v 28.301 5.369 -109.173
v 32.878 5.369 -106.600
v 28.419 5.369 -98.667
f 784 783 782 781
f 777 778 782 781
f 778 779 783 782
f 779 780 784 783
f 780 777 781 784
v 28.343 1.458 -106.613
v 34.784 1.458 -116.572
v 39.957 1.458 -113.227
v 33.516 1.458 -103.268
v 28.343 5.358 -106.613
v 34.784 5.358 -116.572
v 39.957 5.358 -113.227
v 33.516 5.358 -103.268
f 792 791 790 789
f 785 786 790 789
f 786 787 791 790
f 787 788 792 791
f 788 785 789 792
v -1.186 1.539 -87.736
v 6.962 1.539 -100.019
v 14.946 1.539 -94.724
v 6.798 1.539 -82.441
v -1.186 5.439 -87.736
v 6.962 5.439 -100.019
v 14.946 5.439 -94.724
v 6.798 5.439 -82.441
f 800 799 798 797
f 793 794 798 797
f 794 795 799 798
f 795 796 800 799
f 796 793 797 800
v -10.298 1.362 -82.742
v -3.022 1.362 -93.418
v 4.638 1.362 -88.198
v -2.638 1.362 -77.522
v -10.298 5.262 -82.742
v -3.022 5.262 -93.418
v 4.638 5.262 -88.198
v -2.638 5.262 -77.522
f 808 807 806 805
f 801 802 806 805
f 802 803 807 806
f 803 804 808 807
f 804 801 805 808
v -17.585 1.439 -83.772
v -5.316 1.439 -75.142
v -9.855 1.439 -68.688
v -22.124 1.439 -77.318
v -17.585 5.339 -83.772
v -5.316 5.339 -75.142
v -9.855 5.339 -68.688
v -22.124 5.339 -77.318
f 816 815 814 813
f 809 810 814 813
f 810 811 815 814
f 811 812 816 815
f 812 809 813 816
v -2.785 1.689 -65.737
v 16.702 1.689 -53.427
v 13.225 1.689 -47.923
v -6.262 1.689 -60.233
v -2.785 5.589 -65.737
v 16.702 5.589 -53.427
v 13.225 5.589 -47.923
v -6.262 5.589 -60.233
f 824 823 822 821
f 817 818 822 821
f 818 819 823 822
f 819 820 824 823
f 820 817 821 824
v 16.983 1.490 -59.601
v 23.359 1.490 -69.825
v 28.917 1.490 -66.359
v 22.541 1.490 -56.135
v 16.983 5.390 -59.601
v 23.359 5.390 -69.825
v 28.917 5.390 -66.359
v 22.541 5.390 -56.135
f 832 831 830 829
f 825 826 830 829
f 826 827 831 830
f 827 828 832 831
f 828 825 829 832
v 4.985 1.815 -52.352
v 19.208 1.815 -43.224
v 14.795 1.815 -36.348
v 0.572 1.815 -45.476
v 4.985 5.715 -52.352
v 19.208 5.715 -43.224
v 14.795 5.715 -36.348
v 0.572 5.715 -45.476
f 840 839 838 837
f 833 834 838 837
f 834 835 839 838
f 835 836 840 839
f 836 833 837 840
v 34.243 1.986 -34.161
v 41.548 1.986 -45.490
v 48.977 1.986 -40.699
v 41.672 1.986 -29.370
v 34.243 5.886 -34.161
v 41.548 5.886 -45.490
v 48.977 5.886 -40.699
v 41.672 5.886 -29.370
f 848 847 846 845
f 841 842 846 845
f 842 843 847 846
f 843 844 848 847
f 844 841 845 848
v 41.874 1.656 -41.940
v 52.141 1.656 -57.246
v 60.886 1.656 -51.380
v 50.619 1.656 -36.074
v 41.874 5.556 -41.940
v 52.141 5.556 -57.246
v 60.886 5.556 -51.380
v 50.619 5.556 -36.074
f 856 855 854 853
f 849 850 854 853
f 850 851 855 854
f 851 852 856 855
f 852 849 853 856
v 56.869 1.550 -48.948
v 65.622 1.550 -62.078
v 73.551 1.550 -56.792
v 64.798 1.550 -43.662
v 56.869 5.450 -48.948
v 65.622 5.450 -62.078
v 73.551 5.450 -56.792
v 64.798 5.450 -43.662
f 864 863 862 861
f 857 858 862 861
f 858 859 863 862
f 859 860 864 863
f 860 857 861 864
v 77.332 1.569 -63.884
v 85.834 1.569 -58.525
v 81.328 1.569 -51.376
v 72.826 1.569 -56.735
v 77.332 5.469 -63.884
v 85.834 5.469 -58.525
v 81.328 5.469 -51.376
v 72.826 5.469 -56.735
f 872 871 870 869
f 865 866 870 869
f 866 867 871 870
f 867 868 872 871
f 868 865 869 872
v 77.517 1.319 -66.252
v 86.116 1.319 -78.749
v 97.163 1.319 -71.148
v 88.564 1.319 -58.651
v 77.517 5.219 -66.252
v 86.116 5.219 -78.749
v 97.163 5.219 -71.148
v 88.564 5.219 -58.651
f 880 879 878 877
f 873 874 878 877
f 874 875 879 878
f 875 876 880 879
f 876 873 877 880
v 74.002 1.534 -90.869
v 84.769 1.534 -83.637
v 81.178 1.534 -78.291
v 70.411 1.534 -85.523
v 74.002 5.434 -90.869
v 84.769 5.434 -83.637
v 81.178 5.434 -78.291
v 70.411 5.434 -85.523
f 888 887 886 885
f 881 882 886 885
f 882 883 887 886
f 883 884 888 887
f 884 881 885 888
v 60.120 1.466 -90.683
v 68.702 1.466 -104.127
v 77.240 1.466 -98.677
v 68.658 1.466 -85.233
v 60.120 5.366 -90.683
v 68.702 5.366 -104.127
v 77.240 5.366 -98.677
v 68.658 5.366 -85.233
f 896 895 894 893
f 889 890 894 893
f 890 891 895 894
f 891 892 896 895
f 892 889 893 896
v 53.025 1.404 -82.997
v 60.762 1.404 -96.034
v 68.295 1.404 -91.563
v 60.558 1.404 -78.526
v 53.025 5.304 -82.997
v 60.762 5.304 -96.034
v 68.295 5.304 -91.563
v 60.558 5.304 -78.526
f 904 903 902 901
f 897 898 902 901
f 898 899 903 902
f 899 900 904 903
f 900 897 901 904
v 42.193 1.442 -82.314
v 50.433 1.442 -91.753
v 58.207 1.442 -84.966
v 49.967 1.442 -75.527
v 42.193 5.342 -82.314
v 50.433 5.342 -91.753
v 58.207 5.342 -84.966
v 49.967 5.342 -75.527
f 912 911 910 909
f 905 906 910 909
f 906 907 911 910
f 907 908 912 911
f 908 905 909 912
v 45.136 1.520 -65.114
v 49.812 1.520 -71.814
v 54.724 1.520 -68.386
v 50.048 1.520 -61.686
v 45.136 5.420 -65.114
v 49.812 5.420 -71.814
v 54.724 5.420 -68.386
v 50.048 5.420 -61.686
f 920 919 918 917
f 913 914 918 917
f 914 915 919 918
f 915 916 920 919
f 916 913 917 920
v -22.722 1.592 -11.685
v 1.672 1.592 -5.989
v -2.198 1.592 10.585
v -26.592 1.592 4.889
v -22.722 5.492 -11.685
v 1.672 5.492 -5.989
v -2.198 5.492 10.585
v -26.592 5.492 4.889
f 928 927 926 925
f 921 922 926 925
f 922 923 927 926
f 923 924 928 927
f 924 921 925 928
v -28.275 1.582 12.656
v -21.880 1.582 3.376
v -18.125 1.582 5.964
v -24.520 1.582 15.244
v -28.275 5.482 12.656
v -21.880 5.482 3.376
v -18.125 5.482 5.964
v -24.520 5.482 15.244
f 936 935 934 933
f 929 930 934 933
f 930 931 935 934
f 931 932 936 935
f 932 929 933 936
v -36.622 1.480 18.592
v -28.507 1.480 7.356
v -22.038 1.480 12.028
v -30.153 1.480 23.264
v -36.622 5.380 18.592
v -28.507 5.380 7.356
v -22.038 5.380 12.028
v -30.153 5.380 23.264
f 944 943 942 941
f 937 938 942 941
f 938 939 943 942
f 939 940 944 943
f 940 937 941 944
v -50.287 1.467 24.079
v -39.111 1.467 9.336
v -31.373 1.467 15.201
v -42.549 1.467 29.944
v -50.287 5.367 24.079
v -39.111 5.367 9.336
v -31.373 5.367 15.201
v -42.549 5.367 29.944
f 952 951 950 949
f 945 946 950 949
f 946 947 951 950
f 947 948 952 951
f 948 945 949 952
v -36.700 1.431 49.749
v -20.280 1.431 31.958
v -9.280 1.431 42.111
v -25.700 1.431 59.902
v -36.700 5.331 49.749
v -20.280 5.331 31.958
v -9.280 5.331 42.111
v -25.700 5.331 59.902
f 960 959 958 957
f 953 954 958 957
f 954 955 959 958
f 955 956 960 959
f 956 953 957 960
v -19.742 1.407 40.181
v -12.886 1.407 28.925
v -7.018 1.407 32.499
v -13.874 1.407 43.755
v -19.742 5.307 40.181
v -12.886 5.307 28.925
v -7.018 5.307 32.499
v -13.874 5.307 43.755
f 968 967 966 965
f 961 962 966 965
f 962 963 967 966
f 963 964 968 967
f 964 961 965 968
v -8.647 1.641 36.155
v 0.442 1.641 23.439
v 6.047 1.641 27.445
v -3.042 1.641 40.161
v -8.647 5.541 36.155
v 0.442 5.541 23.439
v 6.047 5.541 27.445
v -3.042 5.541 40.161
f 976 975 974 973
f 969 970 974 973
f 970 971 975 974
f 971 972 976 975
f 972 969 973 976
v -13.259 1.446 52.608
v 3.122 1.446 61.955
v -1.601 1.446 70.232
v -17.982 1.446 60.885
v -13.259 5.346 52.608
v 3.122 5.346 61.955
v -1.601 5.346 70.232
v -17.982 5.346 60.885
f 984 983 982 981
f 977 978 982 981
f 978 979 983 982
f 979 980 984 983
f 980 977 981 984
v -8.771 1.469 67.132
v -3.912 1.469 70.653
v -5.749 1.469 73.188
v -10.608 1.469 69.667
v -8.771 5.369 67.132
v -3.912 5.369 70.653
v -5.749 5.369 73.188
v -10.608 5.369 69.667
f 992 991 990 989
f 985 986 990 989
f 986 987 991 990
f 987 988 992 991
f 988 985 989 992
v -4.692 1.513 64.049
v 11.605 1.513 72.910
v 6.732 1.513 81.871
v -9.565 1.513 73.010
v -4.692 5.413 64.049
v 11.605 5.413 72.910
v 6.732 5.413 81.871
v -9.565 5.413 73.010
f 1000 999 998 997
f 993 994 998 997
f 994 995 999 998
f 995 996 1000 999
f 996 993 997 1000
v 37.317 1.550 75.208
v 44.660 1.550 67.166
v 52.923 1.550 74.712
v 45.580 1.550 82.754
v 37.317 5.450 75.208
v 44.660 5.450 67.166
v 52.923 5.450 74.712
v 45.580 5.450 82.754
f 1008 1007 1006 1005
f 1001 1002 1006 1005
f 1002 1003 1007 1006
f 1003 1004 1008 1007
f 1004 1001 1005 1008
v 48.656 1.904 84.307
v 54.069 1.904 76.451
v 61.184 1.904 81.353
v 55.771 1.904 89.209
v 48.656 5.804 84.307
v 54.069 5.804 76.451
v 61.184 5.804 81.353
v 55.771 5.804 89.209
f 1016 1015 1014 1013
f 1009 1010 1014 1013
f 1010 1011 1015 1014
f 1011 1012 1016 1015
f 1012 1009 1013 1016
v 26.322 1.595 77.077
v 35.651 1.595 83.293
v 33.538 1.595 86.463
v 24.209 1.595 80.247
v 26.322 5.495 77.077
v 35.651 5.495 83.293
v 33.538 5.495 86.463
v 24.209 5.495 80.247
f 1024 1023 1022 1021
f 1017 1018 1022 1021
f 1018 1019 1023 1022
f 1019 1020 1024 1023
f 1020 1017 1021 1024
v 37.619 0.827 78.080
v 43.239 0.827 81.386
v 40.901 0.827 85.360
v 35.281 0.827 82.054
v 37.619 4.727 78.080
v 43.239 4.727 81.386
v 40.901 4.727 85.360
v 35.281 4.727 82.054
f 1032 1031 1030 1029
f 1025 1026 1030 1029
f 1026 1027 1031 1030
f 1027 1028 1032 1031
f 1028 1025 1029 1032
v 50.127 1.752 84.855
v 64.221 1.752 93.887
v 61.313 1.752 98.425
v 47.219 1.752 89.393
v 50.127 5.652 84.855
v 64.221 5.652 93.887
v 61.313 5.652 98.425
v 47.219 5.652 89.393
f 1040 1039 1038 1037
f 1033 1034 1038 1037
f 1034 1035 1039 1038
f 1035 1036 1040 1039
f 1036 1033 1037 1040
v 71.481 1.563 56.181
v 91.364 1.563 52.617
v 94.719 1.563 71.339
v 74.836 1.563 74.903
v 71.481 5.463 56.181
v 91.364 5.463 52.617
v 94.719 5.463 71.339
v 74.836 5.463 74.903
f 1048 1047 1046 1045
f 1041 1042 1046 1045
f 1042 1043 1047 1046
f 1043 1044 1048 1047
f 1044 1041 1045 1048
v 79.973 1.829 51.048
v 89.095 1.829 37.757
v 96.227 1.829 42.652
v 87.105 1.829 55.943
v 79.973 5.729 51.048
v 89.095 5.729 37.757
v 96.227 5.729 42.652
v 87.105 5.729 55.943
f 1056 1055 1054 1053
f 1049 1050 1054 1053
f 1050 1051 1055 1054
f 1051 1052 1056 1055
f 1052 1049 1053 1056
v 87.622 1.863 37.596
v 94.220 1.863 31.114
v 100.478 1.863 37.484
v 93.880 1.863 43.966
v 87.622 5.763 37.596
v 94.220 5.763 31.114
v 100.478 5.763 37.484
v 93.880 5.763 43.966
f 1064 1063 1062 1061
f 1057 1058 1062 1061
f 1058 1059 1063 1062
f 1059 1060 1064 1063
f 1060 1057 1061 1064
v 104.512 2.198 68.037
v 116.114 2.198 52.978
v 125.128 2.198 59.923
v 113.526 2.198 74.982
v 104.512 6.098 68.037
v 116.114 6.098 52.978
v 125.128 6.098 59.923
v 113.526 6.098 74.982
f 1072 1071 1070 1069
f 1065 1066 1070 1069
f 1066 1067 1071 1070
f 1067 1068 1072 1071
f 1068 1065 1069 1072
v 122.511 1.922 63.334
v 128.608 1.922 54.909
v 133.469 1.922 58.426
v 127.372 1.922 66.851
v 122.511 5.822 63.334
v 128.608 5.822 54.909
v 133.469 5.822 58.426
v 127.372 5.822 66.851
f 1080 1079 1078 1077
f 1073 1074 1078 1077
f 1074 1075 1079 1078
f 1075 1076 1080 1079
f 1076 1073 1077 1080
v 129.077 1.858 53.330
v 135.029 1.858 44.186
v 142.103 1.858 48.790
v 136.151 1.858 57.934
v 129.077 5.758 53.330
v 135.029 5.758 44.186
v 142.103 5.758 48.790
v 136.151 5.758 57.934
f 1088 1087 1086 1085
f 1081 1082 1086 1085
f 1082 1083 1087 1086
f 1083 1084 1088 1087
f 1084 1081 1085 1088
v 99.300 1.846 33.078
v 105.832 1.846 24.527
v 111.140 1.846 28.582
v 104.608 1.846 37.133
v 99.300 5.746 33.078
v 105.832 5.746 24.527
v 111.140 5.746 28.582
v 104.608 5.746 37.133
f 1096 1095 1094 1093
f 1089 1090 1094 1093
f 1090 1091 1095 1094
f 1091 1092 1096 1095
f 1092 1089 1093 1096
v 111.306 2.106 28.818
v 118.374 2.106 19.295
v 125.714 2.106 24.742
v 118.646 2.106 34.265
v 111.306 6.006 28.818
v 118.374 6.006 19.295
v 125.714 6.006 24.742
v 118.646 6.006 34.265
f 1104 1103 1102 1101
f 1097 1098 1102 1101
f 1098 1099 1103 1102
f 1099 1100 1104 1103
f 1100 1097 1101 1104
v 135.480 1.817 14.194
v 148.798 1.817 22.547
v 145.700 1.817 27.486
v 132.382 1.817 19.133
v 135.480 5.717 14.194
v 148.798 5.717 22.547
v 145.700 5.717 27.486
v 132.382 5.717 19.133
f 1112 1111 1110 1109
f 1105 1106 1110 1109
f 1106 1107 1111 1110
f 1107 1108 1112 1111
f 1108 1105 1109 1112
v 154.193 1.607 37.951
v 162.020 1.607 26.719
v 167.747 1.607 30.709
v 159.920 1.607 41.941
v 154.193 5.507 37.951
v 162.020 5.507 26.719
v 167.747 5.507 30.709
v 159.920 5.507 41.941
f 1120 1119 1118 1117
f 1113 1114 1118 1117
f 1114 1115 1119 1118
f 1115 1116 1120 1119
f 1116 1113 1117 1120
v 137.190 2.124 33.663
v 142.562 2.124 34.093
v 142.150 2.124 39.237
v 136.778 2.124 38.807
v 137.190 6.024 33.663
v 142.562 6.024 34.093
v 142.150 6.024 39.237
v 136.778 6.024 38.807
f 1128 1127 1126 1125
f 1121 1122 1126 1125
f 1122 1123 1127 1126
f 1123 1124 1128 1127
f 1124 1121 1125 1128
v 128.525 2.134 35.534
v 135.720 2.134 41.614
v 130.015 2.134 48.366
v 122.820 2.134 42.286
v 128.525 6.034 35.534
v 135.720 6.034 41.614
v 130.015 6.034 48.366
v 122.820 6.034 42.286
f 1136 1135 1134 1133
f 1129 1130 1134 1133
f 1130 1131 1135 1134
f 1131 1132 1136 1135
f 1132 1129 1133 1136
v 126.654 1.880 92.268
v 132.501 1.880 82.939
v 138.966 1.880 86.992
v 133.119 1.880 96.321
v 126.654 5.780 92.268
v 132.501 5.780 82.939
v 138.966 5.780 86.992
v 133.119 5.780 96.321
f 1144 1143 1142 1141
f 1137 1138 1142 1141
f 1138 1139 1143 1142
f 1139 1140 1144 1143
f 1140 1137 1141 1144
v 139.519 1.616 92.341
v 150.277 1.616 76.329
v 161.781 1.616 84.059
v 151.023 1.616 100.071
v 139.519 5.516 92.341
v 150.277 5.516 76.329
v 161.781 5.516 84.059
v 151.023 5.516 100.071
f 1152 1151 1150 1149
f 1145 1146 1150 1149
f 1146 1147 1151 1150
f 1147 1148 1152 1151
f 1148 1145 1149 1152
v 177.300 1.579 69.748
v 188.518 1.579 77.699
v 183.660 1.579 84.552
v 172.442 1.579 76.601
v 177.300 5.479 69.748
v 188.518 5.479 77.699
v 183.660 5.479 84.552
v 172.442 5.479 76.601
f 1160 1159 1158 1157
f 1153 1154 1158 1157
f 1154 1155 1159 1158
f 1155 1156 1160 1159
f 1156 1153 1157 1160
v 184.389 1.548 75.279
v 200.104 1.548 94.568
v 184.451 1.548 107.321
v 168.736 1.548 88.032
v 184.389 5.448 75.279
v 200.104 5.448 94.568
v 184.451 5.448 107.321
v 168.736 5.448 88.032
f 1168 1167 1166 1165
f 1161 1162 1166 1165
f 1162 1163 1167 1166
f 1163 1164 1168 1167
f 1164 1161 1165 1168
v 210.335 1.656 49.974
v 224.080 1.656 58.183
v 219.885 1.656 65.206
v 206.140 1.656 56.997
v 210.335 5.556 49.974
v 224.080 5.556 58.183
v 219.885 5.556 65.206
v 206.140 5.556 56.997
f 1176 1175 1174 1173
f 1169 1170 1174 1173
f 1170 1171 1175 1174
f 1171 1172 1176 1175
f 1172 1169 1173 1176
v 220.006 1.776 59.214
v 232.410 1.776 67.250
v 226.814 1.776 75.886
v 214.410 1.776 67.850
v 220.006 5.676 59.214
v 232.410 5.676 67.250
v 226.814 5.676 75.886
v 214.410 5.676 67.850
f 1184 1183 1182 1181
f 1177 1178 1182 1181
f 1178 1179 1183 1182
f 1179 1180 1184 1183
f 1180 1177 1181 1184
v 212.584 1.010 35.484
v 223.483 1.010 20.585
v 231.836 1.010 26.696
v 220.937 1.010 41.595
v 212.584 4.910 35.484
v 223.483 4.910 20.585
v 231.836 4.910 26.696
v 220.937 4.910 41.595
f 1192 1191 1190 1189
f 1185 1186 1190 1189
f 1186 1187 1191 1190
f 1187 1188 1192 1191
f 1188 1185 1189 1192
v 197.258 1.607 5.699
v 205.412 1.607 -8.207
v 214.702 1.607 -2.759
v 206.548 1.607 11.147
v 197.258 5.507 5.699
v 205.412 5.507 -8.207
v 214.702 5.507 -2.759
v 206.548 5.507 11.147
f 1200 1199 1198 1197
f 1193 1194 1198 1197
f 1194 1195 1199 1198
f 1195 1196 1200 1199
f 1196 1193 1197 1200
v 193.976 1.687 0.201
v 203.076 1.687 4.696
v 199.104 1.687 12.739
v 190.004 1.687 8.244
v 193.976 5.587 0.201
v 203.076 5.587 4.696
v 199.104 5.587 12.739
v 190.004 5.587 8.244
f 1208 1207 1206 1205
f 1201 1202 1206 1205
f 1202 1203 1207 1206
f 1203 1204 1208 1207
f 1204 1201 1205 1208
v 176.795 1.665 -0.822
v 192.810 1.665 11.091
v 187.105 1.665 18.762
v 171.090 1.665 6.849
v 176.795 5.565 -0.822
v 192.810 5.565 11.091
v 187.105 5.565 18.762
v 171.090 5.565 6.849
f 1216 1215 1214 1213
f 1209 1210 1214 1213
f 1210 1211 1215 1214
f 1211 1212 1216 1215
f 1212 1209 1213 1216
v 169.489 1.946 -18.989
v 173.158 1.946 -5.914
v 160.891 1.946 -2.471
v 157.222 1.946 -15.546
v 169.489 5.846 -18.989
v 173.158 5.846 -5.914
v 160.891 5.846 -2.471
v 157.222 5.846 -15.546
f 1224 1223 1222 1221
f 1217 1218 1222 1221
f 1218 1219 1223 1222
f 1219 1220 1224 1223
f 1220 1217 1221 1224
v 169.487 1.896 -20.326
v 178.623 1.896 -17.723
v 176.113 1.896 -8.914
v 166.977 1.896 -11.517
v 169.487 5.796 -20.326
v 178.623 5.796 -17.723
v 176.113 5.796 -8.914
v 166.977 5.796 -11.517
f 1232 1231 1230 1229
f 1225 1226 1230 1229
f 1226 1227 1231 1230
f 1227 1228 1232 1231
f 1228 1225 1229 1232
v 168.424 1.792 -11.747
v 184.978 1.792 -0.577
v 179.496 1.792 7.547
v 162.942 1.792 -3.623
v 168.424 5.692 -11.747
v 184.978 5.692 -0.577
v 179.496 5.692 7.547
v 162.942 5.692 -3.623
f 1240 1239 1238 1237
f 1233 1234 1238 1237
f 1234 1235 1239 1238
f 1235 1236 1240 1239
f 1236 1233 1237 1240
v 180.330 1.722 -17.382
v 189.174 1.722 -30.112
v 195.210 1.722 -25.918
v 186.366 1.722 -13.188
v 180.330 5.622 -17.382
v 189.174 5.622 -30.112
v 195.210 5.622 -25.918
v 186.366 5.622 -13.188
f 1248 1247 1246 1245
f 1241 1242 1246 1245
f 1242 1243 1247 1246
f 1243 1244 1248 1247
f 1244 1241 1245 1248
v 189.659 1.768 -23.040
v 201.938 1.768 -38.915
v 210.181 1.768 -32.540
v 197.902 1.768 -16.665
v 189.659 5.668 -23.040
v 201.938 5.668 -38.915
v 210.181 5.668 -32.540
v 197.902 5.668 -16.665
f 1256 1255 1254 1253
f 1249 1250 1254 1253
f 1250 1251 1255 1254
f 1251 1252 1256 1255
f 1252 1249 1253 1256
v 203.521 1.867 -30.696
v 210.946 1.867 -47.771
v 220.759 1.867 -43.504
v 213.334 1.867 -26.429
v 203.521 5.767 -30.696
v 210.946 5.767 -47.771
v 220.759 5.767 -43.504
v 213.334 5.767 -26.429
f 1264 1263 1262 1261
f 1257 1258 1262 1261
f 1258 1259 1263 1262
f 1259 1260 1264 1263
f 1260 1257 1261 1264
v 221.244 1.547 -59.803
v 232.550 1.547 -51.889
v 228.496 1.547 -46.097
v 217.190 1.547 -54.011
v 221.244 5.447 -59.803
v 232.550 5.447 -51.889
v 228.496 5.447 -46.097
v 217.190 5.447 -54.011
f 1272 1271 1270 1269
f 1265 1266 1270 1269
f 1266 1267 1271 1270
f 1267 1268 1272 1271
f 1268 1265 1269 1272
v 222.667 1.698 -44.006
v 228.668 1.698 -39.867
v 225.693 1.698 -35.554
v 219.692 1.698 -39.693
v 222.667 5.598 -44.006
v 228.668 5.598 -39.867
v 225.693 5.598 -35.554
v 219.692 5.598 -39.693
f 1280 1279 1278 1277
f 1273 1274 1278 1277
f 1274 1275 1279 1278
f 1275 1276 1280 1279
f 1276 1273 1277 1280
v 132.244 1.767 -59.987
v 144.313 1.767 -52.793
v 140.176 1.767 -45.853
v 128.107 1.767 -53.047
v 132.244 5.667 -59.987
v 144.313 5.667 -52.793
v 140.176 5.667 -45.853
v 128.107 5.667 -53.047
f 1288 1287 1286 1285
f 1281 1282 1286 1285
f 1282 1283 1287 1286
f 1283 1284 1288 1287
f 1284 1281 1285 1288
v 140.459 1.691 -53.332
v 160.016 1.691 -40.740
v 153.801 1.691 -31.088
v 134.244 1.691 -43.680
v 140.459 5.591 -53.332
v 160.016 5.591 -40.740
v 153.801 5.591 -31.088
v 134.244 5.591 -43.680
f 1296 1295 1294 1293
f 1289 1290 1294 1293
f 1290 1291 1295 1294
f 1291 1292 1296 1295
f 1292 1289 1293 1296
v 153.067 1.833 -44.899
v 166.691 1.833 -29.168
v 157.053 1.833 -20.821
v 143.429 1.833 -36.552
v 153.067 5.733 -44.899
v 166.691 5.733 -29.168
v 157.053 5.733 -20.821
v 143.429 5.733 -36.552
f 1304 1303 1302 1301
f 1297 1298 1302 1301
f 1298 1299 1303 1302
f 1299 1300 1304 1303
f 1300 1297 1301 1304
v 160.875 1.729 -42.183
v 171.063 1.729 -55.904
v 178.425 1.729 -50.437
v 168.237 1.729 -36.716
v 160.875 5.629 -42.183
v 171.063 5.629 -55.904
v 178.425 5.629 -50.437
v 168.237 5.629 -36.716
f 1312 1311 1310 1309
f 1305 1306 1310 1309
f 1306 1307 1311 1310
f 1307 1308 1312 1311
f 1308 1305 1309 1312
v 175.635 1.706 -48.808
v 181.034 1.706 -56.818
v 186.325 1.706 -53.252
v 180.926 1.706 -45.242
v 175.635 5.606 -48.808
v 181.034 5.606 -56.818
v 186.325 5.606 -53.252
v 180.926 5.606 -45.242
f 1320 1319 1318 1317
f 1313 1314 1318 1317
f 1314 1315 1319 1318
f 1315 1316 1320 1319
f 1316 1313 1317 1320
v 184.034 1.761 -55.400
v 188.456 1.761 -62.695
v 193.826 1.761 -59.440
v 189.404 1.761 -52.145
v 184.034 5.661 -55.400
v 188.456 5.661 -62.695
v 193.826 5.661 -59.440
v 189.404 5.661 -52.145
f 1328 1327 1326 1325
f 1321 1322 1326 1325
f 1322 1323 1327 1326
f 1323 1324 1328 1327
f 1324 1321 1325 1328
v 191.410 1.936 -59.639
v 198.245 1.936 -68.537
v 203.630 1.936 -64.401
v 196.795 1.936 -55.503
v 191.410 5.836 -59.639
v 198.245 5.836 -68.537
v 203.630 5.836 -64.401
v 196.795 5.836 -55.503
f 1336 1335 1334 1333
f 1329 1330 1334 1333
f 1330 1331 1335 1334
f 1331 1332 1336 1335
f 1332 1329 1333 1336
v 142.782 1.711 -71.848
v 150.814 1.711 -83.546
v 160.418 1.711 -76.952
v 152.386 1.711 -65.254
v 142.782 5.611 -71.848
v 150.814 5.611 -83.546
v 160.418 5.611 -76.952
v 152.386 5.611 -65.254
f 1344 1343 1342 1341
f 1337 1338 1342 1341
f 1338 1339 1343 1342
f 1339 1340 1344 1343
f 1340 1337 1341 1344
v 158.615 1.612 -74.994
v 164.462 1.612 -83.534
v 168.505 1.612 -80.766
v 162.658 1.612 -72.226
v 158.615 5.512 -74.994
v 164.462 5.512 -83.534
v 168.505 5.512 -80.766
v 162.658 5.512 -72.226
f 1352 1351 1350 1349
f 1345 1346 1350 1349
f 1346 1347 1351 1350
f 1347 1348 1352 1351
f 1348 1345 1349 1352
v 163.396 1.592 -78.055
v 169.846 1.592 -87.888
v 173.784 1.592 -85.305
v 167.334 1.592 -75.472
v 163.396 5.492 -78.055
v 169.846 5.492 -87.888
v 173.784 5.492 -85.305
v 167.334 5.492 -75.472
f 1360 1359 1358 1357
f 1353 1354 1358 1357
f 1354 1355 1359 1358
f 1355 1356 1360 1359
f 1356 1353 1357 1360
v 166.956 1.067 -82.466
v 178.394 1.067 -99.455
v 189.684 1.067 -91.854
v 178.246 1.067 -74.865
v 166.956 4.967 -82.466
v 178.394 4.967 -99.455
v 189.684 4.967 -91.854
v 178.246 4.967 -74.865
f 1368 1367 1366 1365
f 1361 1362 1366 1365
f 1362 1363 1367 1366
f 1363 1364 1368 1367
f 1364 1361 1365 1368
v 182.023 1.601 -91.757
v 189.256 1.601 -102.184
v 196.437 1.601 -97.203
v 189.204 1.601 -86.776
v 182.023 5.501 -91.757
v 189.256 5.501 -102.184
v 196.437 5.501 -97.203
v 189.204 5.501 -86.776
f 1376 1375 1374 1373
f 1369 1370 1374 1373
f 1370 1371 1375 1374
f 1371 1372 1376 1375
f 1372 1369 1373 1376
v 190.190 1.367 -99.959
v 202.048 1.367 -114.055
v 211.790 1.367 -105.861
v 199.932 1.367 -91.765
v 190.190 5.267 -99.959
v 202.048 5.267 -114.055
v 211.790 5.267 -105.861
v 199.932 5.267 -91.765
f 1384 1383 1382 1381
f 1377 1378 1382 1381
f 1378 1379 1383 1382
f 1379 1380 1384 1383
f 1380 1377 1381 1384
v 199.683 1.969 -92.855
v 218.338 1.969 -80.950
v 213.217 1.969 -72.925
v 194.562 1.969 -84.830
v 199.683 5.869 -92.855
v 218.338 5.869 -80.950
v 213.217 5.869 -72.925
v 194.562 5.869 -84.830
f 1392 1391 1390 1389
f 1385 1386 1390 1389
f 1386 1387 1391 1390
f 1387 1388 1392 1391
f 1388 1385 1389 1392
v 35.151 1.692 -8.507
v 47.984 1.692 -1.952
v 43.449 1.692 6.927
v 30.616 1.692 0.372
v 35.151 5.592 -8.507
v 47.984 5.592 -1.952
v 43.449 5.592 6.927
v 30.616 5.592 0.372
f 1400 1399 1398 1397
f 1393 1394 1398 1397
f 1394 1395 1399 1398
f 1395 1396 1400 1399
f 1396 1393 1397 1400
v 48.263 1.778 11.350
v 62.440 1.778 20.966
v 57.377 1.778 28.430
v 43.200 1.778 18.814
v 48.263 5.678 11.350
v 62.440 5.678 20.966
v 57.377 5.678 28.430
v 43.200 5.678 18.814
f 1408 1407 1406 1405
f 1401 1402 1406 1405
f 1402 1403 1407 1406
f 1403 1404 1408 1407
f 1404 1401 1405 1408
v 53.657 1.916 22.474
v 66.823 1.916 28.429
v 61.803 1.916 39.526
v 48.637 1.916 33.571
v 53.657 5.816 22.474
v 66.823 5.816 28.429
v 61.803 5.816 39.526
v 48.637 5.816 33.571
f 1416 1415 1414 1413
f 1409 1410 1414 1413
f 1410 1411 1415 1414
f 1411 1412 1416 1415
f 1412 1409 1413 1416
v 62.129 0.812 23.991
v 67.575 0.812 19.530
v 70.851 0.812 23.529
v 65.405 0.812 27.990
v 62.129 4.712 23.991
v 67.575 4.712 19.530
v 70.851 4.712 23.529
v 65.405 4.712 27.990
f 1424 1423 1422 1421
f 1417 1418 1422 1421
f 1418 1419 1423 1422
f 1419 1420 1424 1423
f 1420 1417 1421 1424
v 79.159 1.822 13.244
v 89.078 1.822 -1.633
v 97.041 1.822 3.676
v 87.122 1.822 18.553
v 79.159 5.722 13.244
v 89.078 5.722 -1.633
v 97.041 5.722 3.676
v 87.122 5.722 18.553
f 1432 1431 1430 1429
f 1425 1426 1430 1429
f 1426 1427 1431 1430
f 1427 1428 1432 1431
f 1428 1425 1429 1432
v 92.408 1.838 4.264
v 102.031 1.838 -9.896
v 108.052 1.838 -5.804
v 98.429 1.838 8.356
v 92.408 5.738 4.264
v 102.031 5.738 -9.896
v 108.052 5.738 -5.804
v 98.429 5.738 8.356
f 1440 1439 1438 1437
f 1433 1434 1438 1437
f 1434 1435 1439 1438
f 1435 1436 1440 1439
f 1436 1433 1437 1440
v 118.765 1.976 -18.705
v 132.644 1.976 -12.834
v 128.795 1.976 -3.735
v 114.916 1.976 -9.606
v 118.765 5.876 -18.705
v 132.644 5.876 -12.834
v 128.795 5.876 -3.735
v 114.916 5.876 -9.606
f 1448 1447 1446 1445
f 1441 1442 1446 1445
f 1442 1443 1447 1446
f 1443 1444 1448 1447
f 1444 1441 1445 1448
v 48.820 1.787 145.193
v 56.396 1.787 134.384
v 62.080 1.787 138.367
v 54.504 1.787 149.176
v 48.820 11.087 145.193
v 56.396 11.087 134.384
v 62.080 11.087 138.367
v 54.504 11.087 149.176
f 1456 1455 1454 1453
f 1449 1450 1454 1453
f 1450 1451 1455 1454
f 1451 1452 1456 1455
f 1452 1449 1453 1456
v -176.476 1.656 -48.951
v -161.971 1.656 -59.234
v -152.724 1.656 -46.189
v -167.229 1.656 -35.906
v -176.476 5.556 -48.951
v -161.971 5.556 -59.234
v -152.724 5.556 -46.189
v -167.229 5.556 -35.906
f 1464 1463 1462 1461
f 1457 1458 1462 1461
f 1458 1459 1463 1462
f 1459 1460 1464 1463
f 1460 1457 1461 1464
v -228.730 1.490 -164.455
v -222.180 1.490 -174.028
v -216.650 1.490 -170.245
v -223.200 1.490 -160.672
v -228.730 5.390 -164.455
v -222.180 5.390 -174.028
v -216.650 5.390 -170.245
v -223.200 5.390 -160.672
f 1472 1471 1470 1469
f 1465 1466 1470 1469
f 1466 1467 1471 1470
f 1467 1468 1472 1471
f 1468 1465 1469 1472
v -241.401 1.547 -165.531
v -229.650 1.547 -157.260
v -236.499 1.547 -147.529
v -248.250 1.547 -155.800
v -241.401 5.447 -165.531
v -229.650 5.447 -157.260
v -236.499 5.447 -147.529
v -248.250 5.447 -155.800
f 1480 1479 1478 1477
f 1473 1474 1478 1477
f 1474 1475 1479 1478
f 1475 1476 1480 1479
f 1476 1473 1477 1480
v -149.749 1.543 -96.104
v -136.245 1.543 -88.997
v -140.371 1.543 -81.156
v -153.875 1.543 -88.263
v -149.749 5.443 -96.104
v -136.245 5.443 -88.997
v -140.371 5.443 -81.156
v -153.875 5.443 -88.263
f 1488 1487 1486 1485
f 1481 1482 1486 1485
f 1482 1483 1487 1486
f 1483 1484 1488 1487
f 1484 1481 1485 1488
v -104.339 1.246 -87.240
v -96.187 1.246 -98.387
v -86.881 1.246 -91.580
v -95.033 1.246 -80.433
v -104.339 5.146 -87.240
v -96.187 5.146 -98.387
v -86.881 5.146 -91.580
v -95.033 5.146 -80.433
f 1496 1495 1494 1493
f 1489 1490 1494 1493
f 1490 1491 1495 1494
f 1491 1492 1496 1495
f 1492 1489 1493 1496
v -117.035 1.270 -78.371
v -109.758 1.270 -95.325
v -99.705 1.270 -91.009
v -106.982 1.270 -74.055
v -117.035 5.170 -78.371
v -109.758 5.170 -95.325
v -99.705 5.170 -91.009
v -106.982 5.170 -74.055
f 1504 1503 1502 1501
f 1497 1498 1502 1501
f 1498 1499 1503 1502
f 1499 1500 1504 1503
f 1500 1497 1501 1504
v -135.068 1.425 -140.856
v -124.576 1.425 -137.084
v -127.732 1.425 -128.304
v -138.224 1.425 -132.076
v -135.068 5.325 -140.856
v -124.576 5.325 -137.084
v -127.732 5.325 -128.304
v -138.224 5.325 -132.076
f 1512 1511 1510 1509
f 1505 1506 1510 1509
f 1506 1507 1511 1510
f 1507 1508 1512 1511
f 1508 1505 1509 1512
v -144.876 1.606 -128.744
v -138.456 1.606 -135.361
v -132.204 1.606 -129.296
v -138.624 1.606 -122.679
v -144.876 5.506 -128.744
v -138.456 5.506 -135.361
v -132.204 5.506 -129.296
v -138.624 5.506 -122.679
f 1520 1519 1518 1517
f 1513 1514 1518 1517
f 1514 1515 1519 1518
f 1515 1516 1520 1519
f 1516 1513 1517 1520
v -150.401 1.224 -54.388
v -143.109 1.224 -67.256
v -134.279 1.224 -62.252
v -141.571 1.224 -49.384
v -150.401 5.124 -54.388
v -143.109 5.124 -67.256
v -134.279 5.124 -62.252
v -141.571 5.124 -49.384
f 1528 1527 1526 1525
f 1521 1522 1526 1525
f 1522 1523 1527 1526
f 1523 1524 1528 1527
f 1524 1521 1525 1528
v -119.266 1.246 -169.986
v -104.869 1.246 -160.908
v -109.254 1.246 -153.954
v -123.651 1.246 -163.032
v -119.266 5.146 -169.986
v -104.869 5.146 -160.908
v -109.254 5.146 -153.954
v -123.651 5.146 -163.032
f 1536 1535 1534 1533
f 1529 1530 1534 1533
f 1530 1531 1535 1534
f 1531 1532 1536 1535
f 1532 1529 1533 1536
v -113.484 1.135 -162.543
v -101.220 1.135 -154.295
v -104.836 1.135 -148.917
v -117.100 1.135 -157.165
v -113.484 5.035 -162.543
v -101.220 5.035 -154.295
v -104.836 5.035 -148.917
v -117.100 5.035 -157.165
f 1544 1543 1542 1541
f 1537 1538 1542 1541
f 1538 1539 1543 1542
f 1539 1540 1544 1543
f 1540 1537 1541 1544
v -149.240 1.506 -152.305
v -134.647 1.506 -143.277
v -137.840 1.506 -138.115
v -152.433 1.506 -147.143
v -149.240 5.406 -152.305
v -134.647 5.406 -143.277
v -137.840 5.406 -138.115
v -152.433 5.406 -147.143
f 1552 1551 1550 1549
f 1545 1546 1550 1549
f 1546 1547 1551 1550
f 1547 1548 1552 1551
f 1548 1545 1549 1552
v -154.129 1.718 -159.855
v -135.979 1.718 -151.791
v -140.051 1.718 -142.625
v -158.201 1.718 -150.689
v -154.129 5.618 -159.855
v -135.979 5.618 -151.791
v -140.051 5.618 -142.625
v -158.201 5.618 -150.689
f 1560 1559 1558 1557
f 1553 1554 1558 1557
f 1554 1555 1559 1558
f 1555 1556 1560 1559
f 1556 1553 1557 1560
v -175.498 1.422 -137.959
v -164.142 1.422 -130.586
v -168.042 1.422 -124.581
v -179.398 1.422 -131.954
v -175.498 5.322 -137.959
v -164.142 5.322 -130.586
v -168.042 5.322 -124.581
v -179.398 5.322 -131.954
f 1568 1567 1566 1565
f 1561 1562 1566 1565
f 1562 1563 1567 1566
f 1563 1564 1568 1567
f 1564 1561 1565 1568
v 104.802 1.646 254.187
v 113.149 1.646 239.068
v 122.578 1.646 244.273
v 114.231 1.646 259.392
v 104.802 5.546 254.187
v 113.149 5.546 239.068
v 122.578 5.546 244.273
v 114.231 5.546 259.392
f 1576 1575 1574 1573
f 1569 1570 1574 1573
f 1570 1571 1575 1574
f 1571 1572 1576 1575
f 1572 1569 1573 1576
v 59.369 1.540 226.903
v 87.557 1.540 246.199
v 79.891 1.540 257.397
v 51.703 1.540 238.101
v 59.369 5.440 226.903
v 87.557 5.440 246.199
v 79.891 5.440 257.397
v 51.703 5.440 238.101
f 1584 1583 1582 1581
f 1577 1578 1582 1581
f 1578 1579 1583 1582
f 1579 1580 1584 1583
f 1580 1577 1581 1584
v 45.206 1.912 222.897
v 61.187 1.912 229.227
v 56.974 1.912 239.863
v 40.993 1.912 233.533
v 45.206 5.812 222.897
v 61.187 5.812 229.227
v 56.974 5.812 239.863
v 40.993 5.812 233.533
f 1592 1591 1590 1589
f 1585 1586 1590 1589
f 1586 1587 1591 1590
f 1587 1588 1592 1591
f 1588 1585 1589 1592
v 92.373 2.170 199.436
v 101.748 2.170 188.100
v 110.387 2.170 195.244
v 101.012 2.170 206.580
v 92.373 6.070 199.436
v 101.748 6.070 188.100
v 110.387 6.070 195.244
v 101.012 6.070 206.580
f 1600 1599 1598 1597
f 1593 1594 1598 1597
f 1594 1595 1599 1598
f 1595 1596 1600 1599
f 1596 1593 1597 1600
v 104.411 1.593 162.659
v 118.903 1.593 171.923
v 115.849 1.593 176.701
v 101.357 1.593 167.437
v 104.411 5.493 162.659
v 118.903 5.493 171.923
v 115.849 5.493 176.701
v 101.357 5.493 167.437
f 1608 1607 1606 1605
f 1601 1602 1606 1605
f 1602 1603 1607 1606
f 1603 1604 1608 1607
f 1604 1601 1605 1608
v 112.432 1.673 167.818
v 126.601 1.673 178.105
v 119.968 1.673 187.242
v 105.799 1.673 176.955
v 112.432 5.573 167.818
v 126.601 5.573 178.105
v 119.968 5.573 187.242
v 105.799 5.573 176.955
f 1616 1615 1614 1613
f 1609 1610 1614 1613
f 1610 1611 1615 1614
f 1611 1612 1616 1615
f 1612 1609 1613 1616
v 166.941 1.785 167.740
v 174.285 1.785 157.637
v 181.799 1.785 163.100
v 174.455 1.785 173.203
v 166.941 11.085 167.740
v 174.285 11.085 157.637
v 181.799 11.085 163.100
v 174.455 11.085 173.203
f 1624 1623 1622 1621
f 1617 1618 1622 1621
f 1618 1619 1623 1622
f 1619 1620 1624 1623
f 1620 1617 1621 1624
v 138.023 1.831 143.311
v 161.032 1.831 145.770
v 159.317 1.831 161.809
v 136.308 1.831 159.350
v 138.023 5.731 143.311
v 161.032 5.731 145.770
v 159.317 5.731 161.809
v 136.308 5.731 159.350
f 1632 1631 1630 1629
f 1625 1626 1630 1629
f 1626 1627 1631 1630
f 1627 1628 1632 1631
f 1628 1625 1629 1632
v 139.175 1.871 137.521
v 148.957 1.871 142.789
v 145.785 1.871 148.679
v 136.003 1.871 143.411
v 139.175 5.771 137.521
v 148.957 5.771 142.789
v 145.785 5.771 148.679
v 136.003 5.771 143.411
f 1640 1639 1638 1637
f 1633 1634 1638 1637
f 1634 1635 1639 1638
f 1635 1636 1640 1639
f 1636 1633 1637 1640
v 178.749 1.882 156.045
v 190.748 1.882 139.129
v 199.891 1.882 145.615
v 187.892 1.882 162.531
v 178.749 5.782 156.045
v 190.748 5.782 139.129
v 199.891 5.782 145.615
v 187.892 5.782 162.531
f 1648 1647 1646 1645
f 1641 1642 1646 1645
f 1642 1643 1647 1646
f 1643 1644 1648 1647
f 1644 1641 1645 1648
v 195.045 1.805 150.341
v 200.374 1.805 127.155
v 216.055 1.805 130.759
v 210.726 1.805 153.945
v 195.045 5.705 150.341
v 200.374 5.705 127.155
v 216.055 5.705 130.759
v 210.726 5.705 153.945
f 1656 1655 1654 1653
f 1649 1650 1654 1653
f 1650 1651 1655 1654
f 1651 1652 1656 1655
f 1652 1649 1653 1656
v 217.343 1.582 134.644
v 225.462 1.582 122.994
v 231.837 1.582 127.436
v 223.718 1.582 139.086
v 217.343 5.482 134.644
v 225.462 5.482 122.994
v 231.837 5.482 127.436
v 223.718 5.482 139.086
f 1664 1663 1662 1661
f 1657 1658 1662 1661
f 1658 1659 1663 1662
f 1659 1660 1664 1663
f 1660 1657 1661 1664
v 40.645 1.933 221.458
v 44.235 1.933 216.136
v 48.455 1.933 218.982
v 44.865 1.933 224.304
v 40.645 5.833 221.458
v 44.235 5.833 216.136
v 48.455 5.833 218.982
v 44.865 5.833 224.304
f 1672 1671 1670 1669
f 1665 1666 1670 1669
f 1666 1667 1671 1670
f 1667 1668 1672 1671
f 1668 1665 1669 1672
v 56.031 1.719 208.325
v 69.159 1.719 216.659
v 65.809 1.719 221.935
v 52.681 1.719 213.601
v 56.031 5.619 208.325
v 69.159 5.619 216.659
v 65.809 5.619 221.935
v 52.681 5.619 213.601
f 1680 1679 1678 1677
f 1673 1674 1678 1677
f 1674 1675 1679 1678
f 1675 1676 1680 1679
f 1676 1673 1677 1680
v 52.117 1.919 199.045
v 64.357 1.919 207.258
v 59.783 1.919 214.075
v 47.543 1.919 205.862
v 52.117 5.819 199.045
v 64.357 5.819 207.258
v 59.783 5.819 214.075
v 47.543 5.819 205.862
f 1688 1687 1686 1685
f 1681 1682 1686 1685
f 1682 1683 1687 1686
f 1683 1684 1688 1687
f 1684 1681 1685 1688
v 31.368 1.760 189.543
v 55.583 1.760 203.076
v 49.212 1.760 214.477
v 24.997 1.760 200.944
v 31.368 5.660 189.543
v 55.583 5.660 203.076
v 49.212 5.660 214.477
v 24.997 5.660 200.944
f 1696 1695 1694 1693
f 1689 1690 1694 1693
f 1690 1691 1695 1694
f 1691 1692 1696 1695
f 1692 1689 1693 1696
v 46.183 1.623 175.474
v 51.799 1.623 190.882
v 38.617 1.623 195.686
v 33.001 1.623 180.278
v 46.183 5.523 175.474
v 51.799 5.523 190.882
v 38.617 5.523 195.686
v 33.001 5.523 180.278
f 1704 1703 1702 1701
f 1697 1698 1702 1701
f 1698 1699 1703 1702
f 1699 1700 1704 1703
f 1700 1697 1701 1704
v 23.875 1.509 189.493
v 38.244 1.509 197.725
v 34.645 1.509 204.007
v 20.276 1.509 195.775
v 23.875 5.409 189.493
v 38.244 5.409 197.725
v 34.645 5.409 204.007
v 20.276 5.409 195.775
f 1712 1711 1710 1709
f 1705 1706 1710 1709
f 1706 1707 1711 1710
f 1707 1708 1712 1711
f 1708 1705 1709 1712
v 12.257 1.450 147.590
v 31.405 1.450 170.541
v 13.583 1.450 185.410
v -5.565 1.450 162.459
v 12.257 5.350 147.590
v 31.405 5.350 170.541
v 13.583 5.350 185.410
v -5.565 5.350 162.459
f 1720 1719 1718 1717
f 1713 1714 1718 1717
f 1714 1715 1719 1718
f 1715 1716 1720 1719
f 1716 1713 1717 1720
v 27.018 1.723 164.252
v 30.906 1.723 158.540
v 35.502 1.723 161.668
v 31.614 1.723 167.380
v 27.018 5.623 164.252
v 30.906 5.623 158.540
v 35.502 5.623 161.668
v 31.614 5.623 167.380
f 1728 1727 1726 1725
f 1721 1722 1726 1725
f 1722 1723 1727 1726
f 1723 1724 1728 1727
f 1724 1721 1725 1728
v 26.190 1.861 165.676
v 41.310 1.861 165.105
v 41.910 1.861 181.004
v 26.790 1.861 181.575
v 26.190 5.761 165.676
v 41.310 5.761 165.105
v 41.910 5.761 181.004
v 26.790 5.761 181.575
f 1736 1735 1734 1733
f 1729 1730 1734 1733
f 1730 1731 1735 1734
f 1731 1732 1736 1735
f 1732 1729 1733 1736
v 14.588 1.958 173.103
v 26.403 1.958 181.088
v 22.612 1.958 186.697
v 10.797 1.958 178.712
v 14.588 5.858 173.103
v 26.403 5.858 181.088
v 22.612 5.858 186.697
v 10.797 5.858 178.712
f 1744 1743 1742 1741
f 1737 1738 1742 1741
f 1738 1739 1743 1742
f 1739 1740 1744 1743
f 1740 1737 1741 1744
v 246.256 1.331 -212.763
v 254.710 1.331 -231.020
v 264.564 1.331 -226.457
v 256.110 1.331 -208.200
v 246.256 5.231 -212.763
v 254.710 5.231 -231.020
v 264.564 5.231 -226.457
v 256.110 5.231 -208.200
f 1752 1751 1750 1749
f 1745 1746 1750 1749
f 1746 1747 1751 1750
f 1747 1748 1752 1751
f 1748 1745 1749 1752
v 233.972 1.181 -210.242
v 242.514 1.181 -222.960
v 250.408 1.181 -217.658
v 241.866 1.181 -204.940
v 233.972 5.081 -210.242
v 242.514 5.081 -222.960
v 250.408 5.081 -217.658
v 241.866 5.081 -204.940
f 1760 1759 1758 1757
f 1753 1754 1758 1757
f 1754 1755 1759 1758
f 1755 1756 1760 1759
f 1756 1753 1757 1760
v 216.603 1.487 -215.041
v 243.452 1.487 -207.948
v 237.977 1.487 -187.219
v 211.128 1.487 -194.312
v 216.603 5.387 -215.041
v 243.452 5.387 -207.948
v 237.977 5.387 -187.219
v 211.128 5.387 -194.312
f 1768 1767 1766 1765
f 1761 1762 1766 1765
f 1762 1763 1767 1766
f 1763 1764 1768 1767
f 1764 1761 1765 1768
v 240.233 1.259 -165.786
v 240.802 1.259 -188.429
v 257.307 1.259 -188.014
v 256.738 1.259 -165.371
v 240.233 5.159 -165.786
v 240.802 5.159 -188.429
v 257.307 5.159 -188.014
v 256.738 5.159 -165.371
f 1776 1775 1774 1773
f 1769 1770 1774 1773
f 1770 1771 1775 1774
f 1771 1772 1776 1775
f 1772 1769 1773 1776
v 228.911 1.024 -164.429
v 239.249 1.024 -177.122
v 246.949 1.024 -170.851
v 236.611 1.024 -158.158
v 228.911 4.924 -164.429
v 239.249 4.924 -177.122
v 246.949 4.924 -170.851
v 236.611 4.924 -158.158
f 1784 1783 1782 1781
f 1777 1778 1782 1781
f 1778 1779 1783 1782
f 1779 1780 1784 1783
f 1780 1777 1781 1784
v 221.670 1.279 -156.009
v 231.285 1.279 -171.403
v 237.070 1.279 -167.791
v 227.455 1.279 -152.397
v 221.670 5.179 -156.009
v 231.285 5.179 -171.403
v 237.070 5.179 -167.791
v 227.455 5.179 -152.397
f 1792 1791 1790 1789
f 1785 1786 1790 1789
f 1786 1787 1791 1790
f 1787 1788 1792 1791
f 1788 1785 1789 1792
v 203.877 1.265 -161.446
v 223.135 1.265 -169.253
v 230.423 1.265 -151.274
v 211.165 1.265 -143.467
v 203.877 5.165 -161.446
v 223.135 5.165 -169.253
v 230.423 5.165 -151.274
v 211.165 5.165 -143.467
f 1800 1799 1798 1797
f 1793 1794 1798 1797
f 1794 1795 1799 1798
f 1795 1796 1800 1799
f 1796 1793 1797 1800
v 197.873 1.336 -142.961
v 207.617 1.336 -157.062
v 214.627 1.336 -152.219
v 204.883 1.336 -138.118
v 197.873 5.236 -142.961
v 207.617 5.236 -157.062
v 214.627 5.236 -152.219
v 204.883 5.236 -138.118
f 1808 1807 1806 1805
f 1801 1802 1806 1805
f 1802 1803 1807 1806
f 1803 1804 1808 1807
f 1804 1801 1805 1808
v 190.288 1.361 -136.805
v 199.584 1.361 -151.431
v 205.052 1.361 -147.955
v 195.756 1.361 -133.329
v 190.288 5.261 -136.805
v 199.584 5.261 -151.431
v 205.052 5.261 -147.955
v 195.756 5.261 -133.329
f 1816 1815 1814 1813
f 1809 1810 1814 1813
f 1810 1811 1815 1814
f 1811 1812 1816 1815
f 1812 1809 1813 1816
v 169.912 1.643 -165.668
v 180.597 1.643 -178.294
v 189.108 1.643 -171.092
v 178.423 1.643 -158.466
v 169.912 5.543 -165.668
v 180.597 5.543 -178.294
v 189.108 5.543 -171.092
v 178.423 5.543 -158.466
f 1824 1823 1822 1821
f 1817 1818 1822 1821
f 1818 1819 1823 1822
f 1819 1820 1824 1823
f 1820 1817 1821 1824
v 179.195 1.729 -170.776
v 186.359 1.729 -181.767
v 193.145 1.729 -177.344
v 185.981 1.729 -166.353
v 179.195 5.629 -170.776
v 186.359 5.629 -181.767
v 193.145 5.629 -177.344
v 185.981 5.629 -166.353
f 1832 1831 1830 1829
f 1825 1826 1830 1829
f 1826 1827 1831 1830
f 1827 1828 1832 1831
f 1828 1825 1829 1832
v 192.553 1.505 -169.625
v 201.540 1.505 -181.921
v 205.407 1.505 -179.095
v 196.420 1.505 -166.799
v 192.553 5.405 -169.625
v 201.540 5.405 -181.921
v 205.407 5.405 -179.095
v 196.420 5.405 -166.799
f 1840 1839 1838 1837
f 1833 1834 1838 1837
f 1834 1835 1839 1838
f 1835 1836 1840 1839
f 1836 1833 1837 1840
v 197.729 1.347 -177.657
v 205.167 1.347 -189.411
v 211.091 1.347 -185.663
v 203.653 1.347 -173.909
v 197.729 5.247 -177.657
v 205.167 5.247 -189.411
v 211.091 5.247 -185.663
v 203.653 5.247 -173.909
f 1848 1847 1846 1845
f 1841 1842 1846 1845
f 1842 1843 1847 1846
f 1843 1844 1848 1847
f 1844 1841 1845 1848
v 201.005 1.385 -190.056
v 216.352 1.385 -202.534
v 223.335 1.385 -193.944
v 207.988 1.385 -181.466
v 201.005 5.285 -190.056
v 216.352 5.285 -202.534
v 223.335 5.285 -193.944
v 207.988 5.285 -181.466
f 1856 1855 1854 1853
f 1849 1850 1854 1853
f 1850 1851 1855 1854
f 1851 1852 1856 1855
f 1852 1849 1853 1856
v 207.034 1.508 245.150
v 221.742 1.508 255.193
v 216.486 1.508 262.890
v 201.778 1.508 252.847
v 207.034 5.408 245.150
v 221.742 5.408 255.193
v 216.486 5.408 262.890
v 201.778 5.408 252.847
f 1864 1863 1862 1861
f 1857 1858 1862 1861
f 1858 1859 1863 1862
f 1859 1860 1864 1863
f 1860 1857 1861 1864
v 246.456 1.330 227.001
v 254.652 1.330 232.281
v 251.484 1.330 237.199
v 243.288 1.330 231.919
v 246.456 5.230 227.001
v 254.652 5.230 232.281
v 251.484 5.230 237.199
v 243.288 5.230 231.919
f 1872 1871 1870 1869
f 1865 1866 1870 1869
f 1866 1867 1871 1870
f 1867 1868 1872 1871
f 1868 1865 1869 1872
v 224.732 1.562 241.349
v 230.084 1.562 232.084
v 238.648 1.562 237.031
v 233.296 1.562 246.296
v 224.732 5.462 241.349
v 230.084 5.462 232.084
v 238.648 5.462 237.031
v 233.296 5.462 246.296
f 1880 1879 1878 1877
f 1873 1874 1878 1877
f 1874 1875 1879 1878
f 1875 1876 1880 1879
f 1876 1873 1877 1880
v 164.899 1.795 138.317
v 169.462 1.795 131.954
v 172.541 1.795 134.163
v 167.978 1.795 140.526
v 164.899 5.695 138.317
v 169.462 5.695 131.954
v 172.541 5.695 134.163
v 167.978 5.695 140.526
f 1888 1887 1886 1885
f 1881 1882 1886 1885
f 1882 1883 1887 1886
f 1883 1884 1888 1887
f 1884 1881 1885 1888
v 132.139 1.755 122.066
v 150.179 1.755 134.553
v 143.201 1.755 144.634
v 125.161 1.755 132.147
v 132.139 5.655 122.066
v 150.179 5.655 134.553
v 143.201 5.655 144.634
v 125.161 5.655 132.147
f 1896 1895 1894 1893
f 1889 1890 1894 1893
f 1890 1891 1895 1894
f 1891 1892 1896 1895
f 1892 1889 1893 1896
v 155.576 1.925 130.015
v 170.840 1.925 104.957
v 181.524 1.925 111.465
v 166.260 1.925 136.523
v 155.576 5.825 130.015
v 170.840 5.825 104.957
v 181.524 5.825 111.465
v 166.260 5.825 136.523
f 1904 1903 1902 1901
f 1897 1898 1902 1901
f 1898 1899 1903 1902
f 1899 1900 1904 1903
f 1900 1897 1901 1904
v 214.321 1.811 114.124
v 224.488 1.811 121.481
v 219.499 1.811 128.376
v 209.332 1.811 121.019
v 214.321 5.711 114.124
v 224.488 5.711 121.481
v 219.499 5.711 128.376
v 209.332 5.711 121.019
f 1912 1911 1910 1909
f 1905 1906 1910 1909
f 1906 1907 1911 1910
f 1907 1908 1912 1911
f 1908 1905 1909 1912
v 198.792 1.808 119.860
v 204.516 1.808 111.249
v 209.888 1.808 114.820
v 204.164 1.808 123.431
v 198.792 5.708 119.860
v 204.516 5.708 111.249
v 209.888 5.708 114.820
v 204.164 5.708 123.431
f 1920 1919 1918 1917
f 1913 1914 1918 1917
f 1914 1915 1919 1918
f 1915 1916 1920 1919
f 1916 1913 1917 1920
v 183.389 1.819 120.558
v 189.595 1.819 110.936
v 194.411 1.819 114.042
v 188.205 1.819 123.664
v 183.389 5.719 120.558
v 189.595 5.719 110.936
v 194.411 5.719 114.042
v 188.205 5.719 123.664
f 1928 1927 1926 1925
f 1921 1922 1926 1925
f 1922 1923 1927 1926
f 1923 1924 1928 1927
f 1924 1921 1925 1928
v 192.850 1.664 95.142
v 208.969 1.664 104.445
v 204.910 1.664 111.478
v 188.791 1.664 102.175
v 192.850 5.564 95.142
v 208.969 5.564 104.445
v 204.910 5.564 111.478
v 188.791 5.564 102.175
f 1936 1935 1934 1933
f 1929 1930 1934 1933
f 1930 1931 1935 1934
f 1931 1932 1936 1935
f 1932 1929 1933 1936
v 166.827 1.663 99.234
v 166.883 1.663 93.725
v 170.933 1.663 93.766
v 170.877 1.663 99.275
v 166.827 5.563 99.234
v 166.883 5.563 93.725
v 170.933 5.563 93.766
v 170.877 5.563 99.275
f 1944 1943 1942 1941
f 1937 1938 1942 1941
f 1938 1939 1943 1942
f 1939 1940 1944 1943
f 1940 1937 1941 1944
v 122.667 1.937 116.575
v 136.538 1.937 126.212
v 132.333 1.937 132.265
v 118.462 1.937 122.628
v 122.667 5.837 116.575
v 136.538 5.837 126.212
v 132.333 5.837 132.265
v 118.462 5.837 122.628
f 1952 1951 1950 1949
f 1945 1946 1950 1949
f 1946 1947 1951 1950
f 1947 1948 1952 1951
f 1948 1945 1949 1952
v 117.139 1.809 111.376
v 128.278 1.809 118.698
v 124.921 1.809 123.804
v 113.782 1.809 116.482
v 117.139 5.709 111.376
v 128.278 5.709 118.698
v 124.921 5.709 123.804
v 113.782 5.709 116.482
f 1960 1959 1958 1957
f 1953 1954 1958 1957
f 1954 1955 1959 1958
f 1955 1956 1960 1959
f 1956 1953 1957 1960
v 108.727 1.789 104.447
v 123.672 1.789 114.990
v 119.833 1.789 120.433
v 104.888 1.789 109.890
v 108.727 5.689 104.447
v 123.672 5.689 114.990
v 119.833 5.689 120.433
v 104.888 5.689 109.890
f 1968 1967 1966 1965
f 1961 1962 1966 1965
f 1962 1963 1967 1966
f 1963 1964 1968 1967
f 1964 1961 1965 1968
v 109.791 1.885 89.933
v 117.894 1.885 108.764
v 100.689 1.885 116.167
v 92.586 1.885 97.336
v 109.791 5.785 89.933
v 117.894 5.785 108.764
v 100.689 5.785 116.167
v 92.586 5.785 97.336
f 1976 1975 1974 1973
f 1969 1970 1974 1973
f 1970 1971 1975 1974
f 1971 1972 1976 1975
f 1972 1969 1973 1976
v 194.967 1.876 32.335
v 223.752 1.876 32.869
v 223.353 1.876 54.385
v 194.568 1.876 53.851
v 194.967 5.776 32.335
v 223.752 5.776 32.869
v 223.353 5.776 54.385
v 194.568 5.776 53.851
f 1984 1983 1982 1981
f 1977 1978 1982 1981
f 1978 1979 1983 1982
f 1979 1980 1984 1983
f 1980 1977 1981 1984
v 227.603 1.655 31.241
v 230.632 1.655 14.137
v 245.097 1.655 16.699
v 242.068 1.655 33.803
v 227.603 5.555 31.241
v 230.632 5.555 14.137
v 245.097 5.555 16.699
v 242.068 5.555 33.803
f 1992 1991 1990 1989
f 1985 1986 1990 1989
f 1986 1987 1991 1990
f 1987 1988 1992 1991
f 1988 1985 1989 1992
v 242.008 1.338 31.545
v 245.485 1.338 33.972
v 244.032 1.338 36.055
v 240.555 1.338 33.628
v 242.008 5.238 31.545
v 245.485 5.238 33.972
v 244.032 5.238 36.055
v 240.555 5.238 33.628
f 2000 1999 1998 1997
f 1993 1994 1998 1997
f 1994 1995 1999 1998
f 1995 1996 2000 1999
f 1996 1993 1997 2000
v 236.360 1.733 46.705
v 245.512 1.733 34.307
v 255.440 1.733 41.635
v 246.288 1.733 54.033
v 236.360 5.633 46.705
v 245.512 5.633 34.307
v 255.440 5.633 41.635
v 246.288 5.633 54.033
f 2008 2007 2006 2005
f 2001 2002 2006 2005
f 2002 2003 2007 2006
f 2003 2004 2008 2007
f 2004 2001 2005 2008
v 247.369 1.359 11.175
v 257.181 1.359 16.820
v 251.771 1.359 26.225
v 241.959 1.359 20.580
v 247.369 5.259 11.175
v 257.181 5.259 16.820
v 251.771 5.259 26.225
v 241.959 5.259 20.580
f 2016 2015 2014 2013
f 2009 2010 2014 2013
f 2010 2011 2015 2014
f 2011 2012 2016 2015
f 2012 2009 2013 2016
v 239.591 1.547 9.307
v 244.451 1.547 2.212
v 251.109 1.547 6.773
v 246.249 1.547 13.868
v 239.591 5.447 9.307
v 244.451 5.447 2.212
v 251.109 5.447 6.773
v 246.249 5.447 13.868
f 2024 2023 2022 2021
f 2017 2018 2022 2021
f 2018 2019 2023 2022
f 2019 2020 2024 2023
f 2020 2017 2021 2024
v 230.049 0.870 75.573
v 246.805 0.870 86.401
v 241.231 0.870 95.027
v 224.475 0.870 84.199
v 230.049 4.770 75.573
v 246.805 4.770 86.401
v 241.231 4.770 95.027
v 224.475 4.770 84.199
f 2032 2031 2030 2029
f 2025 2026 2030 2029
f 2026 2027 2031 2030
f 2027 2028 2032 2031
f 2028 2025 2029 2032
v 233.233 1.646 117.664
v 247.666 1.646 100.690
v 256.587 1.646 108.276
v 242.154 1.646 125.250
v 233.233 5.546 117.664
v 247.666 5.546 100.690
v 256.587 5.546 108.276
v 242.154 5.546 125.250
f 2040 2039 2038 2037
f 2033 2034 2038 2037
f 2034 2035 2039 2038
f 2035 2036 2040 2039
f 2036 2033 2037 2040
v -122.919 1.619 248.671
v -114.433 1.619 254.490
v -118.341 1.619 260.189
v -126.827 1.619 254.370
v -122.919 5.519 248.671
v -114.433 5.519 254.490
v -118.341 5.519 260.189
v -126.827 5.519 254.370
f 2048 2047 2046 2045
f 2041 2042 2046 2045
f 2042 2043 2047 2046
f 2043 2044 2048 2047
f 2044 2041 2045 2048
v -100.590 1.332 245.662
v -95.729 1.332 238.726
v -90.890 1.332 242.118
v -95.751 1.332 249.054
v -100.590 5.232 245.662
v -95.729 5.232 238.726
v -90.890 5.232 242.118
v -95.751 5.232 249.054
f 2056 2055 2054 2053
f 2049 2050 2054 2053
f 2050 2051 2055 2054
f 2051 2052 2056 2055
f 2052 2049 2053 2056
v -96.657 1.211 239.271
v -90.683 1.211 230.334
v -85.603 1.211 233.729
v -91.577 1.211 242.666
v -96.657 5.111 239.271
v -90.683 5.111 230.334
v -85.603 5.111 233.729
v -91.577 5.111 242.666
f 2064 2063 2062 2061
f 2057 2058 2062 2061
f 2058 2059 2063 2062
f 2059 2060 2064 2063
f 2060 2057 2061 2064
v -89.841 1.295 234.084
v -84.199 1.295 225.659
v -78.799 1.295 229.276
v -84.441 1.295 237.701
v -89.841 5.195 234.084
v -84.199 5.195 225.659
v -78.799 5.195 229.276
v -84.441 5.195 237.701
f 2072 2071 2070 2069
f 2065 2066 2070 2069
f 2066 2067 2071 2070
f 2067 2068 2072 2071
f 2068 2065 2069 2072
v -75.654 1.573 229.743
v -66.224 1.573 215.828
v -58.566 1.573 221.017
v -67.996 1.573 234.932
v -75.654 5.473 229.743
v -66.224 5.473 215.828
v -58.566 5.473 221.017
v -67.996 5.473 234.932
f 2080 2079 2078 2077
f 2073 2074 2078 2077
f 2074 2075 2079 2078
f 2075 2076 2080 2079
f 2076 2073 2077 2080
v 19.462 1.686 39.714
v 43.061 1.686 57.814
v 34.078 1.686 69.526
v 10.479 1.686 51.426
v 19.462 5.586 39.714
v 43.061 5.586 57.814
v 34.078 5.586 69.526
v 10.479 5.586 51.426
f 2088 2087 2086 2085
f 2081 2082 2086 2085
f 2082 2083 2087 2086
f 2083 2084 2088 2087
f 2084 2081 2085 2088
v -47.272 1.411 65.692
v -35.231 1.411 47.041
v -30.048 1.411 50.388
v -42.089 1.411 69.039
v -47.272 5.311 65.692
v -35.231 5.311 47.041
v -30.048 5.311 50.388
v -42.089 5.311 69.039
f 2096 2095 2094 2093
f 2089 2090 2094 2093
f 2090 2091 2095 2094
f 2091 2092 2096 2095
f 2092 2089 2093 2096
v -55.315 1.462 71.047
v -42.320 1.462 53.294
v -36.365 1.462 57.653
v -49.360 1.462 75.406
v -55.315 5.362 71.047
v -42.320 5.362 53.294
v -36.365 5.362 57.653
v -49.360 5.362 75.406
f 2104 2103 2102 2101
f 2097 2098 2102 2101
f 2098 2099 2103 2102
f 2099 2100 2104 2103
f 2100 2097 2101 2104
v -34.256 1.559 77.423
v -18.630 1.559 88.036
v -22.204 1.559 93.297
v -37.830 1.559 82.684
v -34.256 5.459 77.423
v -18.630 5.459 88.036
v -22.204 5.459 93.297
v -37.830 5.459 82.684
f 2112 2111 2110 2109
f 2105 2106 2110 2109
f 2106 2107 2111 2110
f 2107 2108 2112 2111
f 2108 2105 2109 2112
v -32.898 1.675 85.761
v -17.232 1.675 96.947
v -20.782 1.675 101.919
v -36.448 1.675 90.733
v -32.898 5.575 85.761
v -17.232 5.575 96.947
v -20.782 5.575 101.919
v -36.448 5.575 90.733
f 2120 2119 2118 2117
f 2113 2114 2118 2117
f 2114 2115 2119 2118
f 2115 2116 2120 2119
f 2116 2113 2117 2120
v -22.306 1.912 99.168
v -15.655 1.912 91.030
v -8.214 1.912 97.112
v -14.865 1.912 105.250
v -22.306 5.812 99.168
v -15.655 5.812 91.030
v -8.214 5.812 97.112
v -14.865 5.812 105.250
f 2128 2127 2126 2125
f 2121 2122 2126 2125
f 2122 2123 2127 2126
f 2123 2124 2128 2127
f 2124 2121 2125 2128
v 21.762 1.713 82.469
v 30.984 1.713 90.743
v 23.458 1.713 99.131
v 14.236 1.713 90.857
v 21.762 5.613 82.469
v 30.984 5.613 90.743
v 23.458 5.613 99.131
v 14.236 5.613 90.857
f 2136 2135 2134 2133
f 2129 2130 2134 2133
f 2130 2131 2135 2134
f 2131 2132 2136 2135
f 2132 2129 2133 2136
v 9.449 1.584 91.049
v 16.264 1.584 95.805
v 12.911 1.584 100.611
v 6.096 1.584 95.855
v 9.449 5.484 91.049
v 16.264 5.484 95.805
v 12.911 5.484 100.611
v 6.096 5.484 95.855
f 2144 2143 2142 2141
f 2137 2138 2142 2141
f 2138 2139 2143 2142
f 2139 2140 2144 2143
f 2140 2137 2141 2144
v 203.623 1.760 -21.659
v 209.999 1.760 -17.523
v 207.337 1.760 -13.421
v 200.961 1.760 -17.557
v 203.623 5.660 -21.659
v 209.999 5.660 -17.523
v 207.337 5.660 -13.421
v 200.961 5.660 -17.557
f 2152 2151 2150 2149
f 2145 2146 2150 2149
f 2146 2147 2151 2150
f 2147 2148 2152 2151
f 2148 2145 2149 2152
v 150.197 1.747 -64.113
v 156.447 1.747 -56.423
v 149.463 1.747 -50.747
v 143.213 1.747 -58.437
v 150.197 5.647 -64.113
v 156.447 5.647 -56.423
v 149.463 5.647 -50.747
v 143.213 5.647 -58.437
f 2160 2159 2158 2157
f 2153 2154 2158 2157
f 2154 2155 2159 2158
f 2155 2156 2160 2159
f 2156 2153 2157 2160
v -51.332 1.479 -71.694
v -39.680 1.479 -62.964
v -45.028 1.479 -55.826
v -56.680 1.479 -64.556
v -51.332 5.379 -71.694
v -39.680 5.379 -62.964
v -45.028 5.379 -55.826
v -56.680 5.379 -64.556
f 2168 2167 2166 2165
f 2161 2162 2166 2165
f 2162 2163 2167 2166
f 2163 2164 2168 2167
f 2164 2161 2165 2168
v -29.627 1.648 -196.531
v -25.393 1.648 -166.104
v -53.393 1.648 -162.209
v -57.627 1.648 -192.636
v -29.627 5.548 -196.531
v -25.393 5.548 -166.104
v -53.393 5.548 -162.209
v -57.627 5.548 -192.636
f 2176 2175 2174 2173
f 2169 2170 2174 2173
f 2170 2171 2175 2174
f 2171 2172 2176 2175
f 2172 2169 2173 2176
v -24.219 1.852 -193.580
v 5.179 1.852 -193.278
v 4.919 1.852 -167.960
v -24.479 1.852 -168.262
v -24.219 5.752 -193.580
v 5.179 5.752 -193.278
v 4.919 5.752 -167.960
v -24.479 5.752 -168.262
f 2184 2183 2182 2181
f 2177 2178 2182 2181
f 2178 2179 2183 2182
f 2179 2180 2184 2183
f 2180 2177 2181 2184
v 36.317 1.587 -145.452
v 49.845 1.587 -139.574
v 46.123 1.587 -131.008
v 32.595 1.587 -136.886
v 36.317 5.487 -145.452
v 49.845 5.487 -139.574
v 46.123 5.487 -131.008
v 32.595 5.487 -136.886
f 2192 2191 2190 2189
f 2185 2186 2190 2189
f 2186 2187 2191 2190
f 2187 2188 2192 2191
f 2188 2185 2189 2192
v 69.461 1.530 -170.954
v 72.480 1.530 -153.960
v 51.459 1.530 -150.226
v 48.440 1.530 -167.220
v 69.461 5.430 -170.954
v 72.480 5.430 -153.960
v 51.459 5.430 -150.226
v 48.440 5.430 -167.220
f 2200 2199 2198 2197
f 2193 2194 2198 2197
f 2194 2195 2199 2198
f 2195 2196 2200 2199
f 2196 2193 2197 2200
v 62.076 1.345 -144.644
v 69.873 1.345 -140.189
v 66.004 1.345 -133.416
v 58.207 1.345 -137.871
v 62.076 5.245 -144.644
v 69.873 5.245 -140.189
v 66.004 5.245 -133.416
v 58.207 5.245 -137.871
f 2208 2207 2206 2205
f 2201 2202 2206 2205
f 2202 2203 2207 2206
f 2203 2204 2208 2207
f 2204 2201 2205 2208
v 62.673 1.483 -129.544
v 67.850 1.483 -136.511
v 73.927 1.483 -131.996
v 68.750 1.483 -125.029
v 62.673 5.383 -129.544
v 67.850 5.383 -136.511
v 73.927 5.383 -131.996
v 68.750 5.383 -125.029
f 2216 2215 2214 2213
f 2209 2210 2214 2213
f 2210 2211 2215 2214
f 2211 2212 2216 2215
f 2212 2209 2213 2216
v 69.993 1.035 -167.641
v 75.679 1.035 -178.785
v 82.707 1.035 -175.199
v 77.021 1.035 -164.055
v 69.993 4.935 -167.641
v 75.679 4.935 -178.785
v 82.707 4.935 -175.199
v 77.021 4.935 -164.055
f 2224 2223 2222 2221
f 2217 2218 2222 2221
f 2218 2219 2223 2222
f 2219 2220 2224 2223
f 2220 2217 2221 2224
v 78.147 1.117 -166.045
v 88.371 1.117 -182.213
v 93.113 1.117 -179.215
v 82.889 1.117 -163.047
v 78.147 5.017 -166.045
v 88.371 5.017 -182.213
v 93.113 5.017 -179.215
v 82.889 5.017 -163.047
f 2232 2231 2230 2229
f 2225 2226 2230 2229
f 2226 2227 2231 2230
f 2227 2228 2232 2231
f 2228 2225 2229 2232
v 76.926 1.097 -139.542
v 88.141 1.097 -154.368
v 94.234 1.097 -149.758
v 83.019 1.097 -134.932
v 76.926 4.997 -139.542
v 88.141 4.997 -154.368
v 94.234 4.997 -149.758
v 83.019 4.997 -134.932
f 2240 2239 2238 2237
f 2233 2234 2238 2237
f 2234 2235 2239 2238
f 2235 2236 2240 2239
f 2236 2233 2237 2240
v 80.813 1.152 -143.635
v 93.686 1.152 -162.247
v 98.547 1.152 -158.885
v 85.674 1.152 -140.273
v 80.813 5.052 -143.635
v 93.686 5.052 -162.247
v 98.547 5.052 -158.885
v 85.674 5.052 -140.273
f 2248 2247 2246 2245
f 2241 2242 2246 2245
f 2242 2243 2247 2246
f 2243 2244 2248 2247
f 2244 2241 2245 2248
v 88.284 1.145 -147.122
v 98.951 1.145 -164.016
v 104.396 1.145 -160.578
v 93.729 1.145 -143.684
v 88.284 5.045 -147.122
v 98.951 5.045 -164.016
v 104.396 5.045 -160.578
v 93.729 5.045 -143.684
f 2256 2255 2254 2253
f 2249 2250 2254 2253
f 2250 2251 2255 2254
f 2251 2252 2256 2255
f 2252 2249 2253 2256
v 100.050 1.030 -153.857
v 108.947 1.030 -167.204
v 115.130 1.030 -163.083
v 106.233 1.030 -149.736
v 100.050 4.930 -153.857
v 108.947 4.930 -167.204
v 115.130 4.930 -163.083
v 106.233 4.930 -149.736
f 2264 2263 2262 2261
f 2257 2258 2262 2261
f 2258 2259 2263 2262
f 2259 2260 2264 2263
f 2260 2257 2261 2264
v 108.456 0.568 -180.170
v 114.810 0.568 -176.377
v 111.284 0.568 -170.470
v 104.930 0.568 -174.263
v 108.456 4.468 -180.170
v 114.810 4.468 -176.377
v 111.284 4.468 -170.470
v 104.930 4.468 -174.263
f 2272 2271 2270 2269
f 2265 2266 2270 2269
f 2266 2267 2271 2270
f 2267 2268 2272 2271
f 2268 2265 2269 2272
v 105.324 1.039 -180.693
v 107.682 1.039 -184.217
v 110.716 1.039 -182.187
v 108.358 1.039 -178.663
v 105.324 4.939 -180.693
v 107.682 4.939 -184.217
v 110.716 4.939 -182.187
v 108.358 4.939 -178.663
f 2280 2279 2278 2277
f 2273 2274 2278 2277
f 2274 2275 2279 2278
f 2275 2276 2280 2279
f 2276 2273 2277 2280
v 109.166 1.138 -161.645
v 117.868 1.138 -174.424
v 123.314 1.138 -170.715
v 114.612 1.138 -157.936
v 109.166 5.038 -161.645
v 117.868 5.038 -174.424
v 123.314 5.038 -170.715
v 114.612 5.038 -157.936
f 2288 2287 2286 2285
f 2281 2282 2286 2285
f 2282 2283 2287 2286
f 2283 2284 2288 2287
f 2284 2281 2285 2288
v 113.604 1.184 -165.507
v 122.527 1.184 -182.587
v 129.636 1.184 -178.873
v 120.713 1.184 -161.793
v 113.604 5.084 -165.507
v 122.527 5.084 -182.587
v 129.636 5.084 -178.873
v 120.713 5.084 -161.793
f 2296 2295 2294 2293
f 2289 2290 2294 2293
f 2290 2291 2295 2294
f 2291 2292 2296 2295
f 2292 2289 2293 2296
v 95.026 1.152 -115.993
v 103.823 1.152 -128.877
v 109.314 1.152 -125.127
v 100.517 1.152 -112.243
v 95.026 5.052 -115.993
v 103.823 5.052 -128.877
v 109.314 5.052 -125.127
v 100.517 5.052 -112.243
f 2304 2303 2302 2301
f 2297 2298 2302 2301
f 2298 2299 2303 2302
f 2299 2300 2304 2303
f 2300 2297 2301 2304
v 101.623 1.113 -119.390
v 110.820 1.113 -132.666
v 116.097 1.113 -129.010
v 106.900 1.113 -115.734
v 101.623 5.013 -119.390
v 110.820 5.013 -132.666
v 116.097 5.013 -129.010
v 106.900 5.013 -115.734
f 2312 2311 2310 2309
f 2305 2306 2310 2309
f 2306 2307 2311 2310
f 2307 2308 2312 2311
f 2308 2305 2309 2312
v 108.186 1.255 -123.104
v 117.194 1.255 -135.693
v 122.334 1.255 -132.016
v 113.326 1.255 -119.427
v 108.186 5.155 -123.104
v 117.194 5.155 -135.693
v 122.334 5.155 -132.016
v 113.326 5.155 -119.427
f 2320 2319 2318 2317
f 2313 2314 2318 2317
f 2314 2315 2319 2318
f 2315 2316 2320 2319
f 2316 2313 2317 2320
v 98.719 1.409 -95.516
v 107.223 1.409 -89.957
v 102.901 1.409 -83.344
v 94.397 1.409 -88.903
v 98.719 5.309 -95.516
v 107.223 5.309 -89.957
v 102.901 5.309 -83.344
v 94.397 5.309 -88.903
f 2328 2327 2326 2325
f 2321 2322 2326 2325
f 2322 2323 2327 2326
f 2323 2324 2328 2327
f 2324 2321 2325 2328
v 98.396 0.961 -77.823
v 106.005 0.961 -88.240
v 114.444 0.961 -82.077
v 106.835 0.961 -71.660
v 98.396 4.861 -77.823
v 106.005 4.861 -88.240
v 114.444 4.861 -82.077
v 106.835 4.861 -71.660
f 2336 2335 2334 2333
f 2329 2330 2334 2333
f 2330 2331 2335 2334
f 2331 2332 2336 2335
f 2332 2329 2333 2336
v 49.708 1.810 -58.940
v 54.046 1.810 -65.144
v 58.972 1.810 -61.700
v 54.634 1.810 -55.496
v 49.708 5.710 -58.940
v 54.046 5.710 -65.144
v 58.972 5.710 -61.700
v 54.634 5.710 -55.496
f 2344 2343 2342 2341
f 2337 2338 2342 2341
f 2338 2339 2343 2342
f 2339 2340 2344 2343
f 2340 2337 2341 2344
v 66.631 1.565 -59.408
v 69.501 1.565 -63.983
v 72.229 1.565 -62.272
v 69.359 1.565 -57.697
v 66.631 5.465 -59.408
v 69.501 5.465 -63.983
v 72.229 5.465 -62.272
v 69.359 5.465 -57.697
f 2352 2351 2350 2349
f 2345 2346 2350 2349
f 2346 2347 2351 2350
f 2347 2348 2352 2351
f 2348 2345 2349 2352
v 119.825 1.303 -173.114
v 129.560 1.303 -188.385
v 142.015 1.303 -180.446
v 132.280 1.303 -165.175
v 119.825 5.203 -173.114
v 129.560 5.203 -188.385
v 142.015 5.203 -180.446
v 132.280 5.203 -165.175
f 2360 2359 2358 2357
f 2353 2354 2358 2357
f 2354 2355 2359 2358
f 2355 2356 2360 2359
f 2356 2353 2357 2360
v 130.216 1.407 -134.658
v 140.469 1.407 -149.985
v 148.664 1.407 -144.502
v 138.411 1.407 -129.175
v 130.216 5.307 -134.658
v 140.469 5.307 -149.985
v 148.664 5.307 -144.502
v 138.411 5.307 -129.175
f 2368 2367 2366 2365
f 2361 2362 2366 2365
f 2362 2363 2367 2366
f 2363 2364 2368 2367
f 2364 2361 2365 2368
v 154.268 1.474 -154.869
v 160.838 1.474 -164.001
v 169.052 1.474 -158.091
v 162.482 1.474 -148.959
v 154.268 5.374 -154.869
v 160.838 5.374 -164.001
v 169.052 5.374 -158.091
v 162.482 5.374 -148.959
f 2376 2375 2374 2373
f 2369 2370 2374 2373
f 2370 2371 2375 2374
f 2371 2372 2376 2375
f 2372 2369 2373 2376
v 165.321 1.557 -148.709
v 171.224 1.557 -144.380
v 167.859 1.557 -139.791
v 161.956 1.557 -144.120
v 165.321 5.457 -148.709
v 171.224 5.457 -144.380
v 167.859 5.457 -139.791
v 161.956 5.457 -144.120
f 2384 2383 2382 2381
f 2377 2378 2382 2381
f 2378 2379 2383 2382
f 2379 2380 2384 2383
f 2380 2377 2381 2384
v 170.197 1.628 -125.994
v 180.936 1.628 -141.546
v 188.523 1.628 -136.306
v 177.784 1.628 -120.754
v 170.197 5.528 -125.994
v 180.936 5.528 -141.546
v 188.523 5.528 -136.306
v 177.784 5.528 -120.754
f 2392 2391 2390 2389
f 2385 2386 2390 2389
f 2386 2387 2391 2390
f 2387 2388 2392 2391
f 2388 2385 2389 2392
v 161.718 1.536 -117.430
v 168.422 1.536 -126.971
v 174.002 1.536 -123.050
v 167.298 1.536 -113.509
v 161.718 5.436 -117.430
v 168.422 5.436 -126.971
v 174.002 5.436 -123.050
v 167.298 5.436 -113.509
f 2400 2399 2398 2397
f 2393 2394 2398 2397
f 2394 2395 2399 2398
f 2395 2396 2400 2399
f 2396 2393 2397 2400
v 146.763 1.481 -115.383
v 154.631 1.481 -125.669
v 158.777 1.481 -122.497
v 150.909 1.481 -112.211
v 146.763 5.381 -115.383
v 154.631 5.381 -125.669
v 158.777 5.381 -122.497
v 150.909 5.381 -112.211
f 2408 2407 2406 2405
f 2401 2402 2406 2405
f 2402 2403 2407 2406
f 2403 2404 2408 2407
f 2404 2401 2405 2408
v 138.822 1.463 -101.957
v 147.757 1.463 -114.414
v 155.078 1.463 -109.163
v 146.143 1.463 -96.706
v 138.822 5.363 -101.957
v 147.757 5.363 -114.414
v 155.078 5.363 -109.163
v 146.143 5.363 -96.706
f 2416 2415 2414 2413
f 2409 2410 2414 2413
f 2410 2411 2415 2414
f 2411 2412 2416 2415
f 2412 2409 2413 2416
v 129.531 1.439 -95.171
v 140.249 1.439 -109.843
v 146.209 1.439 -105.489
v 135.491 1.439 -90.817
v 129.531 5.339 -95.171
v 140.249 5.339 -109.843
v 146.209 5.339 -105.489
v 135.491 5.339 -90.817
f 2424 2423 2422 2421
f 2417 2418 2422 2421
f 2418 2419 2423 2422
f 2419 2420 2424 2423
f 2420 2417 2421 2424
v 120.509 1.611 -90.942
v 130.623 1.611 -105.724
v 137.531 1.611 -100.998
v 127.417 1.611 -86.216
v 120.509 5.511 -90.942
v 130.623 5.511 -105.724
v 137.531 5.511 -100.998
v 127.417 5.511 -86.216
f 2432 2431 2430 2429
f 2425 2426 2430 2429
f 2426 2427 2431 2430
f 2427 2428 2432 2431
f 2428 2425 2429 2432
v 110.561 1.564 -84.637
v 121.413 1.564 -100.416
v 128.499 1.564 -95.543
v 117.647 1.564 -79.764
v 110.561 5.464 -84.637
v 121.413 5.464 -100.416
v 128.499 5.464 -95.543
v 117.647 5.464 -79.764
f 2440 2439 2438 2437
f 2433 2434 2438 2437
f 2434 2435 2439 2438
f 2435 2436 2440 2439
f 2436 2433 2437 2440
v 101.322 2.302 -48.709
v 111.998 2.302 -41.274
v 105.158 2.302 -31.451
v 94.482 2.302 -38.886
v 101.322 6.202 -48.709
v 111.998 6.202 -41.274
v 105.158 6.202 -31.451
v 94.482 6.202 -38.886
f 2448 2447 2446 2445
f 2441 2442 2446 2445
f 2442 2443 2447 2446
f 2443 2444 2448 2447
f 2444 2441 2445 2448
v 74.972 2.091 -20.130
v 84.936 2.091 -34.370
v 94.768 2.091 -27.490
v 84.804 2.091 -13.250
v 74.972 5.991 -20.130
v 84.936 5.991 -34.370
v 94.768 5.991 -27.490
v 84.804 5.991 -13.250
f 2456 2455 2454 2453
f 2449 2450 2454 2453
f 2450 2451 2455 2454
f 2451 2452 2456 2455
f 2452 2449 2453 2456
v 59.101 2.096 -25.328
v 80.245 2.096 -11.093
v 72.879 2.096 -0.152
v 51.735 2.096 -14.387
v 59.101 5.996 -25.328
v 80.245 5.996 -11.093
v 72.879 5.996 -0.152
v 51.735 5.996 -14.387
f 2464 2463 2462 2461
f 2457 2458 2462 2461
f 2458 2459 2463 2462
f 2459 2460 2464 2463
f 2460 2457 2461 2464
v 100.845 1.817 -0.805
v 112.287 1.817 -17.609
v 116.155 1.817 -14.975
v 104.713 1.817 1.829
v 100.845 5.717 -0.805
v 112.287 5.717 -17.609
v 116.155 5.717 -14.975
v 104.713 5.717 1.829
f 2472 2471 2470 2469
f 2465 2466 2470 2469
f 2466 2467 2471 2470
f 2467 2468 2472 2471
f 2468 2465 2469 2472
v 105.860 2.173 44.297
v 112.258 2.173 34.370
v 115.940 2.173 36.743
v 109.542 2.173 46.670
v 105.860 6.073 44.297
v 112.258 6.073 34.370
v 115.940 6.073 36.743
v 109.542 6.073 46.670
f 2480 2479 2478 2477
f 2473 2474 2478 2477
f 2474 2475 2479 2478
f 2475 2476 2480 2479
f 2476 2473 2477 2480
v 115.259 1.119 38.673
v 121.892 1.119 44.148
v 119.301 1.119 47.287
v 112.668 1.119 41.812
v 115.259 5.019 38.673
v 121.892 5.019 44.148
v 119.301 5.019 47.287
v 112.668 5.019 41.812
f 2488 2487 2486 2485
f 2481 2482 2486 2485
f 2482 2483 2487 2486
f 2483 2484 2488 2487
f 2484 2481 2485 2488
v 117.942 1.689 54.640
v 122.870 1.689 48.415
v 127.778 1.689 52.300
v 122.850 1.689 58.525
v 117.942 5.589 54.640
v 122.870 5.589 48.415
v 127.778 5.589 52.300
v 122.850 5.589 58.525
f 2496 2495 2494 2493
f 2489 2490 2494 2493
f 2490 2491 2495 2494
f 2491 2492 2496 2495
f 2492 2489 2493 2496
v 220.426 1.736 -5.821
v 230.496 1.736 -20.571
v 237.954 1.736 -15.479
v 227.884 1.736 -0.729
v 220.426 5.636 -5.821
v 230.496 5.636 -20.571
v 237.954 5.636 -15.479
v 227.884 5.636 -0.729
f 2504 2503 2502 2501
f 2497 2498 2502 2501
f 2498 2499 2503 2502
f 2499 2500 2504 2503
f 2500 2497 2501 2504
v 225.591 1.083 -84.860
v 233.708 1.083 -97.020
v 240.029 1.083 -92.800
v 231.912 1.083 -80.640
v 225.591 4.983 -84.860
v 233.708 4.983 -97.020
v 240.029 4.983 -92.800
v 231.912 4.983 -80.640
f 2512 2511 2510 2509
f 2505 2506 2510 2509
f 2506 2507 2511 2510
f 2507 2508 2512 2511
f 2508 2505 2509 2512
v 209.382 1.509 -108.983
v 217.670 1.509 -121.074
v 224.318 1.509 -116.517
v 216.030 1.509 -104.426
v 209.382 5.409 -108.983
v 217.670 5.409 -121.074
v 224.318 5.409 -116.517
v 216.030 5.409 -104.426
f 2520 2519 2518 2517
f 2513 2514 2518 2517
f 2514 2515 2519 2518
f 2515 2516 2520 2519
f 2516 2513 2517 2520
v -63.172 1.607 220.344
v -54.824 1.607 206.976
v -46.528 1.607 212.156
v -54.876 1.607 225.524
v -63.172 5.507 220.344
v -54.824 5.507 206.976
v -46.528 5.507 212.156
v -54.876 5.507 225.524
f 2528 2527 2526 2525
f 2521 2522 2526 2525
f 2522 2523 2527 2526
f 2523 2524 2528 2527
f 2524 2521 2525 2528
v -51.947 1.633 209.289
v -46.031 1.633 199.874
v -39.893 1.633 203.731
v -45.809 1.633 213.146
v -51.947 5.533 209.289
v -46.031 5.533 199.874
v -39.893 5.533 203.731
v -45.809 5.533 213.146
f 2536 2535 2534 2533
f 2529 2530 2534 2533
f 2530 2531 2535 2534
f 2531 2532 2536 2535
f 2532 2529 2533 2536
v -39.815 1.473 189.127
v -23.691 1.473 196.878
v -29.285 1.473 208.513
v -45.409 1.473 200.762
v -39.815 5.373 189.127
v -23.691 5.373 196.878
v -29.285 5.373 208.513
v -45.409 5.373 200.762
f 2544 2543 2542 2541
f 2537 2538 2542 2541
f 2538 2539 2543 2542
f 2539 2540 2544 2543
f 2540 2537 2541 2544
v -33.227 1.404 201.821
v -19.874 1.404 210.305
v -24.673 1.404 217.859
v -38.026 1.404 209.375
v -33.227 5.304 201.821
v -19.874 5.304 210.305
v -24.673 5.304 217.859
v -38.026 5.304 209.375
f 2552 2551 2550 2549
f 2545 2546 2550 2549
f 2546 2547 2551 2550
f 2547 2548 2552 2551
f 2548 2545 2549 2552
v -47.801 1.030 220.714
v -41.965 1.030 213.104
v -38.259 1.030 215.946
v -44.095 1.030 223.556
v -47.801 4.930 220.714
v -41.965 4.930 213.104
v -38.259 4.930 215.946
v -44.095 4.930 223.556
f 2560 2559 2558 2557
f 2553 2554 2558 2557
f 2554 2555 2559 2558
f 2555 2556 2560 2559
f 2556 2553 2557 2560
v -33.820 1.513 207.141
v -13.449 1.513 225.301
v -21.720 1.513 234.579
v -42.091 1.513 216.419
v -33.820 5.413 207.141
v -13.449 5.413 225.301
v -21.720 5.413 234.579
v -42.091 5.413 216.419
f 2568 2567 2566 2565
f 2561 2562 2566 2565
f 2562 2563 2567 2566
f 2563 2564 2568 2567
f 2564 2561 2565 2568
v -18.641 1.594 213.847
v 1.833 1.594 239.676
v -16.959 1.594 254.573
v -37.433 1.594 228.744
v -18.641 7.394 213.847
v 1.833 7.394 239.676
v -16.959 7.394 254.573
v -37.433 7.394 228.744
f 2576 2575 2574 2573
f 2569 2570 2574 2573
f 2570 2571 2575 2574
f 2571 2572 2576 2575
f 2572 2569 2573 2576
v -17.374 1.404 235.842
v 1.423 1.404 248.460
v -2.066 1.404 253.658
v -20.863 1.404 241.040
v -17.374 5.304 235.842
v 1.423 5.304 248.460
v -2.066 5.304 253.658
v -20.863 5.304 241.040
f 2584 2583 2582 2581
f 2577 2578 2582 2581
f 2578 2579 2583 2582
f 2579 2580 2584 2583
f 2580 2577 2581 2584
v -7.270 1.612 242.740
v 6.273 1.612 251.575
v 2.590 1.612 257.220
v -10.953 1.612 248.385
v -7.270 5.512 242.740
v 6.273 5.512 251.575
v 2.590 5.512 257.220
v -10.953 5.512 248.385
f 2592 2591 2590 2589
f 2585 2586 2590 2589
f 2586 2587 2591 2590
f 2587 2588 2592 2591
f 2588 2585 2589 2592
v -60.015 1.863 258.968
v -48.940 1.863 220.022
v -28.365 1.863 225.872
v -39.440 1.863 264.818
v -60.015 7.663 258.968
v -48.940 7.663 220.022
v -28.365 7.663 225.872
v -39.440 7.663 264.818
f 2600 2599 2598 2597
f 2593 2594 2598 2597
f 2594 2595 2599 2598
f 2595 2596 2600 2599
f 2596 2593 2597 2600
v 13.107 1.725 231.739
v 20.963 1.725 218.738
v 33.613 1.725 226.381
v 25.757 1.725 239.382
v 13.107 5.625 231.739
v 20.963 5.625 218.738
v 33.613 5.625 226.381
v 25.757 5.625 239.382
f 2608 2607 2606 2605
f 2601 2602 2606 2605
f 2602 2603 2607 2606
f 2603 2604 2608 2607
f 2604 2601 2605 2608
v 20.661 1.740 212.982
v 26.173 1.740 216.427
v 23.179 1.740 221.218
v 17.667 1.740 217.773
v 20.661 5.640 212.982
v 26.173 5.640 216.427
v 23.179 5.640 221.218
v 17.667 5.640 217.773
f 2616 2615 2614 2613
f 2609 2610 2614 2613
f 2610 2611 2615 2614
f 2611 2612 2616 2615
f 2612 2609 2613 2616
v 8.521 1.681 204.752
v 19.335 1.681 211.544
v 14.799 1.681 218.768
v 3.985 1.681 211.976
v 8.521 5.581 204.752
v 19.335 5.581 211.544
v 14.799 5.581 218.768
v 3.985 5.581 211.976
f 2624 2623 2622 2621
f 2617 2618 2622 2621
f 2618 2619 2623 2622
f 2619 2620 2624 2623
f 2620 2617 2621 2624
v 1.695 1.378 193.133
v 10.696 1.378 198.695
v 6.585 1.378 205.347
v -2.416 1.378 199.785
v 1.695 5.278 193.133
v 10.696 5.278 198.695
v 6.585 5.278 205.347
v -2.416 5.278 199.785
f 2632 2631 2630 2629
f 2625 2626 2630 2629
f 2626 2627 2631 2630
f 2627 2628 2632 2631
f 2628 2625 2629 2632
v -7.527 2.130 184.494
v 0.293 2.130 189.871
v -2.233 2.130 193.546
v -10.053 2.130 188.169
v -7.527 6.030 184.494
v 0.293 6.030 189.871
v -2.233 6.030 193.546
v -10.053 6.030 188.169
f 2640 2639 2638 2637
f 2633 2634 2638 2637
f 2634 2635 2639 2638
f 2635 2636 2640 2639
f 2636 2633 2637 2640
v -26.337 1.504 148.955
v -10.973 1.504 158.041
v -16.003 1.504 166.545
v -31.367 1.504 157.459
v -26.337 5.404 148.955
v -10.973 5.404 158.041
v -16.003 5.404 166.545
v -31.367 5.404 157.459
f 2648 2647 2646 2645
f 2641 2642 2646 2645
f 2642 2643 2647 2646
f 2643 2644 2648 2647
f 2644 2641 2645 2648
v -13.696 1.560 160.003
v -10.056 1.560 156.193
v -6.324 1.560 159.757
v -9.964 1.560 163.567
v -13.696 5.460 160.003
v -10.056 5.460 156.193
v -6.324 5.460 159.757
v -9.964 5.460 163.567
f 2656 2655 2654 2653
f 2649 2650 2654 2653
f 2650 2651 2655 2654
f 2651 2652 2656 2655
f 2652 2649 2653 2656
v -13.738 1.652 156.981
v -6.408 1.652 146.305
v -2.162 1.652 149.219
v -9.492 1.652 159.895
v -13.738 5.552 156.981
v -6.408 5.552 146.305
v -2.162 5.552 149.219
v -9.492 5.552 159.895
f 2664 2663 2662 2661
f 2657 2658 2662 2661
f 2658 2659 2663 2662
f 2659 2660 2664 2663
f 2660 2657 2661 2664
v -38.922 1.994 133.645
v -19.107 1.994 136.707
v -21.478 1.994 152.055
v -41.293 1.994 148.993
v -38.922 5.894 133.645
v -19.107 5.894 136.707
v -21.478 5.894 152.055
v -41.293 5.894 148.993
f 2672 2671 2670 2669
f 2665 2666 2670 2669
f 2666 2667 2671 2670
f 2667 2668 2672 2671
f 2668 2665 2669 2672
v -43.030 1.392 131.572
v -32.256 1.392 138.200
v -35.730 1.392 143.848
v -46.504 1.392 137.220
v -43.030 5.292 131.572
v -32.256 5.292 138.200
v -35.730 5.292 143.848
v -46.504 5.292 137.220
f 2680 2679 2678 2677
f 2673 2674 2678 2677
f 2674 2675 2679 2678
f 2675 2676 2680 2679
f 2676 2673 2677 2680
v -48.076 1.550 121.968
v -37.405 1.550 129.532
v -42.084 1.550 136.132
v -52.755 1.550 128.568
v -48.076 5.450 121.968
v -37.405 5.450 129.532
v -42.084 5.450 136.132
v -52.755 5.450 128.568
f 2688 2687 2686 2685
f 2681 2682 2686 2685
f 2682 2683 2687 2686
f 2683 2684 2688 2687
f 2684 2681 2685 2688
v -55.612 1.538 108.902
v -46.194 1.538 115.379
v -51.668 1.538 123.338
v -61.086 1.538 116.861
v -55.612 5.438 108.902
v -46.194 5.438 115.379
v -51.668 5.438 123.338
v -61.086 5.438 116.861
f 2696 2695 2694 2693
f 2689 2690 2694 2693
f 2690 2691 2695 2694
f 2691 2692 2696 2695
f 2692 2689 2693 2696
v -65.888 1.479 89.416
v -49.545 1.479 97.737
v -55.852 1.479 110.124
v -72.195 1.479 101.803
v -65.888 5.379 89.416
v -49.545 5.379 97.737
v -55.852 5.379 110.124
v -72.195 5.379 101.803
f 2704 2703 2702 2701
f 2697 2698 2702 2701
f 2698 2699 2703 2702
f 2699 2700 2704 2703
f 2700 2697 2701 2704
v -53.495 1.689 101.492
v -48.683 1.689 91.036
v -40.225 1.689 94.928
v -45.037 1.689 105.384
v -53.495 5.589 101.492
v -48.683 5.589 91.036
v -40.225 5.589 94.928
v -45.037 5.589 105.384
f 2712 2711 2710 2709
f 2705 2706 2710 2709
f 2706 2707 2711 2710
f 2707 2708 2712 2711
f 2708 2705 2709 2712
v -36.616 1.779 108.325
v -30.344 1.779 100.705
v -23.164 1.779 106.615
v -29.436 1.779 114.235
v -36.616 5.679 108.325
v -30.344 5.679 100.705
v -23.164 5.679 106.615
v -29.436 5.679 114.235
f 2720 2719 2718 2717
f 2713 2714 2718 2717
f 2714 2715 2719 2718
f 2715 2716 2720 2719
f 2716 2713 2717 2720
v -28.983 1.933 120.479
v -23.182 1.933 111.739
v -15.917 1.933 116.561
v -21.718 1.933 125.301
v -28.983 5.833 120.479
v -23.182 5.833 111.739
v -15.917 5.833 116.561
v -21.718 5.833 125.301
f 2728 2727 2726 2725
f 2721 2722 2726 2725
f 2722 2723 2727 2726
f 2723 2724 2728 2727
f 2724 2721 2725 2728
v -11.559 1.548 101.848
v -1.480 1.548 107.868
v -5.961 1.548 115.372
v -16.040 1.548 109.352
v -11.559 5.448 101.848
v -1.480 5.448 107.868
v -5.961 5.448 115.372
v -16.040 5.448 109.352
f 2736 2735 2734 2733
f 2729 2730 2734 2733
f 2730 2731 2735 2734
f 2731 2732 2736 2735
f 2732 2729 2733 2736
v -20.016 1.513 122.853
v -8.948 1.513 129.748
v -11.364 1.513 133.627
v -22.432 1.513 126.732
v -20.016 5.413 122.853
v -8.948 5.413 129.748
v -11.364 5.413 133.627
v -22.432 5.413 126.732
f 2744 2743 2742 2741
f 2737 2738 2742 2741
f 2738 2739 2743 2742
f 2739 2740 2744 2743
f 2740 2737 2741 2744
v -7.871 1.486 112.021
v 4.983 1.486 119.984
v 1.171 1.486 126.139
v -11.683 1.486 118.176
v -7.871 5.386 112.021
v 4.983 5.386 119.984
v 1.171 5.386 126.139
v -11.683 5.386 118.176
f 2752 2751 2750 2749
f 2745 2746 2750 2749
f 2746 2747 2751 2750
f 2747 2748 2752 2751
f 2748 2745 2749 2752
v -4.091 1.725 119.016
v 10.162 1.725 124.741
v 6.971 1.725 132.684
v -7.282 1.725 126.959
v -4.091 5.625 119.016
v 10.162 5.625 124.741
v 6.971 5.625 132.684
v -7.282 5.625 126.959
f 2760 2759 2758 2757
f 2753 2754 2758 2757
f 2754 2755 2759 2758
f 2755 2756 2760 2759
f 2756 2753 2757 2760
v -11.957 1.811 129.403
v -2.953 1.811 135.109
v -6.443 1.811 140.617
v -15.447 1.811 134.911
v -11.957 5.711 129.403
v -2.953 5.711 135.109
v -6.443 5.711 140.617
v -15.447 5.711 134.911
f 2768 2767 2766 2765
f 2761 2762 2766 2765
f 2762 2763 2767 2766
f 2763 2764 2768 2767
f 2764 2761 2765 2768
v -1.569 1.865 142.511
v 5.905 1.865 146.601
v 1.949 1.865 153.829
v -5.525 1.865 149.739
v -1.569 5.765 142.511
v 5.905 5.765 146.601
v 1.949 5.765 153.829
v -5.525 5.765 149.739
f 2776 2775 2774 2773
f 2769 2770 2774 2773
f 2770 2771 2775 2774
f 2771 2772 2776 2775
f 2772 2769 2773 2776
v 6.010 1.689 130.585
v 18.533 1.689 138.770
v 13.210 1.689 146.915
v 0.687 1.689 138.730
v 6.010 5.589 130.585
v 18.533 5.589 138.770
v 13.210 5.589 146.915
v 0.687 5.589 138.730
f 2784 2783 2782 2781
f 2777 2778 2782 2781
f 2778 2779 2783 2782
f 2779 2780 2784 2783
f 2780 2777 2781 2784
v -55.143 1.467 81.831
v -50.650 1.467 84.754
v -52.417 1.467 87.469
v -56.910 1.467 84.546
v -55.143 5.367 81.831
v -50.650 5.367 84.754
v -52.417 5.367 87.469
v -56.910 5.367 84.546
f 2792 2791 2790 2789
f 2785 2786 2790 2789
f 2786 2787 2791 2790
f 2787 2788 2792 2791
f 2788 2785 2789 2792
v -61.635 1.404 80.809
v -57.325 1.404 84.321
v -59.125 1.404 86.531
v -63.435 1.404 83.019
v -61.635 5.304 80.809
v -57.325 5.304 84.321
v -59.125 5.304 86.531
v -63.435 5.304 83.019
f 2800 2799 2798 2797
f 2793 2794 2798 2797
f 2794 2795 2799 2798
f 2795 2796 2800 2799
f 2796 2793 2797 2800
v -74.125 1.412 78.285
v -66.417 1.412 66.681
v -60.495 1.412 70.615
v -68.203 1.412 82.219
v -74.125 5.312 78.285
v -66.417 5.312 66.681
v -60.495 5.312 70.615
v -68.203 5.312 82.219
f 2808 2807 2806 2805
f 2801 2802 2806 2805
f 2802 2803 2807 2806
f 2803 2804 2808 2807
f 2804 2801 2805 2808
v -65.191 1.454 72.121
v -53.561 1.454 58.031
v -45.409 1.454 64.759
v -57.039 1.454 78.849
v -65.191 5.354 72.121
v -53.561 5.354 58.031
v -45.409 5.354 64.759
v -57.039 5.354 78.849
f 2816 2815 2814 2813
f 2809 2810 2814 2813
f 2810 2811 2815 2814
f 2811 2812 2816 2815
f 2812 2809 2813 2816
v -104.476 1.425 64.048
v -98.284 1.425 45.031
v -85.504 1.425 49.192
v -91.696 1.425 68.209
v -104.476 5.325 64.048
v -98.284 5.325 45.031
v -85.504 5.325 49.192
v -91.696 5.325 68.209
f 2824 2823 2822 2821
f 2817 2818 2822 2821
f 2818 2819 2823 2822
f 2819 2820 2824 2823
f 2820 2817 2821 2824
v -102.896 1.616 40.852
v -94.883 1.616 45.728
v -97.524 1.616 50.068
v -105.537 1.616 45.192
v -102.896 5.516 40.852
v -94.883 5.516 45.728
v -97.524 5.516 50.068
v -105.537 5.516 45.192
f 2832 2831 2830 2829
f 2825 2826 2830 2829
f 2826 2827 2831 2830
f 2827 2828 2832 2831
f 2828 2825 2829 2832
v -92.558 1.517 57.618
v -83.629 1.517 43.969
v -77.922 1.517 47.702
v -86.851 1.517 61.351
v -92.558 5.417 57.618
v -83.629 5.417 43.969
v -77.922 5.417 47.702
v -86.851 5.417 61.351
f 2840 2839 2838 2837
f 2833 2834 2838 2837
f 2834 2835 2839 2838
f 2835 2836 2840 2839
f 2836 2833 2837 2840
v -86.141 1.619 51.748
v -77.174 1.619 38.897
v -70.819 1.619 43.332
v -79.786 1.619 56.183
v -86.141 5.519 51.748
v -77.174 5.519 38.897
v -70.819 5.519 43.332
v -79.786 5.519 56.183
f 2848 2847 2846 2845
f 2841 2842 2846 2845
f 2842 2843 2847 2846
f 2843 2844 2848 2847
f 2844 2841 2845 2848
v -76.332 1.355 41.279
v -73.864 1.355 37.710
v -70.928 1.355 39.741
v -73.396 1.355 43.310
v -76.332 5.255 41.279
v -73.864 5.255 37.710
v -70.928 5.255 39.741
v -73.396 5.255 43.310
f 2856 2855 2854 2853
f 2849 2850 2854 2853
f 2850 2851 2855 2854
f 2851 2852 2856 2855
f 2852 2849 2853 2856
v -69.969 1.466 38.306
v -60.625 1.466 43.073
v -63.951 1.466 49.594
v -73.295 1.466 44.827
v -69.969 5.366 38.306
v -60.625 5.366 43.073
v -63.951 5.366 49.594
v -73.295 5.366 44.827
f 2864 2863 2862 2861
f 2857 2858 2862 2861
f 2858 2859 2863 2862
f 2859 2860 2864 2863
f 2860 2857 2861 2864
v -58.813 2.111 31.188
v -49.236 2.111 37.260
v -53.327 2.111 43.712
v -62.904 2.111 37.640
v -58.813 6.011 31.188
v -49.236 6.011 37.260
v -53.327 6.011 43.712
v -62.904 6.011 37.640
f 2872 2871 2870 2869
f 2865 2866 2870 2869
f 2866 2867 2871 2870
f 2867 2868 2872 2871
f 2868 2865 2869 2872
v -63.299 1.589 24.341
v -53.587 1.589 30.610
v -56.781 1.589 35.559
v -66.493 1.589 29.290
v -63.299 5.489 24.341
v -53.587 5.489 30.610
v -56.781 5.489 35.559
v -66.493 5.489 29.290
f 2880 2879 2878 2877
f 2873 2874 2878 2877
f 2874 2875 2879 2878
f 2875 2876 2880 2879
f 2876 2873 2877 2880
v -73.305 1.622 17.678
v -57.213 1.622 28.903
v -60.715 1.622 33.922
v -76.807 1.622 22.697
v -73.305 5.522 17.678
v -57.213 5.522 28.903
v -60.715 5.522 33.922
v -76.807 5.522 22.697
f 2888 2887 2886 2885
f 2881 2882 2886 2885
f 2882 2883 2887 2886
f 2883 2884 2888 2887
f 2884 2881 2885 2888
v -108.987 1.569 24.578
v -91.782 1.569 36.602
v -96.073 1.569 42.742
v -113.278 1.569 30.718
v -108.987 5.469 24.578
v -91.782 5.469 36.602
v -96.073 5.469 42.742
v -113.278 5.469 30.718
f 2896 2895 2894 2893
f 2889 2890 2894 2893
f 2890 2891 2895 2894
f 2891 2892 2896 2895
f 2892 2889 2893 2896
v -113.436 1.473 12.508
v -104.208 1.473 27.413
v -114.964 1.473 34.072
v -124.192 1.473 19.167
v -113.436 5.373 12.508
v -104.208 5.373 27.413
v -114.964 5.373 34.072
v -124.192 5.373 19.167
f 2904 2903 2902 2901
f 2897 2898 2902 2901
f 2898 2899 2903 2902
f 2899 2900 2904 2903
f 2900 2897 2901 2904
v -97.134 1.642 15.669
v -94.160 1.642 11.476
v -91.346 1.642 13.471
v -94.320 1.642 17.664
v -97.134 5.542 15.669
v -94.160 5.542 11.476
v -91.346 5.542 13.471
v -94.320 5.542 17.664
f 2912 2911 2910 2909
f 2905 2906 2910 2909
f 2906 2907 2911 2910
f 2907 2908 2912 2911
f 2908 2905 2909 2912
v -86.764 1.361 -2.381
v -69.871 1.361 9.891
v -74.396 1.361 16.121
v -91.289 1.361 3.849
v -86.764 5.261 -2.381
v -69.871 5.261 9.891
v -74.396 5.261 16.121
v -91.289 5.261 3.849
f 2920 2919 2918 2917
f 2913 2914 2918 2917
f 2914 2915 2919 2918
f 2915 2916 2920 2919
f 2916 2913 2917 2920
v -90.492 1.436 -9.778
v -75.822 1.436 1.931
v -80.968 1.436 8.378
v -95.638 1.436 -3.331
v -90.492 5.336 -9.778
v -75.822 5.336 1.931
v -80.968 5.336 8.378
v -95.638 5.336 -3.331
f 2928 2927 2926 2925
f 2921 2922 2926 2925
f 2922 2923 2927 2926
f 2923 2924 2928 2927
f 2924 2921 2925 2928
v -137.190 1.720 17.143
v -130.691 1.720 -3.047
v -116.450 1.720 1.537
v -122.949 1.720 21.727
v -137.190 5.620 17.143
v -130.691 5.620 -3.047
v -116.450 5.620 1.537
v -122.949 5.620 21.727
f 2936 2935 2934 2933
f 2929 2930 2934 2933
f 2930 2931 2935 2934
f 2931 2932 2936 2935
f 2932 2929 2933 2936
v -136.691 1.574 -11.061
v -123.384 1.574 -2.414
v -127.449 1.574 3.841
v -140.756 1.574 -4.806
v -136.691 5.474 -11.061
v -123.384 5.474 -2.414
v -127.449 5.474 3.841
v -140.756 5.474 -4.806
f 2944 2943 2942 2941
f 2937 2938 2942 2941
f 2938 2939 2943 2942
f 2939 2940 2944 2943
f 2940 2937 2941 2944
v -142.546 1.290 -20.844
v -126.566 1.290 -10.621
v -129.934 1.290 -5.356
v -145.914 1.290 -15.579
v -142.546 5.190 -20.844
v -126.566 5.190 -10.621
v -129.934 5.190 -5.356
v -145.914 5.190 -15.579
f 2952 2951 2950 2949
f 2945 2946 2950 2949
f 2946 2947 2951 2950
f 2947 2948 2952 2951
f 2948 2945 2949 2952
v -159.703 1.579 -20.595
v -147.469 1.579 -31.667
v -140.337 1.579 -23.785
v -152.571 1.579 -12.713
v -159.703 5.479 -20.595
v -147.469 5.479 -31.667
v -140.337 5.479 -23.785
v -152.571 5.479 -12.713
f 2960 2959 2958 2957
f 2953 2954 2958 2957
f 2954 2955 2959 2958
f 2955 2956 2960 2959
f 2956 2953 2957 2960
v -141.975 0.807 -31.966
v -135.810 0.807 -40.894
v -130.625 0.807 -37.314
v -136.790 0.807 -28.386
v -141.975 4.707 -31.966
v -135.810 4.707 -40.894
v -130.625 4.707 -37.314
v -136.790 4.707 -28.386
f 2968 2967 2966 2965
f 2961 2962 2966 2965
f 2962 2963 2967 2966
f 2963 2964 2968 2967
f 2964 2961 2965 2968
v -132.863 1.617 -36.837
v -124.681 1.617 -48.442
v -117.677 1.617 -43.503
v -125.859 1.617 -31.898
v -132.863 5.517 -36.837
v -124.681 5.517 -48.442
v -117.677 5.517 -43.503
v -125.859 5.517 -31.898
f 2976 2975 2974 2973
f 2969 2970 2974 2973
f 2970 2971 2975 2974
f 2971 2972 2976 2975
f 2972 2969 2973 2976
v -119.977 1.414 -44.516
v -111.131 1.414 -56.506
v -104.243 1.414 -51.424
v -113.089 1.414 -39.434
v -119.977 5.314 -44.516
v -111.131 5.314 -56.506
v -104.243 5.314 -51.424
v -113.089 5.314 -39.434
f 2984 2983 2982 2981
f 2977 2978 2982 2981
f 2978 2979 2983 2982
f 2979 2980 2984 2983
f 2980 2977 2981 2984
v -113.536 1.738 -40.210
v -108.952 1.738 -38.689
v -110.384 1.738 -34.370
v -114.968 1.738 -35.891
v -113.536 5.638 -40.210
v -108.952 5.638 -38.689
v -110.384 5.638 -34.370
v -114.968 5.638 -35.891
f 2992 2991 2990 2989
f 2985 2986 2990 2989
f 2986 2987 2991 2990
f 2987 2988 2992 2991
f 2988 2985 2989 2992
v -113.024 1.367 -37.205
v -107.374 1.367 -31.235
v -111.136 1.367 -27.675
v -116.786 1.367 -33.645
v -113.024 5.267 -37.205
v -107.374 5.267 -31.235
v -111.136 5.267 -27.675
v -116.786 5.267 -33.645
f 3000 2999 2998 2997
f 2993 2994 2998 2997
f 2994 2995 2999 2998
f 2995 2996 3000 2999
f 2996 2993 2997 3000
v -111.552 1.489 -38.748
v -93.277 1.489 -26.056
v -99.808 1.489 -16.652
v -118.083 1.489 -29.344
v -111.552 5.389 -38.748
v -93.277 5.389 -26.056
v -99.808 5.389 -16.652
v -118.083 5.389 -29.344
f 3008 3007 3006 3005
f 3001 3002 3006 3005
f 3002 3003 3007 3006
f 3003 3004 3008 3007
f 3004 3001 3005 3008
v -94.888 1.362 -26.515
v -85.387 1.362 -20.323
v -90.612 1.362 -12.305
v -100.113 1.362 -18.497
v -94.888 5.262 -26.515
v -85.387 5.262 -20.323
v -90.612 5.262 -12.305
v -100.113 5.262 -18.497
f 3016 3015 3014 3013
f 3009 3010 3014 3013
f 3010 3011 3015 3014
f 3011 3012 3016 3015
f 3012 3009 3013 3016
v -107.618 1.606 -16.012
v -97.055 1.606 -8.349
v -101.582 1.606 -2.108
v -112.145 1.606 -9.771
v -107.618 5.506 -16.012
v -97.055 5.506 -8.349
v -101.582 5.506 -2.108
v -112.145 5.506 -9.771
f 3024 3023 3022 3021
f 3017 3018 3022 3021
f 3018 3019 3023 3022
f 3019 3020 3024 3023
f 3020 3017 3021 3024
v -54.085 1.472 -11.675
v -36.669 1.472 -0.248
v -41.815 1.472 7.595
v -59.231 1.472 -3.832
v -54.085 5.372 -11.675
v -36.669 5.372 -0.248
v -41.815 5.372 7.595
v -59.231 5.372 -3.832
f 3032 3031 3030 3029
f 3025 3026 3030 3029
f 3026 3027 3031 3030
f 3027 3028 3032 3031
f 3028 3025 3029 3032
v -40.374 1.356 -5.357
v -29.543 1.356 2.170
v -32.106 1.356 5.857
v -42.937 1.356 -1.670
v -40.374 5.256 -5.357
v -29.543 5.256 2.170
v -32.106 5.256 5.857
v -42.937 5.256 -1.670
f 3040 3039 3038 3037
f 3033 3034 3038 3037
f 3034 3035 3039 3038
f 3035 3036 3040 3039
f 3036 3033 3037 3040
v -25.294 1.405 -25.675
v -6.109 1.405 -10.549
v -15.006 1.405 0.735
v -34.191 1.405 -14.391
v -25.294 5.305 -25.675
v -6.109 5.305 -10.549
v -15.006 5.305 0.735
v -34.191 5.305 -14.391
f 3048 3047 3046 3045
f 3041 3042 3046 3045
f 3042 3043 3047 3046
f 3043 3044 3048 3047
f 3044 3041 3045 3048
v -59.598 1.534 -20.702
v -44.104 1.534 -10.703
v -48.702 1.534 -3.578
v -64.196 1.534 -13.577
v -59.598 5.434 -20.702
v -44.104 5.434 -10.703
v -48.702 5.434 -3.578
v -64.196 5.434 -13.577
f 3056 3055 3054 3053
f 3049 3050 3054 3053
f 3050 3051 3055 3054
f 3051 3052 3056 3055
f 3052 3049 3053 3056
v -65.524 1.377 -28.709
v -50.333 1.377 -20.101
v -55.076 1.377 -11.731
v -70.267 1.377 -20.339
v -65.524 5.277 -28.709
v -50.333 5.277 -20.101
v -55.076 5.277 -11.731
v -70.267 5.277 -20.339
f 3064 3063 3062 3061
f 3057 3058 3062 3061
f 3058 3059 3063 3062
f 3059 3060 3064 3063
f 3060 3057 3061 3064
v -55.430 1.376 -35.956
v -48.397 1.376 -46.914
v -41.370 1.376 -42.404
v -48.403 1.376 -31.446
v -55.430 5.276 -35.956
v -48.397 5.276 -46.914
v -41.370 5.276 -42.404
v -48.403 5.276 -31.446
f 3072 3071 3070 3069
f 3065 3066 3070 3069
f 3066 3067 3071 3070
f 3067 3068 3072 3071
f 3068 3065 3069 3072
v -54.420 1.617 -43.188
v -54.330 1.617 -25.528
v -73.340 1.617 -25.432
v -73.430 1.617 -43.092
v -54.420 5.517 -43.188
v -54.330 5.517 -25.528
v -73.340 5.517 -25.432
v -73.430 5.517 -43.092
f 3080 3079 3078 3077
f 3073 3074 3078 3077
f 3074 3075 3079 3078
f 3075 3076 3080 3079
f 3076 3073 3077 3080
v -83.377 1.698 -44.105
v -78.766 1.698 -50.727
v -72.603 1.698 -46.435
v -77.214 1.698 -39.813
v -83.377 5.598 -44.105
v -78.766 5.598 -50.727
v -72.603 5.598 -46.435
v -77.214 5.598 -39.813
f 3088 3087 3086 3085
f 3081 3082 3086 3085
f 3082 3083 3087 3086
f 3083 3084 3088 3087
f 3084 3081 3085 3088
v -90.669 1.400 -62.123
v -75.849 1.400 -54.644
v -81.111 1.400 -44.217
v -95.931 1.400 -51.696
v -90.669 5.300 -62.123
v -75.849 5.300 -54.644
v -81.111 5.300 -44.217
v -95.931 5.300 -51.696
f 3096 3095 3094 3093
f 3089 3090 3094 3093
f 3090 3091 3095 3094
f 3091 3092 3096 3095
f 3092 3089 3093 3096
v -89.207 1.656 -78.892
v -74.977 1.656 -70.113
v -81.693 1.656 -59.228
v -95.923 1.656 -68.007
v -89.207 5.556 -78.892
v -74.977 5.556 -70.113
v -81.693 5.556 -59.228
v -95.923 5.556 -68.007
f 3104 3103 3102 3101
f 3097 3098 3102 3101
f 3098 3099 3103 3102
f 3099 3100 3104 3103
f 3100 3097 3101 3104
v -61.886 1.372 -81.951
v -47.194 1.372 -72.517
v -52.414 1.372 -64.389
v -67.106 1.372 -73.823
v -61.886 5.272 -81.951
v -47.194 5.272 -72.517
v -52.414 5.272 -64.389
v -67.106 5.272 -73.823
f 3112 3111 3110 3109
f 3105 3106 3110 3109
f 3106 3107 3111 3110
f 3107 3108 3112 3111
f 3108 3105 3109 3112
v -72.031 1.584 -92.490
v -54.122 1.584 -81.071
v -59.569 1.584 -72.530
v -77.478 1.584 -83.949
v -72.031 5.484 -92.490
v -54.122 5.484 -81.071
v -59.569 5.484 -72.530
v -77.478 5.484 -83.949
f 3120 3119 3118 3117
f 3113 3114 3118 3117
f 3114 3115 3119 3118
f 3115 3116 3120 3119
f 3116 3113 3117 3120
v -94.138 1.498 -113.833
v -64.891 1.498 -111.617
v -66.482 1.498 -90.627
v -95.729 1.498 -92.843
v -94.138 5.398 -113.833
v -64.891 5.398 -111.617
v -66.482 5.398 -90.627
v -95.729 5.398 -92.843
f 3128 3127 3126 3125
f 3121 3122 3126 3125
f 3122 3123 3127 3126
f 3123 3124 3128 3127
f 3124 3121 3125 3128
v -123.593 0.895 -116.062
v -104.165 0.895 -115.117
v -105.027 0.895 -97.398
v -124.455 0.895 -98.343
v -123.593 4.795 -116.062
v -104.165 4.795 -115.117
v -105.027 4.795 -97.398
v -124.455 4.795 -98.343
f 3136 3135 3134 3133
f 3129 3130 3134 3133
f 3130 3131 3135 3134
f 3131 3132 3136 3135
f 3132 3129 3133 3136
v -105.353 1.465 -106.361
v -102.239 1.465 -111.466
v -99.047 1.465 -109.519
v -102.161 1.465 -104.414
v -105.353 5.365 -106.361
v -102.239 5.365 -111.466
v -99.047 5.365 -109.519
v -102.161 5.365 -104.414
f 3144 3143 3142 3141
f 3137 3138 3142 3141
f 3138 3139 3143 3142
f 3139 3140 3144 3143
f 3140 3137 3141 3144
v -90.230 1.299 -127.856
v -80.071 1.299 -121.155
v -85.830 1.299 -112.424
v -95.989 1.299 -119.125
v -90.230 5.199 -127.856
v -80.071 5.199 -121.155
v -85.830 5.199 -112.424
v -95.989 5.199 -119.125
f 3152 3151 3150 3149
f 3145 3146 3150 3149
f 3146 3147 3151 3150
f 3147 3148 3152 3151
f 3148 3145 3149 3152
v -123.544 1.176 -137.511
v -112.006 1.176 -116.057
v -129.276 1.176 -106.769
v -140.814 1.176 -128.223
v -123.544 5.076 -137.511
v -112.006 5.076 -116.057
v -129.276 5.076 -106.769
v -140.814 5.076 -128.223
f 3160 3159 3158 3157
f 3153 3154 3158 3157
f 3154 3155 3159 3158
f 3155 3156 3160 3159
f 3156 3153 3157 3160
v -101.943 1.265 -142.078
v -87.335 1.265 -132.352
v -90.937 1.265 -126.942
v -105.545 1.265 -136.668
v -101.943 5.165 -142.078
v -87.335 5.165 -132.352
v -90.937 5.165 -126.942
v -105.545 5.165 -136.668
f 3168 3167 3166 3165
f 3161 3162 3166 3165
f 3162 3163 3167 3166
f 3163 3164 3168 3167
f 3164 3161 3165 3168
v -107.974 1.330 -148.550
v -92.171 1.330 -137.894
v -95.626 1.330 -132.770
v -111.429 1.330 -143.426
v -107.974 5.230 -148.550
v -92.171 5.230 -137.894
v -95.626 5.230 -132.770
v -111.429 5.230 -143.426
f 3176 3175 3174 3173
f 3169 3170 3174 3173
f 3170 3171 3175 3174
f 3171 3172 3176 3175
f 3172 3169 3173 3176
v -107.050 1.177 -154.970
v -96.433 1.177 -147.398
v -100.190 1.177 -142.130
v -110.807 1.177 -149.702
v -107.050 5.077 -154.970
v -96.433 5.077 -147.398
v -100.190 5.077 -142.130
v -110.807 5.077 -149.702
f 3184 3183 3182 3181
f 3177 3178 3182 3181
f 3178 3179 3183 3182
f 3179 3180 3184 3183
f 3180 3177 3181 3184
v -131.690 1.367 -162.100
v -127.187 1.367 -159.066
v -129.590 1.367 -155.500
v -134.093 1.367 -158.534
v -131.690 5.267 -162.100
v -127.187 5.267 -159.066
v -129.590 5.267 -155.500
v -134.093 5.267 -158.534
f 3192 3191 3190 3189
f 3185 3186 3190 3189
f 3186 3187 3191 3190
f 3187 3188 3192 3191
f 3188 3185 3189 3192
v -147.478 1.300 -148.012
v -129.420 1.300 -135.603
v -133.622 1.300 -129.488
v -151.680 1.300 -141.897
v -147.478 5.200 -148.012
v -129.420 5.200 -135.603
v -133.622 5.200 -129.488
v -151.680 5.200 -141.897
f 3200 3199 3198 3197
f 3193 3194 3198 3197
f 3194 3195 3199 3198
f 3195 3196 3200 3199
f 3196 3193 3197 3200
v -122.965 1.283 -176.292
v -110.201 1.283 -168.132
v -114.155 1.283 -161.948
v -126.919 1.283 -170.108
v -122.965 5.183 -176.292
v -110.201 5.183 -168.132
v -114.155 5.183 -161.948
v -126.919 5.183 -170.108
f 3208 3207 3206 3205
f 3201 3202 3206 3205
f 3202 3203 3207 3206
f 3203 3204 3208 3207
f 3204 3201 3205 3208
v -130.642 1.337 -186.235
v -117.851 1.337 -177.859
v -121.358 1.337 -172.505
v -134.149 1.337 -180.881
v -130.642 5.237 -186.235
v -117.851 5.237 -177.859
v -121.358 5.237 -172.505
v -134.149 5.237 -180.881
f 3216 3215 3214 3213
f 3209 3210 3214 3213
f 3210 3211 3215 3214
f 3211 3212 3216 3215
f 3212 3209 3213 3216
v -163.361 1.461 -174.011
v -154.953 1.461 -185.946
v -146.099 1.461 -179.709
v -154.507 1.461 -167.774
v -163.361 5.361 -174.011
v -154.953 5.361 -185.946
v -146.099 5.361 -179.709
v -154.507 5.361 -167.774
f 3224 3223 3222 3221
f 3217 3218 3222 3221
f 3218 3219 3223 3222
f 3219 3220 3224 3223
f 3220 3217 3221 3224
v -175.046 1.228 -164.189
v -166.808 1.228 -178.658
v -156.154 1.228 -172.591
v -164.392 1.228 -158.122
v -175.046 5.128 -164.189
v -166.808 5.128 -178.658
v -156.154 5.128 -172.591
v -164.392 5.128 -158.122
f 3232 3231 3230 3229
f 3225 3226 3230 3229
f 3226 3227 3231 3230
f 3227 3228 3232 3231
f 3228 3225 3229 3232
v -165.723 1.340 -160.603
v -161.059 1.340 -159.425
v -162.117 1.340 -155.237
v -166.781 1.340 -156.415
v -165.723 5.240 -160.603
v -161.059 5.240 -159.425
v -162.117 5.240 -155.237
v -166.781 5.240 -156.415
f 3240 3239 3238 3237
f 3233 3234 3238 3237
f 3234 3235 3239 3238
f 3235 3236 3240 3239
f 3236 3233 3237 3240
v -183.968 1.732 -147.944
v -171.578 1.732 -139.278
v -175.412 1.732 -133.796
v -187.802 1.732 -142.462
v -183.968 5.632 -147.944
v -171.578 5.632 -139.278
v -175.412 5.632 -133.796
v -187.802 5.632 -142.462
f 3248 3247 3246 3245
f 3241 3242 3246 3245
f 3242 3243 3247 3246
f 3243 3244 3248 3247
f 3244 3241 3245 3248
v -194.344 1.736 -149.832
v -184.224 1.736 -164.694
v -176.256 1.736 -159.268
v -186.376 1.736 -144.406
v -194.344 5.636 -149.832
v -184.224 5.636 -164.694
v -176.256 5.636 -159.268
v -186.376 5.636 -144.406
f 3256 3255 3254 3253
f 3249 3250 3254 3253
f 3250 3251 3255 3254
f 3251 3252 3256 3255
f 3252 3249 3253 3256
v -199.396 1.761 -158.885
v -186.838 1.761 -148.636
v -197.024 1.761 -136.155
v -209.582 1.761 -146.404
v -199.396 5.661 -158.885
v -186.838 5.661 -148.636
v -197.024 5.661 -136.155
v -209.582 5.661 -146.404
f 3264 3263 3262 3261
f 3257 3258 3262 3261
f 3258 3259 3263 3262
f 3259 3260 3264 3263
f 3260 3257 3261 3264
v -232.485 1.989 -135.258
v -212.352 1.989 -143.646
v -205.075 1.989 -126.182
v -225.208 1.989 -117.794
v -232.485 5.889 -135.258
v -212.352 5.889 -143.646
v -205.075 5.889 -126.182
v -225.208 5.889 -117.794
f 3272 3271 3270 3269
f 3265 3266 3270 3269
f 3266 3267 3271 3270
f 3267 3268 3272 3271
f 3268 3265 3269 3272
v 39.556 1.781 118.140
v 46.796 1.781 107.925
v 53.364 1.781 112.580
v 46.124 1.781 122.795
v 39.556 5.681 118.140
v 46.796 5.681 107.925
v 53.364 5.681 112.580
v 46.124 5.681 122.795
f 3280 3279 3278 3277
f 3273 3274 3278 3277
f 3274 3275 3279 3278
f 3275 3276 3280 3279
f 3276 3273 3277 3280
v 27.659 1.594 121.665
v 39.631 1.594 106.629
v 45.241 1.594 111.095
v 33.269 1.594 126.131
v 27.659 5.494 121.665
v 39.631 5.494 106.629
v 45.241 5.494 111.095
v 33.269 5.494 126.131
f 3288 3287 3286 3285
f 3281 3282 3286 3285
f 3282 3283 3287 3286
f 3283 3284 3288 3287
f 3284 3281 3285 3288
v 20.315 1.457 128.324
v 30.384 1.457 112.900
v 36.505 1.457 116.896
v 26.436 1.457 132.320
v 20.315 5.357 128.324
v 30.384 5.357 112.900
v 36.505 5.357 116.896
v 26.436 5.357 132.320
f 3296 3295 3294 3293
f 3289 3290 3294 3293
f 3290 3291 3295 3294
f 3291 3292 3296 3295
f 3292 3289 3293 3296
v -53.043 1.484 -201.888
v -48.249 1.484 -208.968
v -43.057 1.484 -205.452
v -47.851 1.484 -198.372
v -53.043 5.384 -201.888
v -48.249 5.384 -208.968
v -43.057 5.384 -205.452
v -47.851 5.384 -198.372
f 3304 3303 3302 3301
f 3297 3298 3302 3301
f 3298 3299 3303 3302
f 3299 3300 3304 3303
f 3300 3297 3301 3304
v -64.176 1.402 -203.974
v -51.189 1.402 -204.562
v -50.604 1.402 -191.646
v -63.591 1.402 -191.058
v -64.176 5.302 -203.974
v -51.189 5.302 -204.562
v -50.604 5.302 -191.646
v -63.591 5.302 -191.058
f 3312 3311 3310 3309
f 3305 3306 3310 3309
f 3306 3307 3311 3310
f 3307 3308 3312 3311
f 3308 3305 3309 3312
v -66.941 1.624 -221.077
v -45.886 1.624 -207.542
v -51.439 1.624 -198.903
v -72.494 1.624 -212.438
v -66.941 5.524 -221.077
v -45.886 5.524 -207.542
v -51.439 5.524 -198.903
v -72.494 5.524 -212.438
f 3320 3319 3318 3317
f 3313 3314 3318 3317
f 3314 3315 3319 3318
f 3315 3316 3320 3319
f 3316 3313 3317 3320
v -74.275 1.332 -187.264
v -68.844 1.332 -194.924
v -64.545 1.332 -191.876
v -69.976 1.332 -184.216
v -74.275 5.232 -187.264
v -68.844 5.232 -194.924
v -64.545 5.232 -191.876
v -69.976 5.232 -184.216
f 3328 3327 3326 3325
f 3321 3322 3326 3325
f 3322 3323 3327 3326
f 3323 3324 3328 3327
f 3324 3321 3325 3328
v -83.404 1.258 -190.545
v -71.556 1.258 -187.766
v -74.316 1.258 -175.995
v -86.164 1.258 -178.774
v -83.404 5.158 -190.545
v -71.556 5.158 -187.766
v -74.316 5.158 -175.995
v -86.164 5.158 -178.774
f 3336 3335 3334 3333
f 3329 3330 3334 3333
f 3330 3331 3335 3334
f 3331 3332 3336 3335
f 3332 3329 3333 3336
v 15.896 1.568 97.700
v 28.935 1.568 104.658
v 24.504 1.568 112.960
v 11.465 1.568 106.002
v 15.896 5.468 97.700
v 28.935 5.468 104.658
v 24.504 5.468 112.960
v 11.465 5.468 106.002
f 3344 3343 3342 3341
f 3337 3338 3342 3341
f 3338 3339 3343 3342
f 3339 3340 3344 3343
f 3340 3337 3341 3344
v 22.226 1.511 95.660
v 27.727 1.511 99.197
v 26.374 1.511 101.300
v 20.873 1.511 97.763
v 22.226 5.411 95.660
v 27.727 5.411 99.197
v 26.374 5.411 101.300
v 20.873 5.411 97.763
f 3352 3351 3350 3349
f 3345 3346 3350 3349
f 3346 3347 3351 3350
f 3347 3348 3352 3351
f 3348 3345 3349 3352
v 31.982 1.623 152.153
v 39.362 1.623 141.488
v 45.718 1.623 145.887
v 38.338 1.623 156.552
v 31.982 5.523 152.153
v 39.362 5.523 141.488
v 45.718 5.523 145.887
v 38.338 5.523 156.552
f 3360 3359 3358 3357
f 3353 3354 3358 3357
f 3354 3355 3359 3358
f 3355 3356 3360 3359
f 3356 3353 3357 3360
v 38.910 1.910 153.016
v 48.909 1.910 137.736
v 54.850 1.910 141.624
v 44.851 1.910 156.904
v 38.910 5.810 153.016
v 48.909 5.810 137.736
v 54.850 5.810 141.624
v 44.851 5.810 156.904
f 3368 3367 3366 3365
f 3361 3362 3366 3365
f 3362 3363 3367 3366
f 3363 3364 3368 3367
f 3364 3361 3365 3368
v 54.278 1.791 139.746
v 62.120 1.791 128.769
v 67.222 1.791 132.414
v 59.380 1.791 143.391
v 54.278 5.691 139.746
v 62.120 5.691 128.769
v 67.222 5.691 132.414
v 59.380 5.691 143.391
f 3376 3375 3374 3373
f 3369 3370 3374 3373
f 3370 3371 3375 3374
f 3371 3372 3376 3375
f 3372 3369 3373 3376
v 59.022 1.985 131.970
v 64.769 1.985 123.302
v 69.878 1.985 126.690
v 64.131 1.985 135.358
v 59.022 5.885 131.970
v 64.769 5.885 123.302
v 69.878 5.885 126.690
v 64.131 5.885 135.358
f 3384 3383 3382 3381
f 3377 3378 3382 3381
f 3378 3379 3383 3382
f 3379 3380 3384 3383
f 3380 3377 3381 3384
v 69.018 2.027 113.722
v 88.829 2.027 117.456
v 85.202 2.027 136.698
v 65.391 2.027 132.964
v 69.018 5.927 113.722
v 88.829 5.927 117.456
v 85.202 5.927 136.698
v 65.391 5.927 132.964
f 3392 3391 3390 3389
f 3385 3386 3390 3389
f 3386 3387 3391 3390
f 3387 3388 3392 3391
f 3388 3385 3389 3392
v 81.040 1.701 128.062
v 94.220 1.701 137.855
v 89.120 1.701 144.718
v 75.940 1.701 134.925
v 81.040 5.601 128.062
v 94.220 5.601 137.855
v 89.120 5.601 144.718
v 75.940 5.601 134.925
f 3400 3399 3398 3397
f 3393 3394 3398 3397
f 3394 3395 3399 3398
f 3395 3396 3400 3399
f 3396 3393 3397 3400
v 85.557 1.754 136.937
v 102.097 1.754 148.181
v 98.983 1.754 152.763
v 82.443 1.754 141.519
v 85.557 5.654 136.937
v 102.097 5.654 148.181
v 98.983 5.654 152.763
v 82.443 5.654 141.519
f 3408 3407 3406 3405
f 3401 3402 3406 3405
f 3402 3403 3407 3406
f 3403 3404 3408 3407
f 3404 3401 3405 3408
v 86.788 1.675 142.255
v 106.359 1.675 154.972
v 103.232 1.675 159.785
v 83.661 1.675 147.068
v 86.788 5.575 142.255
v 106.359 5.575 154.972
v 103.232 5.575 159.785
v 83.661 5.575 147.068
f 3416 3415 3414 3413
f 3409 3410 3414 3413
f 3410 3411 3415 3414
f 3411 3412 3416 3415
f 3412 3409 3413 3416
v 95.748 1.732 148.515
v 109.357 1.732 157.985
v 106.072 1.732 162.705
v 92.463 1.732 153.235
v 95.748 5.632 148.515
v 109.357 5.632 157.985
v 106.072 5.632 162.705
v 92.463 5.632 153.235
f 3424 3423 3422 3421
f 3417 3418 3422 3421
f 3418 3419 3423 3422
f 3419 3420 3424 3423
f 3420 3417 3421 3424
v 97.349 2.034 154.290
v 113.394 2.034 165.213
v 109.911 2.034 170.330
v 93.866 2.034 159.407
v 97.349 5.934 154.290
v 113.394 5.934 165.213
v 109.911 5.934 170.330
v 93.866 5.934 159.407
f 3432 3431 3430 3429
f 3425 3426 3430 3429
f 3426 3427 3431 3430
f 3427 3428 3432 3431
f 3428 3425 3429 3432
v 79.120 1.822 166.094
v 92.754 1.822 175.190
v 87.820 1.822 182.586
v 74.186 1.822 173.490
v 79.120 5.722 166.094
v 92.754 5.722 175.190
v 87.820 5.722 182.586
v 74.186 5.722 173.490
f 3440 3439 3438 3437
f 3433 3434 3438 3437
f 3434 3435 3439 3438
f 3435 3436 3440 3439
f 3436 3433 3437 3440
v 80.039 1.615 166.719
v 82.009 1.615 163.826
v 84.761 1.615 165.701
v 82.791 1.615 168.594
v 80.039 5.515 166.719
v 82.009 5.515 163.826
v 84.761 5.515 165.701
v 82.791 5.515 168.594
f 3448 3447 3446 3445
f 3441 3442 3446 3445
f 3442 3443 3447 3446
f 3443 3444 3448 3447
f 3444 3441 3445 3448
v 61.441 2.024 159.524
v 73.798 2.024 150.656
v 82.999 2.024 163.476
v 70.642 2.024 172.344
v 61.441 5.924 159.524
v 73.798 5.924 150.656
v 82.999 5.924 163.476
v 70.642 5.924 172.344
f 3456 3455 3454 3453
f 3449 3450 3454 3453
f 3450 3451 3455 3454
f 3451 3452 3456 3455
f 3452 3449 3453 3456
v 62.160 2.089 176.299
v 72.807 2.089 183.314
v 66.860 2.089 192.341
v 56.213 2.089 185.326
v 62.160 5.989 176.299
v 72.807 5.989 183.314
v 66.860 5.989 192.341
v 56.213 5.989 185.326
f 3464 3463 3462 3461
f 3457 3458 3462 3461
f 3458 3459 3463 3462
f 3459 3460 3464 3463
f 3460 3457 3461 3464
v 55.608 1.863 167.458
v 67.334 1.863 175.143
v 63.612 1.863 180.822
v 51.886 1.863 173.137
v 55.608 5.763 167.458
v 67.334 5.763 175.143
v 63.612 5.763 180.822
v 51.886 5.763 173.137
f 3472 3471 3470 3469
f 3465 3466 3470 3469
f 3466 3467 3471 3470
f 3467 3468 3472 3471
f 3468 3465 3469 3472
v 51.487 1.628 157.968
v 61.888 1.628 165.547
v 56.653 1.628 172.732
v 46.252 1.628 165.153
v 51.487 5.528 157.968
v 61.888 5.528 165.547
v 56.653 5.528 172.732
v 46.252 5.528 165.153
f 3480 3479 3478 3477
f 3473 3474 3478 3477
f 3474 3475 3479 3478
f 3475 3476 3480 3479
f 3476 3473 3477 3480
v 55.991 1.872 155.901
v 58.519 1.872 153.199
v 61.169 1.872 155.679
v 58.641 1.872 158.381
v 55.991 5.772 155.901
v 58.519 5.772 153.199
v 61.169 5.772 155.679
v 58.641 5.772 158.381
f 3488 3487 3486 3485
f 3481 3482 3486 3485
f 3482 3483 3487 3486
f 3483 3484 3488 3487
f 3484 3481 3485 3488
v -133.334 1.374 -80.607
v -120.760 1.374 -67.119
v -132.566 1.374 -56.113
v -145.140 1.374 -69.601
v -133.334 5.274 -80.607
v -120.760 5.274 -67.119
v -132.566 5.274 -56.113
v -145.140 5.274 -69.601
f 3496 3495 3494 3493
f 3489 3490 3494 3493
f 3490 3491 3495 3494
f 3491 3492 3496 3495
f 3492 3489 3493 3496
v -155.337 1.069 -49.956
v -147.095 1.069 -61.347
v -142.363 1.069 -57.924
v -150.605 1.069 -46.533
v -155.337 4.969 -49.956
v -147.095 4.969 -61.347
v -142.363 4.969 -57.924
v -150.605 4.969 -46.533
f 3504 3503 3502 3501
f 3497 3498 3502 3501
f 3498 3499 3503 3502
f 3499 3500 3504 3503
f 3500 3497 3501 3504
v -145.819 1.319 -89.120
v -130.179 1.319 -77.423
v -135.641 1.319 -70.120
v -151.281 1.319 -81.817
v -145.819 5.219 -89.120
v -130.179 5.219 -77.423
v -135.641 5.219 -70.120
v -151.281 5.219 -81.817
f 3512 3511 3510 3509
f 3505 3506 3510 3509
f 3506 3507 3511 3510
f 3507 3508 3512 3511
f 3508 3505 3509 3512
v -173.681 1.174 -67.334
v -160.572 1.174 -58.442
v -164.979 1.174 -51.946
v -178.088 1.174 -60.838
v -173.681 5.074 -67.334
v -160.572 5.074 -58.442
v -164.979 5.074 -51.946
v -178.088 5.074 -60.838
f 3520 3519 3518 3517
f 3513 3514 3518 3517
f 3514 3515 3519 3518
f 3515 3516 3520 3519
f 3516 3513 3517 3520
v -180.414 1.777 -76.823
v -167.000 1.777 -67.793
v -171.926 1.777 -60.477
v -185.340 1.777 -69.507
v -180.414 5.677 -76.823
v -167.000 5.677 -67.793
v -171.926 5.677 -60.477
v -185.340 5.677 -69.507
f 3528 3527 3526 3525
f 3521 3522 3526 3525
f 3522 3523 3527 3526
f 3523 3524 3528 3527
f 3524 3521 3525 3528
v -185.378 1.588 -87.607
v -168.753 1.588 -75.460
v -173.142 1.588 -69.453
v -189.767 1.588 -81.600
v -185.378 5.488 -87.607
v -168.753 5.488 -75.460
v -173.142 5.488 -69.453
v -189.767 5.488 -81.600
f 3536 3535 3534 3533
f 3529 3530 3534 3533
f 3530 3531 3535 3534
f 3531 3532 3536 3535
f 3532 3529 3533 3536
v -152.617 1.503 -104.623
v -141.922 1.503 -96.667
v -146.363 1.503 -90.697
v -157.058 1.503 -98.653
v -152.617 5.403 -104.623
v -141.922 5.403 -96.667
v -146.363 5.403 -90.697
v -157.058 5.403 -98.653
f 3544 3543 3542 3541
f 3537 3538 3542 3541
f 3538 3539 3543 3542
f 3539 3540 3544 3543
f 3540 3537 3541 3544
v -189.599 1.613 -92.901
v -178.007 1.613 -85.212
v -182.341 1.613 -78.679
v -193.933 1.613 -86.368
v -189.599 5.513 -92.901
v -178.007 5.513 -85.212
v -182.341 5.513 -78.679
v -193.933 5.513 -86.368
f 3552 3551 3550 3549
f 3545 3546 3550 3549
f 3546 3547 3551 3550
f 3547 3548 3552 3551
f 3548 3545 3549 3552
v -196.557 2.138 -102.881
v -181.856 2.138 -93.856
v -186.643 2.138 -86.059
v -201.344 2.138 -95.084
v -196.557 6.038 -102.881
v -181.856 6.038 -93.856
v -186.643 6.038 -86.059
v -201.344 6.038 -95.084
f 3560 3559 3558 3557
f 3553 3554 3558 3557
f 3554 3555 3559 3558
f 3555 3556 3560 3559
f 3556 3553 3557 3560
v -205.319 1.860 -113.795
v -186.767 1.860 -101.223
v -190.941 1.860 -95.065
v -209.493 1.860 -107.637
v -205.319 5.760 -113.795
v -186.767 5.760 -101.223
v -190.941 5.760 -95.065
v -209.493 5.760 -107.637
f 3568 3567 3566 3565
f 3561 3562 3566 3565
f 3562 3563 3567 3566
f 3563 3564 3568 3567
f 3564 3561 3565 3568
v -163.845 1.738 -112.682
v -147.665 1.738 -102.664
v -151.755 1.738 -96.058
v -167.935 1.738 -106.076
v -163.845 5.638 -112.682
v -147.665 5.638 -102.664
v -151.755 5.638 -96.058
v -167.935 5.638 -106.076
f 3576 3575 3574 3573
f 3569 3570 3574 3573
f 3570 3571 3575 3574
f 3571 3572 3576 3575
f 3572 3569 3573 3576
v -172.334 1.779 -120.779
v -153.910 1.779 -108.448
v -158.266 1.779 -101.941
v -176.690 1.779 -114.272
v -172.334 5.679 -120.779
v -153.910 5.679 -108.448
v -158.266 5.679 -101.941
v -176.690 5.679 -114.272
f 3584 3583 3582 3581
f 3577 3578 3582 3581
f 3578 3579 3583 3582
f 3579 3580 3584 3583
f 3580 3577 3581 3584
v -172.599 1.648 -102.150
v -166.627 1.648 -98.292
v -168.721 1.648 -95.050
v -174.693 1.648 -98.908
v -172.599 5.548 -102.150
v -166.627 5.548 -98.292
v -168.721 5.548 -95.050
v -174.693 5.548 -98.908
f 3592 3591 3590 3589
f 3585 3586 3590 3589
f 3586 3587 3591 3590
f 3587 3588 3592 3591
f 3588 3585 3589 3592
v -173.240 1.427 -130.194
v -160.195 1.427 -121.513
v -164.140 1.427 -115.586
v -177.185 1.427 -124.267
v -173.240 5.327 -130.194
v -160.195 5.327 -121.513
v -164.140 5.327 -115.586
v -177.185 5.327 -124.267
f 3600 3599 3598 3597
f 3593 3594 3598 3597
f 3594 3595 3599 3598
f 3595 3596 3600 3599
f 3596 3593 3597 3600
v -213.205 2.117 -125.293
v -192.024 2.117 -120.091
v -195.955 2.117 -104.087
v -217.136 2.117 -109.289
v -213.205 6.017 -125.293
v -192.024 6.017 -120.091
v -195.955 6.017 -104.087
v -217.136 6.017 -109.289
f 3608 3607 3606 3605
f 3601 3602 3606 3605
f 3602 3603 3607 3606
f 3603 3604 3608 3607
f 3604 3601 3605 3608
v -253.635 1.471 -9.459
v -241.447 1.471 -1.567
v -247.045 1.471 7.079
v -259.233 1.471 -0.813
v -253.635 5.371 -9.459
v -241.447 5.371 -1.567
v -247.045 5.371 7.079
v -259.233 5.371 -0.813
f 3616 3615 3614 3613
f 3609 3610 3614 3613
f 3610 3611 3615 3614
f 3611 3612 3616 3615
f 3612 3609 3613 3616
v -245.640 1.478 9.413
v -238.182 1.478 -1.259
v -230.960 1.478 3.787
v -238.418 1.478 14.459
v -245.640 5.378 9.413
v -238.182 5.378 -1.259
v -230.960 5.378 3.787
v -238.418 5.378 14.459
f 3624 3623 3622 3621
f 3617 3618 3622 3621
f 3618 3619 3623 3622
f 3619 3620 3624 3623
f 3620 3617 3621 3624
v -248.546 1.225 15.653
v -244.023 1.225 7.814
v -238.834 1.225 10.807
v -243.357 1.225 18.646
v -248.546 5.125 15.653
v -244.023 5.125 7.814
v -238.834 5.125 10.807
v -243.357 5.125 18.646
f 3632 3631 3630 3629
f 3625 3626 3630 3629
f 3626 3627 3631 3630
f 3627 3628 3632 3631
f 3628 3625 3629 3632
v -257.719 1.052 13.283
v -247.477 1.052 13.884
v -248.061 1.052 23.857
v -258.303 1.052 23.256
v -257.719 4.952 13.283
v -247.477 4.952 13.884
v -248.061 4.952 23.857
v -258.303 4.952 23.256
f 3640 3639 3638 3637
f 3633 3634 3638 3637
f 3634 3635 3639 3638
f 3635 3636 3640 3639
f 3636 3633 3637 3640
v -233.635 1.030 -2.129
v -222.101 1.030 -12.839
v -213.385 1.030 -3.451
v -224.919 1.030 7.259
v -233.635 4.930 -2.129
v -222.101 4.930 -12.839
v -213.385 4.930 -3.451
v -224.919 4.930 7.259
f 3648 3647 3646 3645
f 3641 3642 3646 3645
f 3642 3643 3647 3646
f 3643 3644 3648 3647
f 3644 3641 3645 3648
v -231.560 1.488 -17.966
v -221.549 1.488 -10.718
v -224.780 1.488 -6.254
v -234.791 1.488 -13.502
v -231.560 5.388 -17.966
v -221.549 5.388 -10.718
v -224.780 5.388 -6.254
v -234.791 5.388 -13.502
f 3656 3655 3654 3653
f 3649 3650 3654 3653
f 3650 3651 3655 3654
f 3651 3652 3656 3655
f 3652 3649 3653 3656
v -235.698 1.421 -27.514
v -222.939 1.421 -19.721
v -226.442 1.421 -13.986
v -239.201 1.421 -21.779
v -235.698 5.321 -27.514
v -222.939 5.321 -19.721
v -226.442 5.321 -13.986
v -239.201 5.321 -21.779
f 3664 3663 3662 3661
f 3657 3658 3662 3661
f 3658 3659 3663 3662
f 3659 3660 3664 3663
f 3660 3657 3661 3664
v -216.414 1.146 -8.997
v -207.686 1.146 -22.168
v -202.126 1.146 -18.483
v -210.854 1.146 -5.312
v -216.414 5.046 -8.997
v -207.686 5.046 -22.168
v -202.126 5.046 -18.483
v -210.854 5.046 -5.312
f 3672 3671 3670 3669
f 3665 3666 3670 3669
f 3666 3667 3671 3670
f 3667 3668 3672 3671
f 3668 3665 3669 3672
v -206.842 0.925 -27.953
v -190.442 0.925 -28.057
v -190.358 0.925 -14.727
v -206.758 0.925 -14.623
v -206.842 4.825 -27.953
v -190.442 4.825 -28.057
v -190.358 4.825 -14.727
v -206.758 4.825 -14.623
f 3680 3679 3678 3677
f 3673 3674 3678 3677
f 3674 3675 3679 3678
f 3675 3676 3680 3679
f 3676 3673 3677 3680
v -191.817 1.387 -36.079
v -179.225 1.387 -30.482
v -183.743 1.387 -20.321
v -196.335 1.387 -25.918
v -191.817 5.287 -36.079
v -179.225 5.287 -30.482
v -183.743 5.287 -20.321
v -196.335 5.287 -25.918
f 3688 3687 3686 3685
f 3681 3682 3686 3685
f 3682 3683 3687 3686
f 3683 3684 3688 3687
f 3684 3681 3685 3688
v -211.405 1.564 -48.200
v -191.384 1.564 -34.606
v -195.855 1.564 -28.020
v -215.876 1.564 -41.614
v -211.405 5.464 -48.200
v -191.384 5.464 -34.606
v -195.855 5.464 -28.020
v -215.876 5.464 -41.614
f 3696 3695 3694 3693
f 3689 3690 3694 3693
f 3690 3691 3695 3694
f 3691 3692 3696 3695
f 3692 3689 3693 3696
v -214.462 1.466 -61.446
v -197.091 1.466 -52.454
v -202.018 1.466 -42.934
v -219.389 1.466 -51.926
v -214.462 5.366 -61.446
v -197.091 5.366 -52.454
v -202.018 5.366 -42.934
v -219.389 5.366 -51.926
f 3704 3703 3702 3701
f 3697 3698 3702 3701
f 3698 3699 3703 3702
f 3699 3700 3704 3703
f 3700 3697 3701 3704
v -219.003 1.091 -71.868
v -204.403 1.091 -62.643
v -208.857 1.091 -55.592
v -223.457 1.091 -64.817
v -219.003 4.991 -71.868
v -204.403 4.991 -62.643
v -208.857 4.991 -55.592
v -223.457 4.991 -64.817
f 3712 3711 3710 3709
f 3705 3706 3710 3709
f 3706 3707 3711 3710
f 3707 3708 3712 3711
f 3708 3705 3709 3712
v -234.906 1.678 -56.430
v -229.119 1.678 -65.335
v -222.034 1.678 -60.730
v -227.821 1.678 -51.825
v -234.906 5.578 -56.430
v -229.119 5.578 -65.335
v -222.034 5.578 -60.730
v -227.821 5.578 -51.825
f 3720 3719 3718 3717
f 3713 3714 3718 3717
f 3714 3715 3719 3718
f 3715 3716 3720 3719
f 3716 3713 3717 3720
v -232.010 1.657 -84.634
v -214.203 1.657 -73.315
v -218.570 1.657 -66.446
v -236.377 1.657 -77.765
v -232.010 5.557 -84.634
v -214.203 5.557 -73.315
v -218.570 5.557 -66.446
v -236.377 5.557 -77.765
f 3728 3727 3726 3725
f 3721 3722 3726 3725
f 3722 3723 3727 3726
f 3723 3724 3728 3727
f 3724 3721 3725 3728
v -235.010 1.807 -67.791
v -231.051 1.807 -65.507
v -233.150 1.807 -61.869
v -237.109 1.807 -64.153
v -235.010 5.707 -67.791
v -231.051 5.707 -65.507
v -233.150 5.707 -61.869
v -237.109 5.707 -64.153
f 3736 3735 3734 3733
f 3729 3730 3734 3733
f 3730 3731 3735 3734
f 3731 3732 3736 3735
f 3732 3729 3733 3736
v -249.746 1.785 -61.371
v -243.925 1.785 -70.492
v -235.774 1.785 -65.289
v -241.595 1.785 -56.168
v -249.746 5.685 -61.371
v -243.925 5.685 -70.492
v -235.774 5.685 -65.289
v -241.595 5.685 -56.168
f 3744 3743 3742 3741
f 3737 3738 3742 3741
f 3738 3739 3743 3742
f 3739 3740 3744 3743
f 3740 3737 3741 3744
v -258.909 1.722 -51.137
v -247.792 1.722 -65.736
v -240.631 1.722 -60.283
v -251.748 1.722 -45.684
v -258.909 5.622 -51.137
v -247.792 5.622 -65.736
v -240.631 5.622 -60.283
v -251.748 5.622 -45.684
f 3752 3751 3750 3749
f 3745 3746 3750 3749
f 3746 3747 3751 3750
f 3747 3748 3752 3751
f 3748 3745 3749 3752
v -240.323 1.486 -37.878
v -231.568 1.486 -29.700
v -237.657 1.486 -23.182
v -246.412 1.486 -31.360
v -240.323 5.386 -37.878
v -231.568 5.386 -29.700
v -237.657 5.386 -23.182
v -246.412 5.386 -31.360
f 3760 3759 3758 3757
f 3753 3754 3758 3757
f 3754 3755 3759 3758
f 3755 3756 3760 3759
f 3756 3753 3757 3760
v -256.674 1.200 -80.670
v -247.895 1.200 -73.796
v -253.646 1.200 -66.450
v -262.425 1.200 -73.324
v -256.674 5.100 -80.670
v -247.895 5.100 -73.796
v -253.646 5.100 -66.450
v -262.425 5.100 -73.324
f 3768 3767 3766 3765
f 3761 3762 3766 3765
f 3762 3763 3767 3766
f 3763 3764 3768 3767
f 3764 3761 3765 3768
v -242.021 1.527 -91.040
v -234.816 1.527 -78.769
v -245.699 1.527 -72.380
v -252.904 1.527 -84.651
v -242.021 5.427 -91.040
v -234.816 5.427 -78.769
v -245.699 5.427 -72.380
v -252.904 5.427 -84.651
f 3776 3775 3774 3773
f 3769 3770 3774 3773
f 3770 3771 3775 3774
f 3771 3772 3776 3775
f 3772 3769 3773 3776
v -234.152 1.456 -97.865
v -222.008 1.456 -89.111
v -226.388 1.456 -83.035
v -238.532 1.456 -91.789
v -234.152 5.356 -97.865
v -222.008 5.356 -89.111
v -226.388 5.356 -83.035
v -238.532 5.356 -91.789
f 3784 3783 3782 3781
f 3777 3778 3782 3781
f 3778 3779 3783 3782
f 3779 3780 3784 3783
f 3780 3777 3781 3784
v -243.365 1.561 -107.001
v -228.367 1.561 -98.041
v -232.275 1.561 -91.499
v -247.273 1.561 -100.459
v -243.365 5.461 -107.001
v -228.367 5.461 -98.041
v -232.275 5.461 -91.499
v -247.273 5.461 -100.459
f 3792 3791 3790 3789
f 3785 3786 3790 3789
f 3786 3787 3791 3790
f 3787 3788 3792 3791
f 3788 3785 3789 3792
v -253.939 1.191 -128.339
v -238.372 1.191 -118.436
v -244.641 1.191 -108.581
v -260.208 1.191 -118.484
v -253.939 5.091 -128.339
v -238.372 5.091 -118.436
v -244.641 5.091 -108.581
v -260.208 5.091 -118.484
f 3800 3799 3798 3797
f 3793 3794 3798 3797
f 3794 3795 3799 3798
f 3795 3796 3800 3799
f 3796 3793 3797 3800
v -243.246 1.605 -114.369
v -234.073 1.605 -108.841
v -237.634 1.605 -102.931
v -246.807 1.605 -108.459
v -243.246 5.505 -114.369
v -234.073 5.505 -108.841
v -237.634 5.505 -102.931
v -246.807 5.505 -108.459
f 3808 3807 3806 3805
f 3801 3802 3806 3805
f 3802 3803 3807 3806
f 3803 3804 3808 3807
f 3804 3801 3805 3808
v -243.528 1.334 -184.785
v -234.201 1.334 -168.186
v -246.572 1.334 -161.235
v -255.899 1.334 -177.834
v -243.528 5.234 -184.785
v -234.201 5.234 -168.186
v -246.572 5.234 -161.235
v -255.899 5.234 -177.834
f 3816 3815 3814 3813
f 3809 3810 3814 3813
f 3810 3811 3815 3814
f 3811 3812 3816 3815
f 3812 3809 3813 3816
v -225.591 0.533 -174.238
v -217.035 0.533 -186.253
v -210.249 0.533 -181.422
v -218.805 0.533 -169.407
v -225.591 4.433 -174.238
v -217.035 4.433 -186.253
v -210.249 4.433 -181.422
v -218.805 4.433 -169.407
f 3824 3823 3822 3821
f 3817 3818 3822 3821
f 3818 3819 3823 3822
f 3819 3820 3824 3823
f 3820 3817 3821 3824
v -213.918 1.679 -182.314
v -201.131 1.679 -197.574
v -193.842 1.679 -191.466
v -206.629 1.679 -176.206
v -213.918 5.579 -182.314
v -201.131 5.579 -197.574
v -193.842 5.579 -191.466
v -206.629 5.579 -176.206
f 3832 3831 3830 3829
f 3825 3826 3830 3829
f 3826 3827 3831 3830
f 3827 3828 3832 3831
f 3828 3825 3829 3832
v -197.727 1.052 -190.486
v -189.252 1.052 -203.452
v -180.413 1.052 -197.674
v -188.888 1.052 -184.708
v -197.727 4.952 -190.486
v -189.252 4.952 -203.452
v -180.413 4.952 -197.674
v -188.888 4.952 -184.708
f 3840 3839 3838 3837
f 3833 3834 3838 3837
f 3834 3835 3839 3838
f 3835 3836 3840 3839
f 3836 3833 3837 3840
v -206.668 1.686 -203.880
v -200.378 1.686 -213.062
v -193.192 1.686 -208.140
v -199.482 1.686 -198.958
v -206.668 5.586 -203.880
v -200.378 5.586 -213.062
v -193.192 5.586 -208.140
v -199.482 5.586 -198.958
f 3848 3847 3846 3845
f 3841 3842 3846 3845
f 3842 3843 3847 3846
f 3843 3844 3848 3847
f 3844 3841 3845 3848
v -175.602 1.029 -206.255
v -167.411 1.029 -201.078
v -171.818 1.029 -194.105
v -180.009 1.029 -199.282
v -175.602 4.929 -206.255
v -167.411 4.929 -201.078
v -171.818 4.929 -194.105
v -180.009 4.929 -199.282
f 3856 3855 3854 3853
f 3849 3850 3854 3853
f 3850 3851 3855 3854
f 3851 3852 3856 3855
f 3852 3849 3853 3856
v -173.192 1.363 -203.442
v -165.691 1.363 -214.798
v -159.908 1.363 -210.978
v -167.409 1.363 -199.622
v -173.192 5.263 -203.442
v -165.691 5.263 -214.798
v -159.908 5.263 -210.978
v -167.409 5.263 -199.622
f 3864 3863 3862 3861
f 3857 3858 3862 3861
f 3858 3859 3863 3862
f 3859 3860 3864 3863
f 3860 3857 3861 3864
v -167.541 1.355 -206.670
v -157.350 1.355 -222.027
v -151.959 1.355 -218.450
v -162.150 1.355 -203.093
v -167.541 5.255 -206.670
v -157.350 5.255 -222.027
v -151.959 5.255 -218.450
v -162.150 5.255 -203.093
f 3872 3871 3870 3869
f 3865 3866 3870 3869
f 3866 3867 3871 3870
f 3867 3868 3872 3871
f 3868 3865 3869 3872
v -194.311 1.405 -211.514
v -188.295 1.405 -220.470
v -183.049 1.405 -216.946
v -189.065 1.405 -207.990
v -194.311 5.305 -211.514
v -188.295 5.305 -220.470
v -183.049 5.305 -216.946
v -189.065 5.305 -207.990
f 3880 3879 3878 3877
f 3873 3874 3878 3877
f 3874 3875 3879 3878
f 3875 3876 3880 3879
f 3876 3873 3877 3880
v -187.616 1.254 -216.054
v -182.423 1.254 -223.757
v -177.124 1.254 -220.186
v -182.317 1.254 -212.483
v -187.616 5.154 -216.054
v -182.423 5.154 -223.757
v -177.124 5.154 -220.186
v -182.317 5.154 -212.483
f 3888 3887 3886 3885
f 3881 3882 3886 3885
f 3882 3883 3887 3886
f 3883 3884 3888 3887
f 3884 3881 3885 3888
v -184.250 1.725 -219.355
v -174.178 1.725 -229.308
v -167.930 1.725 -222.985
v -178.002 1.725 -213.032
v -184.250 5.625 -219.355
v -174.178 5.625 -229.308
v -167.930 5.625 -222.985
v -178.002 5.625 -213.032
f 3896 3895 3894 3893
f 3889 3890 3894 3893
f 3890 3891 3895 3894
f 3891 3892 3896 3895
f 3892 3889 3893 3896
v -150.444 1.550 -229.747
v -139.934 1.550 -214.827
v -151.936 1.550 -206.373
v -162.446 1.550 -221.293
v -150.444 5.450 -229.747
v -139.934 5.450 -214.827
v -151.936 5.450 -206.373
v -162.446 5.450 -221.293
f 3904 3903 3902 3901
f 3897 3898 3902 3901
f 3898 3899 3903 3902
f 3899 3900 3904 3903
f 3900 3897 3901 3904
v -159.515 1.447 -233.064
v -146.380 1.447 -225.861
v -150.265 1.447 -218.776
v -163.400 1.447 -225.979
v -159.515 5.347 -233.064
v -146.380 5.347 -225.861
v -150.265 5.347 -218.776
v -163.400 5.347 -225.979
f 3912 3911 3910 3909
f 3905 3906 3910 3909
f 3906 3907 3911 3910
f 3907 3908 3912 3911
f 3908 3905 3909 3912
v -167.581 1.639 -243.035
v -152.573 1.639 -228.475
v -161.159 1.639 -219.625
v -176.167 1.639 -234.185
v -167.581 5.539 -243.035
v -152.573 5.539 -228.475
v -161.159 5.539 -219.625
v -176.167 5.539 -234.185
f 3920 3919 3918 3917
f 3913 3914 3918 3917
f 3914 3915 3919 3918
f 3915 3916 3920 3919
f 3916 3913 3917 3920
v -179.333 1.410 -259.337
v -162.329 1.410 -246.559
v -170.307 1.410 -235.943
v -187.311 1.410 -248.721
v -179.333 5.310 -259.337
v -162.329 5.310 -246.559
v -170.307 5.310 -235.943
v -187.311 5.310 -248.721
f 3928 3927 3926 3925
f 3921 3922 3926 3925
f 3922 3923 3927 3926
f 3923 3924 3928 3927
f 3924 3921 3925 3928
v -189.025 1.284 -234.533
v -186.234 1.284 -239.307
v -182.435 1.284 -237.087
v -185.226 1.284 -232.313
v -189.025 5.184 -234.533
v -186.234 5.184 -239.307
v -182.435 5.184 -237.087
v -185.226 5.184 -232.313
f 3936 3935 3934 3933
f 3929 3930 3934 3933
f 3930 3931 3935 3934
f 3931 3932 3936 3935
f 3932 3929 3933 3936
v -201.444 1.462 -229.818
v -195.822 1.462 -238.004
v -189.936 1.462 -233.962
v -195.558 1.462 -225.776
v -201.444 5.362 -229.818
v -195.822 5.362 -238.004
v -189.936 5.362 -233.962
v -195.558 5.362 -225.776
f 3944 3943 3942 3941
f 3937 3938 3942 3941
f 3938 3939 3943 3942
f 3939 3940 3944 3943
f 3940 3937 3941 3944
v -200.044 1.573 -242.262
v -197.239 1.573 -240.543
v -198.676 1.573 -238.198
v -201.481 1.573 -239.917
v -200.044 5.473 -242.262
v -197.239 5.473 -240.543
v -198.676 5.473 -238.198
v -201.481 5.473 -239.917
f 3952 3951 3950 3949
f 3945 3946 3950 3949
f 3946 3947 3951 3950
f 3947 3948 3952 3951
f 3948 3945 3949 3952
v -216.783 1.521 -223.002
v -206.127 1.521 -239.238
v -200.977 1.521 -235.858
v -211.633 1.521 -219.622
v -216.783 5.421 -223.002
v -206.127 5.421 -239.238
v -200.977 5.421 -235.858
v -211.633 5.421 -219.622
f 3960 3959 3958 3957
f 3953 3954 3958 3957
f 3954 3955 3959 3958
f 3955 3956 3960 3959
f 3956 3953 3957 3960
v -222.000 1.352 -217.426
v -212.533 1.352 -231.570
v -207.280 1.352 -228.054
v -216.747 1.352 -213.910
v -222.000 5.252 -217.426
v -212.533 5.252 -231.570
v -207.280 5.252 -228.054
v -216.747 5.252 -213.910
f 3968 3967 3966 3965
f 3961 3962 3966 3965
f 3962 3963 3967 3966
f 3963 3964 3968 3967
f 3964 3961 3965 3968
v -231.501 1.396 -211.979
v -221.229 1.396 -222.227
v -214.519 1.396 -215.501
v -224.791 1.396 -205.253
v -231.501 5.296 -211.979
v -221.229 5.296 -222.227
v -214.519 5.296 -215.501
v -224.791 5.296 -205.253
f 3976 3975 3974 3973
f 3969 3970 3974 3973
f 3970 3971 3975 3974
f 3971 3972 3976 3975
f 3972 3969 3973 3976
v -237.593 1.392 -205.098
v -231.001 1.392 -214.680
v -224.987 1.392 -210.542
v -231.579 1.392 -200.960
v -237.593 5.292 -205.098
v -231.001 5.292 -214.680
v -224.987 5.292 -210.542
v -231.579 5.292 -200.960
f 3984 3983 3982 3981
f 3977 3978 3982 3981
f 3978 3979 3983 3982
f 3979 3980 3984 3983
f 3980 3977 3981 3984
v -249.650 1.514 -200.150
v -243.370 1.514 -222.827
v -231.390 1.514 -219.510
v -237.670 1.514 -196.833
v -249.650 5.414 -200.150
v -243.370 5.414 -222.827
v -231.390 5.414 -219.510
v -237.670 5.414 -196.833
f 3992 3991 3990 3989
f 3985 3986 3990 3989
f 3986 3987 3991 3990
f 3987 3988 3992 3991
f 3988 3985 3989 3992
v -247.440 1.106 -196.454
v -243.463 1.106 -202.648
v -239.660 1.106 -200.206
v -243.637 1.106 -194.012
v -247.440 5.006 -196.454
v -243.463 5.006 -202.648
v -239.660 5.006 -200.206
v -243.637 5.006 -194.012
f 4000 3999 3998 3997
f 3993 3994 3998 3997
f 3994 3995 3999 3998
f 3995 3996 4000 3999
f 3996 3993 3997 4000
v -255.220 1.498 -225.915
v -252.850 1.498 -229.764
v -249.180 1.498 -227.505
v -251.550 1.498 -223.656
v -255.220 5.398 -225.915
v -252.850 5.398 -229.764
v -249.180 5.398 -227.505
v -251.550 5.398 -223.656
f 4008 4007 4006 4005
f 4001 4002 4006 4005
f 4002 4003 4007 4006
f 4003 4004 4008 4007
f 4004 4001 4005 4008
v -263.278 1.320 -238.549
v -253.148 1.320 -253.307
v -247.822 1.320 -249.651
v -257.952 1.320 -234.893
v -263.278 5.220 -238.549
v -253.148 5.220 -253.307
v -247.822 5.220 -249.651
v -257.952 5.220 -234.893
f 4016 4015 4014 4013
f 4009 4010 4014 4013
f 4010 4011 4015 4014
f 4011 4012 4016 4015
f 4012 4009 4013 4016
v -257.172 1.288 -246.435
v -246.592 1.288 -262.541
v -235.668 1.288 -255.365
v -246.248 1.288 -239.259
v -257.172 5.188 -246.435
v -246.592 5.188 -262.541
v -235.668 5.188 -255.365
v -246.248 5.188 -239.259
f 4024 4023 4022 4021
f 4017 4018 4022 4021
f 4018 4019 4023 4022
f 4019 4020 4024 4023
f 4020 4017 4021 4024
v 244.917 0.937 -256.463
v 245.652 0.937 -236.447
v 230.143 0.937 -235.877
v 229.408 0.937 -255.893
v 244.917 4.837 -256.463
v 245.652 4.837 -236.447
v 230.143 4.837 -235.877
v 229.408 4.837 -255.893
f 4032 4031 4030 4029
f 4025 4026 4030 4029
f 4026 4027 4031 4030
f 4027 4028 4032 4031
f 4028 4025 4029 4032
v 241.959 1.395 -62.089
v 249.047 1.395 -72.711
v 254.861 1.395 -68.831
v 247.773 1.395 -58.209
v 241.959 5.295 -62.089
v 249.047 5.295 -72.711
v 254.861 5.295 -68.831
v 247.773 5.295 -58.209
f 4040 4039 4038 4037
f 4033 4034 4038 4037
f 4034 4035 4039 4038
f 4035 4036 4040 4039
f 4036 4033 4037 4040
v 246.703 1.171 -134.605
v 256.432 1.171 -149.404
v 262.257 1.171 -145.575
v 252.528 1.171 -130.776
v 246.703 5.071 -134.605
v 256.432 5.071 -149.404
v 262.257 5.071 -145.575
v 252.528 5.071 -130.776
f 4048 4047 4046 4045
f 4041 4042 4046 4045
f 4042 4043 4047 4046
f 4043 4044 4048 4047
f 4044 4041 4045 4048
v 238.613 1.483 -128.317
v 249.381 1.483 -144.007
v 255.127 1.483 -140.063
v 244.359 1.483 -124.373
v 238.613 5.383 -128.317
v 249.381 5.383 -144.007
v 255.127 5.383 -140.063
v 244.359 5.383 -124.373
f 4056 4055 4054 4053
f 4049 4050 4054 4053
f 4050 4051 4055 4054
f 4051 4052 4056 4055
f 4052 4049 4053 4056
v 230.361 1.507 -125.493
v 238.120 1.507 -138.143
v 245.059 1.507 -133.887
v 237.300 1.507 -121.237
v 230.361 5.407 -125.493
v 238.120 5.407 -138.143
v 245.059 5.407 -133.887
v 237.300 5.407 -121.237
f 4064 4063 4062 4061
f 4057 4058 4062 4061
f 4058 4059 4063 4062
f 4059 4060 4064 4063
f 4060 4057 4061 4064
v 245.637 1.409 -97.730
v 251.429 1.409 -112.934
v 261.363 1.409 -109.150
v 255.571 1.409 -93.946
v 245.637 5.309 -97.730
v 251.429 5.309 -112.934
v 261.363 5.309 -109.150
v 255.571 5.309 -93.946
f 4072 4071 4070 4069
f 4065 4066 4070 4069
f 4066 4067 4071 4070
f 4067 4068 4072 4071
f 4068 4065 4069 4072
usemtl road
v -85.243 1.849 220.865
v -83.173 1.788 223.745
v -78.707 1.872 220.535
v -80.777 1.854 217.655
f 4073 4074 4075 4076
v -129.452 1.555 -216.168
v -135.252 1.429 -212.328
v -131.388 1.471 -206.492
v -125.588 1.522 -210.332
f 4077 4078 4079 4080
v -135.253 1.429 -212.328
v -189.053 1.677 -176.678
v -185.187 1.566 -170.842
v -131.387 1.471 -206.492
f 4081 4082 4083 4084
v -189.075 1.677 -176.663
v -245.255 1.666 -138.833
v -241.345 1.601 -133.027
v -185.165 1.566 -170.857
f 4085 4086 4087 4088
v -9.179 1.732 169.012
v 31.521 2.021 226.862
v 36.019 2.026 223.698
v -4.681 1.722 165.848
f 4089 4090 4091 4092
v 31.528 2.021 226.873
v 53.362 1.659 257.593
v 57.845 1.894 254.407
v 36.012 2.026 223.687
f 4093 4094 4095 4096
v 127.604 1.802 -222.457
v 160.934 1.431 -174.657
v 165.446 1.449 -177.803
v 132.116 1.809 -225.603
f 4097 4098 4099 4100
v 160.924 1.431 -174.672
v 197.594 1.636 -121.342
v 202.126 1.638 -124.458
v 165.456 1.448 -177.788
f 4101 4102 4103 4104
v 197.558 1.638 -121.395
v 231.128 1.729 -70.035
v 235.732 1.694 -73.045
v 202.162 1.637 -124.405
f 4105 4106 4107 4108
v 231.168 1.728 -69.977
v 253.738 1.824 -37.318
v 258.262 1.876 -40.444
v 235.692 1.696 -73.103
f 4109 4110 4111 4112
v 94.709 1.790 241.936
v 91.379 1.806 236.936
v 86.801 1.826 239.984
v 90.131 1.793 244.984
f 4113 4114 4115 4116
v 91.381 1.806 236.938
v 86.731 1.945 229.938
v 82.149 2.111 232.982
v 86.799 1.826 239.982
f 4117 4118 4119 4120
v 86.730 1.945 229.937
v 64.060 2.076 195.847
v 59.480 2.052 198.893
v 82.150 2.111 232.983
f 4121 4122 4123 4124
v -254.457 1.703 -176.880
v -155.307 1.288 -244.074
v -158.393 1.259 -248.626
v -257.543 1.563 -181.433
f 4125 4126 4127 4128
v -155.310 1.288 -244.072
v -150.650 1.385 -247.222
v -153.730 1.349 -251.778
v -158.390 1.259 -248.628
f 4129 4130 4131 4132
v -246.922 1.672 -136.361
v -245.572 1.657 -134.381
v -241.028 1.625 -137.479
v -242.378 1.642 -139.459
f 4133 4134 4135 4136
v -245.592 1.658 -134.410
v -216.612 1.595 -90.730
v -212.028 1.644 -93.770
v -241.008 1.624 -137.450
f 4137 4138 4139 4140
v -216.577 1.597 -90.679
v -171.037 1.625 -25.269
v -166.523 1.647 -28.411
v -212.063 1.644 -93.821
f 4141 4142 4143 4144
v -171.046 1.625 -25.282
v -109.586 1.745 64.078
v -105.054 1.674 60.962
v -166.514 1.647 -28.398
f 4145 4146 4147 4148
v -109.587 1.745 64.077
v -100.257 1.781 77.657
v -95.723 1.700 74.543
v -105.053 1.674 60.963
f 4149 4150 4151 4152
v -100.279 1.781 77.625
v -32.749 1.777 178.985
v -28.171 1.741 175.935
v -95.701 1.700 74.575
f 4153 4154 4155 4156
v -32.750 1.777 178.982
v -29.760 1.760 183.482
v -25.180 1.736 180.438
v -28.170 1.741 175.938
f 4157 4158 4159 4160
v -29.709 1.759 183.557
v -27.299 1.744 186.937
v -22.821 1.735 183.743
v -25.231 1.736 180.363
f 4161 4162 4163 4164
v -27.342 1.744 186.875
v 20.194 1.722 257.535
v 24.758 1.692 254.465
v -22.778 1.735 183.805
f 4165 4166 4167 4168
v 40.176 2.091 -223.104
v 58.016 1.819 -228.644
v 56.384 1.821 -233.896
v 38.544 2.129 -228.356
f 4169 4170 4171 4172
v 58.506 1.810 -228.850
v 77.076 1.679 -238.870
v 74.464 1.751 -243.710
v 55.894 1.826 -233.690
f 4173 4174 4175 4176
v 77.221 1.679 -238.954
v 93.751 1.747 -249.224
v 90.849 1.634 -253.896
v 74.319 1.751 -243.626
f 4177 4178 4179 4180
v 231.893 1.736 -73.821
v 141.143 1.971 -12.681
v 144.217 1.918 -8.119
v 234.967 1.646 -69.259
f 4181 4182 4183 4184
v 141.166 1.971 -12.696
v 55.696 1.966 43.684
v 58.724 1.993 48.276
v 144.194 1.918 -8.104
f 4185 4186 4187 4188
v 55.795 1.966 43.622
v 55.495 1.965 43.802
v 58.325 1.991 48.518
v 58.625 1.993 48.338
f 4189 4190 4191 4192
v 55.524 1.965 43.785
v 47.814 2.067 48.285
v 50.586 2.093 53.035
v 58.296 1.991 48.535
f 4193 4194 4195 4196
v 119.928 2.241 154.579
v 115.808 2.151 157.969
v 118.032 2.173 160.671
v 122.152 2.230 157.281
f 4197 4198 4199 4200
v 115.926 2.147 157.880
v 60.776 2.039 195.930
v 62.764 2.033 198.810
v 117.914 2.178 160.760
f 4201 4202 4203 4204
v -189.390 1.685 -172.207
v -114.670 1.773 -62.977
v -110.130 1.804 -66.083
v -184.850 1.693 -175.313
f 4205 4206 4207 4208
v -114.668 1.773 -62.974
v -43.698 1.819 40.476
v -39.162 1.806 37.364
v -110.132 1.804 -66.086
f 4209 4210 4211 4212
v -43.730 1.820 40.428
v -5.660 1.905 98.508
v -1.060 1.866 95.492
v -39.130 1.805 37.412
f 4213 4214 4215 4216
v -5.660 1.905 98.508
v 24.690 1.789 144.808
v 29.290 1.829 141.792
v -1.060 1.866 95.492
f 4217 4218 4219 4220
v 243.072 1.806 135.587
v 176.312 1.990 180.917
v 181.368 1.990 188.363
v 248.128 1.799 143.033
f 4221 4222 4223 4224
v 176.313 1.990 180.916
v 161.383 2.036 191.046
v 166.437 2.043 198.494
v 181.367 1.990 188.364
f 4225 4226 4227 4228
v 161.352 2.036 191.068
v 159.282 2.036 192.498
v 164.398 2.011 199.902
v 166.468 2.043 198.472
f 4229 4230 4231 4232
v 159.319 2.036 192.473
v 151.439 2.036 197.803
v 156.481 2.045 205.257
v 164.361 2.010 199.927
f 4233 4234 4235 4236
v -224.240 1.770 11.521
v -254.530 1.839 -35.410
v -257.470 1.847 -33.512
v -227.180 1.820 13.419
f 4237 4238 4239 4240
v 27.583 1.632 -85.490
v 1.223 1.855 -130.490
v -3.523 1.774 -127.710
v 22.837 1.655 -82.710
f 4241 4242 4243 4244
v 1.593 1.842 -129.299
v 1.083 1.966 -136.319
v -4.403 1.873 -135.921
v -3.893 1.756 -128.901
f 4245 4246 4247 4248
v 254.459 1.516 -163.149
v 198.319 1.644 -125.178
v 201.401 1.555 -120.622
v 257.541 1.402 -158.593
f 4249 4250 4251 4252
v 198.355 1.644 -125.202
v 103.415 1.796 -63.142
v 106.425 1.752 -58.538
v 201.365 1.555 -120.598
f 4253 4254 4255 4256
v 103.382 1.796 -63.120
v 20.792 1.794 -7.410
v 23.868 1.774 -2.850
v 106.458 1.752 -58.560
f 4257 4258 4259 4260
v 20.480 1.783 -7.182
v 14.770 1.897 -2.692
v 18.170 1.908 1.632
v 23.880 1.774 -2.858
f 4261 4262 4263 4264
v 14.924 1.897 -2.805
v 10.244 1.744 0.375
v 13.336 1.744 4.925
v 18.016 1.910 1.745
f 4265 4266 4267 4268
v 10.241 1.744 0.378
v -42.979 1.845 36.648
v -39.881 1.821 41.192
v 13.339 1.744 4.922
f 4269 4270 4271 4272
v -42.941 1.844 36.622
v -99.501 1.773 73.802
v -96.479 1.787 78.398
v -39.919 1.820 41.218
f 4273 4274 4275 4276
v -215.236 1.695 -93.741
v -256.916 1.885 -68.151
v -255.084 1.855 -65.169
v -213.404 1.704 -90.759
f 4277 4278 4279 4280
v -18.611 1.811 -51.564
v -13.631 1.689 -54.894
v -16.689 1.700 -59.466
v -21.669 1.805 -56.136
f 4281 4282 4283 4284
v -13.634 1.689 -54.892
v 26.736 1.616 -81.812
v 23.684 1.643 -86.388
v -16.686 1.700 -59.468
f 4285 4286 4287 4288
v 26.729 1.616 -81.808
v 71.989 1.525 -111.808
v 68.951 1.605 -116.392
v 23.691 1.643 -86.392
f 4289 4290 4291 4292
v 72.001 1.525 -111.815
v 164.721 1.381 -173.945
v 161.659 1.473 -178.515
v 68.939 1.605 -116.385
f 4293 4294 4295 4296
v 164.741 1.381 -173.959
v 254.191 1.200 -235.049
v 251.089 1.224 -239.591
v 161.639 1.473 -178.501
f 4297 4298 4299 4300
v -170.343 1.687 -29.103
v -227.273 1.768 10.207
v -224.147 1.749 14.733
v -167.217 1.722 -24.577
f 4301 4302 4303 4304
v -227.207 1.768 10.163
v -257.497 1.833 29.827
v -254.503 1.787 34.441
v -224.213 1.750 14.777
f 4305 4306 4307 4308
v 177.801 1.497 -258.309
v 128.367 1.838 -226.339
v 131.353 1.745 -221.721
v 180.788 1.682 -253.691
f 4309 4310 4311 4312
v 128.351 1.838 -226.329
v 37.411 1.692 -166.619
v 40.429 1.667 -162.021
v 131.369 1.745 -221.731
f 4313 4314 4315 4316
v 37.413 1.692 -166.620
v 0.993 1.924 -142.760
v 4.007 2.061 -138.160
v 40.427 1.667 -162.020
f 4317 4318 4319 4320
v 0.515 1.922 -142.363
v -3.645 1.906 -138.023
v 0.325 1.930 -134.217
v 4.485 2.106 -138.557
f 4321 4322 4323 4324
v -70.989 1.675 -241.615
v -64.769 1.708 -245.665
v -67.771 1.639 -250.275
v -73.991 1.711 -246.225
f 4325 4326 4327 4328
v -63.827 1.686 -246.707
v -60.527 1.620 -253.087
v -65.413 1.609 -255.613
v -68.713 1.646 -249.233
f 4329 4330 4331 4332
v -62.768 1.595 -257.093
v -70.918 1.583 -257.693
v -71.322 1.692 -252.207
v -63.172 1.620 -251.607
f 4333 4334 4335 4336
v -72.548 1.568 -257.300
v -78.438 1.636 -253.720
v -75.582 1.804 -249.020
v -69.692 1.651 -252.600
f 4337 4338 4339 4340
v -21.519 2.049 -213.014
v -60.939 1.591 -256.204
v -65.001 1.606 -252.496
v -25.581 2.041 -209.306
f 4341 4342 4343 4344
v -125.958 1.530 -210.986
v -120.798 1.466 -214.546
v -123.922 1.471 -219.074
v -129.082 1.561 -215.514
f 4345 4346 4347 4348
v -120.802 1.465 -214.544
v -83.172 1.717 -240.414
v -86.288 1.722 -244.946
v -123.918 1.471 -219.076
f 4349 4350 4351 4352
v 243.325 1.819 140.856
v 253.725 1.711 156.160
v 258.275 1.750 153.069
v 247.875 1.808 137.764
f 4353 4354 4355 4356
v 36.591 1.713 -162.857
v 68.141 1.597 -112.637
v 72.799 1.560 -115.563
v 41.249 1.699 -165.783
f 4357 4358 4359 4360
v 68.161 1.596 -112.606
v 102.611 1.793 -59.346
v 107.229 1.805 -62.334
v 72.779 1.561 -115.594
f 4361 4362 4363 4364
v 103.883 1.771 -58.293
v 110.513 1.779 -55.593
v 112.587 1.725 -60.687
v 105.957 1.806 -63.387
f 4365 4366 4367 4368
v 109.246 1.752 -56.638
v 140.376 1.946 -8.898
v 144.984 1.934 -11.902
v 113.854 1.751 -59.642
f 4369 4370 4371 4372
v 140.405 1.945 -8.855
v 175.265 2.197 42.465
v 179.815 2.165 39.375
v 144.955 1.935 -11.945
f 4373 4374 4375 4376
v 175.289 2.197 42.500
v 209.009 2.056 90.550
v 213.511 2.082 87.390
v 179.791 2.165 39.340
f 4377 4378 4379 4380
v 208.988 2.057 90.520
v 238.318 1.739 133.510
v 242.862 1.784 130.410
v 213.532 2.082 87.420
f 4381 4382 4383 4384
v 238.318 1.739 133.509
v 243.328 1.819 140.859
v 247.872 1.808 137.761
v 242.862 1.784 130.411
f 4385 4386 4387 4388
v -10.685 1.823 -93.506
v -30.715 1.794 -79.866
v -28.745 1.778 -76.974
v -8.715 1.823 -90.614
f 4389 4390 4391 4392
v -30.716 1.794 -79.866
v -35.246 1.749 -76.776
v -33.274 1.752 -73.884
v -28.744 1.778 -76.974
f 4393 4394 4395 4396
v 64.083 2.077 195.882
v 29.303 1.829 141.812
v 24.677 1.789 144.788
v 59.457 2.052 198.858
f 4397 4398 4399 4400
v 156.857 2.047 199.566
v 153.467 2.011 194.566
v 147.673 2.018 198.494
v 151.063 2.050 203.494
f 4401 4402 4403 4404
v 153.465 2.011 194.562
v 150.705 1.973 190.502
v 144.915 2.012 194.438
v 147.675 2.018 198.498
f 4405 4406 4407 4408
v 150.609 1.974 190.368
v 142.589 2.051 179.688
v 136.991 2.049 183.892
v 145.011 2.013 194.572
f 4409 4410 4411 4412
v 142.624 2.050 179.736
v 123.874 2.205 153.876
v 118.206 2.132 157.984
v 136.956 2.050 183.844
f 4413 4414 4415 4416
v 123.948 2.204 153.982
v 88.588 2.263 101.192
v 82.772 2.203 105.088
v 118.132 2.132 157.878
f 4417 4418 4419 4420
v 88.554 2.263 101.142
v 52.074 2.027 48.662
v 46.326 1.998 52.658
v 82.806 2.203 105.138
f 4421 4422 4423 4424
v 52.149 2.027 48.775
v 19.419 1.822 -2.415
v 13.521 1.834 1.355
v 46.251 2.000 52.545
f 4425 4426 4427 4428
v 19.355 1.822 -2.511
v -17.255 1.724 -55.831
v -23.025 1.743 -51.869
v 13.585 1.833 1.451
f 4429 4430 4431 4432
v -17.215 1.724 -55.773
v -31.335 1.721 -77.253
v -37.185 1.732 -73.407
v -23.065 1.743 -51.927
f 4433 4434 4435 4436
v -31.333 1.721 -77.249
v -50.223 1.655 -106.059
v -56.077 1.668 -102.221
v -37.187 1.732 -73.411
f 4437 4438 4439 4440
v -50.258 1.655 -106.111
v -121.148 1.461 -210.111
v -126.932 1.465 -206.169
v -56.042 1.668 -102.169
f 4441 4442 4443 4444
v -121.147 1.461 -210.110
v -124.627 1.455 -215.220
v -130.413 1.510 -211.280
v -126.933 1.465 -206.170
f 4445 4446 4447 4448
v 136.482 2.013 213.413
v 139.642 1.970 218.283
v 142.578 1.978 216.377
v 139.418 2.009 211.507
f 4449 4450 4451 4452
v 139.640 1.970 218.279
v 143.010 2.004 223.499
v 145.950 2.007 221.601
v 142.580 1.978 216.381
f 4453 4454 4455 4456
v 143.012 2.004 223.502
v 145.722 2.044 227.682
v 148.658 2.029 225.778
v 145.948 2.007 221.598
f 4457 4458 4459 4460
v 145.711 2.044 227.666
v 149.121 2.116 233.056
v 152.079 2.067 231.184
v 148.669 2.029 225.794
f 4461 4462 4463 4464
v 151.560 2.103 233.583
v 160.420 1.940 227.773
v 158.500 1.939 224.847
v 149.640 2.070 230.657
f 4465 4466 4467 4468
v 160.460 1.940 227.746
v 167.840 2.082 222.606
v 165.840 2.090 219.734
v 158.460 1.939 224.874
f 4469 4470 4471 4472
v 151.457 2.036 197.790
v 144.837 2.039 202.220
v 149.843 1.978 209.700
v 156.463 2.045 205.270
f 4473 4474 4475 4476
v 144.675 2.041 202.334
v 142.825 2.045 203.694
v 148.155 1.991 210.946
v 150.005 1.976 209.586
f 4477 4478 4479 4480
v 142.950 2.045 203.605
v 138.620 2.026 206.565
v 143.700 1.986 213.995
v 148.030 1.992 211.035
f 4481 4482 4483 4484
v 138.632 2.026 206.557
v 135.422 2.009 208.737
v 140.478 1.958 216.183
v 143.688 1.986 214.003
f 4485 4486 4487 4488
v 135.418 2.009 208.740
v 115.808 1.918 222.090
v 120.872 1.841 229.530
v 140.482 1.958 216.180
f 4489 4490 4491 4492
v 115.807 1.918 222.090
v 89.887 1.785 239.740
v 94.953 1.810 247.180
v 120.873 1.841 229.530
f 4493 4494 4495 4496
v 90.131 1.786 239.586
v 81.871 1.811 244.466
v 86.449 1.756 252.214
v 94.709 1.808 247.334
f 4497 4498 4499 4500
v 81.705 1.809 244.569
v 69.938 1.777 252.229
v 74.848 1.730 259.771
v 86.615 1.756 252.111
f 4501 4502 4503 4504
v 188.844 1.911 246.692
v 169.714 2.029 219.172
v 163.966 2.058 223.168
v 183.096 1.987 250.688
f 4505 4506 4507 4508
v 169.804 2.029 219.309
v 164.274 1.994 210.499
v 158.346 2.014 214.221
v 163.876 2.059 223.031
f 4509 4510 4511 4512
v 164.205 1.992 210.394
v 162.025 1.985 207.184
v 156.235 2.013 211.116
v 158.415 2.014 214.326
f 4513 4514 4515 4516
v 162.026 1.985 207.185
v 156.856 2.047 199.565
v 151.064 2.050 203.495
v 156.234 2.013 211.115
f 4517 4518 4519 4520
v -135.302 1.921 257.507
v -81.482 1.861 221.547
v -84.538 1.849 216.973
v -138.358 1.900 252.933
f 4521 4522 4523 4524
v -81.477 1.861 221.543
v -30.307 1.745 187.183
v -33.373 1.783 182.617
v -84.543 1.849 216.977
f 4525 4526 4527 4528
v -30.305 1.745 187.182
v -25.935 1.767 184.242
v -29.005 1.786 179.678
v -33.375 1.783 182.618
f 4529 4530 4531 4532
v -25.880 1.767 184.204
v -20.630 1.767 180.484
v -23.810 1.680 175.996
v -29.060 1.785 179.716
f 4533 4534 4535 4536
v -20.632 1.767 180.485
v -5.342 1.819 169.675
v -8.518 1.700 165.185
v -23.808 1.680 175.995
f 4537 4538 4539 4540
v -5.343 1.819 169.676
v -1.423 1.863 166.906
v -4.597 1.721 162.414
v -8.517 1.700 165.184
f 4541 4542 4543 4544
v -1.414 1.864 166.900
v 9.956 1.877 158.800
v 6.764 1.745 154.320
v -4.606 1.721 162.420
f 4545 4546 4547 4548
v 9.955 1.877 158.800
v 28.585 1.813 145.540
v 25.395 1.802 141.060
v 6.765 1.745 154.320
f 4549 4550 4551 4552
v 28.529 1.813 145.579
v 80.779 2.258 110.289
v 77.701 2.123 105.731
v 25.451 1.803 141.021
f 4553 4554 4555 4556
v 80.900 2.256 110.203
v 82.340 2.187 109.113
v 79.020 2.128 104.727
v 77.580 2.123 105.817
f 4557 4558 4559 4560
v 82.338 2.187 109.114
v 87.338 2.306 105.334
v 84.022 2.300 100.946
v 79.022 2.128 104.726
f 4561 4562 4563 4564
v 87.221 2.307 105.418
v 93.281 2.147 101.318
v 90.199 2.175 96.762
v 84.139 2.300 100.862
f 4565 4566 4567 4568
v 93.282 2.147 101.317
v 179.082 2.176 43.197
v 175.998 2.175 38.643
v 90.198 2.175 96.763
f 4569 4570 4571 4572
v 179.114 2.176 43.175
v 257.574 1.955 -11.574
v 254.426 1.895 -16.085
v 175.966 2.176 38.665
f 4573 4574 4575 4576
v -24.556 2.057 -212.592
v -80.836 1.594 -173.062
v -78.824 1.605 -170.198
v -22.544 2.050 -209.728
f 4577 4578 4579 4580
v -167.252 1.721 -24.554
v -110.872 1.775 -62.244
v -113.928 1.794 -66.816
v -170.308 1.687 -29.126
f 4581 4582 4583 4584
v -110.872 1.775 -62.244
v -61.492 1.706 -95.254
v -64.548 1.655 -99.826
v -113.928 1.794 -66.816
f 4585 4586 4587 4588
v -61.485 1.706 -95.258
v -58.215 1.601 -97.458
v -61.285 1.596 -102.022
v -64.555 1.655 -99.822
f 4589 4590 4591 4592
v -58.225 1.601 -97.452
v -51.625 1.679 -101.852
v -54.675 1.682 -106.428
v -61.275 1.596 -102.028
f 4593 4594 4595 4596
v 74.352 1.732 -240.265
v 76.572 1.694 -237.195
v 79.408 1.698 -239.245
v 77.188 1.731 -242.315
f 4597 4598 4599 4600
v 76.539 1.694 -237.242
v 90.399 1.745 -216.682
v 93.301 1.616 -218.638
v 79.441 1.698 -239.198
f 4601 4602 4603 4604
v 138.826 2.105 180.329
v 133.536 2.060 183.819
v 135.464 2.048 186.741
v 140.754 2.043 183.251
f 4605 4606 4607 4608
v 133.601 2.059 183.779
v 125.051 2.217 188.899
v 126.849 2.216 191.901
v 135.399 2.050 186.781
f 4609 4610 4611 4612
v 124.573 2.239 191.481
v 128.843 2.227 196.921
v 131.597 2.195 194.759
v 127.327 2.188 189.319
f 4613 4614 4615 4616
v 128.844 2.227 196.922
v 134.664 2.102 204.322
v 137.416 2.130 202.158
v 131.596 2.195 194.758
f 4617 4618 4619 4620
v 134.673 2.102 204.333
v 136.313 2.033 206.383
v 139.047 2.058 204.197
v 137.407 2.130 202.147
f 4621 4622 4623 4624
v 136.245 2.036 206.291
v 139.725 2.007 211.281
v 142.595 1.923 209.279
v 139.115 2.055 204.289
f 4625 4626 4627 4628
v 124.994 2.218 188.934
v 103.264 2.414 203.114
v 105.176 2.303 206.046
v 126.906 2.215 191.866
f 4629 4630 4631 4632
v 102.768 2.342 205.556
v 106.668 2.190 211.356
v 109.572 2.200 209.404
v 105.672 2.359 203.604
f 4633 4634 4635 4636
v 106.642 2.191 211.316
v 111.412 2.007 218.846
v 114.368 2.021 216.974
v 109.598 2.198 209.444
f 4637 4638 4639 4640
v 113.827 1.968 219.388
v 136.977 2.068 204.718
v 135.103 2.138 201.762
v 111.953 2.052 216.432
f 4641 4642 4643 4644
v 122.216 2.238 199.134
v 112.866 2.410 204.944
v 114.714 2.330 207.916
v 124.064 2.190 202.106
f 4645 4646 4647 4648
v 111.529 2.001 219.010
v 113.769 1.918 221.780
v 116.491 1.966 219.580
v 114.251 2.024 216.810
f 4649 4650 4651 4652
v 113.646 1.920 221.608
v 116.856 1.905 226.738
v 119.824 1.920 224.882
v 116.614 1.960 219.752
f 4653 4654 4655 4656
v 102.485 2.066 219.433
v 83.895 2.182 194.903
v 81.105 2.141 197.017
v 99.695 1.981 221.547
f 4657 4658 4659 4660
v 112.790 2.406 204.994
v 107.120 2.237 208.944
v 109.120 2.156 211.816
v 114.790 2.338 207.866
f 4661 4662 4663 4664
v 129.241 2.209 194.390
v 122.161 2.239 199.170
v 124.119 2.189 202.070
v 131.199 2.204 197.290
f 4665 4666 4667 4668
v 100.127 2.073 219.029
v 83.477 1.971 229.999
v 85.403 1.903 232.921
v 102.053 1.996 221.951
f 4669 4670 4671 4672
v 255.242 1.914 167.374
v 249.482 2.085 170.143
v 250.998 2.087 173.297
v 256.758 1.973 170.529
f 4673 4674 4675 4676
v 250.726 2.066 170.039
v 248.166 2.093 169.299
v 247.194 2.094 172.661
v 249.754 2.088 173.401
f 4677 4678 4679 4680
v 248.233 2.093 169.320
v 238.953 2.029 166.230
v 237.847 2.140 169.550
v 247.127 2.094 172.640
f 4681 4682 4683 4684
v 238.257 2.035 166.146
v 234.467 2.072 166.456
v 234.753 2.107 169.944
v 238.543 2.146 169.634
f 4685 4686 4687 4688
v 233.590 2.081 166.778
v 180.060 2.137 205.188
v 182.100 2.201 208.032
v 235.630 2.117 169.622
f 4689 4690 4691 4692
v 179.668 2.135 205.577
v 178.058 2.142 207.777
v 180.882 2.198 209.843
v 182.492 2.199 207.643
f 4693 4694 4695 4696
v 177.763 2.166 209.195
v 178.743 2.174 213.545
v 182.157 2.250 212.775
v 181.177 2.191 208.425
f 4697 4698 4699 4700
v 178.849 2.170 213.867
v 181.929 2.103 220.837
v 185.131 2.117 219.423
v 182.051 2.244 212.453
f 4701 4702 4703 4704
v 182.069 2.102 221.094
v 196.209 2.027 242.524
v 199.131 2.083 240.596
v 184.991 2.119 219.166
f 4705 4706 4707 4708
v 198.298 2.047 243.193
v 210.098 2.076 238.653
v 208.842 2.073 235.387
v 197.042 2.084 239.927
f 4709 4710 4711 4712
v 210.101 2.076 238.652
v 214.501 2.127 236.952
v 213.239 2.083 233.688
v 208.839 2.073 235.388
f 4713 4714 4715 4716
v 214.629 2.129 236.897
v 222.519 2.125 233.097
v 221.001 2.074 229.943
v 213.111 2.082 233.743
f 4717 4718 4719 4720
v 222.490 2.124 233.110
v 251.860 2.094 219.630
v 250.400 2.116 216.450
v 221.030 2.074 229.930
f 4721 4722 4723 4724
v 196.777 2.080 240.055
v 192.447 1.904 242.625
v 194.233 1.869 245.635
v 198.563 2.052 243.065
f 4725 4726 4727 4728
v 192.419 1.902 242.642
v 185.049 2.024 247.202
v 186.891 2.009 250.178
v 194.261 1.871 245.618
f 4729 4730 4731 4732
v 216.823 2.132 230.221
v 237.523 2.136 218.121
v 235.757 2.291 215.099
v 215.057 2.354 227.199
f 4733 4734 4735 4736
v 211.105 2.081 237.643
v 212.165 2.086 234.863
v 208.895 2.073 233.617
v 207.835 2.073 236.397
f 4737 4738 4739 4740
v 211.781 2.086 235.464
v 217.191 2.165 229.934
v 214.689 2.330 227.486
v 209.279 2.070 233.016
f 4741 4742 4743 4744
v 237.402 2.137 218.185
v 243.312 2.027 215.325
v 241.788 2.100 212.175
v 235.878 2.280 215.035
f 4745 4746 4747 4748
v 241.767 2.035 215.315
v 250.347 2.062 219.605
v 251.913 2.114 216.475
v 243.333 2.120 212.185
f 4749 4750 4751 4752
v -124.627 1.455 -215.220
v -125.887 1.471 -217.070
v -131.673 1.505 -213.130
v -130.413 1.510 -211.280
f 4753 4754 4755 4756
v -125.887 1.471 -217.070
v -130.347 1.471 -223.620
v -136.133 1.434 -219.680
v -131.673 1.505 -213.130
f 4757 4758 4759 4760
v -130.346 1.471 -223.619
v -149.296 1.325 -251.469
v -155.084 1.330 -247.531
v -136.134 1.434 -219.681
f 4761 4762 4763 4764
v -78.439 1.636 -253.720
v -84.539 1.764 -250.010
v -81.681 1.714 -245.310
v -75.581 1.804 -249.020
f 4765 4766 4767 4768
v -85.725 1.743 -248.511
v -87.345 1.733 -243.531
v -82.115 1.701 -241.829
v -80.495 1.710 -246.809
f 4769 4770 4771 4772
v -85.114 1.725 -239.957
v -76.604 1.666 -238.757
v -75.836 1.689 -244.203
v -84.346 1.716 -245.403
f 4773 4774 4775 4776
v -74.715 1.707 -239.179
v -70.985 1.675 -241.619
v -73.995 1.711 -246.221
v -77.725 1.694 -243.781
f 4777 4778 4779 4780
v 112.516 2.049 216.200
v 100.716 2.090 218.780
v 101.464 1.994 222.200
v 113.264 1.964 219.620
f 4781 4782 4783 4784
v -4.348 1.878 95.556
v -22.028 1.998 107.656
v -20.052 2.004 110.544
v -2.372 1.875 98.444
f 4785 4786 4787 4788
v 116.854 1.905 226.735
v 119.724 1.848 231.345
v 122.696 1.863 229.495
v 119.826 1.920 224.885
f 4789 4790 4791 4792
v 119.707 1.847 231.317
v 123.217 2.015 237.197
v 126.223 2.054 235.403
v 122.713 1.864 229.523
f 4793 4794 4795 4796
v 123.216 2.015 237.195
v 125.836 2.127 241.595
v 128.844 2.158 239.805
v 126.224 2.054 235.405
f 4797 4798 4799 4800
v 125.850 2.127 241.618
v 129.170 2.257 247.008
v 132.150 2.273 245.172
v 128.830 2.158 239.782
f 4801 4802 4803 4804
v 131.640 2.337 247.540
v 136.610 2.322 244.180
v 134.650 2.301 241.280
v 129.680 2.230 244.640
f 4805 4806 4807 4808
v 132.988 2.253 238.778
v 141.558 2.161 232.828
v 139.562 2.116 229.952
v 130.992 2.176 235.902
f 4809 4810 4811 4812
v 130.087 2.149 234.528
v 138.697 2.098 228.818
v 136.763 2.063 225.902
v 128.153 2.045 231.612
f 4813 4814 4815 4816
v 125.756 2.082 237.711
v 130.156 2.151 234.481
v 128.084 2.044 231.659
v 123.684 1.992 234.889
f 4817 4818 4819 4820
v 128.365 2.175 242.118
v 133.015 2.256 238.758
v 130.965 2.175 235.922
v 126.315 2.112 239.282
f 4821 4822 4823 4824
v 136.667 2.322 244.139
v 145.187 2.261 237.869
v 143.113 2.212 235.051
v 134.593 2.299 241.321
f 4825 4826 4827 4828
v 145.127 2.263 237.912
v 151.577 2.102 233.572
v 149.623 2.070 230.668
v 143.173 2.210 235.008
f 4829 4830 4831 4832
v 141.566 2.161 232.822
v 148.196 2.045 228.162
v 146.184 2.025 225.298
v 139.554 2.116 229.958
f 4833 4834 4835 4836
v 138.746 2.097 228.785
v 145.496 2.016 223.975
v 143.464 1.990 221.125
v 136.714 2.064 225.935
f 4837 4838 4839 4840
usemtl asphalt
