# Baked ultra-low Key West silhouette; generated by bake_key_west_far_city.py
mtllib far_city.mtl
usemtl massing
v 183.704 1.587 -219.454
v 210.022 1.587 -202.383
v 204.096 1.587 -193.246
v 177.778 1.587 -210.317
v 183.704 5.487 -219.454
v 210.022 5.487 -202.383
v 204.096 5.487 -193.246
v 177.778 5.487 -210.317
f 8 7 6 5
f 1 2 6 5
f 2 3 7 6
f 3 4 8 7
f 4 1 5 8
v 154.699 1.853 -252.940
v 186.905 1.853 -247.396
v 182.881 1.853 -224.020
v 150.675 1.853 -229.564
v 154.699 5.753 -252.940
v 186.905 5.753 -247.396
v 182.881 5.753 -224.020
v 150.675 5.753 -229.564
f 16 15 14 13
f 9 10 14 13
f 10 11 15 14
f 11 12 16 15
f 12 9 13 16
v 218.725 1.445 -262.465
v 238.368 1.445 -243.535
v 227.015 1.445 -231.755
v 207.372 1.445 -250.685
v 218.725 5.345 -262.465
v 238.368 5.345 -243.535
v 227.015 5.345 -231.755
v 207.372 5.345 -250.685
f 24 23 22 21
f 17 18 22 21
f 18 19 23 22
f 19 20 24 23
f 20 17 21 24
v 246.059 1.411 -143.280
v 260.987 1.411 -133.063
v 256.181 1.411 -126.040
v 241.253 1.411 -136.257
v 246.059 5.311 -143.280
v 260.987 5.311 -133.063
v 256.181 5.311 -126.040
v 241.253 5.311 -136.257
f 32 31 30 29
f 25 26 30 29
f 26 27 31 30
f 27 28 32 31
f 28 25 29 32
v 228.653 1.722 -168.412
v 241.756 1.722 -159.265
v 236.787 1.722 -152.148
v 223.684 1.722 -161.295
v 228.653 5.622 -168.412
v 241.756 5.622 -159.265
v 236.787 5.622 -152.148
v 223.684 5.622 -161.295
f 40 39 38 37
f 33 34 38 37
f 34 35 39 38
f 35 36 40 39
f 36 33 37 40
v 243.376 1.897 119.620
v 278.309 1.897 142.955
v 264.544 1.897 163.560
v 229.611 1.897 140.225
v 243.376 7.697 119.620
v 278.309 7.697 142.955
v 264.544 7.697 163.560
v 229.611 7.697 140.225
f 48 47 46 45
f 41 42 46 45
f 42 43 47 46
f 43 44 48 47
f 44 41 45 48
v -4.901 1.991 111.000
v 10.501 1.991 146.775
v -20.819 1.991 160.260
v -36.221 1.991 124.485
v -4.901 7.791 111.000
v 10.501 7.791 146.775
v -20.819 7.791 160.260
v -36.221 7.791 124.485
f 56 55 54 53
f 49 50 54 53
f 50 51 55 54
f 51 52 56 55
f 52 49 53 56
v -100.210 1.700 141.630
v -92.993 1.700 131.375
v -85.470 1.700 136.670
v -92.687 1.700 146.925
v -100.210 5.600 141.630
v -92.993 5.600 131.375
v -85.470 5.600 136.670
v -92.687 5.600 146.925
f 64 63 62 61
f 57 58 62 61
f 58 59 63 62
f 59 60 64 63
f 60 57 61 64
v -140.131 1.646 47.480
v -116.211 1.646 40.419
v -109.369 1.646 63.600
v -133.289 1.646 70.661
v -140.131 5.546 47.480
v -116.211 5.546 40.419
v -109.369 5.546 63.600
v -133.289 5.546 70.661
f 72 71 70 69
f 65 66 70 69
f 66 67 71 70
f 67 68 72 71
f 68 65 69 72
v -73.631 1.678 -3.868
v -50.926 1.678 11.505
v -58.349 1.678 22.468
v -81.054 1.678 7.095
v -73.631 5.578 -3.868
v -50.926 5.578 11.505
v -58.349 5.578 22.468
v -81.054 5.578 7.095
f 80 79 78 77
f 73 74 78 77
f 74 75 79 78
f 75 76 80 79
f 76 73 77 80
v 19.561 2.100 13.595
v 37.635 2.100 26.330
v 30.959 2.100 35.805
v 12.885 2.100 23.070
v 19.561 6.000 13.595
v 37.635 6.000 26.330
v 30.959 6.000 35.805
v 12.885 6.000 23.070
f 88 87 86 85
f 81 82 86 85
f 82 83 87 86
f 83 84 88 87
f 84 81 85 88
v 9.454 2.024 -118.554
v 49.219 2.024 -122.883
v 53.146 2.024 -86.826
v 13.381 2.024 -82.497
v 9.454 7.824 -118.554
v 49.219 7.824 -122.883
v 53.146 7.824 -86.826
v 13.381 7.824 -82.497
f 96 95 94 93
f 89 90 94 93
f 90 91 95 94
f 91 92 96 95
f 92 89 93 96
v -7.395 1.743 -261.252
v 19.504 1.743 -243.119
v 7.955 1.743 -225.988
v -18.944 1.743 -244.121
v -7.395 7.543 -261.252
v 19.504 7.543 -243.119
v 7.955 7.543 -225.988
v -18.944 7.543 -244.121
f 104 103 102 101
f 97 98 102 101
f 98 99 103 102
f 99 100 104 103
f 100 97 101 104
v -58.599 1.740 -147.278
v -47.492 1.740 -162.792
v -37.141 1.740 -155.382
v -48.248 1.740 -139.868
v -58.599 5.640 -147.278
v -47.492 5.640 -162.792
v -37.141 5.640 -155.382
v -48.248 5.640 -139.868
f 112 111 110 109
f 105 106 110 109
f 106 107 111 110
f 107 108 112 111
f 108 105 109 112
v -85.500 1.749 -175.651
v -74.728 1.749 -205.465
v -48.780 1.749 -196.089
v -59.552 1.749 -166.275
v -85.500 7.549 -175.651
v -74.728 7.549 -205.465
v -48.780 7.549 -196.089
v -59.552 7.549 -166.275
f 120 119 118 117
f 113 114 118 117
f 114 115 119 118
f 115 116 120 119
f 116 113 117 120
v -95.212 1.663 -139.666
v -71.393 1.663 -149.369
v -61.668 1.663 -125.494
v -85.487 1.663 -115.791
v -95.212 5.563 -139.666
v -71.393 5.563 -149.369
v -61.668 5.563 -125.494
v -85.487 5.563 -115.791
f 128 127 126 125
f 121 122 126 125
f 122 123 127 126
f 123 124 128 127
f 124 121 125 128
v -114.329 1.820 -155.883
v -99.525 1.820 -171.899
v -90.911 1.820 -163.937
v -105.715 1.820 -147.921
v -114.329 5.720 -155.883
v -99.525 5.720 -171.899
v -90.911 5.720 -163.937
v -105.715 5.720 -147.921
f 136 135 134 133
f 129 130 134 133
f 130 131 135 134
f 131 132 136 135
f 132 129 133 136
v -173.364 1.791 -120.910
v -165.480 1.791 -149.233
v -150.596 1.791 -145.090
v -158.480 1.791 -116.767
v -173.364 5.691 -120.910
v -165.480 5.691 -149.233
v -150.596 5.691 -145.090
v -158.480 5.691 -116.767
f 144 143 142 141
f 137 138 142 141
f 138 139 143 142
f 139 140 144 143
f 140 137 141 144
v -278.106 1.947 59.402
v -254.953 1.947 35.608
v -230.134 1.947 59.758
v -253.287 1.947 83.552
v -278.106 7.747 59.402
v -254.953 7.747 35.608
v -230.134 7.747 59.758
v -253.287 7.747 83.552
f 152 151 150 149
f 145 146 150 149
f 146 147 151 150
f 147 148 152 151
f 148 145 149 152
v -253.830 1.670 72.652
v -237.946 1.670 82.986
v -245.390 1.670 94.428
v -261.274 1.670 84.094
v -253.830 5.570 72.652
v -237.946 5.570 82.986
v -245.390 5.570 94.428
v -261.274 5.570 84.094
f 160 159 158 157
f 153 154 158 157
f 154 155 159 158
f 155 156 160 159
f 156 153 157 160
v -27.427 1.636 -147.384
v -8.489 1.636 -175.151
v 1.267 1.636 -168.496
v -17.671 1.636 -140.729
v -27.427 5.536 -147.384
v -8.489 5.536 -175.151
v 1.267 5.536 -168.496
v -17.671 5.536 -140.729
f 168 167 166 165
f 161 162 166 165
f 162 163 167 166
f 163 164 168 167
f 164 161 165 168
v 0.756 1.800 -178.932
v 13.640 1.800 -170.607
v 7.024 1.800 -160.368
v -5.860 1.800 -168.693
v 0.756 5.700 -178.932
v 13.640 5.700 -170.607
v 7.024 5.700 -160.368
v -5.860 5.700 -168.693
f 176 175 174 173
f 169 170 174 173
f 170 171 175 174
f 171 172 176 175
f 172 169 173 176
v 133.920 1.862 -108.540
v 154.400 1.862 -136.279
v 175.800 1.862 -120.480
v 155.320 1.862 -92.741
v 133.920 8.162 -108.540
v 154.400 8.162 -136.279
v 175.800 8.162 -120.480
v 155.320 8.162 -92.741
f 184 183 182 181
f 177 178 182 181
f 178 179 183 182
f 179 180 184 183
f 180 177 181 184
v -190.766 2.098 233.358
v -161.780 2.098 243.257
v -168.374 2.098 262.562
v -197.360 2.098 252.663
v -190.766 11.398 233.358
v -161.780 11.398 243.257
v -168.374 11.398 262.562
v -197.360 11.398 252.663
f 192 191 190 189
f 185 186 190 189
f 186 187 191 190
f 187 188 192 191
f 188 185 189 192
v 84.345 2.533 217.168
v 92.692 2.533 204.418
v 98.975 2.533 208.532
v 90.628 2.533 221.282
v 84.345 8.833 217.168
v 92.692 8.833 204.418
v 98.975 8.833 208.532
v 90.628 8.833 221.282
f 200 199 198 197
f 193 194 198 197
f 194 195 199 198
f 195 196 200 199
f 196 193 197 200
v 104.857 2.161 217.029
v 133.083 2.161 212.235
v 137.043 2.161 235.551
v 108.817 2.161 240.345
v 104.857 8.461 217.029
v 133.083 8.461 212.235
v 137.043 8.461 235.551
v 108.817 8.461 240.345
f 208 207 206 205
f 201 202 206 205
f 202 203 207 206
f 203 204 208 207
f 204 201 205 208
v 129.977 2.278 186.607
v 139.038 2.278 173.566
v 148.203 2.278 179.933
v 139.142 2.278 192.974
v 129.977 11.578 186.607
v 139.038 11.578 173.566
v 148.203 11.578 179.933
v 139.142 11.578 192.974
f 216 215 214 213
f 209 210 214 213
f 210 211 215 214
f 211 212 216 215
f 212 209 213 216
v 187.997 1.741 177.393
v 204.756 1.741 188.179
v 196.823 1.741 200.507
v 180.064 1.741 189.721
v 187.997 8.041 177.393
v 204.756 8.041 188.179
v 196.823 8.041 200.507
v 180.064 8.041 189.721
f 224 223 222 221
f 217 218 222 221
f 218 219 223 222
f 219 220 224 223
f 220 217 221 224
v 111.502 2.540 187.695
v 125.323 2.540 211.643
v 107.438 2.540 221.965
v 93.617 2.540 198.017
v 111.502 11.840 187.695
v 125.323 11.840 211.643
v 107.438 11.840 221.965
v 93.617 11.840 198.017
f 232 231 230 229
f 225 226 230 229
f 226 227 231 230
f 227 228 232 231
f 228 225 229 232
v 115.361 2.400 193.573
v 122.330 2.400 183.088
v 128.859 2.400 187.427
v 121.890 2.400 197.912
v 115.361 5.900 193.573
v 122.330 5.900 183.088
v 128.859 5.900 187.427
v 121.890 5.900 197.912
f 240 239 238 237
f 233 234 238 237
f 234 235 239 238
f 235 236 240 239
f 236 233 237 240
v 120.354 2.649 107.842
v 127.872 2.649 96.750
v 137.946 2.649 103.578
v 130.428 2.649 114.670
v 120.354 6.149 107.842
v 127.872 6.149 96.750
v 137.946 6.149 103.578
v 130.428 6.149 114.670
f 248 247 246 245
f 241 242 246 245
f 242 243 247 246
f 243 244 248 247
f 244 241 245 248
v -4.537 2.849 220.219
v 8.688 2.849 229.985
v 0.657 2.849 240.861
v -12.568 2.849 231.095
v -4.537 9.149 220.219
v 8.688 9.149 229.985
v 0.657 9.149 240.861
v -12.568 9.149 231.095
f 256 255 254 253
f 249 250 254 253
f 250 251 255 254
f 251 252 256 255
f 252 249 253 256
v 222.027 2.168 77.878
v 230.727 2.168 64.737
v 237.773 2.168 69.402
v 229.073 2.168 82.543
v 222.027 6.068 77.878
v 230.727 6.068 64.737
v 237.773 6.068 69.402
v 229.073 6.068 82.543
f 264 263 262 261
f 257 258 262 261
f 258 259 263 262
f 259 260 264 263
f 260 257 261 264
v -114.771 1.627 -3.236
v -105.045 1.627 -17.772
v -95.229 1.627 -11.204
v -104.955 1.627 3.332
v -114.771 5.527 -3.236
v -105.045 5.527 -17.772
v -95.229 5.527 -11.204
v -104.955 5.527 3.332
f 272 271 270 269
f 265 266 270 269
f 266 267 271 270
f 267 268 272 271
f 268 265 269 272
v -125.786 1.199 -48.076
v -116.355 1.199 -62.556
v -111.914 1.199 -59.664
v -121.345 1.199 -45.184
v -125.786 5.099 -48.076
v -116.355 5.099 -62.556
v -111.914 5.099 -59.664
v -121.345 5.099 -45.184
f 280 279 278 277
f 273 274 278 277
f 274 275 279 278
f 275 276 280 279
f 276 273 277 280
v -109.435 1.596 -111.352
v -98.490 1.596 -127.236
v -91.425 1.596 -122.368
v -102.370 1.596 -106.484
v -109.435 5.496 -111.352
v -98.490 5.496 -127.236
v -91.425 5.496 -122.368
v -102.370 5.496 -106.484
f 288 287 286 285
f 281 282 286 285
f 282 283 287 286
f 283 284 288 287
f 284 281 285 288
v -155.147 1.451 -231.244
v -147.817 1.451 -242.450
v -141.373 1.451 -238.236
v -148.703 1.451 -227.030
v -155.147 5.351 -231.244
v -147.817 5.351 -242.450
v -141.373 5.351 -238.236
v -148.703 5.351 -227.030
f 296 295 294 293
f 289 290 294 293
f 290 291 295 294
f 291 292 296 295
f 292 289 293 296
v 79.957 1.906 -101.213
v 90.552 1.906 -94.356
v 85.743 1.906 -86.927
v 75.148 1.906 -93.784
v 79.957 5.806 -101.213
v 90.552 5.806 -94.356
v 85.743 5.806 -86.927
v 75.148 5.806 -93.784
f 304 303 302 301
f 297 298 302 301
f 298 299 303 302
f 299 300 304 303
f 300 297 301 304
v 172.182 1.360 -43.563
v 185.002 1.360 -63.794
v 191.278 1.360 -59.817
v 178.458 1.360 -39.586
v 172.182 5.260 -43.563
v 185.002 5.260 -63.794
v 191.278 5.260 -59.817
v 178.458 5.260 -39.586
f 312 311 310 309
f 305 306 310 309
f 306 307 311 310
f 307 308 312 311
f 308 305 309 312
v 228.263 1.957 197.134
v 237.099 1.957 183.402
v 244.037 1.957 187.866
v 235.201 1.957 201.598
v 228.263 5.857 197.134
v 237.099 5.857 183.402
v 244.037 5.857 187.866
v 235.201 5.857 201.598
f 320 319 318 317
f 313 314 318 317
f 314 315 319 318
f 315 316 320 319
f 316 313 317 320
v 110.670 1.954 -54.763
v 121.908 1.954 -47.801
v 118.970 1.954 -43.057
v 107.732 1.954 -50.019
v 110.670 5.854 -54.763
v 121.908 5.854 -47.801
v 118.970 5.854 -43.057
v 107.732 5.854 -50.019
f 328 327 326 325
f 321 322 326 325
f 322 323 327 326
f 323 324 328 327
f 324 321 325 328
v 114.241 1.809 -49.427
v 125.772 1.809 -42.122
v 122.459 1.809 -36.893
v 110.928 1.809 -44.198
v 114.241 5.709 -49.427
v 125.772 5.709 -42.122
v 122.459 5.709 -36.893
v 110.928 5.709 -44.198
f 336 335 334 333
f 329 330 334 333
f 330 331 335 334
f 331 332 336 335
f 332 329 333 336
v 39.829 2.151 -27.916
v 48.940 2.151 -23.533
v 45.251 2.151 -15.864
v 36.140 2.151 -20.247
v 39.829 6.051 -27.916
v 48.940 6.051 -23.533
v 45.251 6.051 -15.864
v 36.140 6.051 -20.247
f 344 343 342 341
f 337 338 342 341
f 338 339 343 342
f 339 340 344 343
f 340 337 341 344
v 71.955 2.347 19.139
v 86.453 2.347 27.058
v 81.765 2.347 35.641
v 67.267 2.347 27.722
v 71.955 6.247 19.139
v 86.453 6.247 27.058
v 81.765 6.247 35.641
v 67.267 6.247 27.722
f 352 351 350 349
f 345 346 350 349
f 346 347 351 350
f 347 348 352 351
f 348 345 349 352
v 1.477 1.838 30.916
v 14.938 1.838 41.623
v 6.983 1.838 51.624
v -6.478 1.838 40.917
v 1.477 5.738 30.916
v 14.938 5.738 41.623
v 6.983 5.738 51.624
v -6.478 5.738 40.917
f 360 359 358 357
f 353 354 358 357
f 354 355 359 358
f 355 356 360 359
f 356 353 357 360
v -228.533 1.304 -94.332
v -216.060 1.304 -81.957
v -231.407 1.304 -66.488
v -243.880 1.304 -78.863
v -228.533 5.204 -94.332
v -216.060 5.204 -81.957
v -231.407 5.204 -66.488
v -243.880 5.204 -78.863
f 368 367 366 365
f 361 362 366 365
f 362 363 367 366
f 363 364 368 367
f 364 361 365 368
v -251.870 1.500 -74.940
v -251.608 1.500 -92.008
v -239.310 1.500 -91.820
v -239.572 1.500 -74.752
v -251.870 5.400 -74.940
v -251.608 5.400 -92.008
v -239.310 5.400 -91.820
v -239.572 5.400 -74.752
f 376 375 374 373
f 369 370 374 373
f 370 371 375 374
f 371 372 376 375
f 372 369 373 376
v -216.159 2.149 -91.154
v -210.992 2.149 -109.324
v -194.121 2.149 -104.526
v -199.288 2.149 -86.356
v -216.159 6.049 -91.154
v -210.992 6.049 -109.324
v -194.121 6.049 -104.526
v -199.288 6.049 -86.356
f 384 383 382 381
f 377 378 382 381
f 378 379 383 382
f 379 380 384 383
f 380 377 381 384
v -196.859 1.581 -122.329
v -175.048 1.581 -114.904
v -180.581 1.581 -98.651
v -202.392 1.581 -106.076
v -196.859 5.481 -122.329
v -175.048 5.481 -114.904
v -180.581 5.481 -98.651
v -202.392 5.481 -106.076
f 392 391 390 389
f 385 386 390 389
f 386 387 391 390
f 387 388 392 391
f 388 385 389 392
v -154.335 1.450 -132.495
v -140.803 1.450 -150.833
v -123.825 1.450 -138.305
v -137.357 1.450 -119.967
v -154.335 5.350 -132.495
v -140.803 5.350 -150.833
v -123.825 5.350 -138.305
v -137.357 5.350 -119.967
f 400 399 398 397
f 393 394 398 397
f 394 395 399 398
f 395 396 400 399
f 396 393 397 400
v -131.705 1.708 -150.052
v -113.345 1.708 -167.283
v -97.995 1.708 -150.928
v -116.355 1.708 -133.697
v -131.705 5.608 -150.052
v -113.345 5.608 -167.283
v -97.995 5.608 -150.928
v -116.355 5.608 -133.697
f 408 407 406 405
f 401 402 406 405
f 402 403 407 406
f 403 404 408 407
f 404 401 405 408
v -58.792 1.438 -185.128
v -50.173 1.438 -198.130
v -41.788 1.438 -192.572
v -50.407 1.438 -179.570
v -58.792 5.338 -185.128
v -50.173 5.338 -198.130
v -41.788 5.338 -192.572
v -50.407 5.338 -179.570
f 416 415 414 413
f 409 410 414 413
f 410 411 415 414
f 411 412 416 415
f 412 409 413 416
v -45.583 1.568 -194.542
v -37.894 1.568 -205.024
v -29.597 1.568 -198.938
v -37.286 1.568 -188.456
v -45.583 5.468 -194.542
v -37.894 5.468 -205.024
v -29.597 5.468 -198.938
v -37.286 5.468 -188.456
f 424 423 422 421
f 417 418 422 421
f 418 419 423 422
f 419 420 424 423
f 420 417 421 424
v -34.329 1.462 -200.644
v -27.106 1.462 -210.538
v -20.831 1.462 -205.956
v -28.054 1.462 -196.062
v -34.329 5.362 -200.644
v -27.106 5.362 -210.538
v -20.831 5.362 -205.956
v -28.054 5.362 -196.062
f 432 431 430 429
f 425 426 430 429
f 426 427 431 430
f 427 428 432 431
f 428 425 429 432
v -210.508 1.447 52.920
v -204.131 1.447 57.127
v -207.452 1.447 62.160
v -213.829 1.447 57.953
v -210.508 5.347 52.920
v -204.131 5.347 57.127
v -207.452 5.347 62.160
v -213.829 5.347 57.953
f 440 439 438 437
f 433 434 438 437
f 434 435 439 438
f 435 436 440 439
f 436 433 437 440
v -93.480 1.578 98.649
v -78.438 1.578 108.296
v -82.720 1.578 114.971
v -97.762 1.578 105.324
v -93.480 5.478 98.649
v -78.438 5.478 108.296
v -82.720 5.478 114.971
v -97.762 5.478 105.324
f 448 447 446 445
f 441 442 446 445
f 442 443 447 446
f 443 444 448 447
f 444 441 445 448
v -99.652 1.328 88.117
v -84.654 1.328 98.070
v -87.728 1.328 102.703
v -102.726 1.328 92.750
v -99.652 5.228 88.117
v -84.654 5.228 98.070
v -87.728 5.228 102.703
v -102.726 5.228 92.750
f 456 455 454 453
f 449 450 454 453
f 450 451 455 454
f 451 452 456 455
f 452 449 453 456
v -105.005 1.558 84.428
v -93.554 1.558 92.220
v -97.835 1.558 98.512
v -109.286 1.558 90.720
v -105.005 5.458 84.428
v -93.554 5.458 92.220
v -97.835 5.458 98.512
v -109.286 5.458 90.720
f 464 463 462 461
f 457 458 462 461
f 458 459 463 462
f 459 460 464 463
f 460 457 461 464
v -109.453 1.320 74.883
v -99.389 1.320 81.382
v -102.627 1.320 86.397
v -112.691 1.320 79.898
v -109.453 5.220 74.883
v -99.389 5.220 81.382
v -102.627 5.220 86.397
v -112.691 5.220 79.898
f 472 471 470 469
f 465 466 470 469
f 466 467 471 470
f 467 468 472 471
f 468 465 469 472
v -119.733 1.639 62.998
v -106.149 1.639 71.640
v -110.947 1.639 79.182
v -124.531 1.639 70.540
v -119.733 5.539 62.998
v -106.149 5.539 71.640
v -110.947 5.539 79.182
v -124.531 5.539 70.540
f 480 479 478 477
f 473 474 478 477
f 474 475 479 478
f 475 476 480 479
f 476 473 477 480
v -182.789 1.450 9.089
v -171.222 1.450 17.815
v -174.071 1.450 21.591
v -185.638 1.450 12.865
v -182.789 5.350 9.089
v -171.222 5.350 17.815
v -174.071 5.350 21.591
v -185.638 5.350 12.865
f 488 487 486 485
f 481 482 486 485
f 482 483 487 486
f 483 484 488 487
f 484 481 485 488
v -180.274 1.491 15.784
v -169.455 1.491 24.717
v -173.186 1.491 29.236
v -184.005 1.491 20.303
v -180.274 5.391 15.784
v -169.455 5.391 24.717
v -173.186 5.391 29.236
v -184.005 5.391 20.303
f 496 495 494 493
f 489 490 494 493
f 490 491 495 494
f 491 492 496 495
f 492 489 493 496
v -156.739 1.731 34.742
v -149.522 1.731 23.869
v -143.481 1.731 27.878
v -150.698 1.731 38.751
v -156.739 5.631 34.742
v -149.522 5.631 23.869
v -143.481 5.631 27.878
v -150.698 5.631 38.751
f 504 503 502 501
f 497 498 502 501
f 498 499 503 502
f 499 500 504 503
f 500 497 501 504
v -150.234 1.555 24.810
v -139.372 1.555 8.447
v -129.966 1.555 14.690
v -140.828 1.555 31.053
v -150.234 5.455 24.810
v -139.372 5.455 8.447
v -129.966 5.455 14.690
v -140.828 5.455 31.053
f 512 511 510 509
f 505 506 510 509
f 506 507 511 510
f 507 508 512 511
f 508 505 509 512
v -193.010 1.619 1.451
v -179.585 1.619 9.894
v -186.990 1.619 21.669
v -200.415 1.619 13.226
v -193.010 5.519 1.451
v -179.585 5.519 9.894
v -186.990 5.519 21.669
v -200.415 5.519 13.226
f 520 519 518 517
f 513 514 518 517
f 514 515 519 518
f 515 516 520 519
f 516 513 517 520
v -245.066 1.782 -13.489
v -234.882 1.782 -28.885
v -227.634 1.782 -24.091
v -237.818 1.782 -8.695
v -245.066 5.682 -13.489
v -234.882 5.682 -28.885
v -227.634 5.682 -24.091
v -237.818 5.682 -8.695
f 528 527 526 525
f 521 522 526 525
f 522 523 527 526
f 523 524 528 527
f 524 521 525 528
v -252.689 1.355 -6.993
v -243.366 1.355 -21.114
v -238.751 1.355 -18.067
v -248.074 1.355 -3.946
v -252.689 5.255 -6.993
v -243.366 5.255 -21.114
v -238.751 5.255 -18.067
v -248.074 5.255 -3.946
f 536 535 534 533
f 529 530 534 533
f 530 531 535 534
f 531 532 536 535
f 532 529 533 536
v -261.363 1.570 -0.882
v -250.272 1.570 -17.645
v -242.917 1.570 -12.778
v -254.008 1.570 3.985
v -261.363 5.470 -0.882
v -250.272 5.470 -17.645
v -242.917 5.470 -12.778
v -254.008 5.470 3.985
f 544 543 542 541
f 537 538 542 541
f 538 539 543 542
f 539 540 544 543
f 540 537 541 544
v -228.196 0.857 -6.439
v -219.998 0.857 -10.273
v -216.184 0.857 -2.121
v -224.382 0.857 1.713
v -228.196 4.757 -6.439
v -219.998 4.757 -10.273
v -216.184 4.757 -2.121
v -224.382 4.757 1.713
f 552 551 550 549
f 545 546 550 549
f 546 547 551 550
f 547 548 552 551
f 548 545 549 552
v -236.499 1.580 -2.438
v -222.375 1.580 6.732
v -227.521 1.580 14.658
v -241.645 1.580 5.488
v -236.499 5.480 -2.438
v -222.375 5.480 6.732
v -227.521 5.480 14.658
v -241.645 5.480 5.488
f 560 559 558 557
f 553 554 558 557
f 554 555 559 558
f 555 556 560 559
f 556 553 557 560
v -211.602 1.528 14.109
v -209.256 1.528 10.613
v -206.458 1.528 12.491
v -208.804 1.528 15.987
v -211.602 5.428 14.109
v -209.256 5.428 10.613
v -206.458 5.428 12.491
v -208.804 5.428 15.987
f 568 567 566 565
f 561 562 566 565
f 562 563 567 566
f 563 564 568 567
f 564 561 565 568
v -222.259 1.499 14.191
v -219.337 1.499 9.806
v -215.701 1.499 12.229
v -218.623 1.499 16.614
v -222.259 5.399 14.191
v -219.337 5.399 9.806
v -215.701 5.399 12.229
v -218.623 5.399 16.614
f 576 575 574 573
f 569 570 574 573
f 570 571 575 574
f 571 572 576 575
f 572 569 573 576
v -228.534 1.559 12.216
v -217.648 1.559 19.212
v -222.886 1.559 27.364
v -233.772 1.559 20.368
v -228.534 5.459 12.216
v -217.648 5.459 19.212
v -222.886 5.459 27.364
v -233.772 5.459 20.368
f 584 583 582 581
f 577 578 582 581
f 578 579 583 582
f 579 580 584 583
f 580 577 581 584
v -219.704 1.743 31.109
v -211.618 1.743 36.284
v -215.796 1.743 42.811
v -223.882 1.743 37.636
v -219.704 5.643 31.109
v -211.618 5.643 36.284
v -215.796 5.643 42.811
v -223.882 5.643 37.636
f 592 591 590 589
f 585 586 590 589
f 586 587 591 590
f 587 588 592 591
f 588 585 589 592
v -215.077 1.593 47.275
v -210.258 1.593 40.056
v -205.243 1.593 43.405
v -210.062 1.593 50.624
v -215.077 5.493 47.275
v -210.258 5.493 40.056
v -205.243 5.493 43.405
v -210.062 5.493 50.624
f 600 599 598 597
f 593 594 598 597
f 594 595 599 598
f 595 596 600 599
f 596 593 597 600
v -205.022 1.880 38.221
v -198.530 1.880 28.972
v -190.058 1.880 34.919
v -196.550 1.880 44.168
v -205.022 5.780 38.221
v -198.530 5.780 28.972
v -190.058 5.780 34.919
v -196.550 5.780 44.168
f 608 607 606 605
f 601 602 606 605
f 602 603 607 606
f 603 604 608 607
f 604 601 605 608
v -166.815 1.373 43.399
v -161.108 1.373 35.005
v -153.905 1.373 39.901
v -159.612 1.373 48.295
v -166.815 5.273 43.399
v -161.108 5.273 35.005
v -153.905 5.273 39.901
v -159.612 5.273 48.295
f 616 615 614 613
f 609 610 614 613
f 610 611 615 614
f 611 612 616 615
f 612 609 613 616
v -183.276 1.474 51.771
v -172.947 1.474 36.135
v -168.324 1.474 39.189
v -178.653 1.474 54.825
v -183.276 5.374 51.771
v -172.947 5.374 36.135
v -168.324 5.374 39.189
v -178.653 5.374 54.825
f 624 623 622 621
f 617 618 622 621
f 618 619 623 622
f 619 620 624 623
f 620 617 621 624
v -190.905 1.469 55.371
v -179.628 1.469 38.299
v -174.255 1.469 41.849
v -185.532 1.469 58.921
v -190.905 5.369 55.371
v -179.628 5.369 38.299
v -174.255 5.369 41.849
v -185.532 5.369 58.921
f 632 631 630 629
f 625 626 630 629
f 626 627 631 630
f 627 628 632 631
f 628 625 629 632
v -194.266 1.820 58.711
v -185.361 1.820 45.238
v -180.714 1.820 48.309
v -189.619 1.820 61.782
v -194.266 5.720 58.711
v -185.361 5.720 45.238
v -180.714 5.720 48.309
v -189.619 5.720 61.782
f 640 639 638 637
f 633 634 638 637
f 634 635 639 638
f 635 636 640 639
f 636 633 637 640
v -200.481 1.503 59.903
v -195.429 1.503 52.406
v -189.359 1.503 56.497
v -194.411 1.503 63.994
v -200.481 5.403 59.903
v -195.429 5.403 52.406
v -189.359 5.403 56.497
v -194.411 5.403 63.994
f 648 647 646 645
f 641 642 646 645
f 642 643 647 646
f 643 644 648 647
f 644 641 645 648
v -210.080 1.384 69.542
v -203.009 1.384 58.933
v -195.620 1.384 63.858
v -202.691 1.384 74.467
v -210.080 5.284 69.542
v -203.009 5.284 58.933
v -195.620 5.284 63.858
v -202.691 5.284 74.467
f 656 655 654 653
f 649 650 654 653
f 650 651 655 654
f 651 652 656 655
f 652 649 653 656
v -188.610 1.354 95.855
v -180.869 1.354 81.898
v -172.850 1.354 86.345
v -180.591 1.354 100.302
v -188.610 5.254 95.855
v -180.869 5.254 81.898
v -172.850 5.254 86.345
v -180.591 5.254 100.302
f 664 663 662 661
f 657 658 662 661
f 658 659 663 662
f 659 660 664 663
f 660 657 661 664
v -148.236 1.638 68.255
v -140.362 1.638 56.402
v -133.824 1.638 60.745
v -141.698 1.638 72.598
v -148.236 5.538 68.255
v -140.362 5.538 56.402
v -133.824 5.538 60.745
v -141.698 5.538 72.598
f 672 671 670 669
f 665 666 670 669
f 666 667 671 670
f 667 668 672 671
f 668 665 669 672
v -160.658 1.893 79.378
v -151.415 1.893 66.318
v -143.922 1.893 71.622
v -153.165 1.893 84.682
v -160.658 5.793 79.378
v -151.415 5.793 66.318
v -143.922 5.793 71.622
v -153.165 5.793 84.682
f 680 679 678 677
f 673 674 678 677
f 674 675 679 678
f 675 676 680 679
f 676 673 677 680
v -173.321 1.754 83.531
v -163.601 1.754 69.755
v -155.699 1.754 75.329
v -165.419 1.754 89.105
v -173.321 5.654 83.531
v -163.601 5.654 69.755
v -155.699 5.654 75.329
v -165.419 5.654 89.105
f 688 687 686 685
f 681 682 686 685
f 682 683 687 686
f 683 684 688 687
f 684 681 685 688
v -121.086 1.696 112.660
v -105.778 1.696 122.834
v -110.594 1.696 130.080
v -125.902 1.696 119.906
v -121.086 5.596 112.660
v -105.778 5.596 122.834
v -110.594 5.596 130.080
v -125.902 5.596 119.906
f 696 695 694 693
f 689 690 694 693
f 690 691 695 694
f 691 692 696 695
f 692 689 693 696
v -131.199 1.751 100.048
v -115.809 1.751 111.444
v -120.361 1.751 117.592
v -135.751 1.751 106.196
v -131.199 5.651 100.048
v -115.809 5.651 111.444
v -120.361 5.651 117.592
v -135.751 5.651 106.196
f 704 703 702 701
f 697 698 702 701
f 698 699 703 702
f 699 700 704 703
f 700 697 701 704
v -145.746 1.821 101.990
v -136.913 1.821 88.674
v -128.054 1.821 94.550
v -136.887 1.821 107.866
v -145.746 5.721 101.990
v -136.913 5.721 88.674
v -128.054 5.721 94.550
v -136.887 5.721 107.866
f 712 711 710 709
f 705 706 710 709
f 706 707 711 710
f 707 708 712 711
f 708 705 709 712
v -163.165 1.620 104.916
v -148.479 1.620 114.022
v -153.775 1.620 122.564
v -168.461 1.620 113.458
v -163.165 5.520 104.916
v -148.479 5.520 114.022
v -153.775 5.520 122.564
v -168.461 5.520 113.458
f 720 719 718 717
f 713 714 718 717
f 714 715 719 718
f 715 716 720 719
f 716 713 717 720
v -174.831 1.583 96.934
v -161.823 1.583 104.970
v -166.169 1.583 112.006
v -179.177 1.583 103.970
v -174.831 5.483 96.934
v -161.823 5.483 104.970
v -166.169 5.483 112.006
v -179.177 5.483 103.970
f 728 727 726 725
f 721 722 726 725
f 722 723 727 726
f 723 724 728 727
f 724 721 725 728
v -27.969 1.990 58.720
v -2.691 1.990 69.600
v -10.111 1.990 86.840
v -35.389 1.990 75.960
v -27.969 5.890 58.720
v -2.691 5.890 69.600
v -10.111 5.890 86.840
v -35.389 5.890 75.960
f 736 735 734 733
f 729 730 734 733
f 730 731 735 734
f 731 732 736 735
f 732 729 733 736
v -62.632 1.651 68.807
v -39.177 1.651 85.260
v -46.608 1.651 95.853
v -70.063 1.651 79.400
v -62.632 5.551 68.807
v -39.177 5.551 85.260
v -46.608 5.551 95.853
v -70.063 5.551 79.400
f 744 743 742 741
f 737 738 742 741
f 738 739 743 742
f 739 740 744 743
f 740 737 741 744
v -93.452 1.737 52.760
v -67.537 1.737 12.512
v -52.428 1.737 22.240
v -78.343 1.737 62.488
v -93.452 11.037 52.760
v -67.537 11.037 12.512
v -52.428 11.037 22.240
v -78.343 11.037 62.488
f 752 751 750 749
f 745 746 750 749
f 746 747 751 750
f 747 748 752 751
f 748 745 749 752
v -19.605 1.616 5.533
v -4.558 1.616 15.429
v -12.015 1.616 26.767
v -27.062 1.616 16.871
v -19.605 5.516 5.533
v -4.558 5.516 15.429
v -12.015 5.516 26.767
v -27.062 5.516 16.871
f 760 759 758 757
f 753 754 758 757
f 754 755 759 758
f 755 756 760 759
f 756 753 757 760
v -15.226 1.754 17.752
v 0.473 1.754 27.558
v -3.294 1.754 33.588
v -18.993 1.754 23.782
v -15.226 5.654 17.752
v 0.473 5.654 27.558
v -3.294 5.654 33.588
v -18.993 5.654 23.782
f 768 767 766 765
f 761 762 766 765
f 762 763 767 766
f 763 764 768 767
f 764 761 765 768
v -6.020 1.872 20.978
v 11.725 1.872 32.077
v 8.920 1.872 36.562
v -8.825 1.872 25.463
v -6.020 5.772 20.978
v 11.725 5.772 32.077
v 8.920 5.772 36.562
v -8.825 5.772 25.463
f 776 775 774 773
f 769 770 774 773
f 770 771 775 774
f 771 772 776 775
f 772 769 773 776
v -27.847 1.536 -2.506
v -12.715 1.536 6.944
v -16.513 1.536 13.026
v -31.645 1.536 3.576
v -27.847 5.436 -2.506
v -12.715 5.436 6.944
v -16.513 5.436 13.026
v -31.645 5.436 3.576
f 784 783 782 781
f 777 778 782 781
f 778 779 783 782
f 779 780 784 783
f 780 777 781 784
v -33.652 1.719 -9.308
v -17.843 1.719 0.568
v -21.228 1.719 5.988
v -37.037 1.719 -3.888
v -33.652 5.619 -9.308
v -17.843 5.619 0.568
v -21.228 5.619 5.988
v -37.037 5.619 -3.888
f 792 791 790 789
f 785 786 790 789
f 786 787 791 790
f 787 788 792 791
f 788 785 789 792
v -35.086 1.464 -10.986
v -28.847 1.464 -20.706
v -21.694 1.464 -16.114
v -27.933 1.464 -6.394
v -35.086 5.364 -10.986
v -28.847 5.364 -20.706
v -21.694 5.364 -16.114
v -27.933 5.364 -6.394
f 800 799 798 797
f 793 794 798 797
f 794 795 799 798
f 795 796 800 799
f 796 793 797 800
v -44.854 1.475 -5.207
v -37.292 1.475 -17.083
v -30.586 1.475 -12.813
v -38.148 1.475 -0.937
v -44.854 5.375 -5.207
v -37.292 5.375 -17.083
v -30.586 5.375 -12.813
v -38.148 5.375 -0.937
f 808 807 806 805
f 801 802 806 805
f 802 803 807 806
f 803 804 808 807
f 804 801 805 808
v -53.581 1.462 17.946
v -37.411 1.462 28.037
v -42.239 1.462 35.774
v -58.409 1.462 25.683
v -53.581 5.362 17.946
v -37.411 5.362 28.037
v -42.239 5.362 35.774
v -58.409 5.362 25.683
f 816 815 814 813
f 809 810 814 813
f 810 811 815 814
f 811 812 816 815
f 812 809 813 816
v -57.180 1.863 8.463
v -43.990 1.863 16.680
v -48.300 1.863 23.597
v -61.490 1.863 15.380
v -57.180 5.763 8.463
v -43.990 5.763 16.680
v -48.300 5.763 23.597
v -61.490 5.763 15.380
f 824 823 822 821
f 817 818 822 821
f 818 819 823 822
f 819 820 824 823
f 820 817 821 824
v -57.103 1.545 60.333
v -52.788 1.545 53.644
v -47.637 1.545 56.967
v -51.952 1.545 63.656
v -57.103 5.445 60.333
v -52.788 5.445 53.644
v -47.637 5.445 56.967
v -51.952 5.445 63.656
f 832 831 830 829
f 825 826 830 829
f 826 827 831 830
f 827 828 832 831
f 828 825 829 832
v 24.681 1.952 66.246
v 32.825 1.952 53.447
v 39.499 1.952 57.694
v 31.355 1.952 70.493
v 24.681 5.852 66.246
v 32.825 5.852 53.447
v 39.499 5.852 57.694
v 31.355 5.852 70.493
f 840 839 838 837
f 833 834 838 837
f 834 835 839 838
f 835 836 840 839
f 836 833 837 840
v 16.519 1.735 69.424
v 27.211 1.735 76.090
v 23.741 1.735 81.656
v 13.049 1.735 74.990
v 16.519 5.635 69.424
v 27.211 5.635 76.090
v 23.741 5.635 81.656
v 13.049 5.635 74.990
f 848 847 846 845
f 841 842 846 845
f 842 843 847 846
f 843 844 848 847
f 844 841 845 848
v 11.343 1.697 62.434
v 22.363 1.697 69.311
v 19.097 1.697 74.546
v 8.077 1.697 67.669
v 11.343 5.597 62.434
v 22.363 5.597 69.311
v 19.097 5.597 74.546
v 8.077 5.597 67.669
f 856 855 854 853
f 849 850 854 853
f 850 851 855 854
f 851 852 856 855
f 852 849 853 856
v 8.421 1.930 52.107
v 22.966 1.930 61.211
v 20.499 1.930 65.153
v 5.954 1.930 56.049
v 8.421 5.830 52.107
v 22.966 5.830 61.211
v 20.499 5.830 65.153
v 5.954 5.830 56.049
f 864 863 862 861
f 857 858 862 861
f 858 859 863 862
f 859 860 864 863
f 860 857 861 864
v 2.578 1.831 44.430
v 17.028 1.831 53.461
v 13.922 1.831 58.430
v -0.528 1.831 49.399
v 2.578 5.731 44.430
v 17.028 5.731 53.461
v 13.922 5.731 58.430
v -0.528 5.731 49.399
f 872 871 870 869
f 865 866 870 869
f 866 867 871 870
f 867 868 872 871
f 868 865 869 872
v -8.565 1.668 78.044
v 7.325 1.668 87.961
v 2.385 1.668 95.876
v -13.505 1.668 85.959
v -8.565 5.568 78.044
v 7.325 5.568 87.961
v 2.385 5.568 95.876
v -13.505 5.568 85.959
f 880 879 878 877
f 873 874 878 877
f 874 875 879 878
f 875 876 880 879
f 876 873 877 880
v -71.113 1.595 65.716
v -56.181 1.595 75.012
v -61.667 1.595 83.824
v -76.599 1.595 74.528
v -71.113 5.495 65.716
v -56.181 5.495 75.012
v -61.667 5.495 83.824
v -76.599 5.495 74.528
f 888 887 886 885
f 881 882 886 885
f 882 883 887 886
f 883 884 888 887
f 884 881 885 888
v -59.510 1.574 84.100
v -40.387 1.574 96.069
v -43.310 1.574 100.740
v -62.433 1.574 88.771
v -59.510 5.474 84.100
v -40.387 5.474 96.069
v -43.310 5.474 100.740
v -62.433 5.474 88.771
f 896 895 894 893
f 889 890 894 893
f 890 891 895 894
f 891 892 896 895
f 892 889 893 896
v -29.726 1.822 103.204
v -24.009 1.822 94.207
v -19.274 1.822 97.216
v -24.991 1.822 106.213
v -29.726 5.722 103.204
v -24.009 5.722 94.207
v -19.274 5.722 97.216
v -24.991 5.722 106.213
f 904 903 902 901
f 897 898 902 901
f 898 899 903 902
f 899 900 904 903
f 900 897 901 904
v -37.321 1.745 108.038
v -29.087 1.745 95.048
v -24.459 1.745 97.982
v -32.693 1.745 110.972
v -37.321 5.645 108.038
v -29.087 5.645 95.048
v -24.459 5.645 97.982
v -32.693 5.645 110.972
f 912 911 910 909
f 905 906 910 909
f 906 907 911 910
f 907 908 912 911
f 908 905 909 912
v -44.157 1.783 109.745
v -37.452 1.783 99.207
v -31.783 1.783 102.815
v -38.488 1.783 113.353
v -44.157 5.683 109.745
v -37.452 5.683 99.207
v -31.783 5.683 102.815
v -38.488 5.683 113.353
f 920 919 918 917
f 913 914 918 917
f 914 915 919 918
f 915 916 920 919
f 916 913 917 920
v -51.696 1.862 116.984
v -45.671 1.862 107.543
v -39.164 1.862 111.696
v -45.189 1.862 121.137
v -51.696 5.762 116.984
v -45.671 5.762 107.543
v -39.164 5.762 111.696
v -45.189 5.762 121.137
f 928 927 926 925
f 921 922 926 925
f 922 923 927 926
f 923 924 928 927
f 924 921 925 928
v -55.900 1.854 91.778
v -37.580 1.854 103.240
v -40.360 1.854 107.682
v -58.680 1.854 96.220
v -55.900 5.754 91.778
v -37.580 5.754 103.240
v -40.360 5.754 107.682
v -58.680 5.754 96.220
f 936 935 934 933
f 929 930 934 933
f 930 931 935 934
f 931 932 936 935
f 932 929 933 936
v -75.428 1.590 57.382
v -68.403 1.590 61.061
v -71.952 1.590 67.838
v -78.977 1.590 64.159
v -75.428 5.490 57.382
v -68.403 5.490 61.061
v -71.952 5.490 67.838
v -78.977 5.490 64.159
f 944 943 942 941
f 937 938 942 941
f 938 939 943 942
f 939 940 944 943
f 940 937 941 944
v -82.445 1.496 64.022
v -75.780 1.496 68.170
v -78.375 1.496 72.338
v -85.040 1.496 68.190
v -82.445 5.396 64.022
v -75.780 5.396 68.170
v -78.375 5.396 72.338
v -85.040 5.396 68.190
f 952 951 950 949
f 945 946 950 949
f 946 947 951 950
f 947 948 952 951
f 948 945 949 952
v -86.699 1.288 53.025
v -77.609 1.288 58.670
v -81.201 1.288 64.455
v -90.291 1.288 58.810
v -86.699 5.188 53.025
v -77.609 5.188 58.670
v -81.201 5.188 64.455
v -90.291 5.188 58.810
f 960 959 958 957
f 953 954 958 957
f 954 955 959 958
f 955 956 960 959
f 956 953 957 960
v -113.128 1.597 38.682
v -93.279 1.597 21.642
v -81.092 1.597 35.838
v -100.941 1.597 52.878
v -113.128 5.497 38.682
v -93.279 5.497 21.642
v -81.092 5.497 35.838
v -100.941 5.497 52.878
f 968 967 966 965
f 961 962 966 965
f 962 963 967 966
f 963 964 968 967
f 964 961 965 968
v -78.452 1.873 120.967
v -62.472 1.873 122.925
v -63.968 1.873 135.133
v -79.948 1.873 133.175
v -78.452 5.773 120.967
v -62.472 5.773 122.925
v -63.968 5.773 135.133
v -79.948 5.773 133.175
f 976 975 974 973
f 969 970 974 973
f 970 971 975 974
f 971 972 976 975
f 972 969 973 976
v -94.370 1.556 115.349
v -87.521 1.556 119.767
v -90.090 1.556 123.751
v -96.939 1.556 119.333
v -94.370 5.456 115.349
v -87.521 5.456 119.767
v -90.090 5.456 123.751
v -96.939 5.456 119.333
f 984 983 982 981
f 977 978 982 981
f 978 979 983 982
f 979 980 984 983
f 980 977 981 984
v -87.887 1.984 138.899
v -82.626 1.984 131.025
v -77.513 1.984 134.441
v -82.774 1.984 142.315
v -87.887 5.884 138.899
v -82.626 5.884 131.025
v -77.513 5.884 134.441
v -82.774 5.884 142.315
f 992 991 990 989
f 985 986 990 989
f 986 987 991 990
f 987 988 992 991
f 988 985 989 992
v -106.922 1.564 134.183
v -103.449 1.564 128.902
v -100.658 1.564 130.737
v -104.131 1.564 136.018
v -106.922 5.464 134.183
v -103.449 5.464 128.902
v -100.658 5.464 130.737
v -104.131 5.464 136.018
f 1000 999 998 997
f 993 994 998 997
f 994 995 999 998
f 995 996 1000 999
f 996 993 997 1000
v -111.640 1.658 131.383
v -102.504 1.658 137.179
v -107.400 1.658 144.897
v -116.536 1.658 139.101
v -111.640 5.558 131.383
v -102.504 5.558 137.179
v -107.400 5.558 144.897
v -116.536 5.558 139.101
f 1008 1007 1006 1005
f 1001 1002 1006 1005
f 1002 1003 1007 1006
f 1003 1004 1008 1007
f 1004 1001 1005 1008
v -104.633 1.824 143.259
v -95.913 1.824 148.511
v -100.267 1.824 155.741
v -108.987 1.824 150.489
v -104.633 5.724 143.259
v -95.913 5.724 148.511
v -100.267 5.724 155.741
v -108.987 5.724 150.489
f 1016 1015 1014 1013
f 1009 1010 1014 1013
f 1010 1011 1015 1014
f 1011 1012 1016 1015
f 1012 1009 1013 1016
v -185.785 1.578 -65.250
v -170.293 1.578 -82.654
v -157.775 1.578 -71.510
v -173.267 1.578 -54.106
v -185.785 5.478 -65.250
v -170.293 5.478 -82.654
v -157.775 5.478 -71.510
v -173.267 5.478 -54.106
f 1024 1023 1022 1021
f 1017 1018 1022 1021
f 1018 1019 1023 1022
f 1019 1020 1024 1023
f 1020 1017 1021 1024
v -143.480 1.694 -81.797
v -138.351 1.694 -88.923
v -133.960 1.694 -85.763
v -139.089 1.694 -78.637
v -143.480 5.594 -81.797
v -138.351 5.594 -88.923
v -133.960 5.594 -85.763
v -139.089 5.594 -78.637
f 1032 1031 1030 1029
f 1025 1026 1030 1029
f 1026 1027 1031 1030
f 1027 1028 1032 1031
f 1028 1025 1029 1032
v -139.790 1.613 -89.617
v -131.588 1.613 -100.428
v -121.670 1.613 -92.903
v -129.872 1.613 -82.092
v -139.790 5.513 -89.617
v -131.588 5.513 -100.428
v -121.670 5.513 -92.903
v -129.872 5.513 -82.092
f 1040 1039 1038 1037
f 1033 1034 1038 1037
f 1034 1035 1039 1038
f 1035 1036 1040 1039
f 1036 1033 1037 1040
v -121.956 1.902 -90.577
v -113.171 1.902 -84.452
v -117.724 1.902 -77.923
v -126.509 1.902 -84.048
v -121.956 5.802 -90.577
v -113.171 5.802 -84.452
v -117.724 5.802 -77.923
v -126.509 5.802 -84.048
f 1048 1047 1046 1045
f 1041 1042 1046 1045
f 1042 1043 1047 1046
f 1043 1044 1048 1047
f 1044 1041 1045 1048
v -134.450 0.944 -69.103
v -128.663 0.944 -77.098
v -122.750 0.944 -72.817
v -128.537 0.944 -64.822
v -134.450 4.844 -69.103
v -128.663 4.844 -77.098
v -122.750 4.844 -72.817
v -128.537 4.844 -64.822
f 1056 1055 1054 1053
f 1049 1050 1054 1053
f 1050 1051 1055 1054
f 1051 1052 1056 1055
f 1052 1049 1053 1056
v -161.725 1.610 -72.977
v -149.363 1.610 -90.225
v -141.715 1.610 -84.743
v -154.077 1.610 -67.495
v -161.725 5.510 -72.977
v -149.363 5.510 -90.225
v -141.715 5.510 -84.743
v -154.077 5.510 -67.495
f 1064 1063 1062 1061
f 1057 1058 1062 1061
f 1058 1059 1063 1062
f 1059 1060 1064 1063
f 1060 1057 1061 1064
v -113.009 1.624 -57.204
v -103.317 1.624 -73.196
v -94.671 1.624 -67.956
v -104.363 1.624 -51.964
v -113.009 5.524 -57.204
v -103.317 5.524 -73.196
v -94.671 5.524 -67.956
v -104.363 5.524 -51.964
f 1072 1071 1070 1069
f 1065 1066 1070 1069
f 1066 1067 1071 1070
f 1067 1068 1072 1071
f 1068 1065 1069 1072
v -119.387 1.239 -51.817
v -109.618 1.239 -66.625
v -104.493 1.239 -63.243
v -114.262 1.239 -48.435
v -119.387 5.139 -51.817
v -109.618 5.139 -66.625
v -104.493 5.139 -63.243
v -114.262 5.139 -48.435
f 1080 1079 1078 1077
f 1073 1074 1078 1077
f 1074 1075 1079 1078
f 1075 1076 1080 1079
f 1076 1073 1077 1080
v -135.041 1.445 -46.451
v -126.556 1.445 -40.936
v -129.499 1.445 -36.409
v -137.984 1.445 -41.924
v -135.041 5.345 -46.451
v -126.556 5.345 -40.936
v -129.499 5.345 -36.409
v -137.984 5.345 -41.924
f 1088 1087 1086 1085
f 1081 1082 1086 1085
f 1082 1083 1087 1086
f 1083 1084 1088 1087
f 1084 1081 1085 1088
v -151.629 1.639 -44.417
v -141.209 1.639 -37.752
v -146.511 1.639 -29.463
v -156.931 1.639 -36.128
v -151.629 5.539 -44.417
v -141.209 5.539 -37.752
v -146.511 5.539 -29.463
v -156.931 5.539 -36.128
f 1096 1095 1094 1093
f 1089 1090 1094 1093
f 1090 1091 1095 1094
f 1091 1092 1096 1095
f 1092 1089 1093 1096
v -132.535 1.459 -40.168
v -116.570 1.459 -29.775
v -120.165 1.459 -24.252
v -136.130 1.459 -34.645
v -132.535 5.359 -40.168
v -116.570 5.359 -29.775
v -120.165 5.359 -24.252
v -136.130 5.359 -34.645
f 1104 1103 1102 1101
f 1097 1098 1102 1101
f 1098 1099 1103 1102
f 1099 1100 1104 1103
f 1100 1097 1101 1104
v -105.843 1.553 -48.337
v -80.878 1.553 -42.629
v -84.277 1.553 -27.763
v -109.242 1.553 -33.471
v -105.843 5.453 -48.337
v -80.878 5.453 -42.629
v -84.277 5.453 -27.763
v -109.242 5.453 -33.471
f 1112 1111 1110 1109
f 1105 1106 1110 1109
f 1106 1107 1111 1110
f 1107 1108 1112 1111
f 1108 1105 1109 1112
v -83.761 1.604 -37.456
v -76.629 1.604 -33.113
v -80.519 1.604 -26.724
v -87.651 1.604 -31.067
v -83.761 5.504 -37.456
v -76.629 5.504 -33.113
v -80.519 5.504 -26.724
v -87.651 5.504 -31.067
f 1120 1119 1118 1117
f 1113 1114 1118 1117
f 1114 1115 1119 1118
f 1115 1116 1120 1119
f 1116 1113 1117 1120
v -81.081 1.565 -27.249
v -69.211 1.565 -19.695
v -72.459 1.565 -14.591
v -84.329 1.565 -22.145
v -81.081 5.465 -27.249
v -69.211 5.465 -19.695
v -72.459 5.465 -14.591
v -84.329 5.465 -22.145
f 1128 1127 1126 1125
f 1121 1122 1126 1125
f 1122 1123 1127 1126
f 1123 1124 1128 1127
f 1124 1121 1125 1128
v -95.676 1.342 -11.281
v -89.114 1.342 -20.979
v -80.484 1.342 -15.139
v -87.046 1.342 -5.441
v -95.676 5.242 -11.281
v -89.114 5.242 -20.979
v -80.484 5.242 -15.139
v -87.046 5.242 -5.441
f 1136 1135 1134 1133
f 1129 1130 1134 1133
f 1130 1131 1135 1134
f 1131 1132 1136 1135
f 1132 1129 1133 1136
v -97.627 1.556 -28.589
v -89.299 1.556 -23.328
v -92.973 1.556 -17.511
v -101.301 1.556 -22.772
v -97.627 5.456 -28.589
v -89.299 5.456 -23.328
v -92.973 5.456 -17.511
v -101.301 5.456 -22.772
f 1144 1143 1142 1141
f 1137 1138 1142 1141
f 1138 1139 1143 1142
f 1139 1140 1144 1143
f 1140 1137 1141 1144
v -136.823 1.505 -21.176
v -116.129 1.505 -7.986
v -120.337 1.505 -1.384
v -141.031 1.505 -14.574
v -136.823 5.405 -21.176
v -116.129 5.405 -7.986
v -120.337 5.405 -1.384
v -141.031 5.405 -14.574
f 1152 1151 1150 1149
f 1145 1146 1150 1149
f 1146 1147 1151 1150
f 1147 1148 1152 1151
f 1148 1145 1149 1152
v -142.572 1.626 -28.186
v -124.372 1.626 -19.082
v -129.208 1.626 -9.414
v -147.408 1.626 -18.518
v -142.572 5.526 -28.186
v -124.372 5.526 -19.082
v -129.208 5.526 -9.414
v -147.408 5.526 -18.518
f 1160 1159 1158 1157
f 1153 1154 1158 1157
f 1154 1155 1159 1158
f 1155 1156 1160 1159
f 1156 1153 1157 1160
v -127.142 1.660 7.330
v -119.941 1.660 -2.518
v -110.738 1.660 4.210
v -117.939 1.660 14.058
v -127.142 5.560 7.330
v -119.941 5.560 -2.518
v -110.738 5.560 4.210
v -117.939 5.560 14.058
f 1168 1167 1166 1165
f 1161 1162 1166 1165
f 1162 1163 1167 1166
f 1163 1164 1168 1167
f 1164 1161 1165 1168
v 71.448 1.475 -237.331
v 77.385 1.475 -245.724
v 83.712 1.475 -241.249
v 77.775 1.475 -232.856
v 71.448 10.775 -237.331
v 77.385 10.775 -245.724
v 83.712 10.775 -241.249
v 77.775 10.775 -232.856
f 1176 1175 1174 1173
f 1169 1170 1174 1173
f 1170 1171 1175 1174
f 1171 1172 1176 1175
f 1172 1169 1173 1176
v 33.648 1.625 -251.285
v 42.278 1.625 -263.012
v 52.112 1.625 -255.775
v 43.482 1.625 -244.048
v 33.648 10.925 -251.285
v 42.278 10.925 -263.012
v 52.112 10.925 -255.775
v 43.482 10.925 -244.048
f 1184 1183 1182 1181
f 1177 1178 1182 1181
f 1178 1179 1183 1182
f 1179 1180 1184 1183
f 1180 1177 1181 1184
v 60.345 2.233 242.517
v 72.874 2.233 249.430
v 68.575 2.233 257.223
v 56.046 2.233 250.310
v 60.345 6.133 242.517
v 72.874 6.133 249.430
v 68.575 6.133 257.223
v 56.046 6.133 250.310
f 1192 1191 1190 1189
f 1185 1186 1190 1189
f 1186 1187 1191 1190
f 1187 1188 1192 1191
f 1188 1185 1189 1192
v 46.097 2.877 241.392
v 52.671 2.877 228.647
v 61.283 2.877 233.088
v 54.709 2.877 245.833
v 46.097 6.777 241.392
v 52.671 6.777 228.647
v 61.283 6.777 233.088
v 54.709 6.777 245.833
f 1200 1199 1198 1197
f 1193 1194 1198 1197
f 1194 1195 1199 1198
f 1195 1196 1200 1199
f 1196 1193 1197 1200
v 39.205 2.368 245.463
v 46.519 2.368 234.319
v 51.635 2.368 237.677
v 44.321 2.368 248.821
v 39.205 6.268 245.463
v 46.519 6.268 234.319
v 51.635 6.268 237.677
v 44.321 6.268 248.821
f 1208 1207 1206 1205
f 1201 1202 1206 1205
f 1202 1203 1207 1206
f 1203 1204 1208 1207
f 1204 1201 1205 1208
v 33.147 2.255 252.597
v 43.614 2.255 238.274
v 48.853 2.255 242.103
v 38.386 2.255 256.426
v 33.147 6.155 252.597
v 43.614 6.155 238.274
v 48.853 6.155 242.103
v 38.386 6.155 256.426
f 1216 1215 1214 1213
f 1209 1210 1214 1213
f 1210 1211 1215 1214
f 1211 1212 1216 1215
f 1212 1209 1213 1216
v 22.696 2.228 253.384
v 35.104 2.228 243.394
v 44.204 2.228 254.696
v 31.796 2.228 264.686
v 22.696 6.128 253.384
v 35.104 6.128 243.394
v 44.204 6.128 254.696
v 31.796 6.128 264.686
f 1224 1223 1222 1221
f 1217 1218 1222 1221
f 1218 1219 1223 1222
f 1219 1220 1224 1223
f 1220 1217 1221 1224
v 250.332 1.534 -49.647
v 259.397 1.534 -43.869
v 255.028 1.534 -37.013
v 245.963 1.534 -42.791
v 250.332 5.434 -49.647
v 259.397 5.434 -43.869
v 255.028 5.434 -37.013
v 245.963 5.434 -42.791
f 1232 1231 1230 1229
f 1225 1226 1230 1229
f 1226 1227 1231 1230
f 1227 1228 1232 1231
f 1228 1225 1229 1232
v 240.808 0.612 -57.261
v 252.477 0.612 -56.271
v 251.592 0.612 -45.839
v 239.923 0.612 -46.829
v 240.808 4.512 -57.261
v 252.477 4.512 -56.271
v 251.592 4.512 -45.839
v 239.923 4.512 -46.829
f 1240 1239 1238 1237
f 1233 1234 1238 1237
f 1234 1235 1239 1238
f 1235 1236 1240 1239
f 1236 1233 1237 1240
v 214.989 1.590 -43.510
v 229.371 1.590 -34.130
v 224.831 1.590 -27.170
v 210.449 1.590 -36.550
v 214.989 5.490 -43.510
v 229.371 5.490 -34.130
v 224.831 5.490 -27.170
v 210.449 5.490 -36.550
f 1248 1247 1246 1245
f 1241 1242 1246 1245
f 1242 1243 1247 1246
f 1243 1244 1248 1247
f 1244 1241 1245 1248
v 218.037 1.687 -34.190
v 232.359 1.687 -26.662
v 228.883 1.687 -20.050
v 214.561 1.687 -27.578
v 218.037 5.587 -34.190
v 232.359 5.587 -26.662
v 228.883 5.587 -20.050
v 214.561 5.587 -27.578
f 1256 1255 1254 1253
f 1249 1250 1254 1253
f 1250 1251 1255 1254
f 1251 1252 1256 1255
f 1252 1249 1253 1256
v 222.854 1.722 -27.381
v 235.575 1.722 -19.042
v 231.666 1.722 -13.079
v 218.945 1.722 -21.418
v 222.854 5.622 -27.381
v 235.575 5.622 -19.042
v 231.666 5.622 -13.079
v 218.945 5.622 -21.418
f 1264 1263 1262 1261
f 1257 1258 1262 1261
f 1258 1259 1263 1262
f 1259 1260 1264 1263
f 1260 1257 1261 1264
v 222.128 1.886 -6.889
v 230.365 1.886 -18.505
v 240.032 1.886 -11.651
v 231.795 1.886 -0.035
v 222.128 5.786 -6.889
v 230.365 5.786 -18.505
v 240.032 5.786 -11.651
v 231.795 5.786 -0.035
f 1272 1271 1270 1269
f 1265 1266 1270 1269
f 1266 1267 1271 1270
f 1267 1268 1272 1271
f 1268 1265 1269 1272
v 237.467 1.703 -0.816
v 242.883 1.703 -16.370
v 253.413 1.703 -12.704
v 247.997 1.703 2.850
v 237.467 5.603 -0.816
v 242.883 5.603 -16.370
v 253.413 5.603 -12.704
v 247.997 5.603 2.850
f 1280 1279 1278 1277
f 1273 1274 1278 1277
f 1274 1275 1279 1278
f 1275 1276 1280 1279
f 1276 1273 1277 1280
v 245.675 1.974 -0.171
v 256.476 1.974 6.716
v 252.105 1.974 13.571
v 241.304 1.974 6.684
v 245.675 5.874 -0.171
v 256.476 5.874 6.716
v 252.105 5.874 13.571
v 241.304 5.874 6.684
f 1288 1287 1286 1285
f 1281 1282 1286 1285
f 1282 1283 1287 1286
f 1283 1284 1288 1287
f 1284 1281 1285 1288
v 244.019 2.489 0.683
v 248.077 2.489 18.804
v 234.981 2.489 21.737
v 230.923 2.489 3.616
v 244.019 6.389 0.683
v 248.077 6.389 18.804
v 234.981 6.389 21.737
v 230.923 6.389 3.616
f 1296 1295 1294 1293
f 1289 1290 1294 1293
f 1290 1291 1295 1294
f 1291 1292 1296 1295
f 1292 1289 1293 1296
v 251.149 1.973 8.030
v 262.355 1.973 16.032
v 258.571 1.973 21.330
v 247.365 1.973 13.328
v 251.149 5.873 8.030
v 262.355 5.873 16.032
v 258.571 5.873 21.330
v 247.365 5.873 13.328
f 1304 1303 1302 1301
f 1297 1298 1302 1301
f 1298 1299 1303 1302
f 1299 1300 1304 1303
f 1300 1297 1301 1304
v 236.781 2.382 18.889
v 245.373 2.382 25.964
v 240.739 2.382 31.591
v 232.147 2.382 24.516
v 236.781 6.282 18.889
v 245.373 6.282 25.964
v 240.739 6.282 31.591
v 232.147 6.282 24.516
f 1312 1311 1310 1309
f 1305 1306 1310 1309
f 1306 1307 1311 1310
f 1307 1308 1312 1311
f 1308 1305 1309 1312
v 249.913 2.008 13.847
v 268.317 2.008 27.939
v 261.247 2.008 37.173
v 242.843 2.008 23.081
v 249.913 5.908 13.847
v 268.317 5.908 27.939
v 261.247 5.908 37.173
v 242.843 5.908 23.081
f 1320 1319 1318 1317
f 1313 1314 1318 1317
f 1314 1315 1319 1318
f 1315 1316 1320 1319
f 1316 1313 1317 1320
v 239.277 1.673 28.183
v 244.412 1.673 32.455
v 241.183 1.673 36.337
v 236.048 1.673 32.065
v 239.277 5.573 28.183
v 244.412 5.573 32.455
v 241.183 5.573 36.337
v 236.048 5.573 32.065
f 1328 1327 1326 1325
f 1321 1322 1326 1325
f 1322 1323 1327 1326
f 1323 1324 1328 1327
f 1324 1321 1325 1328
v 245.521 2.042 40.391
v 249.893 2.042 43.387
v 248.479 2.042 45.449
v 244.107 2.042 42.453
v 245.521 5.942 40.391
v 249.893 5.942 43.387
v 248.479 5.942 45.449
v 244.107 5.942 42.453
f 1336 1335 1334 1333
f 1329 1330 1334 1333
f 1330 1331 1335 1334
f 1331 1332 1336 1335
f 1332 1329 1333 1336
v 231.648 2.317 64.736
v 245.911 2.317 49.762
v 256.432 2.317 59.784
v 242.169 2.317 74.758
v 231.648 6.217 64.736
v 245.911 6.217 49.762
v 256.432 6.217 59.784
v 242.169 6.217 74.758
f 1344 1343 1342 1341
f 1337 1338 1342 1341
f 1338 1339 1343 1342
f 1339 1340 1344 1343
f 1340 1337 1341 1344
v 234.247 2.152 43.785
v 244.326 2.152 50.553
v 240.953 2.152 55.575
v 230.874 2.152 48.807
v 234.247 6.052 43.785
v 244.326 6.052 50.553
v 240.953 6.052 55.575
v 230.874 6.052 48.807
f 1352 1351 1350 1349
f 1345 1346 1350 1349
f 1346 1347 1351 1350
f 1347 1348 1352 1351
f 1348 1345 1349 1352
v 229.963 2.369 36.493
v 241.384 2.369 44.573
v 237.497 2.369 50.067
v 226.076 2.369 41.987
v 229.963 6.269 36.493
v 241.384 6.269 44.573
v 237.497 6.269 50.067
v 226.076 6.269 41.987
f 1360 1359 1358 1357
f 1353 1354 1358 1357
f 1354 1355 1359 1358
f 1355 1356 1360 1359
f 1356 1353 1357 1360
v 230.348 2.467 33.423
v 236.920 2.467 37.807
v 234.872 2.467 40.877
v 228.300 2.467 36.493
v 230.348 6.367 33.423
v 236.920 6.367 37.807
v 234.872 6.367 40.877
v 228.300 6.367 36.493
f 1368 1367 1366 1365
f 1361 1362 1366 1365
f 1362 1363 1367 1366
f 1363 1364 1368 1367
f 1364 1361 1365 1368
v 221.067 2.030 25.534
v 233.808 2.030 33.026
v 229.693 2.030 40.026
v 216.952 2.030 32.534
v 221.067 5.930 25.534
v 233.808 5.930 33.026
v 229.693 5.930 40.026
v 216.952 5.930 32.534
f 1376 1375 1374 1373
f 1369 1370 1374 1373
f 1370 1371 1375 1374
f 1371 1372 1376 1375
f 1372 1369 1373 1376
v 220.502 2.300 13.011
v 230.375 2.300 23.699
v 223.978 2.300 29.609
v 214.105 2.300 18.921
v 220.502 6.200 13.011
v 230.375 6.200 23.699
v 223.978 6.200 29.609
v 214.105 6.200 18.921
f 1384 1383 1382 1381
f 1377 1378 1382 1381
f 1378 1379 1383 1382
f 1379 1380 1384 1383
f 1380 1377 1381 1384
v 211.865 1.923 4.731
v 224.598 1.923 17.255
v 216.815 1.923 25.169
v 204.082 1.923 12.645
v 211.865 5.823 4.731
v 224.598 5.823 17.255
v 216.815 5.823 25.169
v 204.082 5.823 12.645
f 1392 1391 1390 1389
f 1385 1386 1390 1389
f 1386 1387 1391 1390
f 1387 1388 1392 1391
f 1388 1385 1389 1392
v 210.885 1.713 -6.905
v 220.734 1.713 10.237
v 208.015 1.713 17.545
v 198.166 1.713 0.403
v 210.885 5.613 -6.905
v 220.734 5.613 10.237
v 208.015 5.613 17.545
v 198.166 5.613 0.403
f 1400 1399 1398 1397
f 1393 1394 1398 1397
f 1394 1395 1399 1398
f 1395 1396 1400 1399
f 1396 1393 1397 1400
v 185.393 1.239 -3.677
v 194.739 1.239 -23.660
v 206.107 1.239 -18.343
v 196.761 1.239 1.640
v 185.393 5.139 -3.677
v 194.739 5.139 -23.660
v 206.107 5.139 -18.343
v 196.761 5.139 1.640
f 1408 1407 1406 1405
f 1401 1402 1406 1405
f 1402 1403 1407 1406
f 1403 1404 1408 1407
f 1404 1401 1405 1408
v 199.066 1.523 -12.431
v 210.069 1.523 -27.016
v 215.434 1.523 -22.969
v 204.431 1.523 -8.384
v 199.066 5.423 -12.431
v 210.069 5.423 -27.016
v 215.434 5.423 -22.969
v 204.431 5.423 -8.384
f 1416 1415 1414 1413
f 1409 1410 1414 1413
f 1410 1411 1415 1414
f 1411 1412 1416 1415
f 1412 1409 1413 1416
v 208.211 2.139 86.792
v 214.958 2.139 66.884
v 229.249 2.139 71.728
v 222.502 2.139 91.636
v 208.211 6.039 86.792
v 214.958 6.039 66.884
v 229.249 6.039 71.728
v 222.502 6.039 91.636
f 1424 1423 1422 1421
f 1417 1418 1422 1421
f 1418 1419 1423 1422
f 1419 1420 1424 1423
f 1420 1417 1421 1424
v 196.410 2.204 90.523
v 206.576 2.204 76.848
v 215.790 2.204 83.697
v 205.624 2.204 97.372
v 196.410 6.104 90.523
v 206.576 6.104 76.848
v 215.790 6.104 83.697
v 205.624 6.104 97.372
f 1432 1431 1430 1429
f 1425 1426 1430 1429
f 1426 1427 1431 1430
f 1427 1428 1432 1431
f 1428 1425 1429 1432
v 198.234 2.081 70.508
v 203.913 2.081 73.929
v 201.586 2.081 77.792
v 195.907 2.081 74.371
v 198.234 5.981 70.508
v 203.913 5.981 73.929
v 201.586 5.981 77.792
v 195.907 5.981 74.371
f 1440 1439 1438 1437
f 1433 1434 1438 1437
f 1434 1435 1439 1438
f 1435 1436 1440 1439
f 1436 1433 1437 1440
v 189.832 2.288 56.698
v 205.498 2.288 67.217
v 200.888 2.288 74.082
v 185.222 2.288 63.563
v 189.832 6.188 56.698
v 205.498 6.188 67.217
v 200.888 6.188 74.082
v 185.222 6.188 63.563
f 1448 1447 1446 1445
f 1441 1442 1446 1445
f 1442 1443 1447 1446
f 1443 1444 1448 1447
f 1444 1441 1445 1448
v 199.741 2.234 51.437
v 205.652 2.234 26.539
v 220.159 2.234 29.983
v 214.248 2.234 54.881
v 199.741 6.134 51.437
v 205.652 6.134 26.539
v 220.159 6.134 29.983
v 214.248 6.134 54.881
f 1456 1455 1454 1453
f 1449 1450 1454 1453
f 1450 1451 1455 1454
f 1451 1452 1456 1455
f 1452 1449 1453 1456
v 185.000 2.166 48.986
v 199.885 2.166 60.255
v 196.100 2.166 65.254
v 181.215 2.166 53.985
v 185.000 6.066 48.986
v 199.885 6.066 60.255
v 196.100 6.066 65.254
v 181.215 6.066 53.985
f 1464 1463 1462 1461
f 1457 1458 1462 1461
f 1458 1459 1463 1462
f 1459 1460 1464 1463
f 1460 1457 1461 1464
v 197.745 2.047 49.864
v 200.426 2.047 46.463
v 202.955 2.047 48.456
v 200.274 2.047 51.857
v 197.745 5.947 49.864
v 200.426 5.947 46.463
v 202.955 5.947 48.456
v 200.274 5.947 51.857
f 1472 1471 1470 1469
f 1465 1466 1470 1469
f 1466 1467 1471 1470
f 1467 1468 1472 1471
f 1468 1465 1469 1472
v 183.549 2.007 39.730
v 200.647 2.007 50.730
v 197.211 2.007 56.070
v 180.113 2.007 45.070
v 183.549 5.907 39.730
v 200.647 5.907 50.730
v 197.211 5.907 56.070
v 180.113 5.907 45.070
f 1480 1479 1478 1477
f 1473 1474 1478 1477
f 1474 1475 1479 1478
f 1475 1476 1480 1479
f 1476 1473 1477 1480
v 167.087 1.970 43.103
v 175.957 1.970 30.685
v 186.193 1.970 37.997
v 177.323 1.970 50.415
v 167.087 5.870 43.103
v 175.957 5.870 30.685
v 186.193 5.870 37.997
v 177.323 5.870 50.415
f 1488 1487 1486 1485
f 1481 1482 1486 1485
f 1482 1483 1487 1486
f 1483 1484 1488 1487
f 1484 1481 1485 1488
v 182.112 1.653 23.210
v 190.936 1.653 28.845
v 188.148 1.653 33.210
v 179.324 1.653 27.575
v 182.112 5.553 23.210
v 190.936 5.553 28.845
v 188.148 5.553 33.210
v 179.324 5.553 27.575
f 1496 1495 1494 1493
f 1489 1490 1494 1493
f 1490 1491 1495 1494
f 1491 1492 1496 1495
f 1492 1489 1493 1496
v 162.550 1.522 10.655
v 185.557 1.522 23.315
v 180.070 1.522 33.285
v 157.063 1.522 20.625
v 162.550 5.422 10.655
v 185.557 5.422 23.315
v 180.070 5.422 33.285
v 157.063 5.422 20.625
f 1504 1503 1502 1501
f 1497 1498 1502 1501
f 1498 1499 1503 1502
f 1499 1500 1504 1503
f 1500 1497 1501 1504
v 166.143 1.725 -5.969
v 177.282 1.725 12.898
v 160.697 1.725 22.689
v 149.558 1.725 3.822
v 166.143 5.625 -5.969
v 177.282 5.625 12.898
v 160.697 5.625 22.689
v 149.558 5.625 3.822
f 1512 1511 1510 1509
f 1505 1506 1510 1509
f 1506 1507 1511 1510
f 1507 1508 1512 1511
f 1508 1505 1509 1512
v 175.784 1.516 3.465
v 185.503 1.516 -11.040
v 191.376 1.516 -7.105
v 181.657 1.516 7.400
v 175.784 5.416 3.465
v 185.503 5.416 -11.040
v 191.376 5.416 -7.105
v 181.657 5.416 7.400
f 1520 1519 1518 1517
f 1513 1514 1518 1517
f 1514 1515 1519 1518
f 1515 1516 1520 1519
f 1516 1513 1517 1520
v 174.481 2.801 107.993
v 180.575 2.801 89.333
v 192.439 2.801 93.207
v 186.345 2.801 111.867
v 174.481 6.701 107.993
v 180.575 6.701 89.333
v 192.439 6.701 93.207
v 186.345 6.701 111.867
f 1528 1527 1526 1525
f 1521 1522 1526 1525
f 1522 1523 1527 1526
f 1523 1524 1528 1527
f 1524 1521 1525 1528
v 158.281 2.647 108.454
v 175.383 2.647 98.317
v 182.939 2.647 111.066
v 165.837 2.647 121.203
v 158.281 6.547 108.454
v 175.383 6.547 98.317
v 182.939 6.547 111.066
v 165.837 6.547 121.203
f 1536 1535 1534 1533
f 1529 1530 1534 1533
f 1530 1531 1535 1534
f 1531 1532 1536 1535
f 1532 1529 1533 1536
v 148.400 2.576 127.664
v 151.150 2.576 107.743
v 165.880 2.576 109.776
v 163.130 2.576 129.697
v 148.400 6.476 127.664
v 151.150 6.476 107.743
v 165.880 6.476 109.776
v 163.130 6.476 129.697
f 1544 1543 1542 1541
f 1537 1538 1542 1541
f 1538 1539 1543 1542
f 1539 1540 1544 1543
f 1540 1537 1541 1544
v 134.601 2.910 132.014
v 144.271 2.910 117.356
v 154.079 2.910 123.826
v 144.409 2.910 138.484
v 134.601 6.810 132.014
v 144.271 6.810 117.356
v 154.079 6.810 123.826
v 144.409 6.810 138.484
f 1552 1551 1550 1549
f 1545 1546 1550 1549
f 1546 1547 1551 1550
f 1547 1548 1552 1551
f 1548 1545 1549 1552
v 137.438 2.477 90.852
v 152.796 2.477 97.359
v 148.462 2.477 107.588
v 133.104 2.477 101.081
v 137.438 6.377 90.852
v 152.796 6.377 97.359
v 148.462 6.377 107.588
v 133.104 6.377 101.081
f 1560 1559 1558 1557
f 1553 1554 1558 1557
f 1554 1555 1559 1558
f 1555 1556 1560 1559
f 1556 1553 1557 1560
v 166.398 2.233 73.953
v 178.751 2.233 82.775
v 171.702 2.233 92.647
v 159.349 2.233 83.825
v 166.398 6.133 73.953
v 178.751 6.133 82.775
v 171.702 6.133 92.647
v 159.349 6.133 83.825
f 1568 1567 1566 1565
f 1561 1562 1566 1565
f 1562 1563 1567 1566
f 1563 1564 1568 1567
f 1564 1561 1565 1568
v 156.424 2.166 64.012
v 170.850 2.166 71.643
v 166.436 2.166 79.988
v 152.010 2.166 72.357
v 156.424 6.066 64.012
v 170.850 6.066 71.643
v 166.436 6.066 79.988
v 152.010 6.066 72.357
f 1576 1575 1574 1573
f 1569 1570 1574 1573
f 1570 1571 1575 1574
f 1571 1572 1576 1575
f 1572 1569 1573 1576
v 159.154 1.944 55.768
v 163.268 1.944 58.122
v 161.466 1.944 61.272
v 157.352 1.944 58.918
v 159.154 5.844 55.768
v 163.268 5.844 58.122
v 161.466 5.844 61.272
v 157.352 5.844 58.918
f 1584 1583 1582 1581
f 1577 1578 1582 1581
f 1578 1579 1583 1582
f 1579 1580 1584 1583
f 1580 1577 1581 1584
v 137.161 1.853 48.578
v 158.163 1.853 62.667
v 152.759 1.853 70.722
v 131.757 1.853 56.633
v 137.161 5.753 48.578
v 158.163 5.753 62.667
v 152.759 5.753 70.722
v 131.757 5.753 56.633
f 1592 1591 1590 1589
f 1585 1586 1590 1589
f 1586 1587 1591 1590
f 1587 1588 1592 1591
f 1588 1585 1589 1592
v 128.362 2.165 86.063
v 135.307 2.165 75.575
v 143.978 2.165 81.317
v 137.033 2.165 91.805
v 128.362 6.065 86.063
v 135.307 6.065 75.575
v 143.978 6.065 81.317
v 137.033 6.065 91.805
f 1600 1599 1598 1597
f 1593 1594 1598 1597
f 1594 1595 1599 1598
f 1595 1596 1600 1599
f 1596 1593 1597 1600
v 113.000 2.133 65.201
v 134.827 2.133 81.815
v 126.360 2.133 92.939
v 104.533 2.133 76.325
v 113.000 6.033 65.201
v 134.827 6.033 81.815
v 126.360 6.033 92.939
v 104.533 6.033 76.325
f 1608 1607 1606 1605
f 1601 1602 1606 1605
f 1602 1603 1607 1606
f 1603 1604 1608 1607
f 1604 1601 1605 1608
v 111.776 1.732 56.953
v 114.780 1.732 76.523
v 99.904 1.732 78.807
v 96.900 1.732 59.237
v 111.776 5.632 56.953
v 114.780 5.632 76.523
v 99.904 5.632 78.807
v 96.900 5.632 59.237
f 1616 1615 1614 1613
f 1609 1610 1614 1613
f 1610 1611 1615 1614
f 1611 1612 1616 1615
f 1612 1609 1613 1616
v 85.904 2.029 59.442
v 93.825 2.029 48.154
v 101.356 2.029 53.438
v 93.435 2.029 64.726
v 85.904 5.929 59.442
v 93.825 5.929 48.154
v 101.356 5.929 53.438
v 93.435 5.929 64.726
f 1624 1623 1622 1621
f 1617 1618 1622 1621
f 1618 1619 1623 1622
f 1619 1620 1624 1623
f 1620 1617 1621 1624
v 96.066 1.985 52.571
v 97.425 1.985 40.044
v 107.794 1.985 41.169
v 106.435 1.985 53.696
v 96.066 5.885 52.571
v 97.425 5.885 40.044
v 107.794 5.885 41.169
v 106.435 5.885 53.696
f 1632 1631 1630 1629
f 1625 1626 1630 1629
f 1626 1627 1631 1630
f 1627 1628 1632 1631
f 1628 1625 1629 1632
v 101.826 1.933 43.779
v 110.229 1.933 34.551
v 117.334 1.933 41.021
v 108.931 1.933 50.249
v 101.826 5.833 43.779
v 110.229 5.833 34.551
v 117.334 5.833 41.021
v 108.931 5.833 50.249
f 1640 1639 1638 1637
f 1633 1634 1638 1637
f 1634 1635 1639 1638
f 1635 1636 1640 1639
f 1636 1633 1637 1640
v 135.603 1.518 32.903
v 154.498 1.518 47.635
v 147.697 1.518 56.357
v 128.802 1.518 41.625
v 135.603 5.418 32.903
v 154.498 5.418 47.635
v 147.697 5.418 56.357
v 128.802 5.418 41.625
f 1648 1647 1646 1645
f 1641 1642 1646 1645
f 1642 1643 1647 1646
f 1643 1644 1648 1647
f 1644 1641 1645 1648
v 128.456 1.547 26.271
v 134.953 1.547 17.210
v 141.284 1.547 21.749
v 134.787 1.547 30.810
v 128.456 5.447 26.271
v 134.953 5.447 17.210
v 141.284 5.447 21.749
v 134.787 5.447 30.810
f 1656 1655 1654 1653
f 1649 1650 1654 1653
f 1650 1651 1655 1654
f 1651 1652 1656 1655
f 1652 1649 1653 1656
v 117.125 1.884 34.319
v 124.113 1.884 21.877
v 134.375 1.884 27.641
v 127.387 1.884 40.083
v 117.125 5.784 34.319
v 124.113 5.784 21.877
v 134.375 5.784 27.641
v 127.387 5.784 40.083
f 1664 1663 1662 1661
f 1657 1658 1662 1661
f 1658 1659 1663 1662
f 1659 1660 1664 1663
f 1660 1657 1661 1664
v 108.520 2.281 154.399
v 116.262 2.281 143.610
v 126.060 2.281 150.641
v 118.318 2.281 161.430
v 108.520 6.181 154.399
v 116.262 6.181 143.610
v 126.060 6.181 150.641
v 118.318 6.181 161.430
f 1672 1671 1670 1669
f 1665 1666 1670 1669
f 1666 1667 1671 1670
f 1667 1668 1672 1671
f 1668 1665 1669 1672
v 92.073 2.684 152.908
v 112.697 2.684 152.093
v 113.287 2.684 167.012
v 92.663 2.684 167.827
v 92.073 6.584 152.908
v 112.697 6.584 152.093
v 113.287 6.584 167.012
v 92.663 6.584 167.827
f 1680 1679 1678 1677
f 1673 1674 1678 1677
f 1674 1675 1679 1678
f 1675 1676 1680 1679
f 1676 1673 1677 1680
v 64.918 1.623 170.890
v 87.286 1.623 151.275
v 97.822 1.623 163.290
v 75.454 1.623 182.905
v 64.918 5.523 170.890
v 87.286 5.523 151.275
v 97.822 5.523 163.290
v 75.454 5.523 182.905
f 1688 1687 1686 1685
f 1681 1682 1686 1685
f 1682 1683 1687 1686
f 1683 1684 1688 1687
f 1684 1681 1685 1688
v 88.759 2.238 140.620
v 101.557 2.238 149.274
v 97.821 2.238 154.800
v 85.023 2.238 146.146
v 88.759 6.138 140.620
v 101.557 6.138 149.274
v 97.821 6.138 154.800
v 85.023 6.138 146.146
f 1696 1695 1694 1693
f 1689 1690 1694 1693
f 1690 1691 1695 1694
f 1691 1692 1696 1695
f 1692 1689 1693 1696
v 106.881 2.222 129.491
v 118.818 2.222 137.811
v 115.279 2.222 142.889
v 103.342 2.222 134.569
v 106.881 6.122 129.491
v 118.818 6.122 137.811
v 115.279 6.122 142.889
v 103.342 6.122 134.569
f 1704 1703 1702 1701
f 1697 1698 1702 1701
f 1698 1699 1703 1702
f 1699 1700 1704 1703
f 1700 1697 1701 1704
v 101.495 2.164 123.196
v 114.587 2.164 132.394
v 110.885 2.164 137.664
v 97.793 2.164 128.466
v 101.495 6.064 123.196
v 114.587 6.064 132.394
v 110.885 6.064 137.664
v 97.793 6.064 128.466
f 1712 1711 1710 1709
f 1705 1706 1710 1709
f 1706 1707 1711 1710
f 1707 1708 1712 1711
f 1708 1705 1709 1712
v 91.783 2.023 113.927
v 107.095 2.023 124.610
v 100.297 2.023 134.353
v 84.985 2.023 123.670
v 91.783 5.923 113.927
v 107.095 5.923 124.610
v 100.297 5.923 134.353
v 84.985 5.923 123.670
f 1720 1719 1718 1717
f 1713 1714 1718 1717
f 1714 1715 1719 1718
f 1715 1716 1720 1719
f 1716 1713 1717 1720
v 91.548 2.192 132.306
v 99.888 2.192 137.768
v 96.152 2.192 143.474
v 87.812 2.192 138.012
v 91.548 6.092 132.306
v 99.888 6.092 137.768
v 96.152 6.092 143.474
v 87.812 6.092 138.012
f 1728 1727 1726 1725
f 1721 1722 1726 1725
f 1722 1723 1727 1726
f 1723 1724 1728 1727
f 1724 1721 1725 1728
v 71.543 2.271 135.756
v 91.031 2.271 149.696
v 85.417 2.271 157.544
v 65.929 2.271 143.604
v 71.543 6.171 135.756
v 91.031 6.171 149.696
v 85.417 6.171 157.544
v 65.929 6.171 143.604
f 1736 1735 1734 1733
f 1729 1730 1734 1733
f 1730 1731 1735 1734
f 1731 1732 1736 1735
f 1732 1729 1733 1736
v 61.931 2.379 120.661
v 85.144 2.379 132.262
v 76.909 2.379 148.739
v 53.696 2.379 137.138
v 61.931 6.279 120.661
v 85.144 6.279 132.262
v 76.909 6.279 148.739
v 53.696 6.279 137.138
f 1744 1743 1742 1741
f 1737 1738 1742 1741
f 1738 1739 1743 1742
f 1739 1740 1744 1743
f 1740 1737 1741 1744
v 48.736 2.115 113.782
v 62.087 2.115 123.696
v 58.224 2.115 128.898
v 44.873 2.115 118.984
v 48.736 6.015 113.782
v 62.087 6.015 123.696
v 58.224 6.015 128.898
v 44.873 6.015 118.984
f 1752 1751 1750 1749
f 1745 1746 1750 1749
f 1746 1747 1751 1750
f 1747 1748 1752 1751
f 1748 1745 1749 1752
v 46.893 2.409 115.914
v 75.198 2.409 58.647
v 102.227 2.409 72.006
v 73.922 2.409 129.273
v 46.893 11.709 115.914
v 75.198 11.709 58.647
v 102.227 11.709 72.006
v 73.922 11.709 129.273
f 1760 1759 1758 1757
f 1753 1754 1758 1757
f 1754 1755 1759 1758
f 1755 1756 1760 1759
f 1756 1753 1757 1760
v 59.742 1.452 109.833
v 65.123 1.452 104.368
v 68.778 1.452 107.967
v 63.397 1.452 113.432
v 59.742 5.352 109.833
v 65.123 5.352 104.368
v 68.778 5.352 107.967
v 63.397 5.352 113.432
f 1768 1767 1766 1765
f 1761 1762 1766 1765
f 1762 1763 1767 1766
f 1763 1764 1768 1767
f 1764 1761 1765 1768
v 40.362 2.006 97.233
v 58.024 2.006 106.204
v 53.278 2.006 115.547
v 35.616 2.006 106.576
v 40.362 5.906 97.233
v 58.024 5.906 106.204
v 53.278 5.906 115.547
v 35.616 5.906 106.576
f 1776 1775 1774 1773
f 1769 1770 1774 1773
f 1770 1771 1775 1774
f 1771 1772 1776 1775
f 1772 1769 1773 1776
v 26.208 1.575 99.114
v 28.600 1.575 85.929
v 40.712 1.575 88.126
v 38.320 1.575 101.311
v 26.208 5.475 99.114
v 28.600 5.475 85.929
v 40.712 5.475 88.126
v 38.320 5.475 101.311
f 1784 1783 1782 1781
f 1777 1778 1782 1781
f 1778 1779 1783 1782
f 1779 1780 1784 1783
f 1780 1777 1781 1784
v 32.466 1.866 90.839
v 45.171 1.866 79.484
v 52.854 1.866 88.081
v 40.149 1.866 99.436
v 32.466 5.766 90.839
v 45.171 5.766 79.484
v 52.854 5.766 88.081
v 40.149 5.766 99.436
f 1792 1791 1790 1789
f 1785 1786 1790 1789
f 1786 1787 1791 1790
f 1787 1788 1792 1791
f 1788 1785 1789 1792
v 59.758 2.573 189.440
v 67.734 2.573 177.330
v 73.822 2.573 181.340
v 65.846 2.573 193.450
v 59.758 6.473 189.440
v 67.734 6.473 177.330
v 73.822 6.473 181.340
v 65.846 6.473 193.450
f 1800 1799 1798 1797
f 1793 1794 1798 1797
f 1794 1795 1799 1798
f 1795 1796 1800 1799
f 1796 1793 1797 1800
v 41.192 2.560 198.819
v 50.465 2.560 168.390
v 67.368 2.560 173.541
v 58.095 2.560 203.970
v 41.192 6.460 198.819
v 50.465 6.460 168.390
v 67.368 6.460 173.541
v 58.095 6.460 203.970
f 1808 1807 1806 1805
f 1801 1802 1806 1805
f 1802 1803 1807 1806
f 1803 1804 1808 1807
f 1804 1801 1805 1808
v 26.639 2.510 206.358
v 38.683 2.510 216.367
v 33.021 2.510 223.182
v 20.977 2.510 213.173
v 26.639 6.410 206.358
v 38.683 6.410 216.367
v 33.021 6.410 223.182
v 20.977 6.410 213.173
f 1816 1815 1814 1813
f 1809 1810 1814 1813
f 1810 1811 1815 1814
f 1811 1812 1816 1815
f 1812 1809 1813 1816
v 42.689 2.456 201.983
v 48.051 2.456 205.477
v 45.731 2.456 209.037
v 40.369 2.456 205.543
v 42.689 6.356 201.983
v 48.051 6.356 205.477
v 45.731 6.356 209.037
v 40.369 6.356 205.543
f 1824 1823 1822 1821
f 1817 1818 1822 1821
f 1818 1819 1823 1822
f 1819 1820 1824 1823
f 1820 1817 1821 1824
v 33.363 2.211 198.166
v 37.147 2.211 191.819
v 42.137 2.211 194.794
v 38.353 2.211 201.141
v 33.363 6.111 198.166
v 37.147 6.111 191.819
v 42.137 6.111 194.794
v 38.353 6.111 201.141
f 1832 1831 1830 1829
f 1825 1826 1830 1829
f 1826 1827 1831 1830
f 1827 1828 1832 1831
f 1828 1825 1829 1832
v 19.961 2.539 199.109
v 33.428 2.539 206.963
v 29.539 2.539 213.631
v 16.072 2.539 205.777
v 19.961 6.439 199.109
v 33.428 6.439 206.963
v 29.539 6.439 213.631
v 16.072 6.439 205.777
f 1840 1839 1838 1837
f 1833 1834 1838 1837
f 1834 1835 1839 1838
f 1835 1836 1840 1839
f 1836 1833 1837 1840
v 13.754 2.324 189.931
v 27.153 2.324 196.979
v 23.266 2.324 204.369
v 9.867 2.324 197.321
v 13.754 6.224 189.931
v 27.153 6.224 196.979
v 23.266 6.224 204.369
v 9.867 6.224 197.321
f 1848 1847 1846 1845
f 1841 1842 1846 1845
f 1842 1843 1847 1846
f 1843 1844 1848 1847
f 1844 1841 1845 1848
v 33.157 2.438 183.440
v 39.117 2.438 186.938
v 35.923 2.438 192.380
v 29.963 2.438 188.882
v 33.157 6.338 183.440
v 39.117 6.338 186.938
v 35.923 6.338 192.380
v 29.963 6.338 188.882
f 1856 1855 1854 1853
f 1849 1850 1854 1853
f 1850 1851 1855 1854
f 1851 1852 1856 1855
f 1852 1849 1853 1856
v 35.518 2.304 167.166
v 43.166 2.304 172.022
v 38.942 2.304 178.674
v 31.294 2.304 173.818
v 35.518 6.204 167.166
v 43.166 6.204 172.022
v 38.942 6.204 178.674
v 31.294 6.204 173.818
f 1864 1863 1862 1861
f 1857 1858 1862 1861
f 1858 1859 1863 1862
f 1859 1860 1864 1863
f 1860 1857 1861 1864
v 46.196 2.176 157.403
v 58.354 2.176 165.341
v 53.904 2.176 172.157
v 41.746 2.176 164.219
v 46.196 6.076 157.403
v 58.354 6.076 165.341
v 53.904 6.076 172.157
v 41.746 6.076 164.219
f 1872 1871 1870 1869
f 1865 1866 1870 1869
f 1866 1867 1871 1870
f 1867 1868 1872 1871
f 1868 1865 1869 1872
v 39.027 1.869 149.366
v 52.414 1.869 160.149
v 47.013 1.869 166.854
v 33.626 1.869 156.071
v 39.027 5.769 149.366
v 52.414 5.769 160.149
v 47.013 5.769 166.854
v 33.626 5.769 156.071
f 1880 1879 1878 1877
f 1873 1874 1878 1877
f 1874 1875 1879 1878
f 1875 1876 1880 1879
f 1876 1873 1877 1880
v 25.569 1.826 149.657
v 35.376 1.826 154.726
v 31.211 1.826 162.783
v 21.404 1.826 157.714
v 25.569 5.726 149.657
v 35.376 5.726 154.726
v 31.211 5.726 162.783
v 21.404 5.726 157.714
f 1888 1887 1886 1885
f 1881 1882 1886 1885
f 1882 1883 1887 1886
f 1883 1884 1888 1887
f 1884 1881 1885 1888
v 35.581 1.953 141.496
v 47.111 1.953 146.477
v 43.419 1.953 155.024
v 31.889 1.953 150.043
v 35.581 5.853 141.496
v 47.111 5.853 146.477
v 43.419 5.853 155.024
v 31.889 5.853 150.043
f 1896 1895 1894 1893
f 1889 1890 1894 1893
f 1890 1891 1895 1894
f 1891 1892 1896 1895
f 1892 1889 1893 1896
v 27.602 1.832 134.754
v 40.994 1.832 143.923
v 37.158 1.832 149.526
v 23.766 1.832 140.357
v 27.602 5.732 134.754
v 40.994 5.732 143.923
v 37.158 5.732 149.526
v 23.766 5.732 140.357
f 1904 1903 1902 1901
f 1897 1898 1902 1901
f 1898 1899 1903 1902
f 1899 1900 1904 1903
f 1900 1897 1901 1904
v 19.010 1.929 126.691
v 39.845 1.929 136.000
v 35.570 1.929 145.569
v 14.735 1.929 136.260
v 19.010 5.829 126.691
v 39.845 5.829 136.000
v 35.570 5.829 145.569
v 14.735 5.829 136.260
f 1912 1911 1910 1909
f 1905 1906 1910 1909
f 1906 1907 1911 1910
f 1907 1908 1912 1911
f 1908 1905 1909 1912
v 16.437 1.807 121.691
v 31.814 1.807 131.539
v 28.503 1.807 136.709
v 13.126 1.807 126.861
v 16.437 5.707 121.691
v 31.814 5.707 131.539
v 28.503 5.707 136.709
v 13.126 5.707 126.861
f 1920 1919 1918 1917
f 1913 1914 1918 1917
f 1914 1915 1919 1918
f 1915 1916 1920 1919
f 1916 1913 1917 1920
v 6.819 1.900 147.761
v 13.594 1.900 137.820
v 17.321 1.900 140.359
v 10.546 1.900 150.300
v 6.819 5.800 147.761
v 13.594 5.800 137.820
v 17.321 5.800 140.359
v 10.546 5.800 150.300
f 1928 1927 1926 1925
f 1921 1922 1926 1925
f 1922 1923 1927 1926
f 1923 1924 1928 1927
f 1924 1921 1925 1928
v 13.258 1.820 157.571
v 18.010 1.820 160.607
v 15.862 1.820 163.969
v 11.110 1.820 160.933
v 13.258 5.720 157.571
v 18.010 5.720 160.607
v 15.862 5.720 163.969
v 11.110 5.720 160.933
f 1936 1935 1934 1933
f 1929 1930 1934 1933
f 1930 1931 1935 1934
f 1931 1932 1936 1935
f 1932 1929 1933 1936
v -4.523 1.865 148.040
v 2.291 1.865 139.114
v 10.263 1.865 145.200
v 3.449 1.865 154.126
v -4.523 5.765 148.040
v 2.291 5.765 139.114
v 10.263 5.765 145.200
v 3.449 5.765 154.126
f 1944 1943 1942 1941
f 1937 1938 1942 1941
f 1938 1939 1943 1942
f 1939 1940 1944 1943
f 1940 1937 1941 1944
v -6.269 1.872 156.451
v 10.585 1.872 165.752
v 4.869 1.872 176.109
v -11.985 1.872 166.808
v -6.269 5.772 156.451
v 10.585 5.772 165.752
v 4.869 5.772 176.109
v -11.985 5.772 166.808
f 1952 1951 1950 1949
f 1945 1946 1950 1949
f 1946 1947 1951 1950
f 1947 1948 1952 1951
f 1948 1945 1949 1952
v -1.489 1.637 168.244
v 14.055 1.637 178.531
v 10.849 1.637 183.376
v -4.695 1.637 173.089
v -1.489 5.537 168.244
v 14.055 5.537 178.531
v 10.849 5.537 183.376
v -4.695 5.537 173.089
f 1960 1959 1958 1957
f 1953 1954 1958 1957
f 1954 1955 1959 1958
f 1955 1956 1960 1959
f 1956 1953 1957 1960
v 1.135 1.776 174.456
v 15.170 1.776 184.975
v 13.185 1.776 187.624
v -0.850 1.776 177.105
v 1.135 5.676 174.456
v 15.170 5.676 184.975
v 13.185 5.676 187.624
v -0.850 5.676 177.105
f 1968 1967 1966 1965
f 1961 1962 1966 1965
f 1962 1963 1967 1966
f 1963 1964 1968 1967
f 1964 1961 1965 1968
v -14.830 1.846 145.817
v -3.750 1.846 157.220
v -9.990 1.846 163.283
v -21.070 1.846 151.880
v -14.830 5.746 145.817
v -3.750 5.746 157.220
v -9.990 5.746 163.283
v -21.070 5.746 151.880
f 1976 1975 1974 1973
f 1969 1970 1974 1973
f 1970 1971 1975 1974
f 1971 1972 1976 1975
f 1972 1969 1973 1976
v 11.126 2.054 107.359
v 25.417 2.054 117.145
v 19.394 2.054 125.941
v 5.103 2.054 116.155
v 11.126 5.954 107.359
v 25.417 5.954 117.145
v 19.394 5.954 125.941
v 5.103 5.954 116.155
f 1984 1983 1982 1981
f 1977 1978 1982 1981
f 1978 1979 1983 1982
f 1979 1980 1984 1983
f 1980 1977 1981 1984
v 1.728 2.006 100.115
v 17.112 2.006 110.337
v 13.692 2.006 115.485
v -1.692 2.006 105.263
v 1.728 5.906 100.115
v 17.112 5.906 110.337
v 13.692 5.906 115.485
v -1.692 5.906 105.263
f 1992 1991 1990 1989
f 1985 1986 1990 1989
f 1986 1987 1991 1990
f 1987 1988 1992 1991
f 1988 1985 1989 1992
v -11.028 1.796 125.485
v -0.810 1.796 109.884
v 6.108 1.796 114.415
v -4.110 1.796 130.016
v -11.028 5.696 125.485
v -0.810 5.696 109.884
v 6.108 5.696 114.415
v -4.110 5.696 130.016
f 2000 1999 1998 1997
f 1993 1994 1998 1997
f 1994 1995 1999 1998
f 1995 1996 2000 1999
f 1996 1993 1997 2000
v 2.746 1.817 131.174
v 5.784 1.817 128.216
v 8.714 1.817 131.226
v 5.676 1.817 134.184
v 2.746 5.717 131.174
v 5.784 5.717 128.216
v 8.714 5.717 131.226
v 5.676 5.717 134.184
f 2008 2007 2006 2005
f 2001 2002 2006 2005
f 2002 2003 2007 2006
f 2003 2004 2008 2007
f 2004 2001 2005 2008
v -4.321 1.712 71.667
v 1.887 1.712 77.295
v -2.499 1.712 82.133
v -8.707 1.712 76.505
v -4.321 5.612 71.667
v 1.887 5.612 77.295
v -2.499 5.612 82.133
v -8.707 5.612 76.505
f 2016 2015 2014 2013
f 2009 2010 2014 2013
f 2010 2011 2015 2014
f 2011 2012 2016 2015
f 2012 2009 2013 2016
v -28.324 1.872 80.783
v -25.291 1.872 82.549
v -26.856 1.872 85.237
v -29.889 1.872 83.471
v -28.324 5.772 80.783
v -25.291 5.772 82.549
v -26.856 5.772 85.237
v -29.889 5.772 83.471
f 2024 2023 2022 2021
f 2017 2018 2022 2021
f 2018 2019 2023 2022
f 2019 2020 2024 2023
f 2020 2017 2021 2024
v -40.658 1.541 60.022
v -32.720 1.541 42.991
v -14.982 1.541 51.258
v -22.920 1.541 68.289
v -40.658 5.441 60.022
v -32.720 5.441 42.991
v -14.982 5.441 51.258
v -22.920 5.441 68.289
f 2032 2031 2030 2029
f 2025 2026 2030 2029
f 2026 2027 2031 2030
f 2027 2028 2032 2031
f 2028 2025 2029 2032
v -35.983 1.747 36.176
v -31.035 1.747 39.201
v -33.617 1.747 43.424
v -38.565 1.747 40.399
v -35.983 5.647 36.176
v -31.035 5.647 39.201
v -33.617 5.647 43.424
v -38.565 5.647 40.399
f 2040 2039 2038 2037
f 2033 2034 2038 2037
f 2034 2035 2039 2038
f 2035 2036 2040 2039
f 2036 2033 2037 2040
v -53.474 1.874 31.778
v -36.783 1.874 34.671
v -39.566 1.874 50.722
v -56.257 1.874 47.829
v -53.474 5.774 31.778
v -36.783 5.774 34.671
v -39.566 5.774 50.722
v -56.257 5.774 47.829
f 2048 2047 2046 2045
f 2041 2042 2046 2045
f 2042 2043 2047 2046
f 2043 2044 2048 2047
f 2044 2041 2045 2048
v 34.286 1.887 60.918
v 40.730 1.887 51.490
v 45.634 1.887 54.842
v 39.190 1.887 64.270
v 34.286 5.787 60.918
v 40.730 5.787 51.490
v 45.634 5.787 54.842
v 39.190 5.787 64.270
f 2056 2055 2054 2053
f 2049 2050 2054 2053
f 2050 2051 2055 2054
f 2051 2052 2056 2055
f 2052 2049 2053 2056
v 51.074 2.326 43.366
v 62.839 2.326 50.973
v 58.506 2.326 57.674
v 46.741 2.326 50.067
v 51.074 6.226 43.366
v 62.839 6.226 50.973
v 58.506 6.226 57.674
v 46.741 6.226 50.067
f 2064 2063 2062 2061
f 2057 2058 2062 2061
f 2058 2059 2063 2062
f 2059 2060 2064 2063
f 2060 2057 2061 2064
v 45.904 2.237 35.931
v 57.421 2.237 42.501
v 54.096 2.237 48.329
v 42.579 2.237 41.759
v 45.904 6.137 35.931
v 57.421 6.137 42.501
v 54.096 6.137 48.329
v 42.579 6.137 41.759
f 2072 2071 2070 2069
f 2065 2066 2070 2069
f 2066 2067 2071 2070
f 2067 2068 2072 2071
f 2068 2065 2069 2072
v 29.776 2.286 32.583
v 49.075 2.286 44.131
v 44.824 2.286 51.237
v 25.525 2.286 39.689
v 29.776 6.186 32.583
v 49.075 6.186 44.131
v 44.824 6.186 51.237
v 25.525 6.186 39.689
f 2080 2079 2078 2077
f 2073 2074 2078 2077
f 2074 2075 2079 2078
f 2075 2076 2080 2079
f 2076 2073 2077 2080
v 25.316 2.071 24.724
v 43.421 2.071 36.486
v 39.204 2.071 42.976
v 21.099 2.071 31.214
v 25.316 5.971 24.724
v 43.421 5.971 36.486
v 39.204 5.971 42.976
v 21.099 5.971 31.214
f 2088 2087 2086 2085
f 2081 2082 2086 2085
f 2082 2083 2087 2086
f 2083 2084 2088 2087
f 2084 2081 2085 2088
v 16.033 2.129 0.762
v 31.331 2.129 8.085
v 26.547 2.129 18.078
v 11.249 2.129 10.755
v 16.033 6.029 0.762
v 31.331 6.029 8.085
v 26.547 6.029 18.078
v 11.249 6.029 10.755
f 2096 2095 2094 2093
f 2089 2090 2094 2093
f 2090 2091 2095 2094
f 2091 2092 2096 2095
f 2092 2089 2093 2096
v 8.580 1.722 -9.853
v 25.036 1.722 0.978
v 21.380 1.722 6.533
v 4.924 1.722 -4.298
v 8.580 5.622 -9.853
v 25.036 5.622 0.978
v 21.380 5.622 6.533
v 4.924 5.622 -4.298
f 2104 2103 2102 2101
f 2097 2098 2102 2101
f 2098 2099 2103 2102
f 2099 2100 2104 2103
f 2100 2097 2101 2104
v 2.728 1.648 -2.345
v 5.814 1.648 0.308
v 4.132 1.648 2.265
v 1.046 1.648 -0.388
v 2.728 5.548 -2.345
v 5.814 5.548 0.308
v 4.132 5.548 2.265
v 1.046 5.548 -0.388
f 2112 2111 2110 2109
f 2105 2106 2110 2109
f 2106 2107 2111 2110
f 2107 2108 2112 2111
f 2108 2105 2109 2112
v 3.749 1.663 -15.556
v 19.657 1.663 -5.057
v 16.071 1.663 0.376
v 0.163 1.663 -10.123
v 3.749 5.563 -15.556
v 19.657 5.563 -5.057
v 16.071 5.563 0.376
v 0.163 5.563 -10.123
f 2120 2119 2118 2117
f 2113 2114 2118 2117
f 2114 2115 2119 2118
f 2115 2116 2120 2119
f 2116 2113 2117 2120
v -6.975 1.641 -23.064
v 16.226 1.641 -7.785
v 12.255 1.641 -1.756
v -10.946 1.641 -17.035
v -6.975 5.541 -23.064
v 16.226 5.541 -7.785
v 12.255 5.541 -1.756
v -10.946 5.541 -17.035
f 2128 2127 2126 2125
f 2121 2122 2126 2125
f 2122 2123 2127 2126
f 2123 2124 2128 2127
f 2124 2121 2125 2128
v -2.483 1.622 -29.583
v 11.566 1.622 -20.225
v 8.123 1.622 -15.057
v -5.926 1.622 -24.415
v -2.483 5.522 -29.583
v 11.566 5.522 -20.225
v 8.123 5.522 -15.057
v -5.926 5.522 -24.415
f 2136 2135 2134 2133
f 2129 2130 2134 2133
f 2130 2131 2135 2134
f 2131 2132 2136 2135
f 2132 2129 2133 2136
v -20.255 1.756 -11.336
v -16.262 1.756 -16.717
v -13.685 1.756 -14.804
v -17.678 1.756 -9.423
v -20.255 5.656 -11.336
v -16.262 5.656 -16.717
v -13.685 5.656 -14.804
v -17.678 5.656 -9.423
f 2144 2143 2142 2141
f 2137 2138 2142 2141
f 2138 2139 2143 2142
f 2139 2140 2144 2143
f 2140 2137 2141 2144
v -4.284 1.667 -42.841
v 5.836 1.667 -30.473
v -4.496 1.667 -22.019
v -14.616 1.667 -34.387
v -4.284 5.567 -42.841
v 5.836 5.567 -30.473
v -4.496 5.567 -22.019
v -14.616 5.567 -34.387
f 2152 2151 2150 2149
f 2145 2146 2150 2149
f 2146 2147 2151 2150
f 2147 2148 2152 2151
f 2148 2145 2149 2152
v 80.567 2.235 21.427
v 91.859 2.235 8.733
v 101.573 2.235 17.373
v 90.281 2.235 30.067
v 80.567 6.135 21.427
v 91.859 6.135 8.733
v 101.573 6.135 17.373
v 90.281 6.135 30.067
f 2160 2159 2158 2157
f 2153 2154 2158 2157
f 2154 2155 2159 2158
f 2155 2156 2160 2159
f 2156 2153 2157 2160
v 93.554 2.108 13.810
v 101.977 2.108 0.042
v 116.146 2.108 8.710
v 107.723 2.108 22.478
v 93.554 6.008 13.810
v 101.977 6.008 0.042
v 116.146 6.008 8.710
v 107.723 6.008 22.478
f 2168 2167 2166 2165
f 2161 2162 2166 2165
f 2162 2163 2167 2166
f 2163 2164 2168 2167
f 2164 2161 2165 2168
v 113.874 2.029 -8.852
v 125.862 2.029 -1.185
v 120.926 2.029 6.532
v 108.938 2.029 -1.135
v 113.874 5.929 -8.852
v 125.862 5.929 -1.185
v 120.926 5.929 6.532
v 108.938 5.929 -1.135
f 2176 2175 2174 2173
f 2169 2170 2174 2173
f 2170 2171 2175 2174
f 2171 2172 2176 2175
f 2172 2169 2173 2176
v 105.010 1.897 -19.998
v 116.411 1.897 -12.881
v 110.930 1.897 -4.102
v 99.529 1.897 -11.219
v 105.010 5.797 -19.998
v 116.411 5.797 -12.881
v 110.930 5.797 -4.102
v 99.529 5.797 -11.219
f 2184 2183 2182 2181
f 2177 2178 2182 2181
f 2178 2179 2183 2182
f 2179 2180 2184 2183
f 2180 2177 2181 2184
v 91.169 1.976 -10.366
v 104.147 1.976 -2.020
v 99.911 1.976 4.566
v 86.933 1.976 -3.780
v 91.169 5.876 -10.366
v 104.147 5.876 -2.020
v 99.911 5.876 4.566
v 86.933 5.876 -3.780
f 2192 2191 2190 2189
f 2185 2186 2190 2189
f 2186 2187 2191 2190
f 2187 2188 2192 2191
f 2188 2185 2189 2192
v 63.409 2.131 5.078
v 76.294 2.131 13.439
v 71.711 2.131 20.502
v 58.826 2.131 12.141
v 63.409 6.031 5.078
v 76.294 6.031 13.439
v 71.711 6.031 20.502
v 58.826 6.031 12.141
f 2200 2199 2198 2197
f 2193 2194 2198 2197
f 2194 2195 2199 2198
f 2195 2196 2200 2199
f 2196 2193 2197 2200
v 56.633 2.354 -6.134
v 69.955 2.354 2.490
v 63.467 2.354 12.514
v 50.145 2.354 3.890
v 56.633 6.254 -6.134
v 69.955 6.254 2.490
v 63.467 6.254 12.514
v 50.145 6.254 3.890
f 2208 2207 2206 2205
f 2201 2202 2206 2205
f 2202 2203 2207 2206
f 2203 2204 2208 2207
f 2204 2201 2205 2208
v 64.692 1.331 -15.817
v 80.673 1.331 -10.766
v 77.448 1.331 -0.563
v 61.467 1.331 -5.614
v 64.692 5.231 -15.817
v 80.673 5.231 -10.766
v 77.448 5.231 -0.563
v 61.467 5.231 -5.614
f 2216 2215 2214 2213
f 2209 2210 2214 2213
f 2210 2211 2215 2214
f 2211 2212 2216 2215
f 2212 2209 2213 2216
v 91.845 1.873 -35.034
v 108.587 1.873 -20.608
v 100.675 1.873 -11.426
v 83.933 1.873 -25.852
v 91.845 5.773 -35.034
v 108.587 5.773 -20.608
v 100.675 5.773 -11.426
v 83.933 5.773 -25.852
f 2224 2223 2222 2221
f 2217 2218 2222 2221
f 2218 2219 2223 2222
f 2219 2220 2224 2223
f 2220 2217 2221 2224
v 74.165 2.028 -48.912
v 103.110 2.028 -31.751
v 94.475 2.028 -17.188
v 65.530 2.028 -34.349
v 74.165 5.928 -48.912
v 103.110 5.928 -31.751
v 94.475 5.928 -17.188
v 65.530 5.928 -34.349
f 2232 2231 2230 2229
f 2225 2226 2230 2229
f 2226 2227 2231 2230
f 2227 2228 2232 2231
f 2228 2225 2229 2232
v 63.274 2.116 -17.264
v 68.401 2.116 -25.533
v 73.526 2.116 -22.356
v 68.399 2.116 -14.087
v 63.274 6.016 -17.264
v 68.401 6.016 -25.533
v 73.526 6.016 -22.356
v 68.399 6.016 -14.087
f 2240 2239 2238 2237
f 2233 2234 2238 2237
f 2234 2235 2239 2238
f 2235 2236 2240 2239
f 2236 2233 2237 2240
v 48.336 2.060 -14.013
v 60.509 2.060 -5.631
v 56.664 2.060 -0.047
v 44.491 2.060 -8.429
v 48.336 5.960 -14.013
v 60.509 5.960 -5.631
v 56.664 5.960 -0.047
v 44.491 5.960 -8.429
f 2248 2247 2246 2245
f 2241 2242 2246 2245
f 2242 2243 2247 2246
f 2243 2244 2248 2247
f 2244 2241 2245 2248
v 42.657 1.929 -20.319
v 57.132 1.929 -12.911
v 53.483 1.929 -5.781
v 39.008 1.929 -13.189
v 42.657 5.829 -20.319
v 57.132 5.829 -12.911
v 53.483 5.829 -5.781
v 39.008 5.829 -13.189
f 2256 2255 2254 2253
f 2249 2250 2254 2253
f 2250 2251 2255 2254
f 2251 2252 2256 2255
f 2252 2249 2253 2256
v 62.320 1.993 -30.753
v 67.704 1.993 -27.598
v 65.460 1.993 -23.767
v 60.076 1.993 -26.922
v 62.320 5.893 -30.753
v 67.704 5.893 -27.598
v 65.460 5.893 -23.767
v 60.076 5.893 -26.922
f 2264 2263 2262 2261
f 2257 2258 2262 2261
f 2258 2259 2263 2262
f 2259 2260 2264 2263
f 2260 2257 2261 2264
v 56.406 2.205 -40.227
v 64.812 2.205 -32.660
v 58.054 2.205 -25.153
v 49.648 2.205 -32.720
v 56.406 6.105 -40.227
v 64.812 6.105 -32.660
v 58.054 6.105 -25.153
v 49.648 6.105 -32.720
f 2272 2271 2270 2269
f 2265 2266 2270 2269
f 2266 2267 2271 2270
f 2267 2268 2272 2271
f 2268 2265 2269 2272
v 65.568 1.827 -38.110
v 70.159 1.827 -35.026
v 68.012 1.827 -31.830
v 63.421 1.827 -34.914
v 65.568 5.727 -38.110
v 70.159 5.727 -35.026
v 68.012 5.727 -31.830
v 63.421 5.727 -34.914
f 2280 2279 2278 2277
f 2273 2274 2278 2277
f 2274 2275 2279 2278
f 2275 2276 2280 2279
f 2276 2273 2277 2280
v 64.686 1.862 -60.123
v 91.080 1.862 -48.131
v 85.094 1.862 -34.957
v 58.700 1.862 -46.949
v 64.686 5.762 -60.123
v 91.080 5.762 -48.131
v 85.094 5.762 -34.957
v 58.700 5.762 -46.949
f 2288 2287 2286 2285
f 2281 2282 2286 2285
f 2282 2283 2287 2286
f 2283 2284 2288 2287
f 2284 2281 2285 2288
v 65.918 2.236 -71.736
v 78.455 2.236 -63.609
v 71.982 2.236 -53.624
v 59.445 2.236 -61.751
v 65.918 6.136 -71.736
v 78.455 6.136 -63.609
v 71.982 6.136 -53.624
v 59.445 6.136 -61.751
f 2296 2295 2294 2293
f 2289 2290 2294 2293
f 2290 2291 2295 2294
f 2291 2292 2296 2295
f 2292 2289 2293 2296
v 53.483 1.728 -48.743
v 56.199 1.728 -53.271
v 58.857 1.728 -51.677
v 56.141 1.728 -47.149
v 53.483 5.628 -48.743
v 56.199 5.628 -53.271
v 58.857 5.628 -51.677
v 56.141 5.628 -47.149
f 2304 2303 2302 2301
f 2297 2298 2302 2301
f 2298 2299 2303 2302
f 2299 2300 2304 2303
f 2300 2297 2301 2304
v 54.098 1.659 -85.140
v 71.397 1.659 -79.359
v 67.822 1.659 -68.660
v 50.523 1.659 -74.441
v 54.098 5.559 -85.140
v 71.397 5.559 -79.359
v 67.822 5.559 -68.660
v 50.523 5.559 -74.441
f 2312 2311 2310 2309
f 2305 2306 2310 2309
f 2306 2307 2311 2310
f 2307 2308 2312 2311
f 2308 2305 2309 2312
v 38.445 1.989 -64.082
v 47.083 1.989 -78.046
v 54.695 1.989 -73.338
v 46.057 1.989 -59.374
v 38.445 5.889 -64.082
v 47.083 5.889 -78.046
v 54.695 5.889 -73.338
v 46.057 5.889 -59.374
f 2320 2319 2318 2317
f 2313 2314 2318 2317
f 2314 2315 2319 2318
f 2315 2316 2320 2319
f 2316 2313 2317 2320
v 23.233 1.856 -62.348
v 39.432 1.856 -51.511
v 34.027 1.856 -43.432
v 17.828 1.856 -54.269
v 23.233 5.756 -62.348
v 39.432 5.756 -51.511
v 34.027 5.756 -43.432
v 17.828 5.756 -54.269
f 2328 2327 2326 2325
f 2321 2322 2326 2325
f 2322 2323 2327 2326
f 2323 2324 2328 2327
f 2324 2321 2325 2328
v 22.757 2.061 -36.879
v 32.328 2.061 -47.558
v 42.343 2.061 -38.581
v 32.772 2.061 -27.902
v 22.757 5.961 -36.879
v 32.328 5.961 -47.558
v 42.343 5.961 -38.581
v 32.772 5.961 -27.902
f 2336 2335 2334 2333
f 2329 2330 2334 2333
f 2330 2331 2335 2334
f 2331 2332 2336 2335
f 2332 2329 2333 2336
v 34.542 2.167 -38.947
v 43.803 2.167 -56.016
v 55.678 2.167 -49.573
v 46.417 2.167 -32.504
v 34.542 6.067 -38.947
v 43.803 6.067 -56.016
v 55.678 6.067 -49.573
v 46.417 6.067 -32.504
f 2344 2343 2342 2341
f 2337 2338 2342 2341
f 2338 2339 2343 2342
f 2339 2340 2344 2343
f 2340 2337 2341 2344
v 65.738 1.893 -132.357
v 81.905 1.893 -125.103
v 77.562 1.893 -115.423
v 61.395 1.893 -122.677
v 65.738 5.793 -132.357
v 81.905 5.793 -125.103
v 77.562 5.793 -115.423
v 61.395 5.793 -122.677
f 2352 2351 2350 2349
f 2345 2346 2350 2349
f 2346 2347 2351 2350
f 2347 2348 2352 2351
f 2348 2345 2349 2352
v 54.816 1.889 -139.044
v 65.863 1.889 -130.250
v 60.264 1.889 -123.216
v 49.217 1.889 -132.010
v 54.816 5.789 -139.044
v 65.863 5.789 -130.250
v 60.264 5.789 -123.216
v 49.217 5.789 -132.010
f 2360 2359 2358 2357
f 2353 2354 2358 2357
f 2354 2355 2359 2358
f 2355 2356 2360 2359
f 2356 2353 2357 2360
v 65.813 1.856 -137.749
v 69.512 1.856 -135.348
v 67.307 1.856 -131.951
v 63.608 1.856 -134.352
v 65.813 5.756 -137.749
v 69.512 5.756 -135.348
v 67.307 5.756 -131.951
v 63.608 5.756 -134.352
f 2368 2367 2366 2365
f 2361 2362 2366 2365
f 2362 2363 2367 2366
f 2363 2364 2368 2367
f 2364 2361 2365 2368
v 62.289 1.880 -141.447
v 72.168 1.880 -150.247
v 79.431 1.880 -142.093
v 69.552 1.880 -133.293
v 62.289 5.780 -141.447
v 72.168 5.780 -150.247
v 79.431 5.780 -142.093
v 69.552 5.780 -133.293
f 2376 2375 2374 2373
f 2369 2370 2374 2373
f 2370 2371 2375 2374
f 2371 2372 2376 2375
f 2372 2369 2373 2376
v 72.830 1.621 -144.414
v 78.723 1.621 -153.333
v 84.030 1.621 -149.826
v 78.137 1.621 -140.907
v 72.830 5.521 -144.414
v 78.723 5.521 -153.333
v 84.030 5.521 -149.826
v 78.137 5.521 -140.907
f 2384 2383 2382 2381
f 2377 2378 2382 2381
f 2378 2379 2383 2382
f 2379 2380 2384 2383
f 2380 2377 2381 2384
v 87.855 1.819 -161.679
v 97.473 1.819 -155.248
v 91.665 1.819 -146.561
v 82.047 1.819 -152.992
v 87.855 5.719 -161.679
v 97.473 5.719 -155.248
v 91.665 5.719 -146.561
v 82.047 5.719 -152.992
f 2392 2391 2390 2389
f 2385 2386 2390 2389
f 2386 2387 2391 2390
f 2387 2388 2392 2391
f 2388 2385 2389 2392
v 90.362 1.782 -137.898
v 97.786 1.782 -150.874
v 107.698 1.782 -145.202
v 100.274 1.782 -132.226
v 90.362 5.682 -137.898
v 97.786 5.682 -150.874
v 107.698 5.682 -145.202
v 100.274 5.682 -132.226
f 2400 2399 2398 2397
f 2393 2394 2398 2397
f 2394 2395 2399 2398
f 2395 2396 2400 2399
f 2396 2393 2397 2400
v 101.956 1.961 -141.951
v 108.603 1.961 -152.336
v 114.364 1.961 -148.649
v 107.717 1.961 -138.264
v 101.956 5.861 -141.951
v 108.603 5.861 -152.336
v 114.364 5.861 -148.649
v 107.717 5.861 -138.264
f 2408 2407 2406 2405
f 2401 2402 2406 2405
f 2402 2403 2407 2406
f 2403 2404 2408 2407
f 2404 2401 2405 2408
v 105.146 1.889 -145.908
v 115.686 1.889 -162.599
v 121.334 1.889 -159.032
v 110.794 1.889 -142.341
v 105.146 5.789 -145.908
v 115.686 5.789 -162.599
v 121.334 5.789 -159.032
v 110.794 5.789 -142.341
f 2416 2415 2414 2413
f 2409 2410 2414 2413
f 2410 2411 2415 2414
f 2411 2412 2416 2415
f 2412 2409 2413 2416
v 115.721 1.866 -152.092
v 124.045 1.866 -163.793
v 128.999 1.866 -160.268
v 120.675 1.866 -148.567
v 115.721 5.766 -152.092
v 124.045 5.766 -163.793
v 128.999 5.766 -160.268
v 120.675 5.766 -148.567
f 2424 2423 2422 2421
f 2417 2418 2422 2421
f 2418 2419 2423 2422
f 2419 2420 2424 2423
f 2420 2417 2421 2424
v 129.061 1.898 -167.614
v 143.815 1.898 -160.948
v 139.739 1.898 -151.926
v 124.985 1.898 -158.592
v 129.061 5.798 -167.614
v 143.815 5.798 -160.948
v 139.739 5.798 -151.926
v 124.985 5.798 -158.592
f 2432 2431 2430 2429
f 2425 2426 2430 2429
f 2426 2427 2431 2430
f 2427 2428 2432 2431
f 2428 2425 2429 2432
v 129.371 1.811 -172.401
v 137.304 1.811 -167.084
v 135.249 1.811 -164.019
v 127.316 1.811 -169.336
v 129.371 5.711 -172.401
v 137.304 5.711 -167.084
v 135.249 5.711 -164.019
v 127.316 5.711 -169.336
f 2440 2439 2438 2437
f 2433 2434 2438 2437
f 2434 2435 2439 2438
f 2435 2436 2440 2439
f 2436 2433 2437 2440
v 126.310 1.854 -179.168
v 134.798 1.854 -173.565
v 130.710 1.854 -167.372
v 122.222 1.854 -172.975
v 126.310 5.754 -179.168
v 134.798 5.754 -173.565
v 130.710 5.754 -167.372
v 122.222 5.754 -172.975
f 2448 2447 2446 2445
f 2441 2442 2446 2445
f 2442 2443 2447 2446
f 2443 2444 2448 2447
f 2444 2441 2445 2448
v 118.576 1.780 -185.984
v 130.313 1.780 -178.062
v 126.084 1.780 -171.796
v 114.347 1.780 -179.718
v 118.576 5.680 -185.984
v 130.313 5.680 -178.062
v 126.084 5.680 -171.796
v 114.347 5.680 -179.718
f 2456 2455 2454 2453
f 2449 2450 2454 2453
f 2450 2451 2455 2454
f 2451 2452 2456 2455
f 2452 2449 2453 2456
v 111.730 1.755 -191.092
v 125.909 1.755 -181.676
v 122.490 1.755 -176.528
v 108.311 1.755 -185.944
v 111.730 5.655 -191.092
v 125.909 5.655 -181.676
v 122.490 5.655 -176.528
v 108.311 5.655 -185.944
f 2464 2463 2462 2461
f 2457 2458 2462 2461
f 2458 2459 2463 2462
f 2459 2460 2464 2463
f 2460 2457 2461 2464
v 106.302 1.641 -199.135
v 120.403 1.641 -189.838
v 117.178 1.641 -184.945
v 103.077 1.641 -194.242
v 106.302 5.541 -199.135
v 120.403 5.541 -189.838
v 117.178 5.541 -184.945
v 103.077 5.541 -194.242
f 2472 2471 2470 2469
f 2465 2466 2470 2469
f 2466 2467 2471 2470
f 2467 2468 2472 2471
f 2468 2465 2469 2472
v 106.928 1.661 -206.918
v 117.242 1.661 -196.500
v 112.012 1.661 -191.322
v 101.698 1.661 -201.740
v 106.928 5.561 -206.918
v 117.242 5.561 -196.500
v 112.012 5.561 -191.322
v 101.698 5.561 -201.740
f 2480 2479 2478 2477
f 2473 2474 2478 2477
f 2474 2475 2479 2478
f 2475 2476 2480 2479
f 2476 2473 2477 2480
v 103.479 1.806 -211.948
v 112.136 1.806 -205.900
v 109.141 1.806 -201.612
v 100.484 1.806 -207.660
v 103.479 5.706 -211.948
v 112.136 5.706 -205.900
v 109.141 5.706 -201.612
v 100.484 5.706 -207.660
f 2488 2487 2486 2485
f 2481 2482 2486 2485
f 2482 2483 2487 2486
f 2483 2484 2488 2487
f 2484 2481 2485 2488
v 91.555 1.612 -225.923
v 108.116 1.612 -211.049
v 97.705 1.612 -199.457
v 81.144 1.612 -214.331
v 91.555 5.512 -225.923
v 108.116 5.512 -211.049
v 97.705 5.512 -199.457
v 81.144 5.512 -214.331
f 2496 2495 2494 2493
f 2489 2490 2494 2493
f 2490 2491 2495 2494
f 2491 2492 2496 2495
f 2492 2489 2493 2496
v 75.791 1.465 -236.544
v 88.475 1.465 -254.274
v 95.209 1.465 -249.456
v 82.525 1.465 -231.726
v 75.791 5.365 -236.544
v 88.475 5.365 -254.274
v 95.209 5.365 -249.456
v 82.525 5.365 -231.726
f 2504 2503 2502 2501
f 2497 2498 2502 2501
f 2498 2499 2503 2502
f 2499 2500 2504 2503
f 2500 2497 2501 2504
v 57.230 1.720 -219.276
v 71.187 1.720 -235.709
v 79.930 1.720 -228.284
v 65.973 1.720 -211.851
v 57.230 5.620 -219.276
v 71.187 5.620 -235.709
v 79.930 5.620 -228.284
v 65.973 5.620 -211.851
f 2512 2511 2510 2509
f 2505 2506 2510 2509
f 2506 2507 2511 2510
f 2507 2508 2512 2511
f 2508 2505 2509 2512
v 28.682 1.451 -232.830
v 64.755 1.451 -220.722
v 54.178 1.451 -189.210
v 18.105 1.451 -201.318
v 28.682 7.251 -232.830
v 64.755 7.251 -220.722
v 54.178 7.251 -189.210
v 18.105 7.251 -201.318
f 2520 2519 2518 2517
f 2513 2514 2518 2517
f 2514 2515 2519 2518
f 2515 2516 2520 2519
f 2516 2513 2517 2520
v 54.518 1.562 -209.373
v 61.626 1.562 -219.704
v 70.342 1.562 -213.707
v 63.234 1.562 -203.376
v 54.518 5.462 -209.373
v 61.626 5.462 -219.704
v 70.342 5.462 -213.707
v 63.234 5.462 -203.376
f 2528 2527 2526 2525
f 2521 2522 2526 2525
f 2522 2523 2527 2526
f 2523 2524 2528 2527
f 2524 2521 2525 2528
v 2.413 1.755 -194.524
v 11.918 1.755 -207.482
v 23.707 1.755 -198.836
v 14.202 1.755 -185.878
v 2.413 5.655 -194.524
v 11.918 5.655 -207.482
v 23.707 5.655 -198.836
v 14.202 5.655 -185.878
f 2536 2535 2534 2533
f 2529 2530 2534 2533
f 2530 2531 2535 2534
f 2531 2532 2536 2535
f 2532 2529 2533 2536
v 20.091 1.465 -196.256
v 38.693 1.465 -186.817
v 34.109 1.465 -177.784
v 15.507 1.465 -187.223
v 20.091 5.365 -196.256
v 38.693 5.365 -186.817
v 34.109 5.365 -177.784
v 15.507 5.365 -187.223
f 2544 2543 2542 2541
f 2537 2538 2542 2541
f 2538 2539 2543 2542
f 2539 2540 2544 2543
f 2540 2537 2541 2544
v 24.440 1.640 -182.860
v 38.324 1.640 -172.844
v 34.960 1.640 -168.180
v 21.076 1.640 -178.196
v 24.440 5.540 -182.860
v 38.324 5.540 -172.844
v 34.960 5.540 -168.180
v 21.076 5.540 -178.196
f 2552 2551 2550 2549
f 2545 2546 2550 2549
f 2546 2547 2551 2550
f 2547 2548 2552 2551
f 2548 2545 2549 2552
v 28.150 1.707 -177.138
v 42.938 1.707 -167.195
v 39.930 1.707 -162.722
v 25.142 1.707 -172.665
v 28.150 5.607 -177.138
v 42.938 5.607 -167.195
v 39.930 5.607 -162.722
v 25.142 5.607 -172.665
f 2560 2559 2558 2557
f 2553 2554 2558 2557
f 2554 2555 2559 2558
f 2555 2556 2560 2559
f 2556 2553 2557 2560
v 39.117 1.680 -182.816
v 42.661 1.680 -187.830
v 46.263 1.680 -185.284
v 42.719 1.680 -180.270
v 39.117 5.580 -182.816
v 42.661 5.580 -187.830
v 46.263 5.580 -185.284
v 42.719 5.580 -180.270
f 2568 2567 2566 2565
f 2561 2562 2566 2565
f 2562 2563 2567 2566
f 2563 2564 2568 2567
f 2564 2561 2565 2568
v 36.325 1.813 -170.653
v 54.842 1.813 -158.370
v 50.475 1.813 -151.787
v 31.958 1.813 -164.070
v 36.325 5.713 -170.653
v 54.842 5.713 -158.370
v 50.475 5.713 -151.787
v 31.958 5.713 -164.070
f 2576 2575 2574 2573
f 2569 2570 2574 2573
f 2570 2571 2575 2574
f 2571 2572 2576 2575
f 2572 2569 2573 2576
v 53.519 1.437 -194.372
v 67.031 1.437 -186.859
v 62.021 1.437 -177.848
v 48.509 1.437 -185.361
v 53.519 5.337 -194.372
v 67.031 5.337 -186.859
v 62.021 5.337 -177.848
v 48.509 5.337 -185.361
f 2584 2583 2582 2581
f 2577 2578 2582 2581
f 2578 2579 2583 2582
f 2579 2580 2584 2583
f 2580 2577 2581 2584
v 58.785 1.673 -180.420
v 69.691 1.673 -186.171
v 74.495 1.673 -177.060
v 63.589 1.673 -171.309
v 58.785 5.573 -180.420
v 69.691 5.573 -186.171
v 74.495 5.573 -177.060
v 63.589 5.573 -171.309
f 2592 2591 2590 2589
f 2585 2586 2590 2589
f 2586 2587 2591 2590
f 2587 2588 2592 2591
f 2588 2585 2589 2592
v 41.433 1.672 -158.027
v 56.586 1.672 -147.875
v 53.007 1.672 -142.533
v 37.854 1.672 -152.685
v 41.433 5.572 -158.027
v 56.586 5.572 -147.875
v 53.007 5.572 -142.533
v 37.854 5.572 -152.685
f 2600 2599 2598 2597
f 2593 2594 2598 2597
f 2594 2595 2599 2598
f 2595 2596 2600 2599
f 2596 2593 2597 2600
v 45.154 1.869 -151.734
v 59.610 1.869 -142.770
v 56.606 1.869 -137.926
v 42.150 1.869 -146.890
v 45.154 5.769 -151.734
v 59.610 5.769 -142.770
v 56.606 5.769 -137.926
v 42.150 5.769 -146.890
f 2608 2607 2606 2605
f 2601 2602 2606 2605
f 2602 2603 2607 2606
f 2603 2604 2608 2607
f 2604 2601 2605 2608
v 53.568 1.779 -156.886
v 63.970 1.779 -165.537
v 71.292 1.779 -156.734
v 60.890 1.779 -148.083
v 53.568 5.679 -156.886
v 63.970 5.679 -165.537
v 71.292 5.679 -156.734
v 60.890 5.679 -148.083
f 2616 2615 2614 2613
f 2609 2610 2614 2613
f 2610 2611 2615 2614
f 2611 2612 2616 2615
f 2612 2609 2613 2616
v 57.517 1.671 -165.823
v 60.446 1.671 -164.261
v 59.143 1.671 -161.817
v 56.214 1.671 -163.379
v 57.517 5.571 -165.823
v 60.446 5.571 -164.261
v 59.143 5.571 -161.817
v 56.214 5.571 -163.379
f 2624 2623 2622 2621
f 2617 2618 2622 2621
f 2618 2619 2623 2622
f 2619 2620 2624 2623
f 2620 2617 2621 2624
v 63.553 1.589 -159.453
v 70.871 1.589 -168.799
v 76.327 1.589 -164.527
v 69.009 1.589 -155.181
v 63.553 5.489 -159.453
v 70.871 5.489 -168.799
v 76.327 5.489 -164.527
v 69.009 5.489 -155.181
f 2632 2631 2630 2629
f 2625 2626 2630 2629
f 2626 2627 2631 2630
f 2627 2628 2632 2631
f 2628 2625 2629 2632
v 71.673 1.617 -168.955
v 82.582 1.617 -179.411
v 90.007 1.617 -171.665
v 79.098 1.617 -161.209
v 71.673 5.517 -168.955
v 82.582 5.517 -179.411
v 90.007 5.517 -171.665
v 79.098 5.517 -161.209
f 2640 2639 2638 2637
f 2633 2634 2638 2637
f 2634 2635 2639 2638
f 2635 2636 2640 2639
f 2636 2633 2637 2640
v 90.927 1.807 -195.371
v 98.912 1.807 -184.079
v 89.253 1.807 -177.249
v 81.268 1.807 -188.541
v 90.927 5.707 -195.371
v 98.912 5.707 -184.079
v 89.253 5.707 -177.249
v 81.268 5.707 -188.541
f 2648 2647 2646 2645
f 2641 2642 2646 2645
f 2642 2643 2647 2646
f 2643 2644 2648 2647
f 2644 2641 2645 2648
v 84.139 1.845 -198.163
v 91.318 1.845 -193.538
v 89.281 1.845 -190.377
v 82.102 1.845 -195.002
v 84.139 5.745 -198.163
v 91.318 5.745 -193.538
v 89.281 5.745 -190.377
v 82.102 5.745 -195.002
f 2656 2655 2654 2653
f 2649 2650 2654 2653
f 2650 2651 2655 2654
f 2651 2652 2656 2655
f 2652 2649 2653 2656
v 21.233 1.553 -88.867
v 26.983 1.553 -86.127
v 24.527 1.553 -80.973
v 18.777 1.553 -83.713
v 21.233 5.453 -88.867
v 26.983 5.453 -86.127
v 24.527 5.453 -80.973
v 18.777 5.453 -83.713
f 2664 2663 2662 2661
f 2657 2658 2662 2661
f 2658 2659 2663 2662
f 2659 2660 2664 2663
f 2660 2657 2661 2664
v 2.127 1.438 -86.729
v 16.758 1.438 -78.053
v 10.933 1.438 -68.231
v -3.698 1.438 -76.907
v 2.127 5.338 -86.729
v 16.758 5.338 -78.053
v 10.933 5.338 -68.231
v -3.698 5.338 -76.907
f 2672 2671 2670 2669
f 2665 2666 2670 2669
f 2666 2667 2671 2670
f 2667 2668 2672 2671
f 2668 2665 2669 2672
v -3.138 1.629 -96.632
v 12.730 1.629 -85.751
v 8.998 1.629 -80.308
v -6.870 1.629 -91.189
v -3.138 5.529 -96.632
v 12.730 5.529 -85.751
v 8.998 5.529 -80.308
v -6.870 5.529 -91.189
f 2680 2679 2678 2677
f 2673 2674 2678 2677
f 2674 2675 2679 2678
f 2675 2676 2680 2679
f 2676 2673 2677 2680
v -9.409 1.495 -100.066
v 3.683 1.495 -91.096
v -0.251 1.495 -85.354
v -13.343 1.495 -94.324
v -9.409 5.395 -100.066
v 3.683 5.395 -91.096
v -0.251 5.395 -85.354
v -13.343 5.395 -94.324
f 2688 2687 2686 2685
f 2681 2682 2686 2685
f 2682 2683 2687 2686
f 2683 2684 2688 2687
f 2684 2681 2685 2688
v -13.741 1.599 -113.020
v 1.103 1.599 -102.559
v -5.239 1.599 -93.560
v -20.083 1.599 -104.021
v -13.741 5.499 -113.020
v 1.103 5.499 -102.559
v -5.239 5.499 -93.560
v -20.083 5.499 -104.021
f 2696 2695 2694 2693
f 2689 2690 2694 2693
f 2690 2691 2695 2694
f 2691 2692 2696 2695
f 2692 2689 2693 2696
v 4.427 1.654 -114.140
v 12.715 1.654 -108.616
v 9.333 1.654 -103.540
v 1.045 1.654 -109.064
v 4.427 5.554 -114.140
v 12.715 5.554 -108.616
v 9.333 5.554 -103.540
v 1.045 5.554 -109.064
f 2704 2703 2702 2701
f 2697 2698 2702 2701
f 2698 2699 2703 2702
f 2699 2700 2704 2703
f 2700 2697 2701 2704
v -22.884 1.686 -118.969
v -8.388 1.686 -109.655
v -12.156 1.686 -103.791
v -26.652 1.686 -113.105
v -22.884 5.586 -118.969
v -8.388 5.586 -109.655
v -12.156 5.586 -103.791
v -26.652 5.586 -113.105
f 2712 2711 2710 2709
f 2705 2706 2710 2709
f 2706 2707 2711 2710
f 2707 2708 2712 2711
f 2708 2705 2709 2712
v -27.376 1.412 -125.934
v -13.015 1.412 -116.577
v -16.684 1.412 -110.946
v -31.045 1.412 -120.303
v -27.376 5.312 -125.934
v -13.015 5.312 -116.577
v -16.684 5.312 -110.946
v -31.045 5.312 -120.303
f 2720 2719 2718 2717
f 2713 2714 2718 2717
f 2714 2715 2719 2718
f 2715 2716 2720 2719
f 2716 2713 2717 2720
v -32.776 1.396 -138.565
v -12.491 1.396 -129.087
v -17.524 1.396 -118.315
v -37.809 1.396 -127.793
v -32.776 5.296 -138.565
v -12.491 5.296 -129.087
v -17.524 5.296 -118.315
v -37.809 5.296 -127.793
f 2728 2727 2726 2725
f 2721 2722 2726 2725
f 2722 2723 2727 2726
f 2723 2724 2728 2727
f 2724 2721 2725 2728
v 17.305 1.914 -134.990
v 38.136 1.914 -118.968
v 33.015 1.914 -112.310
v 12.184 1.914 -128.332
v 17.305 5.814 -134.990
v 38.136 5.814 -118.968
v 33.015 5.814 -112.310
v 12.184 5.814 -128.332
f 2736 2735 2734 2733
f 2729 2730 2734 2733
f 2730 2731 2735 2734
f 2731 2732 2736 2735
f 2732 2729 2733 2736
v 19.515 1.686 -139.450
v 31.730 1.686 -131.656
v 27.605 1.686 -125.190
v 15.390 1.686 -132.984
v 19.515 5.586 -139.450
v 31.730 5.586 -131.656
v 27.605 5.586 -125.190
v 15.390 5.586 -132.984
f 2744 2743 2742 2741
f 2737 2738 2742 2741
f 2738 2739 2743 2742
f 2739 2740 2744 2743
f 2740 2737 2741 2744
v 7.894 1.710 -124.263
v 12.273 1.710 -121.514
v 9.726 1.710 -117.457
v 5.347 1.710 -120.206
v 7.894 5.610 -124.263
v 12.273 5.610 -121.514
v 9.726 5.610 -117.457
v 5.347 5.610 -120.206
f 2752 2751 2750 2749
f 2745 2746 2750 2749
f 2746 2747 2751 2750
f 2747 2748 2752 2751
f 2748 2745 2749 2752
v -11.014 1.581 -193.550
v 3.801 1.581 -183.976
v -3.906 1.581 -172.050
v -18.721 1.581 -181.624
v -11.014 5.481 -193.550
v 3.801 5.481 -183.976
v -3.906 5.481 -172.050
v -18.721 5.481 -181.624
f 2760 2759 2758 2757
f 2753 2754 2758 2757
f 2754 2755 2759 2758
f 2755 2756 2760 2759
f 2756 2753 2757 2760
v 7.277 1.867 -166.051
v 20.921 1.867 -160.663
v 16.003 1.867 -148.209
v 2.359 1.867 -153.597
v 7.277 5.767 -166.051
v 20.921 5.767 -160.663
v 16.003 5.767 -148.209
v 2.359 5.767 -153.597
f 2768 2767 2766 2765
f 2761 2762 2766 2765
f 2762 2763 2767 2766
f 2763 2764 2768 2767
f 2764 2761 2765 2768
v -16.022 0.876 -145.078
v -10.669 0.876 -141.049
v -13.158 0.876 -137.742
v -18.511 0.876 -141.771
v -16.022 4.776 -145.078
v -10.669 4.776 -141.049
v -13.158 4.776 -137.742
v -18.511 4.776 -141.771
f 2776 2775 2774 2773
f 2769 2770 2774 2773
f 2770 2771 2775 2774
f 2771 2772 2776 2775
f 2772 2769 2773 2776
v -28.996 1.542 -152.390
v -24.373 1.542 -161.606
v -17.804 1.542 -158.310
v -22.427 1.542 -149.094
v -28.996 5.442 -152.390
v -24.373 5.442 -161.606
v -17.804 5.442 -158.310
v -22.427 5.442 -149.094
f 2784 2783 2782 2781
f 2777 2778 2782 2781
f 2778 2779 2783 2782
f 2779 2780 2784 2783
f 2780 2777 2781 2784
v 117.523 1.831 -115.460
v 127.291 1.831 -128.521
v 133.497 1.831 -123.880
v 123.729 1.831 -110.819
v 117.523 5.731 -115.460
v 127.291 5.731 -128.521
v 133.497 5.731 -123.880
v 123.729 5.731 -110.819
f 2792 2791 2790 2789
f 2785 2786 2790 2789
f 2786 2787 2791 2790
f 2787 2788 2792 2791
f 2788 2785 2789 2792
v 110.491 1.917 -110.853
v 120.530 1.917 -122.160
v 126.109 1.917 -117.207
v 116.070 1.917 -105.900
v 110.491 5.817 -110.853
v 120.530 5.817 -122.160
v 126.109 5.817 -117.207
v 116.070 5.817 -105.900
f 2800 2799 2798 2797
f 2793 2794 2798 2797
f 2794 2795 2799 2798
f 2795 2796 2800 2799
f 2796 2793 2797 2800
v 99.625 2.369 -107.067
v 107.406 2.369 -117.805
v 118.435 2.369 -109.813
v 110.654 2.369 -99.075
v 99.625 6.269 -107.067
v 107.406 6.269 -117.805
v 118.435 6.269 -109.813
v 110.654 6.269 -99.075
f 2808 2807 2806 2805
f 2801 2802 2806 2805
f 2802 2803 2807 2806
f 2803 2804 2808 2807
f 2804 2801 2805 2808
v 92.759 2.160 -94.708
v 102.210 2.160 -110.168
v 108.941 2.160 -106.052
v 99.490 2.160 -90.592
v 92.759 6.060 -94.708
v 102.210 6.060 -110.168
v 108.941 6.060 -106.052
v 99.490 6.060 -90.592
f 2816 2815 2814 2813
f 2809 2810 2814 2813
f 2810 2811 2815 2814
f 2811 2812 2816 2815
f 2812 2809 2813 2816
v 87.496 1.931 -97.884
v 92.828 1.931 -105.950
v 97.024 1.931 -103.176
v 91.692 1.931 -95.110
v 87.496 5.831 -97.884
v 92.828 5.831 -105.950
v 97.024 5.831 -103.176
v 91.692 5.831 -95.110
f 2824 2823 2822 2821
f 2817 2818 2822 2821
f 2818 2819 2823 2822
f 2819 2820 2824 2823
f 2820 2817 2821 2824
v 86.973 1.879 -94.640
v 97.304 1.879 -88.038
v 93.087 1.879 -81.440
v 82.756 1.879 -88.042
v 86.973 5.779 -94.640
v 97.304 5.779 -88.038
v 93.087 5.779 -81.440
v 82.756 5.779 -88.042
f 2832 2831 2830 2829
f 2825 2826 2830 2829
f 2826 2827 2831 2830
f 2827 2828 2832 2831
f 2828 2825 2829 2832
v 89.176 1.934 -88.179
v 102.436 1.934 -79.387
v 98.904 1.934 -74.061
v 85.644 1.934 -82.853
v 89.176 5.834 -88.179
v 102.436 5.834 -79.387
v 98.904 5.834 -74.061
v 85.644 5.834 -82.853
f 2840 2839 2838 2837
f 2833 2834 2838 2837
f 2834 2835 2839 2838
f 2835 2836 2840 2839
f 2836 2833 2837 2840
v 115.913 2.097 -100.507
v 123.103 2.097 -99.664
v 122.267 2.097 -92.533
v 115.077 2.097 -93.376
v 115.913 5.997 -100.507
v 123.103 5.997 -99.664
v 122.267 5.997 -92.533
v 115.077 5.997 -93.376
f 2848 2847 2846 2845
f 2841 2842 2846 2845
f 2842 2843 2847 2846
f 2843 2844 2848 2847
f 2844 2841 2845 2848
v 137.934 2.047 -110.984
v 148.124 2.047 -99.371
v 135.706 2.047 -88.476
v 125.516 2.047 -100.089
v 137.934 5.947 -110.984
v 148.124 5.947 -99.371
v 135.706 5.947 -88.476
v 125.516 5.947 -100.089
f 2856 2855 2854 2853
f 2849 2850 2854 2853
f 2850 2851 2855 2854
f 2851 2852 2856 2855
f 2852 2849 2853 2856
v 115.829 2.397 -93.870
v 128.181 2.397 -86.784
v 123.091 2.397 -77.910
v 110.739 2.397 -84.996
v 115.829 6.297 -93.870
v 128.181 6.297 -86.784
v 123.091 6.297 -77.910
v 110.739 6.297 -84.996
f 2864 2863 2862 2861
f 2857 2858 2862 2861
f 2858 2859 2863 2862
f 2859 2860 2864 2863
f 2860 2857 2861 2864
v 97.890 2.183 -84.343
v 114.510 2.183 -73.784
v 106.970 2.183 -61.917
v 90.350 2.183 -72.476
v 97.890 6.083 -84.343
v 114.510 6.083 -73.784
v 106.970 6.083 -61.917
v 90.350 6.083 -72.476
f 2872 2871 2870 2869
f 2865 2866 2870 2869
f 2866 2867 2871 2870
f 2867 2868 2872 2871
f 2868 2865 2869 2872
v 106.604 2.436 -73.293
v 123.787 2.436 -59.876
v 116.956 2.436 -51.127
v 99.773 2.436 -64.544
v 106.604 6.336 -73.293
v 123.787 6.336 -59.876
v 116.956 6.336 -51.127
v 99.773 6.336 -64.544
f 2880 2879 2878 2877
f 2873 2874 2878 2877
f 2874 2875 2879 2878
f 2875 2876 2880 2879
f 2876 2873 2877 2880
v 129.098 2.432 -80.769
v 135.309 2.432 -66.601
v 124.382 2.432 -61.811
v 118.171 2.432 -75.979
v 129.098 6.332 -80.769
v 135.309 6.332 -66.601
v 124.382 6.332 -61.811
v 118.171 6.332 -75.979
f 2888 2887 2886 2885
f 2881 2882 2886 2885
f 2882 2883 2887 2886
f 2883 2884 2888 2887
f 2884 2881 2885 2888
v 137.978 2.307 -87.850
v 147.808 2.307 -79.952
v 142.102 2.307 -72.850
v 132.272 2.307 -80.748
v 137.978 6.207 -87.850
v 147.808 6.207 -79.952
v 142.102 6.207 -72.850
v 132.272 6.207 -80.748
f 2896 2895 2894 2893
f 2889 2890 2894 2893
f 2890 2891 2895 2894
f 2891 2892 2896 2895
f 2892 2889 2893 2896
v 141.772 1.863 -79.346
v 147.298 1.863 -95.328
v 156.248 1.863 -92.234
v 150.722 1.863 -76.252
v 141.772 5.763 -79.346
v 147.298 5.763 -95.328
v 156.248 5.763 -92.234
v 150.722 5.763 -76.252
f 2904 2903 2902 2901
f 2897 2898 2902 2901
f 2898 2899 2903 2902
f 2899 2900 2904 2903
f 2900 2897 2901 2904
v 130.449 1.841 -54.669
v 137.941 1.841 -67.929
v 146.291 1.841 -63.211
v 138.799 1.841 -49.951
v 130.449 5.741 -54.669
v 137.941 5.741 -67.929
v 146.291 5.741 -63.211
v 138.799 5.741 -49.951
f 2912 2911 2910 2909
f 2905 2906 2910 2909
f 2906 2907 2911 2910
f 2907 2908 2912 2911
f 2908 2905 2909 2912
v 139.707 1.932 -62.705
v 145.585 1.932 -72.086
v 149.433 1.932 -69.675
v 143.555 1.932 -60.294
v 139.707 5.832 -62.705
v 145.585 5.832 -72.086
v 149.433 5.832 -69.675
v 143.555 5.832 -60.294
f 2920 2919 2918 2917
f 2913 2914 2918 2917
f 2914 2915 2919 2918
f 2915 2916 2920 2919
f 2916 2913 2917 2920
v 146.041 1.792 -65.081
v 152.945 1.792 -75.358
v 157.319 1.792 -72.419
v 150.415 1.792 -62.142
v 146.041 5.692 -65.081
v 152.945 5.692 -75.358
v 157.319 5.692 -72.419
v 150.415 5.692 -62.142
f 2928 2927 2926 2925
f 2921 2922 2926 2925
f 2922 2923 2927 2926
f 2923 2924 2928 2927
f 2924 2921 2925 2928
v 151.885 1.707 -70.363
v 159.189 1.707 -80.235
v 163.835 1.707 -76.797
v 156.531 1.707 -66.925
v 151.885 5.607 -70.363
v 159.189 5.607 -80.235
v 163.835 5.607 -76.797
v 156.531 5.607 -66.925
f 2936 2935 2934 2933
f 2929 2930 2934 2933
f 2930 2931 2935 2934
f 2931 2932 2936 2935
f 2932 2929 2933 2936
v 124.528 1.788 -11.856
v 135.175 1.788 -29.409
v 145.272 1.788 -23.284
v 134.625 1.788 -5.731
v 124.528 5.688 -11.856
v 135.175 5.688 -29.409
v 145.272 5.688 -23.284
v 134.625 5.688 -5.731
f 2944 2943 2942 2941
f 2937 2938 2942 2941
f 2938 2939 2943 2942
f 2939 2940 2944 2943
f 2940 2937 2941 2944
v 137.172 1.742 -18.144
v 149.274 1.742 -33.101
v 157.708 1.742 -26.276
v 145.606 1.742 -11.319
v 137.172 5.642 -18.144
v 149.274 5.642 -33.101
v 157.708 5.642 -26.276
v 145.606 5.642 -11.319
f 2952 2951 2950 2949
f 2945 2946 2950 2949
f 2946 2947 2951 2950
f 2947 2948 2952 2951
f 2948 2945 2949 2952
v 149.145 1.808 -24.129
v 157.488 1.808 -37.286
v 162.715 1.808 -33.971
v 154.372 1.808 -20.814
v 149.145 5.708 -24.129
v 157.488 5.708 -37.286
v 162.715 5.708 -33.971
v 154.372 5.708 -20.814
f 2960 2959 2958 2957
f 2953 2954 2958 2957
f 2954 2955 2959 2958
f 2955 2956 2960 2959
f 2956 2953 2957 2960
v 155.920 1.532 -26.363
v 166.034 1.532 -40.864
v 171.980 1.532 -36.717
v 161.866 1.532 -22.216
v 155.920 5.432 -26.363
v 166.034 5.432 -40.864
v 171.980 5.432 -36.717
v 161.866 5.432 -22.216
f 2968 2967 2966 2965
f 2961 2962 2966 2965
f 2962 2963 2967 2966
f 2963 2964 2968 2967
f 2964 2961 2965 2968
v 158.722 1.884 -43.374
v 178.704 1.884 -51.964
v 186.098 1.884 -34.766
v 166.116 1.884 -26.176
v 158.722 5.784 -43.374
v 178.704 5.784 -51.964
v 186.098 5.784 -34.766
v 166.116 5.784 -26.176
f 2976 2975 2974 2973
f 2969 2970 2974 2973
f 2970 2971 2975 2974
f 2971 2972 2976 2975
f 2972 2969 2973 2976
v 180.571 1.663 -46.747
v 193.499 1.663 -67.452
v 199.649 1.663 -63.613
v 186.721 1.663 -42.908
v 180.571 5.563 -46.747
v 193.499 5.563 -67.452
v 199.649 5.563 -63.613
v 186.721 5.563 -42.908
f 2984 2983 2982 2981
f 2977 2978 2982 2981
f 2978 2979 2983 2982
f 2979 2980 2984 2983
f 2980 2977 2981 2984
v 194.898 1.635 -53.199
v 200.883 1.635 -61.557
v 204.842 1.635 -58.721
v 198.857 1.635 -50.363
v 194.898 5.535 -53.199
v 200.883 5.535 -61.557
v 204.842 5.535 -58.721
v 198.857 5.535 -50.363
f 2992 2991 2990 2989
f 2985 2986 2990 2989
f 2986 2987 2991 2990
f 2987 2988 2992 2991
f 2988 2985 2989 2992
v 202.273 1.528 -55.404
v 209.591 1.528 -66.088
v 214.747 1.528 -62.556
v 207.429 1.528 -51.872
v 202.273 5.428 -55.404
v 209.591 5.428 -66.088
v 214.747 5.428 -62.556
v 207.429 5.428 -51.872
f 3000 2999 2998 2997
f 2993 2994 2998 2997
f 2994 2995 2999 2998
f 2995 2996 3000 2999
f 2996 2993 2997 3000
v 192.594 1.755 -80.724
v 205.150 1.755 -69.728
v 198.186 1.755 -61.776
v 185.630 1.755 -72.772
v 192.594 5.655 -80.724
v 205.150 5.655 -69.728
v 198.186 5.655 -61.776
v 185.630 5.655 -72.772
f 3008 3007 3006 3005
f 3001 3002 3006 3005
f 3002 3003 3007 3006
f 3003 3004 3008 3007
f 3004 3001 3005 3008
v 183.561 1.336 -87.238
v 197.543 1.336 -77.996
v 193.699 1.336 -72.182
v 179.717 1.336 -81.424
v 183.561 5.236 -87.238
v 197.543 5.236 -77.996
v 193.699 5.236 -72.182
v 179.717 5.236 -81.424
f 3016 3015 3014 3013
f 3009 3010 3014 3013
f 3010 3011 3015 3014
f 3011 3012 3016 3015
f 3012 3009 3013 3016
v 179.781 1.277 -93.550
v 192.905 1.277 -84.645
v 188.919 1.277 -78.770
v 175.795 1.277 -87.675
v 179.781 5.177 -93.550
v 192.905 5.177 -84.645
v 188.919 5.177 -78.770
v 175.795 5.177 -87.675
f 3024 3023 3022 3021
f 3017 3018 3022 3021
f 3018 3019 3023 3022
f 3019 3020 3024 3023
f 3020 3017 3021 3024
v 160.006 1.162 -84.381
v 163.237 1.162 -88.557
v 167.034 1.162 -85.619
v 163.803 1.162 -81.443
v 160.006 5.062 -84.381
v 163.237 5.062 -88.557
v 167.034 5.062 -85.619
v 163.803 5.062 -81.443
f 3032 3031 3030 3029
f 3025 3026 3030 3029
f 3026 3027 3031 3030
f 3027 3028 3032 3031
f 3028 3025 3029 3032
v 175.015 1.264 -101.690
v 188.422 1.264 -91.767
v 183.805 1.264 -85.530
v 170.398 1.264 -95.453
v 175.015 5.164 -101.690
v 188.422 5.164 -91.767
v 183.805 5.164 -85.530
v 170.398 5.164 -95.453
f 3040 3039 3038 3037
f 3033 3034 3038 3037
f 3034 3035 3039 3038
f 3035 3036 3040 3039
f 3036 3033 3037 3040
v 165.132 1.530 -108.262
v 182.334 1.530 -96.235
v 177.148 1.530 -88.818
v 159.946 1.530 -100.845
v 165.132 5.430 -108.262
v 182.334 5.430 -96.235
v 177.148 5.430 -88.818
v 159.946 5.430 -100.845
f 3048 3047 3046 3045
f 3041 3042 3046 3045
f 3042 3043 3047 3046
f 3043 3044 3048 3047
f 3044 3041 3045 3048
v 183.955 1.624 -231.411
v 198.585 1.624 -215.357
v 188.525 1.624 -206.189
v 173.895 1.624 -222.243
v 183.955 5.524 -231.411
v 198.585 5.524 -215.357
v 188.525 5.524 -206.189
v 173.895 5.524 -222.243
f 3056 3055 3054 3053
f 3049 3050 3054 3053
f 3050 3051 3055 3054
f 3051 3052 3056 3055
f 3052 3049 3053 3056
v 174.848 2.010 -197.244
v 181.614 2.010 -192.318
v 177.812 2.010 -187.096
v 171.046 2.010 -192.022
v 174.848 5.910 -197.244
v 181.614 5.910 -192.318
v 177.812 5.910 -187.096
v 171.046 5.910 -192.022
f 3064 3063 3062 3061
f 3057 3058 3062 3061
f 3058 3059 3063 3062
f 3059 3060 3064 3063
f 3060 3057 3061 3064
v 156.432 1.738 -183.785
v 167.080 1.738 -176.901
v 162.628 1.738 -170.015
v 151.980 1.738 -176.899
v 156.432 5.638 -183.785
v 167.080 5.638 -176.901
v 162.628 5.638 -170.015
v 151.980 5.638 -176.899
f 3072 3071 3070 3069
f 3065 3066 3070 3069
f 3066 3067 3071 3070
f 3067 3068 3072 3071
f 3068 3065 3069 3072
v 151.634 1.904 -191.642
v 164.056 1.904 -183.343
v 161.006 1.904 -178.778
v 148.584 1.904 -187.077
v 151.634 5.804 -191.642
v 164.056 5.804 -183.343
v 161.006 5.804 -178.778
v 148.584 5.804 -187.077
f 3080 3079 3078 3077
f 3073 3074 3078 3077
f 3074 3075 3079 3078
f 3075 3076 3080 3079
f 3076 3073 3077 3080
v 146.979 1.948 -197.315
v 159.506 1.948 -188.794
v 156.481 1.948 -184.345
v 143.954 1.948 -192.866
v 146.979 5.848 -197.315
v 159.506 5.848 -188.794
v 156.481 5.848 -184.345
v 143.954 5.848 -192.866
f 3088 3087 3086 3085
f 3081 3082 3086 3085
f 3082 3083 3087 3086
f 3083 3084 3088 3087
f 3084 3081 3085 3088
v 143.097 2.098 -203.378
v 154.982 2.098 -195.284
v 150.963 2.098 -189.382
v 139.078 2.098 -197.476
v 143.097 5.998 -203.378
v 154.982 5.998 -195.284
v 150.963 5.998 -189.382
v 139.078 5.998 -197.476
f 3096 3095 3094 3093
f 3089 3090 3094 3093
f 3090 3091 3095 3094
f 3091 3092 3096 3095
f 3092 3089 3093 3096
v 159.978 2.124 -190.635
v 164.827 2.124 -201.184
v 170.742 2.124 -198.465
v 165.893 2.124 -187.916
v 159.978 6.024 -190.635
v 164.827 6.024 -201.184
v 170.742 6.024 -198.465
v 165.893 6.024 -187.916
f 3104 3103 3102 3101
f 3097 3098 3102 3101
f 3098 3099 3103 3102
f 3099 3100 3104 3103
f 3100 3097 3101 3104
v 139.808 2.020 -221.205
v 155.494 2.020 -209.772
v 147.872 2.020 -199.315
v 132.186 2.020 -210.748
v 139.808 5.920 -221.205
v 155.494 5.920 -209.772
v 147.872 5.920 -199.315
v 132.186 5.920 -210.748
f 3112 3111 3110 3109
f 3105 3106 3110 3109
f 3106 3107 3111 3110
f 3107 3108 3112 3111
f 3108 3105 3109 3112
v 148.470 2.110 -223.485
v 152.309 2.110 -220.705
v 149.810 2.110 -217.255
v 145.971 2.110 -220.035
v 148.470 6.010 -223.485
v 152.309 6.010 -220.705
v 149.810 6.010 -217.255
v 145.971 6.010 -220.035
f 3120 3119 3118 3117
f 3113 3114 3118 3117
f 3114 3115 3119 3118
f 3115 3116 3120 3119
f 3116 3113 3117 3120
v 163.263 2.200 -217.614
v 167.410 2.200 -225.285
v 172.477 2.200 -222.546
v 168.330 2.200 -214.875
v 163.263 6.100 -217.614
v 167.410 6.100 -225.285
v 172.477 6.100 -222.546
v 168.330 6.100 -214.875
f 3128 3127 3126 3125
f 3121 3122 3126 3125
f 3122 3123 3127 3126
f 3123 3124 3128 3127
f 3124 3121 3125 3128
v 180.344 1.780 -242.653
v 192.223 1.780 -229.857
v 184.176 1.780 -222.387
v 172.297 1.780 -235.183
v 180.344 5.680 -242.653
v 192.223 5.680 -229.857
v 184.176 5.680 -222.387
v 172.297 5.680 -235.183
f 3136 3135 3134 3133
f 3129 3130 3134 3133
f 3130 3131 3135 3134
f 3131 3132 3136 3135
f 3132 3129 3133 3136
v 141.817 2.160 -232.915
v 147.883 2.160 -241.178
v 155.203 2.160 -235.805
v 149.137 2.160 -227.542
v 141.817 6.060 -232.915
v 147.883 6.060 -241.178
v 155.203 6.060 -235.805
v 149.137 6.060 -227.542
f 3144 3143 3142 3141
f 3137 3138 3142 3141
f 3138 3139 3143 3142
f 3139 3140 3144 3143
f 3140 3137 3141 3144
v 139.486 2.061 -247.585
v 147.640 2.061 -242.314
v 144.214 2.061 -237.015
v 136.060 2.061 -242.286
v 139.486 5.961 -247.585
v 147.640 5.961 -242.314
v 144.214 5.961 -237.015
v 136.060 5.961 -242.286
f 3152 3151 3150 3149
f 3145 3146 3150 3149
f 3146 3147 3151 3150
f 3147 3148 3152 3151
f 3148 3145 3149 3152
v 129.916 2.048 -227.856
v 140.553 2.048 -221.047
v 136.224 2.048 -214.284
v 125.587 2.048 -221.093
v 129.916 5.948 -227.856
v 140.553 5.948 -221.047
v 136.224 5.948 -214.284
v 125.587 5.948 -221.093
f 3160 3159 3158 3157
f 3153 3154 3158 3157
f 3154 3155 3159 3158
f 3155 3156 3160 3159
f 3156 3153 3157 3160
v 120.606 1.913 -241.354
v 138.493 1.913 -228.442
v 133.934 1.913 -222.126
v 116.047 1.913 -235.038
v 120.606 5.813 -241.354
v 138.493 5.813 -228.442
v 133.934 5.813 -222.126
v 116.047 5.813 -235.038
f 3168 3167 3166 3165
f 3161 3162 3166 3165
f 3162 3163 3167 3166
f 3163 3164 3168 3167
f 3164 3161 3165 3168
v 116.271 1.660 -246.515
v 131.200 1.660 -239.349
v 127.089 1.660 -230.785
v 112.160 1.660 -237.951
v 116.271 5.560 -246.515
v 131.200 5.560 -239.349
v 127.089 5.560 -230.785
v 112.160 5.560 -237.951
f 3176 3175 3174 3173
f 3169 3170 3174 3173
f 3170 3171 3175 3174
f 3171 3172 3176 3175
f 3172 3169 3173 3176
v 141.426 1.783 -250.272
v 145.994 1.783 -256.876
v 149.794 1.783 -254.248
v 145.226 1.783 -247.644
v 141.426 5.683 -250.272
v 145.994 5.683 -256.876
v 149.794 5.683 -254.248
v 145.226 5.683 -247.644
f 3184 3183 3182 3181
f 3177 3178 3182 3181
f 3178 3179 3183 3182
f 3179 3180 3184 3183
f 3180 3177 3181 3184
v 94.543 1.526 -245.426
v 105.725 1.526 -267.450
v 116.157 1.526 -262.154
v 104.975 1.526 -240.130
v 94.543 5.426 -245.426
v 105.725 5.426 -267.450
v 116.157 5.426 -262.154
v 104.975 5.426 -240.130
f 3192 3191 3190 3189
f 3185 3186 3190 3189
f 3186 3187 3191 3190
f 3187 3188 3192 3191
f 3188 3185 3189 3192
v 243.602 1.376 -86.570
v 250.158 1.376 -112.752
v 267.978 1.376 -108.290
v 261.422 1.376 -82.108
v 243.602 5.276 -86.570
v 250.158 5.276 -112.752
v 267.978 5.276 -108.290
v 261.422 5.276 -82.108
f 3200 3199 3198 3197
f 3193 3194 3198 3197
f 3194 3195 3199 3198
f 3195 3196 3200 3199
f 3196 3193 3197 3200
v 234.597 1.409 -110.437
v 241.418 1.409 -105.778
v 237.063 1.409 -99.403
v 230.242 1.409 -104.062
v 234.597 5.309 -110.437
v 241.418 5.309 -105.778
v 237.063 5.309 -99.403
v 230.242 5.309 -104.062
f 3208 3207 3206 3205
f 3201 3202 3206 3205
f 3202 3203 3207 3206
f 3203 3204 3208 3207
f 3204 3201 3205 3208
v 238.479 1.304 -84.873
v 248.514 1.304 -99.026
v 255.481 1.304 -94.087
v 245.446 1.304 -79.934
v 238.479 5.204 -84.873
v 248.514 5.204 -99.026
v 255.481 5.204 -94.087
v 245.446 5.204 -79.934
f 3216 3215 3214 3213
f 3209 3210 3214 3213
f 3210 3211 3215 3214
f 3211 3212 3216 3215
f 3212 3209 3213 3216
v 231.721 1.244 -79.242
v 241.663 1.244 -93.873
v 246.659 1.244 -90.478
v 236.717 1.244 -75.847
v 231.721 5.144 -79.242
v 241.663 5.144 -93.873
v 246.659 5.144 -90.478
v 236.717 5.144 -75.847
f 3224 3223 3222 3221
f 3217 3218 3222 3221
f 3218 3219 3223 3222
f 3219 3220 3224 3223
f 3220 3217 3221 3224
v 226.269 1.293 -75.358
v 235.223 1.293 -88.918
v 241.031 1.293 -85.082
v 232.077 1.293 -71.522
v 226.269 5.193 -75.358
v 235.223 5.193 -88.918
v 241.031 5.193 -85.082
v 232.077 5.193 -71.522
f 3232 3231 3230 3229
f 3225 3226 3230 3229
f 3226 3227 3231 3230
f 3227 3228 3232 3231
f 3228 3225 3229 3232
v 215.174 1.190 -71.215
v 228.216 1.190 -88.030
v 235.106 1.190 -82.685
v 222.064 1.190 -65.870
v 215.174 5.090 -71.215
v 228.216 5.090 -88.030
v 235.106 5.090 -82.685
v 222.064 5.090 -65.870
f 3240 3239 3238 3237
f 3233 3234 3238 3237
f 3234 3235 3239 3238
f 3235 3236 3240 3239
f 3236 3233 3237 3240
v 215.228 1.627 -99.255
v 227.746 1.627 -90.064
v 223.532 1.627 -84.325
v 211.014 1.627 -93.516
v 215.228 5.527 -99.255
v 227.746 5.527 -90.064
v 223.532 5.527 -84.325
v 211.014 5.527 -93.516
f 3248 3247 3246 3245
f 3241 3242 3246 3245
f 3242 3243 3247 3246
f 3243 3244 3248 3247
f 3244 3241 3245 3248
v 211.109 1.497 -105.495
v 224.881 1.497 -96.664
v 221.431 1.497 -91.285
v 207.659 1.497 -100.116
v 211.109 5.397 -105.495
v 224.881 5.397 -96.664
v 221.431 5.397 -91.285
v 207.659 5.397 -100.116
f 3256 3255 3254 3253
f 3249 3250 3254 3253
f 3250 3251 3255 3254
f 3251 3252 3256 3255
f 3252 3249 3253 3256
v 207.919 1.197 -113.653
v 220.158 1.197 -105.385
v 216.201 1.197 -99.527
v 203.962 1.197 -107.795
v 207.919 5.097 -113.653
v 220.158 5.097 -105.385
v 216.201 5.097 -99.527
v 203.962 5.097 -107.795
f 3264 3263 3262 3261
f 3257 3258 3262 3261
f 3258 3259 3263 3262
f 3259 3260 3264 3263
f 3260 3257 3261 3264
v 201.121 1.125 -121.595
v 218.880 1.125 -111.886
v 215.479 1.125 -105.665
v 197.720 1.125 -115.374
v 201.121 5.025 -121.595
v 218.880 5.025 -111.886
v 215.479 5.025 -105.665
v 197.720 5.025 -115.374
f 3272 3271 3270 3269
f 3265 3266 3270 3269
f 3266 3267 3271 3270
f 3267 3268 3272 3271
f 3268 3265 3269 3272
v 228.584 1.453 -156.862
v 254.901 1.453 -136.573
v 246.256 1.453 -125.358
v 219.939 1.453 -145.647
v 228.584 5.353 -156.862
v 254.901 5.353 -136.573
v 246.256 5.353 -125.358
v 219.939 5.353 -145.647
f 3280 3279 3278 3277
f 3273 3274 3278 3277
f 3274 3275 3279 3278
f 3275 3276 3280 3279
f 3276 3273 3277 3280
v 249.673 1.429 -136.249
v 265.284 1.429 -124.713
v 259.947 1.429 -117.491
v 244.336 1.429 -129.027
v 249.673 5.329 -136.249
v 265.284 5.329 -124.713
v 259.947 5.329 -117.491
v 244.336 5.329 -129.027
f 3288 3287 3286 3285
f 3281 3282 3286 3285
f 3282 3283 3287 3286
f 3283 3284 3288 3287
f 3284 3281 3285 3288
v 229.781 1.539 -161.350
v 247.517 1.539 -149.446
v 243.399 1.539 -143.310
v 225.663 1.539 -155.214
v 229.781 5.439 -161.350
v 247.517 5.439 -149.446
v 243.399 5.439 -143.310
v 225.663 5.439 -155.214
f 3296 3295 3294 3293
f 3289 3290 3294 3293
f 3290 3291 3295 3294
f 3291 3292 3296 3295
f 3292 3289 3293 3296
v 198.841 1.151 -124.231
v 208.793 1.151 -117.615
v 205.039 1.151 -111.969
v 195.087 1.151 -118.585
v 198.841 5.051 -124.231
v 208.793 5.051 -117.615
v 205.039 5.051 -111.969
v 195.087 5.051 -118.585
f 3304 3303 3302 3301
f 3297 3298 3302 3301
f 3298 3299 3303 3302
f 3299 3300 3304 3303
f 3300 3297 3301 3304
v 191.540 1.145 -135.761
v 208.049 1.145 -124.347
v 204.420 1.145 -119.099
v 187.911 1.145 -130.513
v 191.540 5.045 -135.761
v 208.049 5.045 -124.347
v 204.420 5.045 -119.099
v 187.911 5.045 -130.513
f 3312 3311 3310 3309
f 3305 3306 3310 3309
f 3306 3307 3311 3310
f 3307 3308 3312 3311
f 3308 3305 3309 3312
v 187.679 1.162 -141.790
v 203.787 1.162 -131.250
v 200.501 1.162 -126.230
v 184.393 1.162 -136.770
v 187.679 5.062 -141.790
v 203.787 5.062 -131.250
v 200.501 5.062 -126.230
v 184.393 5.062 -136.770
f 3320 3319 3318 3317
f 3313 3314 3318 3317
f 3314 3315 3319 3318
f 3315 3316 3320 3319
f 3316 3313 3317 3320
v 177.739 1.581 -138.814
v 184.872 1.581 -148.711
v 194.201 1.581 -141.986
v 187.068 1.581 -132.089
v 177.739 5.481 -138.814
v 184.872 5.481 -148.711
v 194.201 5.481 -141.986
v 187.068 5.481 -132.089
f 3328 3327 3326 3325
f 3321 3322 3326 3325
f 3322 3323 3327 3326
f 3323 3324 3328 3327
f 3324 3321 3325 3328
v 164.061 0.484 -149.360
v 177.524 0.484 -163.509
v 185.899 0.484 -155.540
v 172.436 0.484 -141.391
v 164.061 4.384 -149.360
v 177.524 4.384 -163.509
v 185.899 4.384 -155.540
v 172.436 4.384 -141.391
f 3336 3335 3334 3333
f 3329 3330 3334 3333
f 3330 3331 3335 3334
f 3331 3332 3336 3335
f 3332 3329 3333 3336
v 183.891 1.268 -157.385
v 196.766 1.268 -172.585
v 206.929 1.268 -163.975
v 194.054 1.268 -148.775
v 183.891 5.168 -157.385
v 196.766 5.168 -172.585
v 206.929 5.168 -163.975
v 194.054 5.168 -148.775
f 3344 3343 3342 3341
f 3337 3338 3342 3341
f 3338 3339 3343 3342
f 3339 3340 3344 3343
f 3340 3337 3341 3344
v 199.201 1.193 -162.793
v 209.964 1.193 -179.125
v 214.999 1.193 -175.807
v 204.236 1.193 -159.475
v 199.201 5.093 -162.793
v 209.964 5.093 -179.125
v 214.999 5.093 -175.807
v 204.236 5.093 -159.475
f 3352 3351 3350 3349
f 3345 3346 3350 3349
f 3346 3347 3351 3350
f 3347 3348 3352 3351
f 3348 3345 3349 3352
v 222.372 1.601 -175.007
v 236.770 1.601 -165.076
v 233.568 1.601 -160.433
v 219.170 1.601 -170.364
v 222.372 5.501 -175.007
v 236.770 5.501 -165.076
v 233.568 5.501 -160.433
v 219.170 5.501 -170.364
f 3360 3359 3358 3357
f 3353 3354 3358 3357
f 3354 3355 3359 3358
f 3355 3356 3360 3359
f 3356 3353 3357 3360
v 207.882 1.189 -145.020
v 211.015 1.189 -148.748
v 214.498 1.189 -145.820
v 211.365 1.189 -142.092
v 207.882 5.089 -145.020
v 211.015 5.089 -148.748
v 214.498 5.089 -145.820
v 211.365 5.089 -142.092
f 3368 3367 3366 3365
f 3361 3362 3366 3365
f 3362 3363 3367 3366
f 3363 3364 3368 3367
f 3364 3361 3365 3368
v 205.545 1.245 -150.109
v 207.165 1.245 -153.121
v 209.375 1.245 -151.931
v 207.755 1.245 -148.919
v 205.545 5.145 -150.109
v 207.165 5.145 -153.121
v 209.375 5.145 -151.931
v 207.755 5.145 -148.919
f 3376 3375 3374 3373
f 3369 3370 3374 3373
f 3370 3371 3375 3374
f 3371 3372 3376 3375
f 3372 3369 3373 3376
v 236.337 1.661 -247.671
v 247.096 1.661 -225.049
v 223.463 1.661 -213.809
v 212.704 1.661 -236.431
v 236.337 5.561 -247.671
v 247.096 5.561 -225.049
v 223.463 5.561 -213.809
v 212.704 5.561 -236.431
f 3384 3383 3382 3381
f 3377 3378 3382 3381
f 3378 3379 3383 3382
f 3379 3380 3384 3383
f 3380 3377 3381 3384
v 233.792 1.574 -239.353
v 240.602 1.574 -249.608
v 247.108 1.574 -245.287
v 240.298 1.574 -235.032
v 233.792 5.474 -239.353
v 240.602 5.474 -249.608
v 247.108 5.474 -245.287
v 240.298 5.474 -235.032
f 3392 3391 3390 3389
f 3385 3386 3390 3389
f 3386 3387 3391 3390
f 3387 3388 3392 3391
f 3388 3385 3389 3392
v -191.724 1.664 -205.455
v -183.543 1.664 -220.619
v -173.396 1.664 -215.145
v -181.577 1.664 -199.981
v -191.724 5.564 -205.455
v -183.543 5.564 -220.619
v -173.396 5.564 -215.145
v -181.577 5.564 -199.981
f 3400 3399 3398 3397
f 3393 3394 3398 3397
f 3394 3395 3399 3398
f 3395 3396 3400 3399
f 3396 3393 3397 3400
v -200.280 1.428 -201.720
v -193.442 1.428 -212.327
v -186.760 1.428 -208.020
v -193.598 1.428 -197.413
v -200.280 5.328 -201.720
v -193.442 5.328 -212.327
v -186.760 5.328 -208.020
v -193.598 5.328 -197.413
f 3408 3407 3406 3405
f 3401 3402 3406 3405
f 3402 3403 3407 3406
f 3403 3404 3408 3407
f 3404 3401 3405 3408
v -179.621 1.545 -202.839
v -175.508 1.545 -199.757
v -177.199 1.545 -197.501
v -181.312 1.545 -200.583
v -179.621 5.445 -202.839
v -175.508 5.445 -199.757
v -177.199 5.445 -197.501
v -181.312 5.445 -200.583
f 3416 3415 3414 3413
f 3409 3410 3414 3413
f 3410 3411 3415 3414
f 3411 3412 3416 3415
f 3412 3409 3413 3416
v -209.149 1.425 -194.754
v -203.563 1.425 -207.373
v -194.511 1.425 -203.366
v -200.097 1.425 -190.747
v -209.149 5.325 -194.754
v -203.563 5.325 -207.373
v -194.511 5.325 -203.366
v -200.097 5.325 -190.747
f 3424 3423 3422 3421
f 3417 3418 3422 3421
f 3418 3419 3423 3422
f 3419 3420 3424 3423
f 3420 3417 3421 3424
v -218.279 1.515 -186.090
v -214.093 1.515 -201.595
v -203.261 1.515 -198.670
v -207.447 1.515 -183.165
v -218.279 5.415 -186.090
v -214.093 5.415 -201.595
v -203.261 5.415 -198.670
v -207.447 5.415 -183.165
f 3432 3431 3430 3429
f 3425 3426 3430 3429
f 3426 3427 3431 3430
f 3427 3428 3432 3431
f 3428 3425 3429 3432
v -185.653 1.737 -199.069
v -164.041 1.737 -188.246
v -169.267 1.737 -177.811
v -190.879 1.737 -188.634
v -185.653 5.637 -199.069
v -164.041 5.637 -188.246
v -169.267 5.637 -177.811
v -190.879 5.637 -188.634
f 3440 3439 3438 3437
f 3433 3434 3438 3437
f 3434 3435 3439 3438
f 3435 3436 3440 3439
f 3436 3433 3437 3440
v -226.601 1.525 -182.649
v -217.858 1.525 -194.565
v -212.279 1.525 -190.471
v -221.022 1.525 -178.555
v -226.601 5.425 -182.649
v -217.858 5.425 -194.565
v -212.279 5.425 -190.471
v -221.022 5.425 -178.555
f 3448 3447 3446 3445
f 3441 3442 3446 3445
f 3442 3443 3447 3446
f 3443 3444 3448 3447
f 3444 3441 3445 3448
v -231.961 1.372 -178.302
v -224.170 1.372 -189.204
v -220.159 1.372 -186.338
v -227.950 1.372 -175.436
v -231.961 5.272 -178.302
v -224.170 5.272 -189.204
v -220.159 5.272 -186.338
v -227.950 5.272 -175.436
f 3456 3455 3454 3453
f 3449 3450 3454 3453
f 3450 3451 3455 3454
f 3451 3452 3456 3455
f 3452 3449 3453 3456
v -240.452 1.569 -171.852
v -232.190 1.569 -184.191
v -227.288 1.569 -180.908
v -235.550 1.569 -168.569
v -240.452 5.469 -171.852
v -232.190 5.469 -184.191
v -227.288 5.469 -180.908
v -235.550 5.469 -168.569
f 3464 3463 3462 3461
f 3457 3458 3462 3461
f 3458 3459 3463 3462
f 3459 3460 3464 3463
f 3460 3457 3461 3464
v -247.306 1.396 -169.267
v -239.884 1.396 -179.842
v -235.054 1.396 -176.453
v -242.476 1.396 -165.878
v -247.306 5.296 -169.267
v -239.884 5.296 -179.842
v -235.054 5.296 -176.453
v -242.476 5.296 -165.878
f 3472 3471 3470 3469
f 3465 3466 3470 3469
f 3466 3467 3471 3470
f 3467 3468 3472 3471
f 3468 3465 3469 3472
v -254.003 1.571 -163.628
v -246.354 1.571 -175.473
v -241.397 1.571 -172.272
v -249.046 1.571 -160.427
v -254.003 5.471 -163.628
v -246.354 5.471 -175.473
v -241.397 5.471 -172.272
v -249.046 5.471 -160.427
f 3480 3479 3478 3477
f 3473 3474 3478 3477
f 3474 3475 3479 3478
f 3475 3476 3480 3479
f 3476 3473 3477 3480
v -261.982 1.268 -160.458
v -253.669 1.268 -170.712
v -248.278 1.268 -166.342
v -256.591 1.268 -156.088
v -261.982 5.168 -160.458
v -253.669 5.168 -170.712
v -248.278 5.168 -166.342
v -256.591 5.168 -156.088
f 3488 3487 3486 3485
f 3481 3482 3486 3485
f 3482 3483 3487 3486
f 3483 3484 3488 3487
f 3484 3481 3485 3488
v -240.695 1.186 -156.357
v -229.407 1.186 -148.683
v -234.085 1.186 -141.803
v -245.373 1.186 -149.477
v -240.695 5.086 -156.357
v -229.407 5.086 -148.683
v -234.085 5.086 -141.803
v -245.373 5.086 -149.477
f 3496 3495 3494 3493
f 3489 3490 3494 3493
f 3490 3491 3495 3494
f 3491 3492 3496 3495
f 3492 3489 3493 3496
v -235.163 1.652 -158.903
v -229.870 1.652 -167.151
v -222.557 1.652 -162.457
v -227.850 1.652 -154.209
v -235.163 5.552 -158.903
v -229.870 5.552 -167.151
v -222.557 5.552 -162.457
v -227.850 5.552 -154.209
f 3504 3503 3502 3501
f 3497 3498 3502 3501
f 3498 3499 3503 3502
f 3499 3500 3504 3503
f 3500 3497 3501 3504
v -224.020 1.782 -169.594
v -220.335 1.782 -167.642
v -222.240 1.782 -164.046
v -225.925 1.782 -165.998
v -224.020 5.682 -169.594
v -220.335 5.682 -167.642
v -222.240 5.682 -164.046
v -225.925 5.682 -165.998
f 3512 3511 3510 3509
f 3505 3506 3510 3509
f 3506 3507 3511 3510
f 3507 3508 3512 3511
f 3508 3505 3509 3512
v -218.233 1.885 -177.233
v -201.677 1.885 -165.452
v -208.327 1.885 -156.107
v -224.883 1.885 -167.888
v -218.233 5.785 -177.233
v -201.677 5.785 -165.452
v -208.327 5.785 -156.107
v -224.883 5.785 -167.888
f 3520 3519 3518 3517
f 3513 3514 3518 3517
f 3514 3515 3519 3518
f 3515 3516 3520 3519
f 3516 3513 3517 3520
v -101.853 1.608 -118.573
v -88.338 1.608 -130.689
v -79.927 1.608 -121.307
v -93.442 1.608 -109.191
v -101.853 5.508 -118.573
v -88.338 5.508 -130.689
v -79.927 5.508 -121.307
v -93.442 5.508 -109.191
f 3528 3527 3526 3525
f 3521 3522 3526 3525
f 3522 3523 3527 3526
f 3523 3524 3528 3527
f 3524 3521 3525 3528
v -168.299 1.505 -69.508
v -158.720 1.505 -84.094
v -153.721 1.505 -80.812
v -163.300 1.505 -66.226
v -168.299 5.405 -69.508
v -158.720 5.405 -84.094
v -153.721 5.405 -80.812
v -163.300 5.405 -66.226
f 3536 3535 3534 3533
f 3529 3530 3534 3533
f 3530 3531 3535 3534
f 3531 3532 3536 3535
f 3532 3529 3533 3536
v -160.289 1.683 -59.405
v -141.465 1.683 -49.480
v -146.171 1.683 -40.555
v -164.995 1.683 -50.480
v -160.289 5.583 -59.405
v -141.465 5.583 -49.480
v -146.171 5.583 -40.555
v -164.995 5.583 -50.480
f 3544 3543 3542 3541
f 3537 3538 3542 3541
f 3538 3539 3543 3542
f 3539 3540 3544 3543
f 3540 3537 3541 3544
v -26.729 1.523 -69.051
v -10.436 1.523 -51.936
v -21.851 1.523 -41.069
v -38.144 1.523 -58.184
v -26.729 5.423 -69.051
v -10.436 5.423 -51.936
v -21.851 5.423 -41.069
v -38.144 5.423 -58.184
f 3552 3551 3550 3549
f 3545 3546 3550 3549
f 3546 3547 3551 3550
f 3547 3548 3552 3551
f 3548 3545 3549 3552
v -39.653 1.408 -75.492
v -20.620 1.408 -62.561
v -24.447 1.408 -56.928
v -43.480 1.408 -69.859
v -39.653 5.308 -75.492
v -20.620 5.308 -62.561
v -24.447 5.308 -56.928
v -43.480 5.308 -69.859
f 3560 3559 3558 3557
f 3553 3554 3558 3557
f 3554 3555 3559 3558
f 3555 3556 3560 3559
f 3556 3553 3557 3560
v -37.312 1.198 -81.801
v -24.784 1.198 -73.552
v -28.348 1.198 -68.139
v -40.876 1.198 -76.388
v -37.312 5.098 -81.801
v -24.784 5.098 -73.552
v -28.348 5.098 -68.139
v -40.876 5.098 -76.388
f 3568 3567 3566 3565
f 3561 3562 3566 3565
f 3562 3563 3567 3566
f 3563 3564 3568 3567
f 3564 3561 3565 3568
v -51.478 1.584 -85.437
v -34.300 1.584 -73.798
v -37.902 1.584 -68.483
v -55.080 1.584 -80.122
v -51.478 5.484 -85.437
v -34.300 5.484 -73.798
v -37.902 5.484 -68.483
v -55.080 5.484 -80.122
f 3576 3575 3574 3573
f 3569 3570 3574 3573
f 3570 3571 3575 3574
f 3571 3572 3576 3575
f 3572 3569 3573 3576
v -52.611 1.384 -95.930
v -32.314 1.384 -83.159
v -36.409 1.384 -76.650
v -56.706 1.384 -89.421
v -52.611 5.284 -95.930
v -32.314 5.284 -83.159
v -36.409 5.284 -76.650
v -56.706 5.284 -89.421
f 3584 3583 3582 3581
f 3577 3578 3582 3581
f 3578 3579 3583 3582
f 3579 3580 3584 3583
f 3580 3577 3581 3584
v -51.854 1.278 -104.283
v -38.515 1.278 -95.630
v -43.946 1.278 -87.257
v -57.285 1.278 -95.910
v -51.854 5.178 -104.283
v -38.515 5.178 -95.630
v -43.946 5.178 -87.257
v -57.285 5.178 -95.910
f 3592 3591 3590 3589
f 3585 3586 3590 3589
f 3586 3587 3591 3590
f 3587 3588 3592 3591
f 3588 3585 3589 3592
v -71.196 1.873 -120.835
v -42.767 1.873 -107.859
v -50.104 1.873 -91.785
v -78.533 1.873 -104.761
v -71.196 5.773 -120.835
v -42.767 5.773 -107.859
v -50.104 5.773 -91.785
v -78.533 5.773 -104.761
f 3600 3599 3598 3597
f 3593 3594 3598 3597
f 3594 3595 3599 3598
f 3595 3596 3600 3599
f 3596 3593 3597 3600
v -60.183 1.645 -121.942
v -51.247 1.645 -116.056
v -54.157 1.645 -111.638
v -63.093 1.645 -117.524
v -60.183 5.545 -121.942
v -51.247 5.545 -116.056
v -54.157 5.545 -111.638
v -63.093 5.545 -117.524
f 3608 3607 3606 3605
f 3601 3602 3606 3605
f 3602 3603 3607 3606
f 3603 3604 3608 3607
f 3604 3601 3605 3608
v -70.801 1.619 -133.049
v -54.125 1.619 -123.136
v -60.619 1.619 -112.211
v -77.295 1.619 -122.124
v -70.801 5.519 -133.049
v -54.125 5.519 -123.136
v -60.619 5.519 -112.211
v -77.295 5.519 -122.124
f 3616 3615 3614 3613
f 3609 3610 3614 3613
f 3610 3611 3615 3614
f 3611 3612 3616 3615
f 3612 3609 3613 3616
v -85.759 1.421 -118.516
v -72.323 1.421 -109.665
v -76.421 1.421 -103.444
v -89.857 1.421 -112.295
v -85.759 5.321 -118.516
v -72.323 5.321 -109.665
v -76.421 5.321 -103.444
v -89.857 5.321 -112.295
f 3624 3623 3622 3621
f 3617 3618 3622 3621
f 3618 3619 3623 3622
f 3619 3620 3624 3623
f 3620 3617 3621 3624
v -79.698 1.362 -110.490
v -66.681 1.362 -79.373
v -93.462 1.362 -68.170
v -106.479 1.362 -99.287
v -79.698 7.162 -110.490
v -66.681 7.162 -79.373
v -93.462 7.162 -68.170
v -106.479 7.162 -99.287
f 3632 3631 3630 3629
f 3625 3626 3630 3629
f 3626 3627 3631 3630
f 3627 3628 3632 3631
f 3628 3625 3629 3632
v -75.485 1.567 -79.355
v -56.996 1.567 -63.710
v -66.155 1.567 -52.885
v -84.644 1.567 -68.530
v -75.485 5.467 -79.355
v -56.996 5.467 -63.710
v -66.155 5.467 -52.885
v -84.644 5.467 -68.530
f 3640 3639 3638 3637
f 3633 3634 3638 3637
f 3634 3635 3639 3638
f 3635 3636 3640 3639
f 3636 3633 3637 3640
v -61.455 1.076 -70.262
v -55.850 1.076 -65.822
v -59.545 1.076 -61.158
v -65.150 1.076 -65.598
v -61.455 4.976 -70.262
v -55.850 4.976 -65.822
v -59.545 4.976 -61.158
v -65.150 4.976 -65.598
f 3648 3647 3646 3645
f 3641 3642 3646 3645
f 3642 3643 3647 3646
f 3643 3644 3648 3647
f 3644 3641 3645 3648
v -56.334 1.479 -64.940
v -51.698 1.479 -61.571
v -53.726 1.479 -58.780
v -58.362 1.479 -62.149
v -56.334 5.379 -64.940
v -51.698 5.379 -61.571
v -53.726 5.379 -58.780
v -58.362 5.379 -62.149
f 3656 3655 3654 3653
f 3649 3650 3654 3653
f 3650 3651 3655 3654
f 3651 3652 3656 3655
f 3652 3649 3653 3656
v -61.235 1.353 -60.673
v -46.439 1.353 -50.725
v -51.265 1.353 -43.547
v -66.061 1.353 -53.495
v -61.235 5.253 -60.673
v -46.439 5.253 -50.725
v -51.265 5.253 -43.547
v -66.061 5.253 -53.495
f 3664 3663 3662 3661
f 3657 3658 3662 3661
f 3658 3659 3663 3662
f 3659 3660 3664 3663
f 3660 3657 3661 3664
v -45.840 1.244 -54.604
v -40.235 1.244 -50.460
v -42.500 1.244 -47.396
v -48.105 1.244 -51.540
v -45.840 5.144 -54.604
v -40.235 5.144 -50.460
v -42.500 5.144 -47.396
v -48.105 5.144 -51.540
f 3672 3671 3670 3669
f 3665 3666 3670 3669
f 3666 3667 3671 3670
f 3667 3668 3672 3671
f 3668 3665 3669 3672
v -130.171 1.441 167.142
v -121.435 1.441 151.073
v -113.809 1.441 155.218
v -122.545 1.441 171.287
v -130.171 5.341 167.142
v -121.435 5.341 151.073
v -113.809 5.341 155.218
v -122.545 5.341 171.287
f 3680 3679 3678 3677
f 3673 3674 3678 3677
f 3674 3675 3679 3678
f 3675 3676 3680 3679
f 3676 3673 3677 3680
v -136.077 1.600 170.687
v -126.792 1.600 156.578
v -121.663 1.600 159.953
v -130.948 1.600 174.062
v -136.077 5.500 170.687
v -126.792 5.500 156.578
v -121.663 5.500 159.953
v -130.948 5.500 174.062
f 3688 3687 3686 3685
f 3681 3682 3686 3685
f 3682 3683 3687 3686
f 3683 3684 3688 3687
f 3684 3681 3685 3688
v -139.878 1.539 176.070
v -131.791 1.539 164.289
v -126.342 1.539 168.030
v -134.429 1.539 179.811
v -139.878 5.439 176.070
v -131.791 5.439 164.289
v -126.342 5.439 168.030
v -134.429 5.439 179.811
f 3696 3695 3694 3693
f 3689 3690 3694 3693
f 3690 3691 3695 3694
f 3691 3692 3696 3695
f 3692 3689 3693 3696
v -149.126 1.660 179.752
v -138.704 1.660 164.540
v -133.614 1.660 168.028
v -144.036 1.660 183.240
v -149.126 5.560 179.752
v -138.704 5.560 164.540
v -133.614 5.560 168.028
v -144.036 5.560 183.240
f 3704 3703 3702 3701
f 3697 3698 3702 3701
f 3698 3699 3703 3702
f 3699 3700 3704 3703
f 3700 3697 3701 3704
v -158.496 1.573 183.710
v -144.757 1.573 164.264
v -139.824 1.573 167.750
v -153.563 1.573 187.196
v -158.496 5.473 183.710
v -144.757 5.473 164.264
v -139.824 5.473 167.750
v -153.563 5.473 187.196
f 3712 3711 3710 3709
f 3705 3706 3710 3709
f 3706 3707 3711 3710
f 3707 3708 3712 3711
f 3708 3705 3709 3712
v -163.449 1.560 183.689
v -156.243 1.560 171.395
v -149.151 1.560 175.551
v -156.357 1.560 187.845
v -163.449 5.460 183.689
v -156.243 5.460 171.395
v -149.151 5.460 175.551
v -156.357 5.460 187.845
f 3720 3719 3718 3717
f 3713 3714 3718 3717
f 3714 3715 3719 3718
f 3715 3716 3720 3719
f 3716 3713 3717 3720
v -178.992 1.657 190.993
v -166.010 1.657 170.819
v -157.668 1.657 176.187
v -170.650 1.657 196.361
v -178.992 5.557 190.993
v -166.010 5.557 170.819
v -157.668 5.557 176.187
v -170.650 5.557 196.361
f 3728 3727 3726 3725
f 3721 3722 3726 3725
f 3722 3723 3727 3726
f 3723 3724 3728 3727
f 3724 3721 3725 3728
v -186.720 1.681 157.698
v -169.981 1.681 162.664
v -173.920 1.681 175.942
v -190.659 1.681 170.976
v -186.720 5.581 157.698
v -169.981 5.581 162.664
v -173.920 5.581 175.942
v -190.659 5.581 170.976
f 3736 3735 3734 3733
f 3729 3730 3734 3733
f 3730 3731 3735 3734
f 3731 3732 3736 3735
f 3732 3729 3733 3736
v -137.950 1.583 134.238
v -133.410 1.583 147.269
v -145.790 1.583 151.582
v -150.330 1.583 138.551
v -137.950 5.483 134.238
v -133.410 5.483 147.269
v -145.790 5.483 151.582
v -150.330 5.483 138.551
f 3744 3743 3742 3741
f 3737 3738 3742 3741
f 3738 3739 3743 3742
f 3739 3740 3744 3743
f 3740 3737 3741 3744
v -142.170 1.563 153.402
v -138.859 1.563 148.713
v -135.510 1.563 151.078
v -138.821 1.563 155.767
v -142.170 5.463 153.402
v -138.859 5.463 148.713
v -135.510 5.463 151.078
v -138.821 5.463 155.767
f 3752 3751 3750 3749
f 3745 3746 3750 3749
f 3746 3747 3751 3750
f 3747 3748 3752 3751
f 3748 3745 3749 3752
v -201.522 1.591 118.364
v -185.214 1.591 128.016
v -192.778 1.591 140.796
v -209.086 1.591 131.144
v -201.522 5.491 118.364
v -185.214 5.491 128.016
v -192.778 5.491 140.796
v -209.086 5.491 131.144
f 3760 3759 3758 3757
f 3753 3754 3758 3757
f 3754 3755 3759 3758
f 3755 3756 3760 3759
f 3756 3753 3757 3760
v -219.979 1.546 127.422
v -209.953 1.546 130.895
v -213.321 1.546 140.618
v -223.347 1.546 137.145
v -219.979 5.446 127.422
v -209.953 5.446 130.895
v -213.321 5.446 140.618
v -223.347 5.446 137.145
f 3768 3767 3766 3765
f 3761 3762 3766 3765
f 3762 3763 3767 3766
f 3763 3764 3768 3767
f 3764 3761 3765 3768
v -158.116 1.776 227.000
v -150.928 1.776 207.812
v -139.644 1.776 212.040
v -146.832 1.776 231.228
v -158.116 5.676 227.000
v -150.928 5.676 207.812
v -139.644 5.676 212.040
v -146.832 5.676 231.228
f 3776 3775 3774 3773
f 3769 3770 3774 3773
f 3770 3771 3775 3774
f 3771 3772 3776 3775
f 3772 3769 3773 3776
v -145.572 1.853 213.383
v -138.082 1.853 202.770
v -130.108 1.853 208.397
v -137.598 1.853 219.010
v -145.572 5.753 213.383
v -138.082 5.753 202.770
v -130.108 5.753 208.397
v -137.598 5.753 219.010
f 3784 3783 3782 3781
f 3777 3778 3782 3781
f 3778 3779 3783 3782
f 3779 3780 3784 3783
f 3780 3777 3781 3784
v -136.495 1.865 207.439
v -127.643 1.865 196.298
v -118.905 1.865 203.241
v -127.757 1.865 214.382
v -136.495 5.765 207.439
v -127.643 5.765 196.298
v -118.905 5.765 203.241
v -127.757 5.765 214.382
f 3792 3791 3790 3789
f 3785 3786 3790 3789
f 3786 3787 3791 3790
f 3787 3788 3792 3791
f 3788 3785 3789 3792
v -126.425 1.820 200.596
v -118.689 1.820 189.277
v -110.895 1.820 194.604
v -118.631 1.820 205.923
v -126.425 5.720 200.596
v -118.689 5.720 189.277
v -110.895 5.720 194.604
v -118.631 5.720 205.923
f 3800 3799 3798 3797
f 3793 3794 3798 3797
f 3794 3795 3799 3798
f 3795 3796 3800 3799
f 3796 3793 3797 3800
v -107.674 1.899 179.443
v -95.890 1.899 192.650
v -106.746 1.899 202.337
v -118.530 1.899 189.130
v -107.674 5.799 179.443
v -95.890 5.799 192.650
v -106.746 5.799 202.337
v -118.530 5.799 189.130
f 3808 3807 3806 3805
f 3801 3802 3806 3805
f 3802 3803 3807 3806
f 3803 3804 3808 3807
f 3804 3801 3805 3808
v -114.000 1.810 195.749
v -92.160 1.810 206.809
v -96.800 1.810 215.971
v -118.640 1.810 204.911
v -114.000 5.710 195.749
v -92.160 5.710 206.809
v -96.800 5.710 215.971
v -118.640 5.710 204.911
f 3816 3815 3814 3813
f 3809 3810 3814 3813
f 3810 3811 3815 3814
f 3811 3812 3816 3815
f 3812 3809 3813 3816
v -98.810 1.846 207.904
v -82.806 1.846 218.384
v -86.690 1.846 224.316
v -102.694 1.846 213.836
v -98.810 5.746 207.904
v -82.806 5.746 218.384
v -86.690 5.746 224.316
v -102.694 5.746 213.836
f 3824 3823 3822 3821
f 3817 3818 3822 3821
f 3818 3819 3823 3822
f 3819 3820 3824 3823
f 3820 3817 3821 3824
v -93.878 1.972 216.211
v -77.378 1.972 227.082
v -80.822 1.972 232.309
v -97.322 1.972 221.438
v -93.878 5.872 216.211
v -77.378 5.872 227.082
v -80.822 5.872 232.309
v -97.322 5.872 221.438
f 3832 3831 3830 3829
f 3825 3826 3830 3829
f 3826 3827 3831 3830
f 3827 3828 3832 3831
f 3828 3825 3829 3832
v -84.961 2.207 228.932
v -68.063 2.207 238.131
v -73.299 2.207 247.748
v -90.197 2.207 238.549
v -84.961 6.107 228.932
v -68.063 6.107 238.131
v -73.299 6.107 247.748
v -90.197 6.107 238.549
f 3840 3839 3838 3837
f 3833 3834 3838 3837
f 3834 3835 3839 3838
f 3835 3836 3840 3839
f 3836 3833 3837 3840
v -73.968 2.311 240.157
v -62.620 2.311 249.641
v -69.892 2.311 258.343
v -81.240 2.311 248.859
v -73.968 6.211 240.157
v -62.620 6.211 249.641
v -69.892 6.211 258.343
v -81.240 6.211 248.859
f 3848 3847 3846 3845
f 3841 3842 3846 3845
f 3842 3843 3847 3846
f 3843 3844 3848 3847
f 3844 3841 3845 3848
v -99.772 2.278 248.431
v -89.957 2.278 254.248
v -92.328 2.278 258.249
v -102.143 2.278 252.432
v -99.772 6.178 248.431
v -89.957 6.178 254.248
v -92.328 6.178 258.249
v -102.143 6.178 252.432
f 3856 3855 3854 3853
f 3849 3850 3854 3853
f 3850 3851 3855 3854
f 3851 3852 3856 3855
f 3852 3849 3853 3856
v -124.151 2.205 243.086
v -111.164 2.205 252.190
v -115.429 2.205 258.274
v -128.416 2.205 249.170
v -124.151 6.105 243.086
v -111.164 6.105 252.190
v -115.429 6.105 258.274
v -128.416 6.105 249.170
f 3864 3863 3862 3861
f 3857 3858 3862 3861
f 3858 3859 3863 3862
f 3859 3860 3864 3863
f 3860 3857 3861 3864
v -110.291 2.016 233.289
v -98.543 2.016 241.908
v -103.329 2.016 248.431
v -115.077 2.016 239.812
v -110.291 5.916 233.289
v -98.543 5.916 241.908
v -103.329 5.916 248.431
v -115.077 5.916 239.812
f 3872 3871 3870 3869
f 3865 3866 3870 3869
f 3866 3867 3871 3870
f 3867 3868 3872 3871
f 3868 3865 3869 3872
v -138.721 1.865 228.883
v -108.059 1.865 230.916
v -109.539 1.865 253.237
v -140.201 1.865 251.204
v -138.721 5.765 228.883
v -108.059 5.765 230.916
v -109.539 5.765 253.237
v -140.201 5.765 251.204
f 3880 3879 3878 3877
f 3873 3874 3878 3877
f 3874 3875 3879 3878
f 3875 3876 3880 3879
f 3876 3873 3877 3880
v -122.143 1.861 228.941
v -116.801 1.861 220.856
v -110.077 1.861 225.299
v -115.419 1.861 233.384
v -122.143 5.761 228.941
v -116.801 5.761 220.856
v -110.077 5.761 225.299
v -115.419 5.761 233.384
f 3888 3887 3886 3885
f 3881 3882 3886 3885
f 3882 3883 3887 3886
f 3883 3884 3888 3887
f 3884 3881 3885 3888
v -96.209 1.929 181.222
v -84.909 1.929 166.764
v -74.911 1.929 174.578
v -86.211 1.929 189.036
v -96.209 5.829 181.222
v -84.909 5.829 166.764
v -74.911 5.829 174.578
v -86.211 5.829 189.036
f 3896 3895 3894 3893
f 3889 3890 3894 3893
f 3890 3891 3895 3894
f 3891 3892 3896 3895
f 3892 3889 3893 3896
v -78.799 1.891 183.324
v -71.097 1.891 188.132
v -74.121 1.891 192.976
v -81.823 1.891 188.168
v -78.799 5.791 183.324
v -71.097 5.791 188.132
v -74.121 5.791 192.976
v -81.823 5.791 188.168
f 3904 3903 3902 3901
f 3897 3898 3902 3901
f 3898 3899 3903 3902
f 3899 3900 3904 3903
f 3900 3897 3901 3904
v -79.045 2.038 200.267
v -73.059 2.038 190.285
v -65.375 2.038 194.893
v -71.361 2.038 204.875
v -79.045 5.938 200.267
v -73.059 5.938 190.285
v -65.375 5.938 194.893
v -71.361 5.938 204.875
f 3912 3911 3910 3909
f 3905 3906 3910 3909
f 3906 3907 3911 3910
f 3907 3908 3912 3911
f 3908 3905 3909 3912
v -81.265 2.022 178.057
v -70.768 2.022 163.830
v -62.375 2.022 170.023
v -72.872 2.022 184.250
v -81.265 5.922 178.057
v -70.768 5.922 163.830
v -62.375 5.922 170.023
v -72.872 5.922 184.250
f 3920 3919 3918 3917
f 3913 3914 3918 3917
f 3914 3915 3919 3918
f 3915 3916 3920 3919
f 3916 3913 3917 3920
v -65.008 2.134 197.998
v -51.828 2.134 206.784
v -55.732 2.134 212.642
v -68.912 2.134 203.856
v -65.008 6.034 197.998
v -51.828 6.034 206.784
v -55.732 6.034 212.642
v -68.912 6.034 203.856
f 3928 3927 3926 3925
f 3921 3922 3926 3925
f 3922 3923 3927 3926
f 3923 3924 3928 3927
f 3924 3921 3925 3928
v -55.890 2.044 204.698
v -40.059 2.044 216.371
v -49.270 2.044 228.862
v -65.101 2.044 217.189
v -55.890 5.944 204.698
v -40.059 5.944 216.371
v -49.270 5.944 228.862
v -65.101 5.944 217.189
f 3936 3935 3934 3933
f 3929 3930 3934 3933
f 3930 3931 3935 3934
f 3931 3932 3936 3935
f 3932 3929 3933 3936
v -39.882 2.369 219.377
v -35.122 2.369 222.457
v -37.338 2.369 225.883
v -42.098 2.369 222.803
v -39.882 6.269 219.377
v -35.122 6.269 222.457
v -37.338 6.269 225.883
v -42.098 6.269 222.803
f 3944 3943 3942 3941
f 3937 3938 3942 3941
f 3938 3939 3943 3942
f 3939 3940 3944 3943
f 3940 3937 3941 3944
v -47.122 2.259 222.810
v -37.061 2.259 229.276
v -42.738 2.259 238.110
v -52.799 2.259 231.644
v -47.122 6.159 222.810
v -37.061 6.159 229.276
v -42.738 6.159 238.110
v -52.799 6.159 231.644
f 3952 3951 3950 3949
f 3945 3946 3950 3949
f 3946 3947 3951 3950
f 3947 3948 3952 3951
f 3948 3945 3949 3952
v -25.720 2.380 227.350
v -21.203 2.380 255.328
v -39.920 2.380 258.350
v -44.437 2.380 230.372
v -25.720 6.280 227.350
v -21.203 6.280 255.328
v -39.920 6.280 258.350
v -44.437 6.280 230.372
f 3960 3959 3958 3957
f 3953 3954 3958 3957
f 3954 3955 3959 3958
f 3955 3956 3960 3959
f 3956 3953 3957 3960
v -24.202 2.267 232.306
v -19.756 2.267 226.542
v -16.058 2.267 229.394
v -20.504 2.267 235.158
v -24.202 6.167 232.306
v -19.756 6.167 226.542
v -16.058 6.167 229.394
v -20.504 6.167 235.158
f 3968 3967 3966 3965
f 3961 3962 3966 3965
f 3962 3963 3967 3966
f 3963 3964 3968 3967
f 3964 3961 3965 3968
v -19.131 2.369 202.465
v -7.451 2.369 211.191
v -14.029 2.369 219.995
v -25.709 2.369 211.269
v -19.131 6.269 202.465
v -7.451 6.269 211.191
v -14.029 6.269 219.995
v -25.709 6.269 211.269
f 3976 3975 3974 3973
f 3969 3970 3974 3973
f 3970 3971 3975 3974
f 3971 3972 3976 3975
f 3972 3969 3973 3976
v -29.145 2.240 191.320
v -13.732 2.240 201.240
v -18.495 2.240 208.640
v -33.908 2.240 198.720
v -29.145 6.140 191.320
v -13.732 6.140 201.240
v -18.495 6.140 208.640
v -33.908 6.140 198.720
f 3984 3983 3982 3981
f 3977 3978 3982 3981
f 3978 3979 3983 3982
f 3979 3980 3984 3983
f 3980 3977 3981 3984
v -31.979 2.049 177.874
v -20.973 2.049 187.482
v -29.201 2.049 196.906
v -40.207 2.049 187.298
v -31.979 5.949 177.874
v -20.973 5.949 187.482
v -29.201 5.949 196.906
v -40.207 5.949 187.298
f 3992 3991 3990 3989
f 3985 3986 3990 3989
f 3986 3987 3991 3990
f 3987 3988 3992 3991
f 3988 3985 3989 3992
v -43.283 1.999 167.551
v -29.775 1.999 177.556
v -35.977 1.999 185.929
v -49.485 1.999 175.924
v -43.283 5.899 167.551
v -29.775 5.899 177.556
v -35.977 5.899 185.929
v -49.485 5.899 175.924
f 4000 3999 3998 3997
f 3993 3994 3998 3997
f 3994 3995 3999 3998
f 3995 3996 4000 3999
f 3996 3993 3997 4000
v -48.681 1.874 158.463
v -39.328 1.874 164.606
v -44.039 1.874 171.777
v -53.392 1.874 165.634
v -48.681 5.774 158.463
v -39.328 5.774 164.606
v -44.039 5.774 171.777
v -53.392 5.774 165.634
f 4008 4007 4006 4005
f 4001 4002 4006 4005
f 4002 4003 4007 4006
f 4003 4004 4008 4007
f 4004 4001 4005 4008
v -55.627 1.838 149.272
v -46.462 1.838 155.390
v -50.493 1.838 161.428
v -59.658 1.838 155.310
v -55.627 5.738 149.272
v -46.462 5.738 155.390
v -50.493 5.738 161.428
v -59.658 5.738 155.310
f 4016 4015 4014 4013
f 4009 4010 4014 4013
f 4010 4011 4015 4014
f 4011 4012 4016 4015
f 4012 4009 4013 4016
v -201.053 1.848 210.138
v -191.784 1.848 191.361
v -176.387 1.848 198.962
v -185.656 1.848 217.739
v -201.053 5.748 210.138
v -191.784 5.748 191.361
v -176.387 5.748 198.962
v -185.656 5.748 217.739
f 4024 4023 4022 4021
f 4017 4018 4022 4021
f 4018 4019 4023 4022
f 4019 4020 4024 4023
f 4020 4017 4021 4024
v -206.516 1.731 197.012
v -193.519 1.731 207.063
v -199.184 1.731 214.388
v -212.181 1.731 204.337
v -206.516 5.631 197.012
v -193.519 5.631 207.063
v -199.184 5.631 214.388
v -212.181 5.631 204.337
f 4032 4031 4030 4029
f 4025 4026 4030 4029
f 4026 4027 4031 4030
f 4027 4028 4032 4031
f 4028 4025 4029 4032
v -199.598 2.065 215.293
v -193.281 2.065 219.554
v -197.162 2.065 225.307
v -203.479 2.065 221.046
v -199.598 5.965 215.293
v -193.281 5.965 219.554
v -197.162 5.965 225.307
v -203.479 5.965 221.046
f 4040 4039 4038 4037
f 4033 4034 4038 4037
f 4034 4035 4039 4038
f 4035 4036 4040 4039
f 4036 4033 4037 4040
v -224.355 1.753 225.692
v -214.531 1.753 208.225
v -203.645 1.753 214.348
v -213.469 1.753 231.815
v -224.355 5.653 225.692
v -214.531 5.653 208.225
v -203.645 5.653 214.348
v -213.469 5.653 231.815
f 4048 4047 4046 4045
f 4041 4042 4046 4045
f 4042 4043 4047 4046
f 4043 4044 4048 4047
f 4044 4041 4045 4048
v -235.262 1.907 236.982
v -223.760 1.907 218.995
v -214.998 1.907 224.598
v -226.500 1.907 242.585
v -235.262 5.807 236.982
v -223.760 5.807 218.995
v -214.998 5.807 224.598
v -226.500 5.807 242.585
f 4056 4055 4054 4053
f 4049 4050 4054 4053
f 4050 4051 4055 4054
f 4051 4052 4056 4055
f 4052 4049 4053 4056
v -244.236 2.142 243.250
v -235.302 2.142 228.366
v -225.964 2.142 233.970
v -234.898 2.142 248.854
v -244.236 6.042 243.250
v -235.302 6.042 228.366
v -225.964 6.042 233.970
v -234.898 6.042 248.854
f 4064 4063 4062 4061
f 4057 4058 4062 4061
f 4058 4059 4063 4062
f 4059 4060 4064 4063
f 4060 4057 4061 4064
v -250.254 1.871 250.441
v -242.651 1.871 238.330
v -238.146 1.871 241.159
v -245.749 1.871 253.270
v -250.254 5.771 250.441
v -242.651 5.771 238.330
v -238.146 5.771 241.159
v -245.749 5.771 253.270
f 4072 4071 4070 4069
f 4065 4066 4070 4069
f 4066 4067 4071 4070
f 4067 4068 4072 4071
f 4068 4065 4069 4072
v -250.517 1.801 230.111
v -245.030 1.801 236.339
v -251.603 1.801 242.129
v -257.090 1.801 235.901
v -250.517 5.701 230.111
v -245.030 5.701 236.339
v -251.603 5.701 242.129
v -257.090 5.701 235.901
f 4080 4079 4078 4077
f 4073 4074 4078 4077
f 4074 4075 4079 4078
f 4075 4076 4080 4079
f 4076 4073 4077 4080
v -257.580 1.822 252.416
v -250.166 1.822 241.386
v -246.540 1.822 243.824
v -253.954 1.822 254.854
v -257.580 5.722 252.416
v -250.166 5.722 241.386
v -246.540 5.722 243.824
v -253.954 5.722 254.854
f 4088 4087 4086 4085
f 4081 4082 4086 4085
f 4082 4083 4087 4086
f 4083 4084 4088 4087
f 4084 4081 4085 4088
v -247.857 1.723 211.228
v -238.211 1.723 197.278
v -228.703 1.723 203.852
v -238.349 1.723 217.802
v -247.857 5.623 211.228
v -238.211 5.623 197.278
v -228.703 5.623 203.852
v -238.349 5.623 217.802
f 4096 4095 4094 4093
f 4089 4090 4094 4093
f 4090 4091 4095 4094
f 4091 4092 4096 4095
f 4092 4089 4093 4096
v -236.706 1.761 205.005
v -231.176 1.761 189.948
v -217.434 1.761 194.995
v -222.964 1.761 210.052
v -236.706 5.661 205.005
v -231.176 5.661 189.948
v -217.434 5.661 194.995
v -222.964 5.661 210.052
f 4104 4103 4102 4101
f 4097 4098 4102 4101
f 4098 4099 4103 4102
f 4099 4100 4104 4103
f 4100 4097 4101 4104
v -225.694 1.634 184.984
v -211.899 1.634 179.119
v -205.506 1.634 194.156
v -219.301 1.634 200.021
v -225.694 5.534 184.984
v -211.899 5.534 179.119
v -205.506 5.534 194.156
v -219.301 5.534 200.021
f 4112 4111 4110 4109
f 4105 4106 4110 4109
f 4106 4107 4111 4110
f 4107 4108 4112 4111
f 4108 4105 4109 4112
v -212.473 2.026 183.655
v -204.354 2.026 172.868
v -194.447 2.026 180.325
v -202.566 2.026 191.112
v -212.473 5.926 183.655
v -204.354 5.926 172.868
v -194.447 5.926 180.325
v -202.566 5.926 191.112
f 4120 4119 4118 4117
f 4113 4114 4118 4117
f 4114 4115 4119 4118
f 4115 4116 4120 4119
f 4116 4113 4117 4120
v 168.626 1.707 240.599
v 178.382 1.707 225.306
v 188.094 1.707 231.501
v 178.338 1.707 246.794
v 168.626 5.607 240.599
v 178.382 5.607 225.306
v 188.094 5.607 231.501
v 178.338 5.607 246.794
f 4128 4127 4126 4125
f 4121 4122 4126 4125
f 4122 4123 4127 4126
f 4123 4124 4128 4127
f 4124 4121 4125 4128
v 164.708 1.710 229.964
v 170.595 1.710 233.951
v 168.072 1.710 237.676
v 162.185 1.710 233.689
v 164.708 5.610 229.964
v 170.595 5.610 233.951
v 168.072 5.610 237.676
v 162.185 5.610 233.689
f 4136 4135 4134 4133
f 4129 4130 4134 4133
f 4130 4131 4135 4134
f 4131 4132 4136 4135
f 4132 4129 4133 4136
v 147.000 1.642 254.238
v 156.340 1.642 240.757
v 164.140 1.642 246.162
v 154.800 1.642 259.643
v 147.000 5.542 254.238
v 156.340 5.542 240.757
v 164.140 5.542 246.162
v 154.800 5.542 259.643
f 4144 4143 4142 4141
f 4137 4138 4142 4141
f 4138 4139 4143 4142
f 4139 4140 4144 4143
f 4140 4137 4141 4144
v 156.054 2.046 204.074
v 166.788 2.046 214.366
v 159.846 2.046 221.606
v 149.112 2.046 211.314
v 156.054 5.946 204.074
v 166.788 5.946 214.366
v 159.846 5.946 221.606
v 149.112 5.946 211.314
f 4152 4151 4150 4149
f 4145 4146 4150 4149
f 4146 4147 4151 4150
f 4147 4148 4152 4151
f 4148 4145 4149 4152
v 149.132 1.973 186.366
v 155.422 1.973 190.614
v 152.708 1.973 194.634
v 146.418 1.973 190.386
v 149.132 5.873 186.366
v 155.422 5.873 190.614
v 152.708 5.873 194.634
v 146.418 5.873 190.386
f 4160 4159 4158 4157
f 4153 4154 4158 4157
f 4154 4155 4159 4158
f 4155 4156 4160 4159
f 4156 4153 4157 4160
v 152.013 1.832 193.994
v 161.331 1.832 198.500
v 156.907 1.832 207.646
v 147.589 1.832 203.140
v 152.013 5.732 193.994
v 161.331 5.732 198.500
v 156.907 5.732 207.646
v 147.589 5.732 203.140
f 4168 4167 4166 4165
f 4161 4162 4166 4165
f 4162 4163 4167 4166
f 4163 4164 4168 4167
f 4164 4161 4165 4168
v 123.998 2.361 205.845
v 126.724 2.361 201.895
v 128.782 2.361 203.315
v 126.056 2.361 207.265
v 123.998 6.261 205.845
v 126.724 6.261 201.895
v 128.782 6.261 203.315
v 126.056 6.261 207.265
f 4176 4175 4174 4173
f 4169 4170 4174 4173
f 4170 4171 4175 4174
f 4171 4172 4176 4175
f 4172 4169 4173 4176
v 132.059 2.012 209.738
v 136.196 2.012 204.004
v 141.321 2.012 207.702
v 137.184 2.012 213.436
v 132.059 5.912 209.738
v 136.196 5.912 204.004
v 141.321 5.912 207.702
v 137.184 5.912 213.436
f 4184 4183 4182 4181
f 4177 4178 4182 4181
f 4178 4179 4183 4182
f 4179 4180 4184 4183
f 4180 4177 4181 4184
v 134.910 1.834 226.170
v 144.298 1.834 212.565
v 149.870 1.834 216.410
v 140.482 1.834 230.015
v 134.910 5.734 226.170
v 144.298 5.734 212.565
v 149.870 5.734 216.410
v 140.482 5.734 230.015
f 4192 4191 4190 4189
f 4185 4186 4190 4189
f 4186 4187 4191 4190
f 4187 4188 4192 4191
f 4188 4185 4189 4192
v 98.278 2.457 235.242
v 115.550 2.457 245.870
v 110.242 2.457 254.498
v 92.970 2.457 243.870
v 98.278 6.357 235.242
v 115.550 6.357 245.870
v 110.242 6.357 254.498
v 92.970 6.357 243.870
f 4200 4199 4198 4197
f 4193 4194 4198 4197
f 4194 4195 4199 4198
f 4195 4196 4200 4199
f 4196 4193 4197 4200
v 84.579 2.379 241.772
v 87.392 2.379 225.737
v 102.501 2.379 228.388
v 99.688 2.379 244.423
v 84.579 6.279 241.772
v 87.392 6.279 225.737
v 102.501 6.279 228.388
v 99.688 6.279 244.423
f 4208 4207 4206 4205
f 4201 4202 4206 4205
f 4202 4203 4207 4206
f 4203 4204 4208 4207
f 4204 4201 4205 4208
v 95.646 2.142 218.357
v 102.651 2.142 223.118
v 100.554 2.142 226.203
v 93.549 2.142 221.442
v 95.646 6.042 218.357
v 102.651 6.042 223.118
v 100.554 6.042 226.203
v 93.549 6.042 221.442
f 4216 4215 4214 4213
f 4209 4210 4214 4213
f 4210 4211 4215 4214
f 4211 4212 4216 4215
f 4212 4209 4213 4216
v 187.693 2.030 161.527
v 200.789 2.030 174.736
v 190.847 2.030 184.593
v 177.751 2.030 171.384
v 187.693 5.930 161.527
v 200.789 5.930 174.736
v 190.847 5.930 184.593
v 177.751 5.930 171.384
f 4224 4223 4222 4221
f 4217 4218 4222 4221
f 4218 4219 4223 4222
f 4219 4220 4224 4223
f 4220 4217 4221 4224
v 199.117 1.750 174.372
v 210.514 1.750 161.066
v 217.683 1.750 167.208
v 206.286 1.750 180.514
v 199.117 5.650 174.372
v 210.514 5.650 161.066
v 217.683 5.650 167.208
v 206.286 5.650 180.514
f 4232 4231 4230 4229
f 4225 4226 4230 4229
f 4226 4227 4231 4230
f 4227 4228 4232 4231
f 4228 4225 4229 4232
v 224.209 1.973 145.001
v 234.905 1.973 163.732
v 217.311 1.973 173.779
v 206.615 1.973 155.048
v 224.209 5.873 145.001
v 234.905 5.873 163.732
v 217.311 5.873 173.779
v 206.615 5.873 155.048
f 4240 4239 4238 4237
f 4233 4234 4238 4237
f 4234 4235 4239 4238
f 4235 4236 4240 4239
f 4236 4233 4237 4240
v 200.169 1.449 199.655
v 216.986 1.449 209.063
v 211.391 1.449 219.065
v 194.574 1.449 209.657
v 200.169 5.349 199.655
v 216.986 5.349 209.063
v 211.391 5.349 219.065
v 194.574 5.349 209.657
f 4248 4247 4246 4245
f 4241 4242 4246 4245
f 4242 4243 4247 4246
f 4243 4244 4248 4247
f 4244 4241 4245 4248
v 216.225 1.230 206.034
v 224.632 1.230 193.119
v 232.015 1.230 197.926
v 223.608 1.230 210.841
v 216.225 5.130 206.034
v 224.632 5.130 193.119
v 232.015 5.130 197.926
v 223.608 5.130 210.841
f 4256 4255 4254 4253
f 4249 4250 4254 4253
f 4250 4251 4255 4254
f 4251 4252 4256 4255
f 4252 4249 4253 4256
v 204.949 1.659 231.300
v 216.442 1.659 214.677
v 228.451 1.659 222.980
v 216.958 1.659 239.603
v 204.949 5.559 231.300
v 216.442 5.559 214.677
v 228.451 5.559 222.980
v 216.958 5.559 239.603
f 4264 4263 4262 4261
f 4257 4258 4262 4261
f 4258 4259 4263 4262
f 4259 4260 4264 4263
f 4260 4257 4261 4264
v 224.634 1.543 229.763
v 242.055 1.543 241.201
v 236.386 1.543 249.837
v 218.965 1.543 238.399
v 224.634 5.443 229.763
v 242.055 5.443 241.201
v 236.386 5.443 249.837
v 218.965 5.443 238.399
f 4272 4271 4270 4269
f 4265 4266 4270 4269
f 4266 4267 4271 4270
f 4267 4268 4272 4271
f 4268 4265 4269 4272
v 232.810 1.173 232.851
v 241.529 1.173 216.819
v 250.630 1.173 221.769
v 241.911 1.173 237.801
v 232.810 5.073 232.851
v 241.529 5.073 216.819
v 250.630 5.073 221.769
v 241.911 5.073 237.801
f 4280 4279 4278 4277
f 4273 4274 4278 4277
f 4274 4275 4279 4278
f 4275 4276 4280 4279
f 4276 4273 4277 4280
v 244.765 1.220 224.535
v 253.275 1.220 211.881
v 262.975 1.220 218.405
v 254.465 1.220 231.059
v 244.765 5.120 224.535
v 253.275 5.120 211.881
v 262.975 5.120 218.405
v 254.465 5.120 231.059
f 4288 4287 4286 4285
f 4281 4282 4286 4285
f 4282 4283 4287 4286
f 4283 4284 4288 4287
f 4284 4281 4285 4288
v 244.177 1.442 195.946
v 251.771 1.442 185.654
v 260.823 1.442 192.334
v 253.229 1.442 202.626
v 244.177 5.342 195.946
v 251.771 5.342 185.654
v 260.823 5.342 192.334
v 253.229 5.342 202.626
f 4296 4295 4294 4293
f 4289 4290 4294 4293
f 4290 4291 4295 4294
f 4291 4292 4296 4295
f 4292 4289 4293 4296
v -171.594 1.839 -180.956
v -156.736 1.839 -170.760
v -161.166 1.839 -164.304
v -176.024 1.839 -174.500
v -171.594 5.739 -180.956
v -156.736 5.739 -170.760
v -161.166 5.739 -164.304
v -176.024 5.739 -174.500
f 4304 4303 4302 4301
f 4297 4298 4302 4301
f 4298 4299 4303 4302
f 4299 4300 4304 4303
f 4300 4297 4301 4304
v -160.420 1.934 -165.810
v -152.544 1.934 -161.394
v -156.740 1.934 -153.910
v -164.616 1.934 -158.326
v -160.420 5.834 -165.810
v -152.544 5.834 -161.394
v -156.740 5.834 -153.910
v -164.616 5.834 -158.326
f 4312 4311 4310 4309
f 4305 4306 4310 4309
f 4306 4307 4311 4310
f 4307 4308 4312 4311
f 4308 4305 4309 4312
v -172.821 1.978 -153.127
v -167.874 1.978 -160.235
v -161.119 1.978 -155.533
v -166.066 1.978 -148.425
v -172.821 5.878 -153.127
v -167.874 5.878 -160.235
v -161.119 5.878 -155.533
v -166.066 5.878 -148.425
f 4320 4319 4318 4317
f 4313 4314 4318 4317
f 4314 4315 4319 4318
f 4315 4316 4320 4319
f 4316 4313 4317 4320
v -183.424 1.972 -158.829
v -171.778 1.972 -154.124
v -175.516 1.972 -144.871
v -187.162 1.972 -149.576
v -183.424 5.872 -158.829
v -171.778 5.872 -154.124
v -175.516 5.872 -144.871
v -187.162 5.872 -149.576
f 4328 4327 4326 4325
f 4321 4322 4326 4325
f 4322 4323 4327 4326
f 4323 4324 4328 4327
f 4324 4321 4325 4328
v -179.940 1.830 -132.614
v -174.208 1.830 -137.948
v -169.460 1.830 -132.846
v -175.192 1.830 -127.512
v -179.940 5.730 -132.614
v -174.208 5.730 -137.948
v -169.460 5.730 -132.846
v -175.192 5.730 -127.512
f 4336 4335 4334 4333
f 4329 4330 4334 4333
f 4330 4331 4335 4334
f 4331 4332 4336 4335
f 4332 4329 4333 4336
v -114.218 1.813 -189.435
v -94.222 1.813 -176.863
v -100.822 1.813 -166.365
v -120.818 1.813 -178.937
v -114.218 5.713 -189.435
v -94.222 5.713 -176.863
v -100.822 5.713 -166.365
v -120.818 5.713 -178.937
f 4344 4343 4342 4341
f 4337 4338 4342 4341
f 4338 4339 4343 4342
f 4339 4340 4344 4343
f 4340 4337 4341 4344
v -143.467 1.650 -169.912
v -128.075 1.650 -186.542
v -113.713 1.650 -173.248
v -129.105 1.650 -156.618
v -143.467 5.550 -169.912
v -128.075 5.550 -186.542
v -113.713 5.550 -173.248
v -129.105 5.550 -156.618
f 4352 4351 4350 4349
f 4345 4346 4350 4349
f 4346 4347 4351 4350
f 4347 4348 4352 4351
f 4348 4345 4349 4352
v -140.163 1.677 -188.034
v -130.596 1.677 -181.509
v -134.117 1.677 -176.346
v -143.684 1.677 -182.871
v -140.163 5.577 -188.034
v -130.596 5.577 -181.509
v -134.117 5.577 -176.346
v -143.684 5.577 -182.871
f 4360 4359 4358 4357
f 4353 4354 4358 4357
f 4354 4355 4359 4358
f 4355 4356 4360 4359
f 4356 4353 4357 4360
v -120.196 2.091 -202.691
v -104.978 2.091 -192.836
v -111.044 2.091 -183.469
v -126.262 2.091 -193.324
v -120.196 5.991 -202.691
v -104.978 5.991 -192.836
v -111.044 5.991 -183.469
v -126.262 5.991 -193.324
f 4368 4367 4366 4365
f 4361 4362 4366 4365
f 4362 4363 4367 4366
f 4363 4364 4368 4367
f 4364 4361 4365 4368
v -133.139 2.075 -213.965
v -118.190 2.075 -198.015
v -129.221 2.075 -187.675
v -144.170 2.075 -203.625
v -133.139 5.975 -213.965
v -118.190 5.975 -198.015
v -129.221 5.975 -187.675
v -144.170 5.975 -203.625
f 4376 4375 4374 4373
f 4369 4370 4374 4373
f 4370 4371 4375 4374
f 4371 4372 4376 4375
f 4372 4369 4373 4376
v -156.639 1.713 -210.343
v -144.072 1.713 -202.337
v -147.881 1.713 -196.357
v -160.448 1.713 -204.363
v -156.639 5.613 -210.343
v -144.072 5.613 -202.337
v -147.881 5.613 -196.357
v -160.448 5.613 -204.363
f 4384 4383 4382 4381
f 4377 4378 4382 4381
f 4378 4379 4383 4382
f 4379 4380 4384 4383
f 4380 4377 4381 4384
v -138.064 2.016 -227.880
v -125.870 2.016 -219.009
v -131.376 2.016 -211.440
v -143.570 2.016 -220.311
v -138.064 5.916 -227.880
v -125.870 5.916 -219.009
v -131.376 5.916 -211.440
v -143.570 5.916 -220.311
f 4392 4391 4390 4389
f 4385 4386 4390 4389
f 4386 4387 4391 4390
f 4387 4388 4392 4391
f 4388 4385 4389 4392
v -161.367 1.504 -225.584
v -153.713 1.504 -236.922
v -148.193 1.504 -233.196
v -155.847 1.504 -221.858
v -161.367 5.404 -225.584
v -153.713 5.404 -236.922
v -148.193 5.404 -233.196
v -155.847 5.404 -221.858
f 4400 4399 4398 4397
f 4393 4394 4398 4397
f 4394 4395 4399 4398
f 4395 4396 4400 4399
f 4396 4393 4397 4400
v -168.056 1.511 -222.568
v -160.715 1.511 -233.454
v -156.204 1.511 -230.412
v -163.545 1.511 -219.526
v -168.056 5.411 -222.568
v -160.715 5.411 -233.454
v -156.204 5.411 -230.412
v -163.545 5.411 -219.526
f 4408 4407 4406 4405
f 4401 4402 4406 4405
f 4402 4403 4407 4406
f 4403 4404 4408 4407
f 4404 4401 4405 4408
v -175.750 1.719 -215.221
v -166.122 1.719 -229.474
v -160.090 1.719 -225.399
v -169.718 1.719 -211.146
v -175.750 5.619 -215.221
v -166.122 5.619 -229.474
v -160.090 5.619 -225.399
v -169.718 5.619 -211.146
f 4416 4415 4414 4413
f 4409 4410 4414 4413
f 4410 4411 4415 4414
f 4411 4412 4416 4415
f 4412 4409 4413 4416
v -161.414 1.647 -217.571
v -150.135 1.647 -210.063
v -153.726 1.647 -204.669
v -165.005 1.647 -212.177
v -161.414 5.547 -217.571
v -150.135 5.547 -210.063
v -153.726 5.547 -204.669
v -165.005 5.547 -212.177
f 4424 4423 4422 4421
f 4417 4418 4422 4421
f 4418 4419 4423 4422
f 4419 4420 4424 4423
f 4420 4417 4421 4424
v -117.569 1.516 -256.655
v -108.243 1.516 -250.841
v -112.031 1.516 -244.765
v -121.357 1.516 -250.579
v -117.569 5.416 -256.655
v -108.243 5.416 -250.841
v -112.031 5.416 -244.765
v -121.357 5.416 -250.579
f 4432 4431 4430 4429
f 4425 4426 4430 4429
f 4426 4427 4431 4430
f 4427 4428 4432 4431
f 4428 4425 4429 4432
v -98.803 1.632 -262.756
v -81.747 1.632 -238.028
v -100.137 1.632 -225.344
v -117.193 1.632 -250.072
v -98.803 5.532 -262.756
v -81.747 5.532 -238.028
v -100.137 5.532 -225.344
v -117.193 5.532 -250.072
f 4440 4439 4438 4437
f 4433 4434 4438 4437
f 4434 4435 4439 4438
f 4435 4436 4440 4439
f 4436 4433 4437 4440
v -98.763 1.765 -244.196
v -78.527 1.765 -230.367
v -83.177 1.765 -223.564
v -103.413 1.765 -237.393
v -98.763 5.665 -244.196
v -78.527 5.665 -230.367
v -83.177 5.665 -223.564
v -103.413 5.665 -237.393
f 4448 4447 4446 4445
f 4441 4442 4446 4445
f 4442 4443 4447 4446
f 4443 4444 4448 4447
f 4444 4441 4445 4448
v -97.289 1.601 -229.875
v -83.113 1.601 -220.012
v -86.791 1.601 -214.725
v -100.967 1.601 -224.588
v -97.289 5.501 -229.875
v -83.113 5.501 -220.012
v -86.791 5.501 -214.725
v -100.967 5.501 -224.588
f 4456 4455 4454 4453
f 4449 4450 4454 4453
f 4450 4451 4455 4454
f 4451 4452 4456 4455
f 4452 4449 4453 4456
v -90.776 1.641 -227.370
v -69.969 1.641 -217.335
v -74.804 1.641 -207.310
v -95.611 1.641 -217.345
v -90.776 5.541 -227.370
v -69.969 5.541 -217.335
v -74.804 5.541 -207.310
v -95.611 5.541 -217.345
f 4464 4463 4462 4461
f 4457 4458 4462 4461
f 4458 4459 4463 4462
f 4459 4460 4464 4463
f 4460 4457 4461 4464
v -74.746 1.716 -260.311
v -62.930 1.716 -252.802
v -68.454 1.716 -244.109
v -80.270 1.716 -251.618
v -74.746 5.616 -260.311
v -62.930 5.616 -252.802
v -68.454 5.616 -244.109
v -80.270 5.616 -251.618
f 4472 4471 4470 4469
f 4465 4466 4470 4469
f 4466 4467 4471 4470
f 4467 4468 4472 4471
f 4468 4465 4469 4472
v -71.288 1.737 -242.135
v -67.860 1.737 -250.640
v -60.032 1.737 -247.485
v -63.460 1.737 -238.980
v -71.288 5.637 -242.135
v -67.860 5.637 -250.640
v -60.032 5.637 -247.485
v -63.460 5.637 -238.980
f 4480 4479 4478 4477
f 4473 4474 4478 4477
f 4474 4475 4479 4478
f 4475 4476 4480 4479
f 4476 4473 4477 4480
v -84.388 1.531 -214.171
v -72.680 1.531 -203.413
v -80.752 1.531 -194.629
v -92.460 1.531 -205.387
v -84.388 5.431 -214.171
v -72.680 5.431 -203.413
v -80.752 5.431 -194.629
v -92.460 5.431 -205.387
f 4488 4487 4486 4485
f 4481 4482 4486 4485
f 4482 4483 4487 4486
f 4483 4484 4488 4487
f 4484 4481 4485 4488
v -68.420 1.255 -214.428
v -61.979 1.255 -210.300
v -65.060 1.255 -205.492
v -71.501 1.255 -209.620
v -68.420 5.155 -214.428
v -61.979 5.155 -210.300
v -65.060 5.155 -205.492
v -71.501 5.155 -209.620
f 4496 4495 4494 4493
f 4489 4490 4494 4493
f 4490 4491 4495 4494
f 4491 4492 4496 4495
f 4492 4489 4493 4496
v -61.292 1.287 -218.035
v -55.980 1.287 -215.421
v -58.488 1.287 -210.325
v -63.800 1.287 -212.939
v -61.292 5.187 -218.035
v -55.980 5.187 -215.421
v -58.488 5.187 -210.325
v -63.800 5.187 -212.939
f 4504 4503 4502 4501
f 4497 4498 4502 4501
f 4498 4499 4503 4502
f 4499 4500 4504 4503
f 4500 4497 4501 4504
v -56.349 1.353 -209.232
v -51.204 1.353 -218.293
v -45.491 1.353 -215.048
v -50.636 1.353 -205.987
v -56.349 5.253 -209.232
v -51.204 5.253 -218.293
v -45.491 5.253 -215.048
v -50.636 5.253 -205.987
f 4512 4511 4510 4509
f 4505 4506 4510 4509
f 4506 4507 4511 4510
f 4507 4508 4512 4511
f 4508 4505 4509 4512
v -45.412 1.340 -217.318
v -37.319 1.340 -229.923
v -32.488 1.340 -226.822
v -40.581 1.340 -214.217
v -45.412 5.240 -217.318
v -37.319 5.240 -229.923
v -32.488 5.240 -226.822
v -40.581 5.240 -214.217
f 4520 4519 4518 4517
f 4513 4514 4518 4517
f 4514 4515 4519 4518
f 4515 4516 4520 4519
f 4516 4513 4517 4520
v -56.298 1.524 -235.030
v -43.518 1.524 -226.692
v -47.682 1.524 -220.310
v -60.462 1.524 -228.648
v -56.298 5.424 -235.030
v -43.518 5.424 -226.692
v -47.682 5.424 -220.310
v -60.462 5.424 -228.648
f 4528 4527 4526 4525
f 4521 4522 4526 4525
f 4522 4523 4527 4526
f 4523 4524 4528 4527
f 4524 4521 4525 4528
v -67.177 1.239 -237.061
v -61.224 1.239 -233.082
v -64.903 1.239 -227.579
v -70.856 1.239 -231.558
v -67.177 5.139 -237.061
v -61.224 5.139 -233.082
v -64.903 5.139 -227.579
v -70.856 5.139 -231.558
f 4536 4535 4534 4533
f 4529 4530 4534 4533
f 4530 4531 4535 4534
f 4531 4532 4536 4535
f 4532 4529 4533 4536
v -56.178 1.279 -240.448
v -49.242 1.279 -235.835
v -52.542 1.279 -230.872
v -59.478 1.279 -235.485
v -56.178 5.179 -240.448
v -49.242 5.179 -235.835
v -52.542 5.179 -230.872
v -59.478 5.179 -235.485
f 4544 4543 4542 4541
f 4537 4538 4542 4541
f 4538 4539 4543 4542
f 4539 4540 4544 4543
f 4540 4537 4541 4544
v -236.619 1.721 -110.086
v -222.225 1.721 -99.312
v -228.241 1.721 -91.274
v -242.635 1.721 -102.048
v -236.619 5.621 -110.086
v -222.225 5.621 -99.312
v -228.241 5.621 -91.274
v -242.635 5.621 -102.048
f 4552 4551 4550 4549
f 4545 4546 4550 4549
f 4546 4547 4551 4550
f 4547 4548 4552 4551
f 4548 4545 4549 4552
v -249.073 1.394 -118.643
v -234.816 1.394 -133.206
v -224.347 1.394 -122.957
v -238.604 1.394 -108.394
v -249.073 5.294 -118.643
v -234.816 5.294 -133.206
v -224.347 5.294 -122.957
v -238.604 5.294 -108.394
f 4560 4559 4558 4557
f 4553 4554 4558 4557
f 4554 4555 4559 4558
f 4555 4556 4560 4559
f 4556 4553 4557 4560
v -218.908 1.858 -114.336
v -211.732 1.858 -108.110
v -215.972 1.858 -103.224
v -223.148 1.858 -109.450
v -218.908 5.758 -114.336
v -211.732 5.758 -108.110
v -215.972 5.758 -103.224
v -223.148 5.758 -109.450
f 4568 4567 4566 4565
f 4561 4562 4566 4565
f 4562 4563 4567 4566
f 4563 4564 4568 4567
f 4564 4561 4565 4568
v -230.058 2.061 -113.096
v -210.238 2.061 -143.651
v -201.102 2.061 -137.724
v -220.922 2.061 -107.169
v -230.058 5.961 -113.096
v -210.238 5.961 -143.651
v -201.102 5.961 -137.724
v -220.922 5.961 -107.169
f 4576 4575 4574 4573
f 4569 4570 4574 4573
f 4570 4571 4575 4574
f 4571 4572 4576 4575
f 4572 4569 4573 4576
v -213.570 1.449 -137.887
v -205.300 1.449 -150.342
v -201.010 1.449 -147.493
v -209.280 1.449 -135.038
v -213.570 5.349 -137.887
v -205.300 5.349 -150.342
v -201.010 5.349 -147.493
v -209.280 5.349 -135.038
f 4584 4583 4582 4581
f 4577 4578 4582 4581
f 4578 4579 4583 4582
f 4579 4580 4584 4583
f 4580 4577 4581 4584
v -207.471 1.849 -141.234
v -198.636 1.849 -154.393
v -193.829 1.849 -151.166
v -202.664 1.849 -138.007
v -207.471 5.749 -141.234
v -198.636 5.749 -154.393
v -193.829 5.749 -151.166
v -202.664 5.749 -138.007
f 4592 4591 4590 4589
f 4585 4586 4590 4589
f 4586 4587 4591 4590
f 4587 4588 4592 4591
f 4588 4585 4589 4592
v -194.450 1.928 -127.458
v -189.539 1.928 -134.929
v -186.030 1.928 -132.622
v -190.941 1.928 -125.151
v -194.450 5.828 -127.458
v -189.539 5.828 -134.929
v -186.030 5.828 -132.622
v -190.941 5.828 -125.151
f 4600 4599 4598 4597
f 4593 4594 4598 4597
f 4594 4595 4599 4598
f 4595 4596 4600 4599
f 4596 4593 4597 4600
v -35.748 1.646 -263.403
v -19.577 1.646 -246.241
v -30.152 1.646 -236.277
v -46.323 1.646 -253.439
v -35.748 5.546 -263.403
v -19.577 5.546 -246.241
v -30.152 5.546 -236.277
v -46.323 5.546 -253.439
f 4608 4607 4606 4605
f 4601 4602 4606 4605
f 4602 4603 4607 4606
f 4603 4604 4608 4607
f 4604 4601 4605 4608
v -221.884 1.233 -249.627
v -216.603 1.233 -257.258
v -211.596 1.233 -253.793
v -216.877 1.233 -246.162
v -221.884 5.133 -249.627
v -216.603 5.133 -257.258
v -211.596 5.133 -253.793
v -216.877 5.133 -246.162
f 4616 4615 4614 4613
f 4609 4610 4614 4613
f 4610 4611 4615 4614
f 4611 4612 4616 4615
f 4612 4609 4613 4616
usemtl road
v -72.738 1.972 -156.270
v -69.088 1.905 -150.870
v -64.532 1.904 -153.950
v -68.182 2.010 -159.350
f 4617 4618 4619 4620
v -69.082 1.905 -150.861
v -55.332 1.981 -130.691
v -50.788 1.989 -133.789
v -64.538 1.904 -153.959
f 4621 4622 4623 4624
v -55.333 1.981 -130.691
v -6.603 1.817 -59.181
v -2.057 1.862 -62.279
v -50.787 1.989 -133.789
f 4625 4626 4627 4628
v -6.603 1.817 -59.181
v -2.453 1.855 -53.091
v 2.093 1.905 -56.189
v -2.057 1.862 -62.279
f 4629 4630 4631 4632
v -2.462 1.855 -53.106
v 1.268 1.821 -47.556
v 5.832 1.926 -50.624
v 2.102 1.905 -56.174
f 4633 4634 4635 4636
v 1.268 1.821 -47.556
v 69.568 2.254 54.024
v 74.132 2.281 50.956
v 5.832 1.926 -50.624
f 4637 4638 4639 4640
v 69.584 2.253 54.048
v 110.364 2.464 113.338
v 114.896 2.439 110.222
v 74.116 2.281 50.932
f 4641 4642 4643 4644
v 110.368 2.464 113.344
v 141.048 2.546 157.724
v 145.572 2.533 154.596
v 114.892 2.439 110.216
f 4645 4646 4647 4648
v 141.023 2.547 157.687
v 144.133 2.462 162.347
v 148.707 2.470 159.293
v 145.597 2.532 154.633
f 4649 4650 4651 4652
v 144.132 2.462 162.346
v 179.092 2.079 214.766
v 183.668 2.077 211.714
v 148.708 2.470 159.294
f 4653 4654 4655 4656
v 179.095 2.079 214.770
v 207.730 1.689 257.530
v 212.300 1.666 254.470
v 183.665 2.077 211.710
f 4657 4658 4659 4660
v 88.331 2.657 193.056
v 57.751 2.397 150.046
v 53.269 2.454 153.234
v 83.849 2.669 196.244
f 4661 4662 4663 4664
v 57.774 2.397 150.079
v 48.084 2.284 136.019
v 43.556 2.389 139.141
v 53.246 2.453 153.201
f 4665 4666 4667 4668
v 48.085 2.284 136.020
v 15.675 2.045 88.970
v 11.145 2.005 92.090
v 43.555 2.389 139.140
f 4669 4670 4671 4672
v 15.707 2.046 89.018
v -54.423 1.776 -17.532
v -59.017 1.795 -14.508
v 11.113 2.004 92.042
f 4673 4674 4675 4676
v -54.464 1.777 -17.592
v -58.574 1.713 -23.492
v -63.086 1.765 -20.348
v -58.976 1.794 -14.448
f 4677 4678 4679 4680
v -58.569 1.713 -23.485
v -110.429 1.897 -98.425
v -114.951 1.924 -95.295
v -63.091 1.765 -20.355
f 4681 4682 4683 4684
v -110.429 1.897 -98.426
v -126.069 1.886 -121.006
v -130.591 1.914 -117.874
v -114.951 1.924 -95.294
f 4685 4686 4687 4688
v -201.097 2.097 163.492
v -169.627 2.181 215.062
v -164.933 2.140 212.198
v -196.403 2.028 160.628
f 4689 4690 4691 4692
v -169.592 2.179 215.120
v -142.472 2.190 257.200
v -137.848 2.221 254.220
v -164.968 2.141 212.140
f 4693 4694 4695 4696
v -58.903 2.032 -254.398
v -20.015 1.762 -200.148
v -15.545 1.828 -203.352
v -54.433 2.119 -257.602
f 4697 4698 4699 4700
v -20.012 1.762 -200.144
v -17.292 1.810 -196.364
v -12.828 1.791 -199.576
v -15.548 1.828 -203.356
f 4701 4702 4703 4704
v 44.795 2.193 -130.676
v 47.615 2.126 -132.486
v 44.645 2.185 -137.114
v 41.825 2.200 -135.304
f 4705 4706 4707 4708
v 47.762 2.126 -132.587
v 82.902 2.087 -158.497
v 79.638 1.999 -162.923
v 44.498 2.182 -137.013
f 4709 4710 4711 4712
v -137.502 1.650 124.199
v -107.292 1.900 171.109
v -102.668 1.893 168.131
v -132.878 1.829 121.221
f 4713 4714 4715 4716
v -107.267 1.899 171.147
v -49.567 2.435 257.527
v -44.994 2.419 254.473
v -102.693 1.893 168.093
f 4717 4718 4719 4720
v 176.252 1.883 -18.260
v 245.612 2.156 87.320
v 250.208 2.145 84.300
v 180.848 1.844 -21.280
f 4721 4722 4723 4724
v 55.904 1.643 -250.831
v 58.764 1.680 -246.941
v 63.196 1.711 -250.199
v 60.336 1.734 -254.089
f 4725 4726 4727 4728
v 87.136 1.638 -254.446
v 149.031 1.740 -164.056
v 153.569 1.706 -167.164
v 91.674 1.659 -257.554
f 4729 4730 4731 4732
v 149.031 1.740 -164.056
v 153.141 1.755 -158.056
v 157.679 1.702 -161.164
v 153.569 1.706 -167.164
f 4733 4734 4735 4736
v 153.116 1.755 -158.093
v 156.806 1.701 -152.513
v 161.394 1.590 -155.547
v 157.704 1.702 -161.127
f 4737 4738 4739 4740
v 156.804 1.701 -152.516
v 219.824 1.525 -56.986
v 224.416 1.543 -60.014
v 161.396 1.590 -155.544
f 4741 4742 4743 4744
v 219.825 1.525 -56.984
v 223.465 1.635 -51.474
v 228.055 1.622 -54.506
v 224.415 1.543 -60.016
f 4745 4746 4747 4748
v 223.476 1.635 -51.458
v 226.326 1.570 -47.208
v 230.894 1.584 -50.272
v 228.044 1.622 -54.522
f 4749 4750 4751 4752
v -195.253 1.998 -72.612
v -170.453 1.819 -36.202
v -165.907 1.822 -39.298
v -190.707 2.013 -75.708
f 4753 4754 4755 4756
v -170.453 1.819 -36.202
v -128.193 1.564 25.868
v -123.647 1.611 22.772
v -165.907 1.822 -39.298
f 4757 4758 4759 4760
v -128.194 1.564 25.867
v -124.424 1.599 31.407
v -119.876 1.628 28.313
v -123.646 1.611 22.773
f 4761 4762 4763 4764
v -124.338 1.592 31.526
v -120.828 1.609 36.136
v -116.452 1.570 32.804
v -119.962 1.632 28.194
f 4765 4766 4767 4768
v -120.851 1.608 36.106
v -49.281 1.732 132.826
v -44.859 1.678 129.554
v -116.429 1.570 32.834
f 4769 4770 4771 4772
v -49.375 1.730 132.690
v -1.495 2.304 206.260
v 3.115 2.330 203.260
v -44.765 1.679 129.690
f 4773 4774 4775 4776
v -1.494 2.304 206.261
v 15.766 2.492 232.751
v 20.374 2.537 229.749
v 3.114 2.330 203.259
f 4777 4778 4779 4780
v 15.767 2.492 232.753
v 19.917 2.588 239.113
v 24.523 2.598 236.107
v 20.373 2.537 229.747
f 4781 4782 4783 4784
v 28.019 1.566 -242.834
v 32.499 1.581 -236.184
v 37.061 1.578 -239.256
v 32.581 1.574 -245.906
f 4785 4786 4787 4788
v 32.494 1.581 -236.191
v 35.504 1.643 -231.691
v 40.076 1.649 -234.749
v 37.066 1.579 -239.249
f 4789 4790 4791 4792
v 118.773 2.188 258.288
v 182.906 2.044 215.528
v 179.854 2.127 210.952
v 115.722 2.111 253.712
f 4793 4794 4795 4796
v 182.883 2.044 215.543
v 257.503 1.963 166.857
v 254.497 2.036 162.251
v 179.877 2.127 210.937
f 4797 4798 4799 4800
v -136.581 1.745 120.338
v -169.421 1.765 139.598
v -166.639 1.788 144.342
v -133.799 1.644 125.082
f 4801 4802 4803 4804
v -169.535 1.766 139.668
v -200.255 2.099 159.758
v -197.245 2.020 164.362
v -166.525 1.789 144.272
f 4805 4806 4807 4808
v -254.476 1.644 -121.095
v -155.346 1.929 -187.121
v -158.394 1.944 -191.699
v -257.524 1.729 -125.672
f 4809 4810 4811 4812
v 230.727 1.615 -213.926
v 223.027 1.789 -208.706
v 226.113 1.778 -204.154
v 233.813 1.575 -209.374
f 4813 4814 4815 4816
v 223.027 1.789 -208.706
v 214.887 1.636 -203.186
v 217.973 1.653 -198.634
v 226.113 1.778 -204.154
f 4817 4818 4819 4820
v 214.889 1.636 -203.187
v 158.289 1.664 -164.877
v 161.371 1.649 -160.323
v 217.971 1.653 -198.633
f 4821 4822 4823 4824
v 158.289 1.664 -164.878
v 153.869 1.741 -161.888
v 156.951 1.723 -157.332
v 161.371 1.649 -160.322
f 4825 4826 4827 4828
v 153.865 1.741 -161.885
v 147.385 1.708 -157.485
v 150.475 1.672 -152.935
v 156.955 1.723 -157.335
f 4829 4830 4831 4832
v 147.390 1.708 -157.489
v 69.800 2.227 -105.059
v 72.880 2.214 -100.501
v 150.470 1.672 -152.931
f 4833 4834 4835 4836
v 69.803 2.227 -105.060
v 64.953 2.233 -101.790
v 68.027 2.254 -97.230
v 72.877 2.214 -100.500
f 4837 4838 4839 4840
v 64.954 2.233 -101.791
v 57.634 2.196 -96.861
v 60.706 2.167 -92.299
v 68.026 2.254 -97.229
f 4841 4842 4843 4844
v 57.635 2.196 -96.862
v 5.055 1.922 -61.482
v 8.125 1.887 -56.918
v 60.705 2.167 -92.298
f 4845 4846 4847 4848
v 5.054 1.922 -61.481
v -1.716 1.869 -56.921
v 1.356 1.863 -52.359
v 8.126 1.887 -56.919
f 4849 4850 4851 4852
v -1.731 1.869 -56.911
v -8.171 1.810 -52.511
v -5.069 1.867 -47.969
v 1.371 1.863 -52.369
f 4853 4854 4855 4856
v -8.171 1.810 -52.511
v -53.471 1.780 -21.571
v -50.369 1.724 -17.029
v -5.069 1.867 -47.969
f 4857 4858 4859 4860
v -53.472 1.780 -21.571
v -58.272 1.782 -18.291
v -55.168 1.746 -13.749
v -50.368 1.725 -17.029
f 4861 4862 4863 4864
v -58.301 1.782 -18.270
v -64.291 1.765 -14.060
v -61.129 1.724 -9.560
v -55.139 1.746 -13.770
f 4865 4866 4867 4868
v -64.289 1.765 -14.062
v -118.639 1.641 24.038
v -115.481 1.507 28.542
v -61.131 1.724 -9.558
f 4869 4870 4871 4872
v -118.639 1.641 24.039
v -123.729 1.693 27.609
v -120.571 1.609 32.111
v -115.481 1.507 28.541
f 4873 4874 4875 4876
v -123.681 1.693 27.575
v -126.741 1.650 29.625
v -123.679 1.543 34.195
v -120.619 1.608 32.145
f 4877 4878 4879 4880
v -126.740 1.650 29.625
v -200.650 1.802 79.125
v -197.590 1.793 83.695
v -123.680 1.543 34.195
f 4881 4882 4883 4884
v -200.651 1.802 79.126
v -207.871 1.838 83.966
v -204.809 1.815 88.534
v -197.589 1.793 83.694
f 4885 4886 4887 4888
v -207.369 1.949 -69.808
v -231.119 1.860 -54.308
v -226.201 1.845 -46.772
v -202.451 1.998 -62.272
f 4889 4890 4891 4892
v -230.989 1.860 -54.390
v -232.229 1.860 -53.640
v -227.571 1.852 -45.940
v -226.331 1.846 -46.690
f 4893 4894 4895 4896
v -232.373 1.859 -53.549
v -237.693 1.831 -50.049
v -232.747 1.823 -42.531
v -227.427 1.852 -46.031
f 4897 4898 4899 4900
v -237.677 1.831 -50.060
v -258.457 1.779 -36.521
v -253.543 1.818 -28.980
v -232.763 1.824 -42.520
f 4901 4902 4903 4904
v -258.938 1.783 11.451
v -209.278 1.842 88.152
v -203.402 1.807 84.348
v -253.062 1.917 7.646
f 4905 4906 4907 4908
v -209.222 1.843 88.236
v -205.962 1.823 92.966
v -200.198 1.762 88.994
v -203.458 1.808 84.264
f 4909 4910 4911 4912
v -205.964 1.823 92.963
v -200.634 1.711 100.713
v -194.866 1.712 96.747
v -200.196 1.762 88.997
f 4913 4914 4915 4916
v -200.634 1.711 100.713
v -170.914 1.783 143.953
v -165.146 1.714 139.987
v -194.866 1.712 96.747
f 4917 4918 4919 4920
v 84.366 2.263 248.265
v 60.706 2.729 211.795
v 54.834 2.729 215.605
v 78.494 2.268 252.075
f 4921 4922 4923 4924
v 238.173 2.174 96.691
v 249.883 2.110 88.701
v 245.937 2.185 82.919
v 234.227 2.235 90.909
f 4925 4926 4927 4928
v 249.883 2.110 88.701
v 257.973 2.080 83.179
v 254.027 2.129 77.397
v 245.937 2.185 82.919
f 4929 4930 4931 4932
v 0.094 2.467 256.714
v 24.174 2.552 240.514
v 20.266 2.607 234.706
v -3.814 2.496 250.906
f 4933 4934 4935 4936
v 24.173 2.552 240.514
v 59.723 2.709 216.604
v 55.817 2.704 210.796
v 20.267 2.607 234.706
f 4937 4938 4939 4940
v 59.723 2.709 216.604
v 77.073 2.680 204.934
v 73.167 2.709 199.126
v 55.817 2.704 210.796
f 4941 4942 4943 4944
v 77.074 2.680 204.934
v 88.044 2.668 197.554
v 84.136 2.682 191.746
v 73.166 2.709 199.126
f 4945 4946 4947 4948
v 88.043 2.668 197.554
v 111.443 2.588 181.814
v 107.537 2.620 176.006
v 84.137 2.682 191.746
f 4949 4950 4951 4952
v 111.445 2.588 181.813
v 128.955 2.552 170.023
v 125.045 2.568 164.217
v 107.535 2.620 176.007
f 4953 4954 4955 4956
v 128.952 2.552 170.025
v 145.262 2.522 159.065
v 141.358 2.535 153.255
v 125.048 2.568 164.215
f 4957 4958 4959 4960
v 59.274 2.740 212.806
v 42.174 2.426 184.036
v 39.166 2.815 185.824
v 56.266 2.739 214.594
f 4961 4962 4963 4964
v 88.116 2.213 254.110
v 84.376 2.263 248.280
v 78.484 2.268 252.060
v 82.224 2.195 257.890
f 4965 4966 4967 4968
v -114.691 1.852 -128.368
v -154.551 2.029 -190.888
v -159.189 1.916 -187.932
v -119.329 1.874 -125.412
f 4969 4970 4971 4972
v -154.583 2.030 -190.937
v -179.153 1.867 -227.747
v -183.727 1.898 -224.693
v -159.157 1.916 -187.883
f 4973 4974 4975 4976
v 68.582 2.947 194.151
v 73.602 2.683 202.901
v 76.638 2.683 201.159
v 71.618 2.913 192.409
f 4977 4978 4979 4980
v 99.907 2.800 168.529
v 108.067 2.599 179.929
v 110.913 2.598 177.891
v 102.753 2.773 166.491
f 4981 4982 4983 4984
v 119.650 2.782 159.554
v 125.560 2.558 168.114
v 128.440 2.551 166.126
v 122.530 2.793 157.566
f 4985 4986 4987 4988
v 106.752 2.573 119.540
v 113.812 2.482 113.070
v 111.448 2.469 110.490
v 104.388 2.655 116.960
f 4989 4990 4991 4992
v 61.832 2.533 144.563
v 54.442 2.380 150.253
v 56.578 2.402 153.027
v 63.968 2.515 147.337
f 4993 4994 4995 4996
v 58.743 2.495 127.055
v 44.863 2.281 136.115
v 46.777 2.304 139.045
v 60.657 2.777 129.985
f 4997 4998 4999 5000
v -8.451 1.771 -202.909
v -3.901 1.752 -195.859
v 0.721 1.732 -198.841
v -3.829 1.757 -205.891
f 5001 5002 5003 5004
v -3.845 1.752 -195.777
v 41.055 2.158 -131.417
v 45.565 2.169 -134.563
v 0.665 1.733 -198.923
f 5005 5006 5007 5008
v 41.049 2.158 -131.425
v 60.159 2.235 -103.825
v 64.681 2.278 -106.955
v 45.571 2.169 -134.555
f 5009 5010 5011 5012
v 60.159 2.235 -103.825
v 64.229 2.243 -97.945
v 68.751 2.221 -101.075
v 64.681 2.278 -106.955
f 5013 5014 5015 5016
v 64.195 2.243 -97.994
v 135.255 2.041 9.576
v 139.845 2.004 6.544
v 68.785 2.221 -101.026
f 5017 5018 5019 5020
v 135.266 2.041 9.591
v 205.506 2.270 114.401
v 210.074 2.271 111.339
v 139.834 2.005 6.529
f 5021 5022 5023 5024
v -8.771 1.775 -208.050
v -17.691 1.758 -201.620
v -12.429 1.782 -194.320
v -3.509 1.765 -200.750
f 5025 5026 5027 5028
v -17.701 1.757 -201.614
v -52.721 1.920 -176.234
v -47.439 1.906 -168.946
v -12.419 1.781 -194.326
f 5029 5030 5031 5032
v -52.722 1.920 -176.232
v -58.222 1.948 -172.242
v -52.938 1.970 -164.958
v -47.438 1.906 -168.948
f 5033 5034 5035 5036
v -58.222 1.948 -172.243
v -73.102 1.988 -161.453
v -67.818 1.931 -154.167
v -52.938 1.970 -164.957
f 5037 5038 5039 5040
v -72.950 1.991 -161.558
v -119.500 1.836 -130.638
v -114.520 1.878 -123.142
v -67.970 1.928 -154.062
f 5041 5042 5043 5044
v -119.484 1.836 -130.649
v -130.804 1.872 -123.199
v -125.856 1.861 -115.681
v -114.536 1.878 -123.131
f 5045 5046 5047 5048
v -130.912 1.869 -123.126
v -195.562 1.993 -77.846
v -190.398 1.940 -70.474
v -125.748 1.862 -115.754
f 5049 5050 5051 5052
v -195.512 1.992 -77.880
v -207.442 1.949 -69.760
v -202.378 1.999 -62.320
v -190.448 1.939 -70.440
f 5053 5054 5055 5056
v 254.429 1.653 -76.432
v 229.939 1.600 -59.387
v 233.081 1.561 -54.873
v 257.571 1.639 -71.917
f 5057 5058 5059 5060
v 229.903 1.600 -59.362
v 224.153 1.623 -55.222
v 227.367 1.633 -50.758
v 233.117 1.562 -54.898
f 5061 5062 5063 5064
v 224.213 1.623 -55.263
v 219.673 1.594 -52.173
v 222.767 1.524 -47.627
v 227.307 1.633 -50.717
f 5065 5066 5067 5068
v 219.634 1.594 -52.146
v 176.964 1.888 -22.016
v 180.136 1.792 -17.524
v 222.806 1.525 -47.654
f 5069 5070 5071 5072
v 177.006 1.888 -22.045
v 136.006 2.083 5.785
v 139.094 2.007 10.335
v 180.094 1.793 -17.495
f 5073 5074 5075 5076
v 136.009 2.083 5.782
v 70.309 2.283 50.212
v 73.391 2.273 54.768
v 139.091 2.007 10.338
f 5077 5078 5079 5080
v 70.350 2.283 50.185
v 11.910 2.009 88.225
v 14.910 2.048 92.835
v 73.350 2.273 54.795
f 5081 5082 5083 5084
v 11.876 2.009 88.248
v -48.604 1.735 128.908
v -45.536 1.727 133.472
v 14.944 2.048 92.812
f 5085 5086 5087 5088
v -48.591 1.734 128.899
v -106.501 1.863 167.329
v -103.459 1.871 171.911
v -45.549 1.727 133.481
f 5089 5090 5091 5092
v -106.567 1.864 167.374
v -168.867 2.180 211.384
v -165.693 2.132 215.876
v -103.393 1.871 171.866
f 5093 5094 5095 5096
v 58.554 1.662 -252.360
v 53.164 1.679 -248.910
v 58.016 1.649 -241.330
v 63.406 1.652 -244.780
f 5097 5098 5099 5100
v 53.089 1.680 -248.861
v 35.289 1.589 -236.961
v 40.291 1.624 -229.479
v 58.091 1.650 -241.379
f 5101 5102 5103 5104
v 35.320 1.589 -236.982
v 23.850 1.671 -229.452
v 28.790 1.701 -221.928
v 40.260 1.624 -229.458
f 5105 5106 5107 5108
v 23.853 1.671 -229.453
v 11.713 1.722 -221.493
v 16.647 1.669 -213.967
v 28.787 1.701 -221.927
f 5109 5110 5111 5112
v 11.712 1.722 -221.493
v -8.608 1.775 -208.163
v -3.672 1.765 -200.637
v 16.648 1.669 -213.967
f 5113 5114 5115 5116
v 258.897 1.605 -162.082
v 231.187 1.694 -202.944
v 225.393 1.756 -199.016
v 253.103 1.687 -158.154
f 5117 5118 5119 5120
v 231.181 1.694 -202.953
v 227.461 1.707 -208.403
v 221.679 1.754 -204.457
v 225.399 1.756 -199.007
f 5121 5122 5123 5124
v 227.469 1.707 -208.391
v 223.849 1.693 -213.741
v 218.051 1.773 -209.819
v 221.671 1.754 -204.469
f 5125 5126 5127 5128
v 223.846 1.693 -213.746
v 193.828 1.884 -257.966
v 188.036 1.955 -254.034
v 218.054 1.773 -209.814
f 5129 5130 5131 5132
v -220.328 1.880 115.439
v -201.468 1.757 103.219
v -203.372 1.748 100.281
v -222.232 1.905 112.501
f 5133 5134 5135 5136
v -201.470 1.757 103.220
v -196.800 1.777 100.200
v -198.700 1.763 97.260
v -203.370 1.748 100.280
f 5137 5138 5139 5140
v -138.591 1.904 -254.468
v -78.114 1.920 -164.298
v -73.546 1.941 -167.362
v -134.023 1.909 -257.532
f 5141 5142 5143 5144
v -78.115 1.920 -164.300
v -72.745 1.973 -156.280
v -68.175 2.010 -159.340
v -73.545 1.941 -167.360
f 5145 5146 5147 5148
v -179.886 1.894 -223.951
v -136.414 1.907 -253.731
v -139.523 1.903 -258.269
v -182.994 1.872 -228.489
f 5149 5150 5151 5152
v 160.494 2.468 144.500
v 163.414 2.421 149.440
v 166.426 2.387 147.660
v 163.506 2.441 142.720
f 5153 5154 5155 5156
v 163.413 2.421 149.440
v 171.703 2.380 163.480
v 174.717 2.367 161.700
v 166.427 2.387 147.660
f 5157 5158 5159 5160
v 174.192 2.381 164.038
v 241.062 2.145 118.678
v 239.098 2.178 115.782
v 172.228 2.340 161.142
f 5161 5162 5163 5164
v 241.082 2.145 118.665
v 257.002 2.154 107.552
v 254.998 2.143 104.682
v 239.078 2.178 115.795
f 5165 5166 5167 5168
v 15.570 1.707 -218.793
v 12.620 1.741 -222.653
v 9.840 1.744 -220.527
v 12.790 1.721 -216.667
f 5169 5170 5171 5172
v 12.603 1.743 -222.675
v 7.783 2.016 -228.775
v 5.037 2.007 -226.605
v 9.857 1.742 -220.505
f 5173 5174 5175 5176
v 7.411 1.990 -226.255
v 19.481 1.959 -234.675
v 17.479 1.975 -237.545
v 5.409 2.032 -229.125
f 5177 5178 5179 5180
v 19.476 1.959 -234.671
v 27.186 1.634 -240.011
v 25.194 1.638 -242.889
v 17.484 1.975 -237.549
f 5181 5182 5183 5184
v 27.204 1.633 -240.023
v 31.314 1.596 -242.943
v 29.286 1.636 -245.797
v 25.176 1.639 -242.877
f 5185 5186 5187 5188
v 17.069 1.970 -235.075
v 21.739 1.717 -228.705
v 24.561 1.710 -230.775
v 19.891 1.959 -237.145
f 5189 5190 5191 5192
v 21.772 1.714 -228.661
v 24.942 1.685 -224.611
v 27.698 1.659 -226.769
v 24.528 1.714 -230.819
f 5193 5194 5195 5196
v -4.668 1.763 -205.346
v -7.038 1.754 -209.036
v -9.982 1.797 -207.144
v -7.612 1.772 -203.454
f 5197 5198 5199 5200
v -7.045 1.754 -209.047
v -20.735 2.181 -229.997
v -23.665 2.160 -228.083
v -9.975 1.796 -207.133
f 5201 5202 5203 5204
v 163.951 2.433 146.516
v 209.741 2.275 115.776
v 205.839 2.301 109.964
v 160.049 2.482 140.704
f 5205 5206 5207 5208
v 209.741 2.275 115.776
v 238.151 2.174 96.706
v 234.249 2.235 90.894
v 205.839 2.301 109.964
f 5209 5210 5211 5212
v 145.261 2.522 159.066
v 163.951 2.433 146.516
v 160.049 2.482 140.704
v 141.359 2.535 153.254
f 5213 5214 5215 5216
v -247.796 1.963 -60.621
v -236.636 1.831 -45.261
v -233.804 1.833 -47.319
v -244.964 2.009 -62.679
f 5217 5218 5219 5220
v -118.438 1.869 -125.878
v -114.668 1.992 -120.558
v -111.812 1.970 -122.582
v -115.582 1.856 -127.902
f 5221 5222 5223 5224
v -114.686 1.991 -120.584
v -102.906 2.023 -103.304
v -100.014 2.026 -105.276
v -111.794 1.971 -122.556
f 5225 5226 5227 5228
v -102.411 2.038 -105.759
v -110.151 1.907 -100.749
v -108.249 1.909 -97.811
v -100.509 2.005 -102.821
f 5229 5230 5231 5232
v -110.197 1.905 -100.718
v -113.687 1.939 -98.298
v -111.693 1.943 -95.422
v -108.203 1.910 -97.842
f 5233 5234 5235 5236
v -101.514 2.010 -102.541
v -97.264 1.987 -102.411
v -97.156 2.007 -105.909
v -101.406 2.029 -106.039
f 5237 5238 5239 5240
v -96.215 1.987 -102.721
v -92.035 1.944 -105.611
v -94.025 1.989 -108.489
v -98.205 2.018 -105.599
f 5241 5242 5243 5244
v -51.521 1.928 -171.598
v -47.721 1.987 -166.078
v -44.839 1.981 -168.062
v -48.639 1.921 -173.582
f 5245 5246 5247 5248
v -47.721 1.987 -166.077
v -47.101 2.030 -165.177
v -44.219 2.005 -167.163
v -44.839 1.981 -168.063
f 5249 5250 5251 5252
v -47.102 2.030 -165.179
v -37.162 2.079 -150.719
v -34.278 2.078 -152.701
v -44.218 2.005 -167.161
f 5253 5254 5255 5256
v -37.162 2.079 -150.718
v -33.562 1.983 -145.488
v -30.678 2.018 -147.472
v -34.278 2.078 -152.702
f 5257 5258 5259 5260
v -33.107 2.014 -147.925
v -35.407 1.983 -146.355
v -33.433 1.989 -143.465
v -31.133 1.989 -145.035
f 5261 5262 5263 5264
v -35.404 1.983 -146.357
v -49.394 1.982 -136.847
v -47.426 1.972 -133.953
v -33.436 1.989 -143.463
f 5265 5266 5267 5268
v -49.394 1.982 -136.847
v -54.044 2.043 -133.687
v -52.076 2.033 -130.793
v -47.426 1.972 -133.953
f 5269 5270 5271 5272
v -32.979 1.992 -145.903
v -45.249 2.086 -163.713
v -48.131 2.117 -161.727
v -35.861 1.974 -143.917
f 5273 5274 5275 5276
v -45.013 2.116 -162.219
v -43.983 2.035 -165.669
v -47.337 1.977 -166.671
v -48.367 2.064 -163.221
f 5277 5278 5279 5280
v -221.241 1.725 -33.477
v -206.271 1.793 -11.757
v -203.389 1.745 -13.743
v -218.359 1.688 -35.463
f 5281 5282 5283 5284
v -203.850 1.761 -11.300
v -179.250 1.739 -27.920
v -181.210 1.730 -30.820
v -205.810 1.746 -14.200
f 5285 5286 5287 5288
v -171.616 1.834 -33.111
v -167.156 1.842 -36.331
v -169.204 1.842 -39.169
v -173.664 1.859 -35.949
f 5289 5290 5291 5292
v -231.378 1.838 -48.853
v -226.468 1.795 -41.113
v -223.512 1.810 -42.987
v -228.422 1.847 -50.727
f 5293 5294 5295 5296
usemtl asphalt
