# Baked ultra-low Key West silhouette; generated by bake_key_west_far_city.py
mtllib far_city.mtl
usemtl massing
v -85.946 1.988 27.390
v -67.423 1.988 39.844
v -76.814 1.988 53.810
v -95.337 1.988 41.356
v -85.946 5.888 27.390
v -67.423 5.888 39.844
v -76.814 5.888 53.810
v -95.337 5.888 41.356
f 8 7 6 5
f 1 2 6 5
f 2 3 7 6
f 3 4 8 7
f 4 1 5 8
v -193.297 2.540 -54.030
v -171.582 2.540 -42.303
v -182.963 2.540 -21.230
v -204.678 2.540 -32.957
v -193.297 8.340 -54.030
v -171.582 8.340 -42.303
v -182.963 8.340 -21.230
v -204.678 8.340 -32.957
f 16 15 14 13
f 9 10 14 13
f 10 11 15 14
f 11 12 16 15
f 12 9 13 16
v -89.340 2.293 114.283
v -61.910 2.293 109.636
v -58.000 2.293 132.717
v -85.430 2.293 137.364
v -89.340 6.193 114.283
v -61.910 6.193 109.636
v -58.000 6.193 132.717
v -85.430 6.193 137.364
f 24 23 22 21
f 17 18 22 21
f 18 19 23 22
f 19 20 24 23
f 20 17 21 24
v 144.252 1.360 -49.417
v 159.355 1.360 -38.681
v 152.988 1.360 -29.723
v 137.885 1.360 -40.459
v 144.252 5.260 -49.417
v 159.355 5.260 -38.681
v 152.988 5.260 -29.723
v 137.885 5.260 -40.459
f 32 31 30 29
f 25 26 30 29
f 26 27 31 30
f 27 28 32 31
f 28 25 29 32
v 47.726 1.090 25.431
v 57.493 1.090 11.152
v 68.834 1.090 18.909
v 59.067 1.090 33.188
v 47.726 4.990 25.431
v 57.493 4.990 11.152
v 68.834 4.990 18.909
v 59.067 4.990 33.188
f 40 39 38 37
f 33 34 38 37
f 34 35 39 38
f 35 36 40 39
f 36 33 37 40
v 7.528 2.539 76.953
v 29.266 2.539 51.006
v 54.692 2.539 72.307
v 32.954 2.539 98.254
v 7.528 8.839 76.953
v 29.266 8.839 51.006
v 54.692 8.839 72.307
v 32.954 8.839 98.254
f 48 47 46 45
f 41 42 46 45
f 42 43 47 46
f 43 44 48 47
f 44 41 45 48
v 131.324 1.474 -208.481
v 139.637 1.474 -221.693
v 150.276 1.474 -214.999
v 141.963 1.474 -201.787
v 131.324 4.974 -208.481
v 139.637 4.974 -221.693
v 150.276 4.974 -214.999
v 141.963 4.974 -201.787
f 56 55 54 53
f 49 50 54 53
f 50 51 55 54
f 51 52 56 55
f 52 49 53 56
v 2.590 0.747 -250.510
v 17.707 0.747 -240.629
v 11.930 0.747 -231.790
v -3.187 0.747 -241.671
v 2.590 7.047 -250.510
v 17.707 7.047 -240.629
v 11.930 7.047 -231.790
v -3.187 7.047 -241.671
f 64 63 62 61
f 57 58 62 61
f 58 59 63 62
f 59 60 64 63
f 60 57 61 64
v -43.823 1.409 -137.966
v -29.974 1.409 -156.418
v -17.977 1.409 -147.414
v -31.826 1.409 -128.962
v -43.823 7.709 -137.966
v -29.974 7.709 -156.418
v -17.977 7.709 -147.414
v -31.826 7.709 -128.962
f 72 71 70 69
f 65 66 70 69
f 66 67 71 70
f 67 68 72 71
f 68 65 69 72
v -239.709 3.523 16.348
v -190.427 3.523 47.960
v -209.691 3.523 77.992
v -258.973 3.523 46.380
v -239.709 9.823 16.348
v -190.427 9.823 47.960
v -209.691 9.823 77.992
v -258.973 9.823 46.380
f 80 79 78 77
f 73 74 78 77
f 74 75 79 78
f 75 76 80 79
f 76 73 77 80
v 232.123 1.063 -228.564
v 247.215 1.063 -219.317
v 240.977 1.063 -209.136
v 225.885 1.063 -218.383
v 232.123 7.363 -228.564
v 247.215 7.363 -219.317
v 240.977 7.363 -209.136
v 225.885 7.363 -218.383
f 88 87 86 85
f 81 82 86 85
f 82 83 87 86
f 83 84 88 87
f 84 81 85 88
v 185.179 1.198 -230.268
v 198.731 1.198 -224.837
v 194.401 1.198 -214.032
v 180.849 1.198 -219.463
v 185.179 10.498 -230.268
v 198.731 10.498 -224.837
v 194.401 10.498 -214.032
v 180.849 10.498 -219.463
f 96 95 94 93
f 89 90 94 93
f 90 91 95 94
f 91 92 96 95
f 92 89 93 96
v 175.120 1.359 -129.033
v 181.941 1.359 -137.954
v 190.060 1.359 -131.747
v 183.239 1.359 -122.826
v 175.120 7.659 -129.033
v 181.941 7.659 -137.954
v 190.060 7.659 -131.747
v 183.239 7.659 -122.826
f 104 103 102 101
f 97 98 102 101
f 98 99 103 102
f 99 100 104 103
f 100 97 101 104
v 115.341 1.624 -89.127
v 128.153 1.624 -80.912
v 124.499 1.624 -75.213
v 111.687 1.624 -83.428
v 115.341 7.924 -89.127
v 128.153 7.924 -80.912
v 124.499 7.924 -75.213
v 111.687 7.924 -83.428
f 112 111 110 109
f 105 106 110 109
f 106 107 111 110
f 107 108 112 111
f 108 105 109 112
v -224.459 3.838 229.698
v -213.332 3.838 212.755
v -199.281 3.838 221.982
v -210.408 3.838 238.925
v -224.459 7.738 229.698
v -213.332 7.738 212.755
v -199.281 7.738 221.982
v -210.408 7.738 238.925
f 120 119 118 117
f 113 114 118 117
f 114 115 119 118
f 115 116 120 119
f 116 113 117 120
v 195.504 1.329 36.991
v 213.425 1.329 50.246
v 208.156 1.329 57.369
v 190.235 1.329 44.114
v 195.504 5.229 36.991
v 213.425 5.229 50.246
v 208.156 5.229 57.369
v 190.235 5.229 44.114
f 128 127 126 125
f 121 122 126 125
f 122 123 127 126
f 123 124 128 127
f 124 121 125 128
v 82.005 1.332 109.155
v 96.523 1.332 118.564
v 92.335 1.332 125.025
v 77.817 1.332 115.616
v 82.005 5.232 109.155
v 96.523 5.232 118.564
v 92.335 5.232 125.025
v 77.817 5.232 115.616
f 136 135 134 133
f 129 130 134 133
f 130 131 135 134
f 131 132 136 135
f 132 129 133 136
v 25.776 1.198 145.685
v 33.951 1.198 134.369
v 42.624 1.198 140.635
v 34.449 1.198 151.951
v 25.776 5.098 145.685
v 33.951 5.098 134.369
v 42.624 5.098 140.635
v 34.449 5.098 151.951
f 144 143 142 141
f 137 138 142 141
f 138 139 143 142
f 139 140 144 143
f 140 137 141 144
v 47.399 1.384 225.937
v 63.935 1.384 236.347
v 59.141 1.384 243.963
v 42.605 1.384 233.553
v 47.399 5.284 225.937
v 63.935 5.284 236.347
v 59.141 5.284 243.963
v 42.605 5.284 233.553
f 152 151 150 149
f 145 146 150 149
f 146 147 151 150
f 147 148 152 151
f 148 145 149 152
v 2.072 1.612 -126.765
v 18.638 1.612 -141.317
v 28.108 1.612 -130.535
v 11.542 1.612 -115.983
v 2.072 5.512 -126.765
v 18.638 5.512 -141.317
v 28.108 5.512 -130.535
v 11.542 5.512 -115.983
f 160 159 158 157
f 153 154 158 157
f 154 155 159 158
f 155 156 160 159
f 156 153 157 160
v 18.652 1.615 -131.200
v 27.403 1.615 -144.511
v 35.968 1.615 -138.880
v 27.217 1.615 -125.569
v 18.652 5.515 -131.200
v 27.403 5.515 -144.511
v 35.968 5.515 -138.880
v 27.217 5.515 -125.569
f 168 167 166 165
f 161 162 166 165
f 162 163 167 166
f 163 164 168 167
f 164 161 165 168
v 33.008 1.400 -137.415
v 41.914 1.400 -151.043
v 49.532 1.400 -146.065
v 40.626 1.400 -132.437
v 33.008 5.300 -137.415
v 41.914 5.300 -151.043
v 49.532 5.300 -146.065
v 40.626 5.300 -132.437
f 176 175 174 173
f 169 170 174 173
f 170 171 175 174
f 171 172 176 175
f 172 169 173 176
v 64.974 1.418 -170.839
v 68.120 1.418 -155.784
v 52.986 1.418 -152.621
v 49.840 1.418 -167.676
v 64.974 5.318 -170.839
v 68.120 5.318 -155.784
v 52.986 5.318 -152.621
v 49.840 5.318 -167.676
f 184 183 182 181
f 177 178 182 181
f 178 179 183 182
f 179 180 184 183
f 180 177 181 184
v 94.595 1.545 -114.051
v 110.671 1.545 -103.407
v 104.885 1.545 -94.669
v 88.809 1.545 -105.313
v 94.595 5.445 -114.051
v 110.671 5.445 -103.407
v 104.885 5.445 -94.669
v 88.809 5.445 -105.313
f 192 191 190 189
f 185 186 190 189
f 186 187 191 190
f 187 188 192 191
f 188 185 189 192
v 112.382 1.275 -157.643
v 129.447 1.275 -147.427
v 125.178 1.275 -140.297
v 108.113 1.275 -150.513
v 112.382 5.175 -157.643
v 129.447 5.175 -147.427
v 125.178 5.175 -140.297
v 108.113 5.175 -150.513
f 200 199 198 197
f 193 194 198 197
f 194 195 199 198
f 195 196 200 199
f 196 193 197 200
v 123.447 1.332 -148.079
v 136.489 1.332 -135.587
v 130.353 1.332 -129.181
v 117.311 1.332 -141.673
v 123.447 5.232 -148.079
v 136.489 5.232 -135.587
v 130.353 5.232 -129.181
v 117.311 5.232 -141.673
f 208 207 206 205
f 201 202 206 205
f 202 203 207 206
f 203 204 208 207
f 204 201 205 208
v 145.087 1.322 203.145
v 148.755 1.322 197.876
v 151.053 1.322 199.475
v 147.385 1.322 204.744
v 145.087 5.222 203.145
v 148.755 5.222 197.876
v 151.053 5.222 199.475
v 147.385 5.222 204.744
f 216 215 214 213
f 209 210 214 213
f 210 211 215 214
f 211 212 216 215
f 212 209 213 216
v 135.766 1.474 212.188
v 137.817 1.474 207.150
v 141.754 1.474 208.752
v 139.703 1.474 213.790
v 135.766 5.374 212.188
v 137.817 5.374 207.150
v 141.754 5.374 208.752
v 139.703 5.374 213.790
f 224 223 222 221
f 217 218 222 221
f 218 219 223 222
f 219 220 224 223
f 220 217 221 224
v 151.721 1.482 241.135
v 155.052 1.482 236.424
v 158.759 1.482 239.045
v 155.428 1.482 243.756
v 151.721 5.382 241.135
v 155.052 5.382 236.424
v 158.759 5.382 239.045
v 155.428 5.382 243.756
f 232 231 230 229
f 225 226 230 229
f 226 227 231 230
f 227 228 232 231
f 228 225 229 232
v 157.091 1.490 249.350
v 160.683 1.490 244.199
v 164.169 1.490 246.630
v 160.577 1.490 251.781
v 157.091 5.390 249.350
v 160.683 5.390 244.199
v 164.169 5.390 246.630
v 160.577 5.390 251.781
f 240 239 238 237
f 233 234 238 237
f 234 235 239 238
f 235 236 240 239
f 236 233 237 240
v 250.836 1.356 212.961
v 255.636 1.356 206.068
v 258.984 1.356 208.399
v 254.184 1.356 215.292
v 250.836 5.256 212.961
v 255.636 5.256 206.068
v 258.984 5.256 208.399
v 254.184 5.256 215.292
f 248 247 246 245
f 241 242 246 245
f 242 243 247 246
f 243 244 248 247
f 244 241 245 248
v 124.592 1.495 132.622
v 131.431 1.495 122.158
v 136.328 1.495 125.358
v 129.489 1.495 135.822
v 124.592 5.395 132.622
v 131.431 5.395 122.158
v 136.328 5.395 125.358
v 129.489 5.395 135.822
f 256 255 254 253
f 249 250 254 253
f 250 251 255 254
f 251 252 256 255
f 252 249 253 256
v -176.806 3.704 221.378
v -163.516 3.704 229.471
v -166.434 3.704 234.262
v -179.724 3.704 226.169
v -176.806 7.604 221.378
v -163.516 7.604 229.471
v -166.434 7.604 234.262
v -179.724 7.604 226.169
f 264 263 262 261
f 257 258 262 261
f 258 259 263 262
f 259 260 264 263
f 260 257 261 264
v -187.463 3.510 203.768
v -178.179 3.510 209.816
v -182.737 3.510 216.812
v -192.021 3.510 210.764
v -187.463 7.410 203.768
v -178.179 7.410 209.816
v -182.737 7.410 216.812
v -192.021 7.410 210.764
f 272 271 270 269
f 265 266 270 269
f 266 267 271 270
f 267 268 272 271
f 268 265 269 272
v -203.729 3.526 199.581
v -192.386 3.526 186.652
v -180.591 3.526 196.999
v -191.934 3.526 209.928
v -203.729 7.426 199.581
v -192.386 7.426 186.652
v -180.591 7.426 196.999
v -191.934 7.426 209.928
f 280 279 278 277
f 273 274 278 277
f 274 275 279 278
f 275 276 280 279
f 276 273 277 280
v -148.708 3.732 189.662
v -135.678 3.732 198.293
v -141.272 3.732 206.738
v -154.302 3.732 198.107
v -148.708 7.632 189.662
v -135.678 7.632 198.293
v -141.272 7.632 206.738
v -154.302 7.632 198.107
f 288 287 286 285
f 281 282 286 285
f 282 283 287 286
f 283 284 288 287
f 284 281 285 288
v -171.739 3.753 226.164
v -155.925 3.753 236.696
v -160.121 3.753 242.996
v -175.935 3.753 232.464
v -171.739 7.653 226.164
v -155.925 7.653 236.696
v -160.121 7.653 242.996
v -175.935 7.653 232.464
f 296 295 294 293
f 289 290 294 293
f 290 291 295 294
f 291 292 296 295
f 292 289 293 296
v -166.037 3.786 235.258
v -153.288 3.786 243.789
v -156.603 3.786 248.742
v -169.352 3.786 240.211
v -166.037 7.686 235.258
v -153.288 7.686 243.789
v -156.603 7.686 248.742
v -169.352 7.686 240.211
f 304 303 302 301
f 297 298 302 301
f 298 299 303 302
f 299 300 304 303
f 300 297 301 304
v -139.381 3.691 202.956
v -127.417 3.691 210.879
v -133.579 3.691 220.184
v -145.543 3.691 212.261
v -139.381 7.591 202.956
v -127.417 7.591 210.879
v -133.579 7.591 220.184
v -145.543 7.591 212.261
f 312 311 310 309
f 305 306 310 309
f 306 307 311 310
f 307 308 312 311
f 308 305 309 312
v -134.971 3.708 221.367
v -119.206 3.708 225.469
v -122.689 3.708 238.853
v -138.454 3.708 234.751
v -134.971 7.608 221.367
v -119.206 7.608 225.469
v -122.689 7.608 238.853
v -138.454 7.608 234.751
f 320 319 318 317
f 313 314 318 317
f 314 315 319 318
f 315 316 320 319
f 316 313 317 320
v -183.130 3.878 212.585
v -173.424 3.878 219.046
v -178.090 3.878 226.055
v -187.796 3.878 219.594
v -183.130 7.778 212.585
v -173.424 7.778 219.046
v -178.090 7.778 226.055
v -187.796 7.778 219.594
f 328 327 326 325
f 321 322 326 325
f 322 323 327 326
f 323 324 328 327
f 324 321 325 328
v -254.270 3.634 249.537
v -247.408 3.634 235.072
v -234.650 3.634 241.123
v -241.512 3.634 255.588
v -254.270 7.534 249.537
v -247.408 7.534 235.072
v -234.650 7.534 241.123
v -241.512 7.534 255.588
f 336 335 334 333
f 329 330 334 333
f 330 331 335 334
f 331 332 336 335
f 332 329 333 336
v -128.103 3.737 234.458
v -118.278 3.737 241.330
v -121.797 3.737 246.362
v -131.622 3.737 239.490
v -128.103 7.637 234.458
v -118.278 7.637 241.330
v -121.797 7.637 246.362
v -131.622 7.637 239.490
f 344 343 342 341
f 337 338 342 341
f 338 339 343 342
f 339 340 344 343
f 340 337 341 344
v -124.247 3.691 238.874
v -110.879 3.691 247.665
v -113.813 3.691 252.126
v -127.181 3.691 243.335
v -124.247 7.591 238.874
v -110.879 7.591 247.665
v -113.813 7.591 252.126
v -127.181 7.591 243.335
f 352 351 350 349
f 345 346 350 349
f 346 347 351 350
f 347 348 352 351
f 348 345 349 352
v -120.526 3.609 243.603
v -106.199 3.609 253.138
v -109.114 3.609 257.517
v -123.441 3.609 247.982
v -120.526 7.509 243.603
v -106.199 7.509 253.138
v -109.114 7.509 257.517
v -123.441 7.509 247.982
f 360 359 358 357
f 353 354 358 357
f 354 355 359 358
f 355 356 360 359
f 356 353 357 360
v -116.464 3.516 247.351
v -99.893 3.516 258.973
v -103.356 3.516 263.909
v -119.927 3.516 252.287
v -116.464 7.416 247.351
v -99.893 7.416 258.973
v -103.356 7.416 263.909
v -119.927 7.416 252.287
f 368 367 366 365
f 361 362 366 365
f 362 363 367 366
f 363 364 368 367
f 364 361 365 368
v 58.178 1.172 237.907
v 67.890 1.172 244.306
v 63.142 1.172 251.513
v 53.430 1.172 245.114
v 58.178 5.072 237.907
v 67.890 5.072 244.306
v 63.142 5.072 251.513
v 53.430 5.072 245.114
f 376 375 374 373
f 369 370 374 373
f 370 371 375 374
f 371 372 376 375
f 372 369 373 376
v -159.210 4.025 183.686
v -143.947 4.025 194.140
v -146.970 4.025 198.554
v -162.233 4.025 188.100
v -159.210 7.925 183.686
v -143.947 7.925 194.140
v -146.970 7.925 198.554
v -162.233 7.925 188.100
f 384 383 382 381
f 377 378 382 381
f 378 379 383 382
f 379 380 384 383
f 380 377 381 384
v -89.288 2.634 243.693
v -84.872 2.634 230.397
v -75.932 2.634 233.367
v -80.348 2.634 246.663
v -89.288 6.534 243.693
v -84.872 6.534 230.397
v -75.932 6.534 233.367
v -80.348 6.534 246.663
f 392 391 390 389
f 385 386 390 389
f 386 387 391 390
f 387 388 392 391
f 388 385 389 392
v -66.345 2.534 251.448
v -56.774 2.534 239.679
v -49.675 2.534 245.452
v -59.246 2.534 257.221
v -66.345 6.434 251.448
v -56.774 6.434 239.679
v -49.675 6.434 245.452
v -59.246 6.434 257.221
f 400 399 398 397
f 393 394 398 397
f 394 395 399 398
f 395 396 400 399
f 396 393 397 400
v 18.520 1.125 9.307
v 27.088 1.125 15.201
v 21.880 1.125 22.773
v 13.312 1.125 16.879
v 18.520 7.425 9.307
v 27.088 7.425 15.201
v 21.880 7.425 22.773
v 13.312 7.425 16.879
f 408 407 406 405
f 401 402 406 405
f 402 403 407 406
f 403 404 408 407
f 404 401 405 408
v -37.143 1.120 48.392
v -29.172 1.120 37.139
v -22.497 1.120 41.868
v -30.468 1.120 53.121
v -37.143 7.420 48.392
v -29.172 7.420 37.139
v -22.497 7.420 41.868
v -30.468 7.420 53.121
f 416 415 414 413
f 409 410 414 413
f 410 411 415 414
f 411 412 416 415
f 412 409 413 416
v 207.570 1.216 71.170
v 213.830 1.216 75.154
v 211.070 1.216 79.490
v 204.810 1.216 75.506
v 207.570 7.516 71.170
v 213.830 7.516 75.154
v 211.070 7.516 79.490
v 204.810 7.516 75.506
f 424 423 422 421
f 417 418 422 421
f 418 419 423 422
f 419 420 424 423
f 420 417 421 424
v -70.769 1.793 67.581
v -56.446 1.793 77.231
v -62.151 1.793 85.699
v -76.474 1.793 76.049
v -70.769 8.093 67.581
v -56.446 8.093 77.231
v -62.151 8.093 85.699
v -76.474 8.093 76.049
f 432 431 430 429
f 425 426 430 429
f 426 427 431 430
f 427 428 432 431
f 428 425 429 432
v -120.744 0.695 -252.528
v -110.643 0.695 -245.938
v -115.736 0.695 -238.132
v -125.837 0.695 -244.722
v -120.744 9.995 -252.528
v -110.643 9.995 -245.938
v -115.736 9.995 -238.132
v -125.837 9.995 -244.722
f 440 439 438 437
f 433 434 438 437
f 434 435 439 438
f 435 436 440 439
f 436 433 437 440
v 185.222 1.423 97.092
v 188.464 1.423 91.843
v 193.458 1.423 94.928
v 190.216 1.423 100.177
v 185.222 7.723 97.092
v 188.464 7.723 91.843
v 193.458 7.723 94.928
v 190.216 7.723 100.177
f 448 447 446 445
f 441 442 446 445
f 442 443 447 446
f 443 444 448 447
f 444 441 445 448
v -250.542 0.961 -259.706
v -228.242 0.961 -244.733
v -234.418 0.961 -235.534
v -256.718 0.961 -250.507
v -250.542 4.861 -259.706
v -228.242 4.861 -244.733
v -234.418 4.861 -235.534
v -256.718 4.861 -250.507
f 456 455 454 453
f 449 450 454 453
f 450 451 455 454
f 451 452 456 455
f 452 449 453 456
v -259.809 0.570 -198.840
v -254.400 0.570 -207.582
v -246.831 0.570 -202.900
v -252.240 0.570 -194.158
v -259.809 4.470 -198.840
v -254.400 4.470 -207.582
v -246.831 4.470 -202.900
v -252.240 4.470 -194.158
f 464 463 462 461
f 457 458 462 461
f 458 459 463 462
f 459 460 464 463
f 460 457 461 464
v -250.114 0.680 -200.169
v -237.654 0.680 -190.470
v -242.666 0.680 -184.031
v -255.126 0.680 -193.730
v -250.114 4.580 -200.169
v -237.654 4.580 -190.470
v -242.666 4.580 -184.031
v -255.126 4.580 -193.730
f 472 471 470 469
f 465 466 470 469
f 466 467 471 470
f 467 468 472 471
f 468 465 469 472
v -244.403 0.878 -192.945
v -229.161 0.878 -185.018
v -233.157 0.878 -177.335
v -248.399 0.878 -185.262
v -244.403 4.778 -192.945
v -229.161 4.778 -185.018
v -233.157 4.778 -177.335
v -248.399 4.778 -185.262
f 480 479 478 477
f 473 474 478 477
f 474 475 479 478
f 475 476 480 479
f 476 473 477 480
v -230.412 0.691 -207.752
v -221.907 0.691 -218.633
v -213.508 0.691 -212.068
v -222.013 0.691 -201.187
v -230.412 4.591 -207.752
v -221.907 4.591 -218.633
v -213.508 4.591 -212.068
v -222.013 4.591 -201.187
f 488 487 486 485
f 481 482 486 485
f 482 483 487 486
f 483 484 488 487
f 484 481 485 488
v -239.376 0.509 -204.073
v -229.207 0.509 -212.505
v -223.404 0.509 -205.507
v -233.573 0.509 -197.075
v -239.376 4.409 -204.073
v -229.207 4.409 -212.505
v -223.404 4.409 -205.507
v -233.573 4.409 -197.075
f 496 495 494 493
f 489 490 494 493
f 490 491 495 494
f 491 492 496 495
f 492 489 493 496
v -213.662 0.683 -200.639
v -197.308 0.683 -210.660
v -190.458 0.683 -199.481
v -206.812 0.683 -189.460
v -213.662 4.583 -200.639
v -197.308 4.583 -210.660
v -190.458 4.583 -199.481
v -206.812 4.583 -189.460
f 504 503 502 501
f 497 498 502 501
f 498 499 503 502
f 499 500 504 503
f 500 497 501 504
v -202.585 0.759 -229.415
v -190.060 0.759 -230.345
v -189.235 0.759 -219.225
v -201.760 0.759 -218.295
v -202.585 4.659 -229.415
v -190.060 4.659 -230.345
v -189.235 4.659 -219.225
v -201.760 4.659 -218.295
f 512 511 510 509
f 505 506 510 509
f 506 507 511 510
f 507 508 512 511
f 508 505 509 512
v -221.981 0.849 -248.455
v -215.187 0.849 -258.757
v -206.739 0.849 -253.185
v -213.533 0.849 -242.883
v -221.981 4.749 -248.455
v -215.187 4.749 -258.757
v -206.739 4.749 -253.185
v -213.533 4.749 -242.883
f 520 519 518 517
f 513 514 518 517
f 514 515 519 518
f 515 516 520 519
f 516 513 517 520
v -168.926 0.464 -263.142
v -154.554 0.464 -253.822
v -157.954 0.464 -248.578
v -172.326 0.464 -257.898
v -168.926 4.364 -263.142
v -154.554 4.364 -253.822
v -157.954 4.364 -248.578
v -172.326 4.364 -257.898
f 528 527 526 525
f 521 522 526 525
f 522 523 527 526
f 523 524 528 527
f 524 521 525 528
v -162.505 0.584 -256.853
v -148.023 0.584 -247.371
v -151.195 0.584 -242.527
v -165.677 0.584 -252.009
v -162.505 4.484 -256.853
v -148.023 4.484 -247.371
v -151.195 4.484 -242.527
v -165.677 4.484 -252.009
f 536 535 534 533
f 529 530 534 533
f 530 531 535 534
f 531 532 536 535
f 532 529 533 536
v -155.617 0.535 -246.963
v -143.395 0.535 -238.233
v -147.463 0.535 -232.537
v -159.685 0.535 -241.267
v -155.617 4.435 -246.963
v -143.395 4.435 -238.233
v -147.463 4.435 -232.537
v -159.685 4.435 -241.267
f 544 543 542 541
f 537 538 542 541
f 538 539 543 542
f 539 540 544 543
f 540 537 541 544
v -155.246 0.694 -215.573
v -136.187 0.694 -238.922
v -126.294 0.694 -230.847
v -145.353 0.694 -207.498
v -155.246 4.594 -215.573
v -136.187 4.594 -238.922
v -126.294 4.594 -230.847
v -145.353 4.594 -207.498
f 552 551 550 549
f 545 546 550 549
f 546 547 551 550
f 547 548 552 551
f 548 545 549 552
v -158.935 0.678 -203.821
v -150.883 0.678 -220.821
v -138.845 0.678 -215.119
v -146.897 0.678 -198.119
v -158.935 4.578 -203.821
v -150.883 4.578 -220.821
v -138.845 4.578 -215.119
v -146.897 4.578 -198.119
f 560 559 558 557
f 553 554 558 557
f 554 555 559 558
f 555 556 560 559
f 556 553 557 560
v -206.118 -0.006 -251.727
v -183.166 -0.006 -235.726
v -188.822 -0.006 -227.613
v -211.774 -0.006 -243.614
v -206.118 3.894 -251.727
v -183.166 3.894 -235.726
v -188.822 3.894 -227.613
v -211.774 3.894 -243.614
f 568 567 566 565
f 561 562 566 565
f 562 563 567 566
f 563 564 568 567
f 564 561 565 568
v -181.340 0.714 -244.130
v -178.640 0.714 -242.268
v -180.060 0.714 -240.210
v -182.760 0.714 -242.072
v -181.340 4.614 -244.130
v -178.640 4.614 -242.268
v -180.060 4.614 -240.210
v -182.760 4.614 -242.072
f 576 575 574 573
f 569 570 574 573
f 570 571 575 574
f 571 572 576 575
f 572 569 573 576
v -188.229 0.768 -229.335
v -182.008 0.768 -241.056
v -173.131 0.768 -236.345
v -179.352 0.768 -224.624
v -188.229 4.668 -229.335
v -182.008 4.668 -241.056
v -173.131 4.668 -236.345
v -179.352 4.668 -224.624
f 584 583 582 581
f 577 578 582 581
f 578 579 583 582
f 579 580 584 583
f 580 577 581 584
v -172.010 0.803 -199.256
v -156.889 0.803 -214.356
v -147.590 0.803 -205.044
v -162.711 0.803 -189.944
v -172.010 4.703 -199.256
v -156.889 4.703 -214.356
v -147.590 4.703 -205.044
v -162.711 4.703 -189.944
f 592 591 590 589
f 585 586 590 589
f 586 587 591 590
f 587 588 592 591
f 588 585 589 592
v -197.383 0.719 -207.336
v -193.268 0.719 -220.875
v -183.757 0.719 -217.984
v -187.872 0.719 -204.445
v -197.383 4.619 -207.336
v -193.268 4.619 -220.875
v -183.757 4.619 -217.984
v -187.872 4.619 -204.445
f 600 599 598 597
f 593 594 598 597
f 594 595 599 598
f 595 596 600 599
f 596 593 597 600
v -188.307 0.902 -208.176
v -182.182 0.902 -203.795
v -184.393 0.902 -200.704
v -190.518 0.902 -205.085
v -188.307 4.802 -208.176
v -182.182 4.802 -203.795
v -184.393 4.802 -200.704
v -190.518 4.802 -205.085
f 608 607 606 605
f 601 602 606 605
f 602 603 607 606
f 603 604 608 607
f 604 601 605 608
v -204.329 0.814 -210.412
v -201.035 0.814 -215.486
v -197.311 0.814 -213.068
v -200.605 0.814 -207.994
v -204.329 4.714 -210.412
v -201.035 4.714 -215.486
v -197.311 4.714 -213.068
v -200.605 4.714 -207.994
f 616 615 614 613
f 609 610 614 613
f 610 611 615 614
f 611 612 616 615
f 612 609 613 616
v -186.100 0.677 -187.243
v -175.376 0.677 -203.959
v -167.860 0.677 -199.137
v -178.584 0.677 -182.421
v -186.100 4.577 -187.243
v -175.376 4.577 -203.959
v -167.860 4.577 -199.137
v -178.584 4.577 -182.421
f 624 623 622 621
f 617 618 622 621
f 618 619 623 622
f 619 620 624 623
f 620 617 621 624
v -190.391 0.618 -183.042
v -182.910 0.618 -194.591
v -176.809 0.618 -190.638
v -184.290 0.618 -179.089
v -190.391 4.518 -183.042
v -182.910 4.518 -194.591
v -176.809 4.518 -190.638
v -184.290 4.518 -179.089
f 632 631 630 629
f 625 626 630 629
f 626 627 631 630
f 627 628 632 631
f 628 625 629 632
v -198.849 0.759 -176.079
v -190.389 0.759 -189.672
v -183.011 0.759 -185.081
v -191.471 0.759 -171.488
v -198.849 4.659 -176.079
v -190.389 4.659 -189.672
v -183.011 4.659 -185.081
v -191.471 4.659 -171.488
f 640 639 638 637
f 633 634 638 637
f 634 635 639 638
f 635 636 640 639
f 636 633 637 640
v -237.367 1.082 -178.713
v -224.814 1.082 -170.778
v -229.853 1.082 -162.807
v -242.406 1.082 -170.742
v -237.367 4.982 -178.713
v -224.814 4.982 -170.778
v -229.853 4.982 -162.807
v -242.406 4.982 -170.742
f 648 647 646 645
f 641 642 646 645
f 642 643 647 646
f 643 644 648 647
f 644 641 645 648
v -222.294 1.140 -172.520
v -197.861 1.140 -185.612
v -188.906 1.140 -168.900
v -213.339 1.140 -155.808
v -222.294 5.040 -172.520
v -197.861 5.040 -185.612
v -188.906 5.040 -168.900
v -213.339 5.040 -155.808
f 656 655 654 653
f 649 650 654 653
f 650 651 655 654
f 651 652 656 655
f 652 649 653 656
v -222.730 1.451 -164.265
v -209.435 1.451 -158.682
v -212.730 1.451 -150.835
v -226.025 1.451 -156.418
v -222.730 8.251 -164.265
v -209.435 8.251 -158.682
v -212.730 8.251 -150.835
v -226.025 8.251 -156.418
f 664 663 662 661
f 657 658 662 661
f 658 659 663 662
f 659 660 664 663
f 660 657 661 664
v -119.639 0.636 -233.164
v -112.095 0.636 -244.008
v -102.301 0.636 -237.196
v -109.845 0.636 -226.352
v -119.639 4.536 -233.164
v -112.095 4.536 -244.008
v -102.301 4.536 -237.196
v -109.845 4.536 -226.352
f 672 671 670 669
f 665 666 670 669
f 666 667 671 670
f 667 668 672 671
f 668 665 669 672
v -80.176 1.777 52.437
v -70.244 1.777 59.452
v -74.744 1.777 65.823
v -84.676 1.777 58.808
v -80.176 5.677 52.437
v -70.244 5.677 59.452
v -74.744 5.677 65.823
v -84.676 5.677 58.808
f 680 679 678 677
f 673 674 678 677
f 674 675 679 678
f 675 676 680 679
f 676 673 677 680
v -62.504 1.910 69.577
v -54.758 1.910 58.865
v -46.436 1.910 64.883
v -54.182 1.910 75.595
v -62.504 5.810 69.577
v -54.758 5.810 58.865
v -46.436 5.810 64.883
v -54.182 5.810 75.595
f 688 687 686 685
f 681 682 686 685
f 682 683 687 686
f 683 684 688 687
f 684 681 685 688
v -49.813 1.484 40.529
v -34.490 1.484 48.900
v -40.867 1.484 60.571
v -56.190 1.484 52.200
v -49.813 5.384 40.529
v -34.490 5.384 48.900
v -40.867 5.384 60.571
v -56.190 5.384 52.200
f 696 695 694 693
f 689 690 694 693
f 690 691 695 694
f 691 692 696 695
f 692 689 693 696
v -68.678 1.781 24.509
v -60.570 1.781 28.531
v -63.982 1.781 35.411
v -72.090 1.781 31.389
v -68.678 5.681 24.509
v -60.570 5.681 28.531
v -63.982 5.681 35.411
v -72.090 5.681 31.389
f 704 703 702 701
f 697 698 702 701
f 698 699 703 702
f 699 700 704 703
f 700 697 701 704
v -61.220 1.637 19.847
v -54.563 1.637 10.482
v -47.880 1.637 15.233
v -54.537 1.637 24.598
v -61.220 5.537 19.847
v -54.563 5.537 10.482
v -47.880 5.537 15.233
v -54.537 5.537 24.598
f 712 711 710 709
f 705 706 710 709
f 706 707 711 710
f 707 708 712 711
f 708 705 709 712
v -152.345 2.315 -13.259
v -139.129 2.315 -41.786
v -119.475 2.315 -32.681
v -132.691 2.315 -4.154
v -152.345 8.115 -13.259
v -139.129 8.115 -41.786
v -119.475 8.115 -32.681
v -132.691 8.115 -4.154
f 720 719 718 717
f 713 714 718 717
f 714 715 719 718
f 715 716 720 719
f 716 713 717 720
v -132.191 2.164 -29.095
v -121.517 2.164 -44.450
v -112.649 2.164 -38.285
v -123.323 2.164 -22.930
v -132.191 6.064 -29.095
v -121.517 6.064 -44.450
v -112.649 6.064 -38.285
v -123.323 6.064 -22.930
f 728 727 726 725
f 721 722 726 725
f 722 723 727 726
f 723 724 728 727
f 724 721 725 728
v -121.568 1.683 -30.174
v -110.075 1.683 -47.583
v -105.052 1.683 -44.266
v -116.545 1.683 -26.857
v -121.568 5.583 -30.174
v -110.075 5.583 -47.583
v -105.052 5.583 -44.266
v -116.545 5.583 -26.857
f 736 735 734 733
f 729 730 734 733
f 730 731 735 734
f 731 732 736 735
f 732 729 733 736
v -116.088 2.268 -34.850
v -103.162 2.268 -52.466
v -97.252 2.268 -48.130
v -110.178 2.268 -30.514
v -116.088 6.168 -34.850
v -103.162 6.168 -52.466
v -97.252 6.168 -48.130
v -110.178 6.168 -30.514
f 744 743 742 741
f 737 738 742 741
f 738 739 743 742
f 739 740 744 743
f 740 737 741 744
v -112.356 1.876 -46.065
v -98.887 1.876 -66.158
v -85.904 1.876 -57.455
v -99.373 1.876 -37.362
v -112.356 5.776 -46.065
v -98.887 5.776 -66.158
v -85.904 5.776 -57.455
v -99.373 5.776 -37.362
f 752 751 750 749
f 745 746 750 749
f 746 747 751 750
f 747 748 752 751
f 748 745 749 752
v -108.852 2.250 -1.719
v -92.589 2.250 11.136
v -101.128 2.250 21.939
v -117.391 2.250 9.084
v -108.852 6.150 -1.719
v -92.589 6.150 11.136
v -101.128 6.150 21.939
v -117.391 6.150 9.084
f 760 759 758 757
f 753 754 758 757
f 754 755 759 758
f 755 756 760 759
f 756 753 757 760
v -114.059 2.748 -6.796
v -101.921 2.748 1.966
v -104.801 2.748 5.956
v -116.939 2.748 -2.806
v -114.059 6.648 -6.796
v -101.921 6.648 1.966
v -104.801 6.648 5.956
v -116.939 6.648 -2.806
f 768 767 766 765
f 761 762 766 765
f 762 763 767 766
f 763 764 768 767
f 764 761 765 768
v -76.948 1.876 25.762
v -73.661 1.876 16.731
v -68.972 1.876 18.438
v -72.259 1.876 27.469
v -76.948 5.776 25.762
v -73.661 5.776 16.731
v -68.972 5.776 18.438
v -72.259 5.776 27.469
f 776 775 774 773
f 769 770 774 773
f 770 771 775 774
f 771 772 776 775
f 772 769 773 776
v -97.134 2.134 0.930
v -85.998 2.134 -21.274
v -74.386 2.134 -15.450
v -85.522 2.134 6.754
v -97.134 6.034 0.930
v -85.998 6.034 -21.274
v -74.386 6.034 -15.450
v -85.522 6.034 6.754
f 784 783 782 781
f 777 778 782 781
f 778 779 783 782
f 779 780 784 783
f 780 777 781 784
v -79.763 1.671 -11.420
v -49.027 1.671 -16.296
v -45.797 1.671 4.060
v -76.533 1.671 8.936
v -79.763 5.571 -11.420
v -49.027 5.571 -16.296
v -45.797 5.571 4.060
v -76.533 5.571 8.936
f 792 791 790 789
f 785 786 790 789
f 786 787 791 790
f 787 788 792 791
f 788 785 789 792
v -96.423 2.125 -30.153
v -91.612 2.125 -27.003
v -94.477 2.125 -22.627
v -99.288 2.125 -25.777
v -96.423 6.025 -30.153
v -91.612 6.025 -27.003
v -94.477 6.025 -22.627
v -99.288 6.025 -25.777
f 800 799 798 797
f 793 794 798 797
f 794 795 799 798
f 795 796 800 799
f 796 793 797 800
v -97.275 1.718 -51.919
v -86.670 1.718 -67.321
v -82.865 1.718 -64.701
v -93.470 1.718 -49.299
v -97.275 5.618 -51.919
v -86.670 5.618 -67.321
v -82.865 5.618 -64.701
v -93.470 5.618 -49.299
f 808 807 806 805
f 801 802 806 805
f 802 803 807 806
f 803 804 808 807
f 804 801 805 808
v -92.512 2.007 -59.619
v -84.575 2.007 -71.921
v -78.188 2.007 -67.801
v -86.125 2.007 -55.499
v -92.512 5.907 -59.619
v -84.575 5.907 -71.921
v -78.188 5.907 -67.801
v -86.125 5.907 -55.499
f 816 815 814 813
f 809 810 814 813
f 810 811 815 814
f 811 812 816 815
f 812 809 813 816
v -89.697 1.870 -69.576
v -74.643 1.870 -85.136
v -62.123 1.870 -73.024
v -77.177 1.870 -57.464
v -89.697 5.770 -69.576
v -74.643 5.770 -85.136
v -62.123 5.770 -73.024
v -77.177 5.770 -57.464
f 824 823 822 821
f 817 818 822 821
f 818 819 823 822
f 819 820 824 823
f 820 817 821 824
v -68.676 1.916 -58.808
v -55.332 1.916 -47.877
v -61.644 1.916 -40.172
v -74.988 1.916 -51.103
v -68.676 5.816 -58.808
v -55.332 5.816 -47.877
v -61.644 5.816 -40.172
v -74.988 5.816 -51.103
f 832 831 830 829
f 825 826 830 829
f 826 827 831 830
f 827 828 832 831
f 828 825 829 832
v -70.395 1.457 -68.870
v -65.035 1.457 -87.982
v -48.445 1.457 -83.330
v -53.805 1.457 -64.218
v -70.395 5.357 -68.870
v -65.035 5.357 -87.982
v -48.445 5.357 -83.330
v -53.805 5.357 -64.218
f 840 839 838 837
f 833 834 838 837
f 834 835 839 838
f 835 836 840 839
f 836 833 837 840
v -49.936 1.628 -104.060
v -37.829 1.628 -91.984
v -48.824 1.628 -80.960
v -60.931 1.628 -93.036
v -49.936 8.428 -104.060
v -37.829 8.428 -91.984
v -48.824 8.428 -80.960
v -60.931 8.428 -93.036
f 848 847 846 845
f 841 842 846 845
f 842 843 847 846
f 843 844 848 847
f 844 841 845 848
v -43.964 1.466 -79.263
v -37.997 1.466 -87.964
v -33.816 1.466 -85.097
v -39.783 1.466 -76.396
v -43.964 5.366 -79.263
v -37.997 5.366 -87.964
v -33.816 5.366 -85.097
v -39.783 5.366 -76.396
f 856 855 854 853
f 849 850 854 853
f 850 851 855 854
f 851 852 856 855
f 852 849 853 856
v -49.604 1.386 -73.515
v -30.229 1.386 -70.244
v -32.636 1.386 -55.985
v -52.011 1.386 -59.256
v -49.604 5.286 -73.515
v -30.229 5.286 -70.244
v -32.636 5.286 -55.985
v -52.011 5.286 -59.256
f 864 863 862 861
f 857 858 862 861
f 858 859 863 862
f 859 860 864 863
f 860 857 861 864
v -37.826 1.300 -63.912
v -22.025 1.300 -53.504
v -25.474 1.300 -48.268
v -41.275 1.300 -58.676
v -37.826 5.200 -63.912
v -22.025 5.200 -53.504
v -25.474 5.200 -48.268
v -41.275 5.200 -58.676
f 872 871 870 869
f 865 866 870 869
f 866 867 871 870
f 867 868 872 871
f 868 865 869 872
v -30.952 1.255 -57.623
v -17.244 1.255 -48.530
v -21.048 1.255 -42.797
v -34.756 1.255 -51.890
v -30.952 5.155 -57.623
v -17.244 5.155 -48.530
v -21.048 5.155 -42.797
v -34.756 5.155 -51.890
f 880 879 878 877
f 873 874 878 877
f 874 875 879 878
f 875 876 880 879
f 876 873 877 880
v -24.175 1.584 -51.776
v -11.528 1.584 -38.618
v -20.865 1.584 -29.644
v -33.512 1.584 -42.802
v -24.175 5.484 -51.776
v -11.528 5.484 -38.618
v -20.865 5.484 -29.644
v -33.512 5.484 -42.802
f 888 887 886 885
f 881 882 886 885
f 882 883 887 886
f 883 884 888 887
f 884 881 885 888
v -44.757 1.358 -39.921
v -40.368 1.358 -46.272
v -35.283 1.358 -42.759
v -39.672 1.358 -36.408
v -44.757 5.258 -39.921
v -40.368 5.258 -46.272
v -35.283 5.258 -42.759
v -39.672 5.258 -36.408
f 896 895 894 893
f 889 890 894 893
f 890 891 895 894
f 891 892 896 895
f 892 889 893 896
v -74.351 1.798 -52.217
v -49.747 1.798 -37.017
v -55.229 1.798 -28.143
v -79.833 1.798 -43.343
v -74.351 5.698 -52.217
v -49.747 5.698 -37.017
v -55.229 5.698 -28.143
v -79.833 5.698 -43.343
f 904 903 902 901
f 897 898 902 901
f 898 899 903 902
f 899 900 904 903
f 900 897 901 904
v -52.874 1.570 -37.838
v -35.973 1.570 -19.716
v -48.406 1.570 -8.122
v -65.307 1.570 -26.244
v -52.874 5.470 -37.838
v -35.973 5.470 -19.716
v -48.406 5.470 -8.122
v -65.307 5.470 -26.244
f 912 911 910 909
f 905 906 910 909
f 906 907 911 910
f 907 908 912 911
f 908 905 909 912
v -36.679 0.654 -18.686
v -30.811 0.654 -15.620
v -33.761 0.654 -9.974
v -39.629 0.654 -13.040
v -36.679 4.554 -18.686
v -30.811 4.554 -15.620
v -33.761 4.554 -9.974
v -39.629 4.554 -13.040
f 920 919 918 917
f 913 914 918 917
f 914 915 919 918
f 915 916 920 919
f 916 913 917 920
v -17.973 1.320 -35.628
v -4.470 1.320 -26.285
v -9.807 1.320 -18.572
v -23.310 1.320 -27.915
v -17.973 5.220 -35.628
v -4.470 5.220 -26.285
v -9.807 5.220 -18.572
v -23.310 5.220 -27.915
f 928 927 926 925
f 921 922 926 925
f 922 923 927 926
f 923 924 928 927
f 924 921 925 928
v -11.128 1.611 -28.259
v 2.623 1.611 -16.169
v -4.752 1.611 -7.781
v -18.503 1.611 -19.871
v -11.128 5.511 -28.259
v 2.623 5.511 -16.169
v -4.752 5.511 -7.781
v -18.503 5.511 -19.871
f 936 935 934 933
f 929 930 934 933
f 930 931 935 934
f 931 932 936 935
f 932 929 933 936
v -8.320 1.305 -17.783
v 9.249 1.305 -9.415
v 3.840 1.305 1.943
v -13.729 1.305 -6.425
v -8.320 5.205 -17.783
v 9.249 5.205 -9.415
v 3.840 5.205 1.943
v -13.729 5.205 -6.425
f 944 943 942 941
f 937 938 942 941
f 938 939 943 942
f 939 940 944 943
f 940 937 941 944
v 9.129 1.401 -4.980
v 19.742 1.401 2.175
v 13.671 1.401 11.180
v 3.058 1.401 4.025
v 9.129 10.701 -4.980
v 19.742 10.701 2.175
v 13.671 10.701 11.180
v 3.058 10.701 4.025
f 952 951 950 949
f 945 946 950 949
f 946 947 951 950
f 947 948 952 951
f 948 945 949 952
v 3.312 1.435 25.436
v 9.539 1.435 16.211
v 14.388 1.435 19.484
v 8.161 1.435 28.709
v 3.312 5.335 25.436
v 9.539 5.335 16.211
v 14.388 5.335 19.484
v 8.161 5.335 28.709
f 960 959 958 957
f 953 954 958 957
f 954 955 959 958
f 955 956 960 959
f 956 953 957 960
v -13.392 1.153 26.676
v -0.726 1.153 10.889
v 5.872 1.153 16.184
v -6.794 1.153 31.971
v -13.392 5.053 26.676
v -0.726 5.053 10.889
v 5.872 5.053 16.184
v -6.794 5.053 31.971
f 968 967 966 965
f 961 962 966 965
f 962 963 967 966
f 963 964 968 967
f 964 961 965 968
v -13.705 1.096 2.635
v -5.224 1.096 14.272
v -13.475 1.096 20.285
v -21.956 1.096 8.648
v -13.705 4.996 2.635
v -5.224 4.996 14.272
v -13.475 4.996 20.285
v -21.956 4.996 8.648
f 976 975 974 973
f 969 970 974 973
f 970 971 975 974
f 971 972 976 975
f 972 969 973 976
v -32.292 1.256 -3.545
v -25.286 1.256 12.414
v -37.748 1.256 17.885
v -44.754 1.256 1.926
v -32.292 5.156 -3.545
v -25.286 5.156 12.414
v -37.748 5.156 17.885
v -44.754 5.156 1.926
f 984 983 982 981
f 977 978 982 981
f 978 979 983 982
f 979 980 984 983
f 980 977 981 984
v -25.640 1.313 14.951
v -21.539 1.313 17.759
v -23.380 1.313 20.449
v -27.481 1.313 17.641
v -25.640 5.213 14.951
v -21.539 5.213 17.759
v -23.380 5.213 20.449
v -27.481 5.213 17.641
f 992 991 990 989
f 985 986 990 989
f 986 987 991 990
f 987 988 992 991
f 988 985 989 992
v -30.856 1.227 40.415
v -27.268 1.227 17.119
v -9.824 1.227 19.805
v -13.412 1.227 43.101
v -30.856 5.127 40.415
v -27.268 5.127 17.119
v -9.824 5.127 19.805
v -13.412 5.127 43.101
f 1000 999 998 997
f 993 994 998 997
f 994 995 999 998
f 995 996 1000 999
f 996 993 997 1000
v 85.503 1.545 231.059
v 99.132 1.545 240.900
v 91.217 1.545 251.861
v 77.588 1.545 242.020
v 85.503 5.445 231.059
v 99.132 5.445 240.900
v 91.217 5.445 251.861
v 77.588 5.445 242.020
f 1008 1007 1006 1005
f 1001 1002 1006 1005
f 1002 1003 1007 1006
f 1003 1004 1008 1007
f 1004 1001 1005 1008
v 71.153 1.637 235.816
v 78.951 1.637 225.539
v 85.547 1.637 230.544
v 77.749 1.637 240.821
v 71.153 5.537 235.816
v 78.951 5.537 225.539
v 85.547 5.537 230.544
v 77.749 5.537 240.821
f 1016 1015 1014 1013
f 1009 1010 1014 1013
f 1010 1011 1015 1014
f 1011 1012 1016 1015
f 1012 1009 1013 1016
v 80.455 1.083 219.658
v 93.226 1.083 217.125
v 95.605 1.083 229.122
v 82.834 1.083 231.655
v 80.455 4.983 219.658
v 93.226 4.983 217.125
v 95.605 4.983 229.122
v 82.834 4.983 231.655
f 1024 1023 1022 1021
f 1017 1018 1022 1021
f 1018 1019 1023 1022
f 1019 1020 1024 1023
f 1020 1017 1021 1024
v 60.412 1.081 225.018
v 67.449 1.081 214.362
v 74.868 1.081 219.262
v 67.831 1.081 229.918
v 60.412 4.981 225.018
v 67.449 4.981 214.362
v 74.868 4.981 219.262
v 67.831 4.981 229.918
f 1032 1031 1030 1029
f 1025 1026 1030 1029
f 1026 1027 1031 1030
f 1027 1028 1032 1031
f 1028 1025 1029 1032
v 74.324 1.251 202.431
v 82.891 1.251 208.310
v 77.856 1.251 215.649
v 69.289 1.251 209.770
v 74.324 5.151 202.431
v 82.891 5.151 208.310
v 77.856 5.151 215.649
v 69.289 5.151 209.770
f 1040 1039 1038 1037
f 1033 1034 1038 1037
f 1034 1035 1039 1038
f 1035 1036 1040 1039
f 1036 1033 1037 1040
v 95.066 1.618 187.969
v 100.270 1.618 203.627
v 85.694 1.618 208.471
v 80.490 1.618 192.813
v 95.066 5.518 187.969
v 100.270 5.518 203.627
v 85.694 5.518 208.471
v 80.490 5.518 192.813
f 1048 1047 1046 1045
f 1041 1042 1046 1045
f 1042 1043 1047 1046
f 1043 1044 1048 1047
f 1044 1041 1045 1048
v 103.470 1.127 182.665
v 110.098 1.127 191.053
v 102.730 1.127 196.875
v 96.102 1.127 188.487
v 103.470 5.027 182.665
v 110.098 5.027 191.053
v 102.730 5.027 196.875
v 96.102 5.027 188.487
f 1056 1055 1054 1053
f 1049 1050 1054 1053
f 1050 1051 1055 1054
f 1051 1052 1056 1055
f 1052 1049 1053 1056
v 61.103 0.914 200.747
v 67.485 0.914 191.592
v 75.377 0.914 197.093
v 68.995 0.914 206.248
v 61.103 4.814 200.747
v 67.485 4.814 191.592
v 75.377 4.814 197.093
v 68.995 4.814 206.248
f 1064 1063 1062 1061
f 1057 1058 1062 1061
f 1058 1059 1063 1062
f 1059 1060 1064 1063
f 1060 1057 1061 1064
v 43.198 1.217 207.799
v 57.314 1.217 221.311
v 47.102 1.217 231.981
v 32.986 1.217 218.469
v 43.198 5.117 207.799
v 57.314 5.117 221.311
v 47.102 5.117 231.981
v 32.986 5.117 218.469
f 1072 1071 1070 1069
f 1065 1066 1070 1069
f 1066 1067 1071 1070
f 1067 1068 1072 1071
f 1068 1065 1069 1072
v 28.354 1.070 194.961
v 47.947 1.070 208.224
v 41.506 1.070 217.739
v 21.913 1.070 204.476
v 28.354 4.970 194.961
v 47.947 4.970 208.224
v 41.506 4.970 217.739
v 21.913 4.970 204.476
f 1080 1079 1078 1077
f 1073 1074 1078 1077
f 1074 1075 1079 1078
f 1075 1076 1080 1079
f 1076 1073 1077 1080
v 22.140 1.278 180.490
v 40.572 1.278 197.365
v 30.240 1.278 208.650
v 11.808 1.278 191.775
v 22.140 5.178 180.490
v 40.572 5.178 197.365
v 30.240 5.178 208.650
v 11.808 5.178 191.775
f 1088 1087 1086 1085
f 1081 1082 1086 1085
f 1082 1083 1087 1086
f 1083 1084 1088 1087
f 1084 1081 1085 1088
v 43.584 0.908 189.442
v 58.188 0.908 169.646
v 67.016 0.908 176.158
v 52.412 0.908 195.954
v 43.584 4.808 189.442
v 58.188 4.808 169.646
v 67.016 4.808 176.158
v 52.412 4.808 195.954
f 1096 1095 1094 1093
f 1089 1090 1094 1093
f 1090 1091 1095 1094
f 1091 1092 1096 1095
f 1092 1089 1093 1096
v 61.253 1.245 176.487
v 70.738 1.245 163.888
v 79.247 1.245 170.293
v 69.762 1.245 182.892
v 61.253 5.145 176.487
v 70.738 5.145 163.888
v 79.247 5.145 170.293
v 69.762 5.145 182.892
f 1104 1103 1102 1101
f 1097 1098 1102 1101
f 1098 1099 1103 1102
f 1099 1100 1104 1103
f 1100 1097 1101 1104
v 93.752 1.084 170.489
v 104.406 1.084 177.142
v 100.428 1.084 183.511
v 89.774 1.084 176.858
v 93.752 4.984 170.489
v 104.406 4.984 177.142
v 100.428 4.984 183.511
v 89.774 4.984 176.858
f 1112 1111 1110 1109
f 1105 1106 1110 1109
f 1106 1107 1111 1110
f 1107 1108 1112 1111
f 1108 1105 1109 1112
v 78.522 1.113 180.052
v 90.171 1.113 182.533
v 88.038 1.113 192.548
v 76.389 1.113 190.067
v 78.522 5.013 180.052
v 90.171 5.013 182.533
v 88.038 5.013 192.548
v 76.389 5.013 190.067
f 1120 1119 1118 1117
f 1113 1114 1118 1117
f 1114 1115 1119 1118
f 1115 1116 1120 1119
f 1116 1113 1117 1120
v 79.525 0.966 176.613
v 82.865 0.966 171.871
v 85.955 0.966 174.047
v 82.615 0.966 178.789
v 79.525 4.866 176.613
v 82.865 4.866 171.871
v 85.955 4.866 174.047
v 82.615 4.866 178.789
f 1128 1127 1126 1125
f 1121 1122 1126 1125
f 1122 1123 1127 1126
f 1123 1124 1128 1127
f 1124 1121 1125 1128
v 70.779 1.346 168.071
v 80.570 1.346 155.722
v 89.761 1.346 163.009
v 79.970 1.346 175.358
v 70.779 5.246 168.071
v 80.570 5.246 155.722
v 89.761 5.246 163.009
v 79.970 5.246 175.358
f 1136 1135 1134 1133
f 1129 1130 1134 1133
f 1130 1131 1135 1134
f 1131 1132 1136 1135
f 1132 1129 1133 1136
v 79.187 1.181 157.867
v 91.830 1.181 147.549
v 100.353 1.181 157.993
v 87.710 1.181 168.311
v 79.187 5.081 157.867
v 91.830 5.081 147.549
v 100.353 5.081 157.993
v 87.710 5.081 168.311
f 1144 1143 1142 1141
f 1137 1138 1142 1141
f 1138 1139 1143 1142
f 1139 1140 1144 1143
f 1140 1137 1141 1144
v 102.792 0.895 152.317
v 113.478 0.895 151.458
v 114.088 0.895 159.043
v 103.402 0.895 159.902
v 102.792 4.795 152.317
v 113.478 4.795 151.458
v 114.088 4.795 159.043
v 103.402 4.795 159.902
f 1152 1151 1150 1149
f 1145 1146 1150 1149
f 1146 1147 1151 1150
f 1147 1148 1152 1151
f 1148 1145 1149 1152
v 104.615 1.222 136.286
v 112.520 1.222 140.713
v 108.845 1.222 147.274
v 100.940 1.222 142.847
v 104.615 5.122 136.286
v 112.520 5.122 140.713
v 108.845 5.122 147.274
v 100.940 5.122 142.847
f 1160 1159 1158 1157
f 1153 1154 1158 1157
f 1154 1155 1159 1158
f 1155 1156 1160 1159
f 1156 1153 1157 1160
v 92.971 1.173 125.223
v 104.917 1.173 133.047
v 100.929 1.173 139.137
v 88.983 1.173 131.313
v 92.971 5.073 125.223
v 104.917 5.073 133.047
v 100.929 5.073 139.137
v 88.983 5.073 131.313
f 1168 1167 1166 1165
f 1161 1162 1166 1165
f 1162 1163 1167 1166
f 1163 1164 1168 1167
f 1164 1161 1165 1168
v 89.499 1.159 115.385
v 101.756 1.159 125.623
v 96.301 1.159 132.155
v 84.044 1.159 121.917
v 89.499 5.059 115.385
v 101.756 5.059 125.623
v 96.301 5.059 132.155
v 84.044 5.059 121.917
f 1176 1175 1174 1173
f 1169 1170 1174 1173
f 1170 1171 1175 1174
f 1171 1172 1176 1175
f 1172 1169 1173 1176
v 67.104 1.523 136.597
v 76.102 1.523 121.915
v 82.676 1.523 125.943
v 73.678 1.523 140.625
v 67.104 5.423 136.597
v 76.102 5.423 121.915
v 82.676 5.423 125.943
v 73.678 5.423 140.625
f 1184 1183 1182 1181
f 1177 1178 1182 1181
f 1178 1179 1183 1182
f 1179 1180 1184 1183
f 1180 1177 1181 1184
v 53.474 1.264 160.367
v 57.697 1.264 153.726
v 61.326 1.264 156.033
v 57.103 1.264 162.674
v 53.474 5.164 160.367
v 57.697 5.164 153.726
v 61.326 5.164 156.033
v 57.103 5.164 162.674
f 1192 1191 1190 1189
f 1185 1186 1190 1189
f 1186 1187 1191 1190
f 1187 1188 1192 1191
f 1188 1185 1189 1192
v 30.479 1.226 155.113
v 47.917 1.226 154.878
v 48.101 1.226 168.547
v 30.663 1.226 168.782
v 30.479 5.126 155.113
v 47.917 5.126 154.878
v 48.101 5.126 168.547
v 30.663 5.126 168.782
f 1200 1199 1198 1197
f 1193 1194 1198 1197
f 1194 1195 1199 1198
f 1195 1196 1200 1199
f 1196 1193 1197 1200
v 42.397 0.981 150.030
v 45.970 0.981 152.423
v 44.183 0.981 155.090
v 40.610 0.981 152.697
v 42.397 4.881 150.030
v 45.970 4.881 152.423
v 44.183 4.881 155.090
v 40.610 4.881 152.697
f 1208 1207 1206 1205
f 1201 1202 1206 1205
f 1202 1203 1207 1206
f 1203 1204 1208 1207
f 1204 1201 1205 1208
v 45.764 1.066 148.636
v 49.922 1.066 142.430
v 55.256 1.066 146.004
v 51.098 1.066 152.210
v 45.764 4.966 148.636
v 49.922 4.966 142.430
v 55.256 4.966 146.004
v 51.098 4.966 152.210
f 1216 1215 1214 1213
f 1209 1210 1214 1213
f 1210 1211 1215 1214
f 1211 1212 1216 1215
f 1212 1209 1213 1216
v 11.785 0.997 156.255
v 18.599 0.997 145.289
v 26.575 0.997 150.245
v 19.761 0.997 161.211
v 11.785 4.897 156.255
v 18.599 4.897 145.289
v 26.575 4.897 150.245
v 19.761 4.897 161.211
f 1224 1223 1222 1221
f 1217 1218 1222 1221
f 1218 1219 1223 1222
f 1219 1220 1224 1223
f 1220 1217 1221 1224
v -9.309 1.270 156.224
v 7.275 1.270 166.856
v 3.249 1.270 173.136
v -13.335 1.270 162.504
v -9.309 5.170 156.224
v 7.275 5.170 166.856
v 3.249 5.170 173.136
v -13.335 5.170 162.504
f 1232 1231 1230 1229
f 1225 1226 1230 1229
f 1226 1227 1231 1230
f 1227 1228 1232 1231
f 1228 1225 1229 1232
v -2.844 1.193 160.780
v 17.796 1.193 174.456
v 13.924 1.193 180.300
v -6.716 1.193 166.624
v -2.844 5.093 160.780
v 17.796 5.093 174.456
v 13.924 5.093 180.300
v -6.716 5.093 166.624
f 1240 1239 1238 1237
f 1233 1234 1238 1237
f 1234 1235 1239 1238
f 1235 1236 1240 1239
f 1236 1233 1237 1240
v 13.800 1.246 174.756
v 18.391 1.246 168.095
v 24.180 1.246 172.084
v 19.589 1.246 178.745
v 13.800 5.146 174.756
v 18.391 5.146 168.095
v 24.180 5.146 172.084
v 19.589 5.146 178.745
f 1248 1247 1246 1245
f 1241 1242 1246 1245
f 1242 1243 1247 1246
f 1243 1244 1248 1247
f 1244 1241 1245 1248
v 4.444 1.333 174.790
v 20.030 1.333 182.682
v 12.856 1.333 196.850
v -2.730 1.333 188.958
v 4.444 5.233 174.790
v 20.030 5.233 182.682
v 12.856 5.233 196.850
v -2.730 5.233 188.958
f 1256 1255 1254 1253
f 1249 1250 1254 1253
f 1250 1251 1255 1254
f 1251 1252 1256 1255
f 1252 1249 1253 1256
v -14.313 1.713 137.734
v 1.719 1.713 146.264
v -5.327 1.713 159.506
v -21.359 1.713 150.976
v -14.313 5.613 137.734
v 1.719 5.613 146.264
v -5.327 5.613 159.506
v -21.359 5.613 150.976
f 1264 1263 1262 1261
f 1257 1258 1262 1261
f 1258 1259 1263 1262
f 1259 1260 1264 1263
f 1260 1257 1261 1264
v -26.003 1.451 128.971
v -8.995 1.451 142.399
v -14.497 1.451 149.369
v -31.505 1.451 135.941
v -26.003 5.351 128.971
v -8.995 5.351 142.399
v -14.497 5.351 149.369
v -31.505 5.351 135.941
f 1272 1271 1270 1269
f 1265 1266 1270 1269
f 1266 1267 1271 1270
f 1267 1268 1272 1271
f 1268 1265 1269 1272
v -33.005 1.558 124.585
v -17.483 1.558 134.905
v -20.695 1.558 139.735
v -36.217 1.558 129.415
v -33.005 5.458 124.585
v -17.483 5.458 134.905
v -20.695 5.458 139.735
v -36.217 5.458 129.415
f 1280 1279 1278 1277
f 1273 1274 1278 1277
f 1274 1275 1279 1278
f 1275 1276 1280 1279
f 1276 1273 1277 1280
v -34.313 1.511 108.981
v -17.063 1.511 125.566
v -26.267 1.511 135.139
v -43.517 1.511 118.554
v -34.313 5.411 108.981
v -17.063 5.411 125.566
v -26.267 5.411 135.139
v -43.517 5.411 118.554
f 1288 1287 1286 1285
f 1281 1282 1286 1285
f 1282 1283 1287 1286
f 1283 1284 1288 1287
f 1284 1281 1285 1288
v -43.896 1.558 104.943
v -31.820 1.558 114.289
v -38.204 1.558 122.537
v -50.280 1.558 113.191
v -43.896 5.458 104.943
v -31.820 5.458 114.289
v -38.204 5.458 122.537
v -50.280 5.458 113.191
f 1296 1295 1294 1293
f 1289 1290 1294 1293
f 1290 1291 1295 1294
f 1291 1292 1296 1295
f 1292 1289 1293 1296
v -57.999 1.581 104.116
v -51.643 1.581 86.243
v -36.341 1.581 91.684
v -42.697 1.581 109.557
v -57.999 5.481 104.116
v -51.643 5.481 86.243
v -36.341 5.481 91.684
v -42.697 5.481 109.557
f 1304 1303 1302 1301
f 1297 1298 1302 1301
f 1298 1299 1303 1302
f 1299 1300 1304 1303
f 1300 1297 1301 1304
v -44.290 1.227 97.016
v -35.234 1.227 80.633
v -25.590 1.227 85.964
v -34.646 1.227 102.347
v -44.290 5.127 97.016
v -35.234 5.127 80.633
v -25.590 5.127 85.964
v -34.646 5.127 102.347
f 1312 1311 1310 1309
f 1305 1306 1310 1309
f 1306 1307 1311 1310
f 1307 1308 1312 1311
f 1308 1305 1309 1312
v 65.612 1.635 27.169
v 75.851 1.635 34.883
v 71.928 1.635 40.091
v 61.689 1.635 32.377
v 65.612 5.535 27.169
v 75.851 5.535 34.883
v 71.928 5.535 40.091
v 61.689 5.535 32.377
f 1320 1319 1318 1317
f 1313 1314 1318 1317
f 1314 1315 1319 1318
f 1315 1316 1320 1319
f 1316 1313 1317 1320
v 66.019 1.347 26.228
v 74.262 1.347 5.238
v 87.181 1.347 10.312
v 78.938 1.347 31.302
v 66.019 5.247 26.228
v 74.262 5.247 5.238
v 87.181 5.247 10.312
v 78.938 5.247 31.302
f 1328 1327 1326 1325
f 1321 1322 1326 1325
f 1322 1323 1327 1326
f 1323 1324 1328 1327
f 1324 1321 1325 1328
v 82.277 1.415 13.768
v 90.496 1.415 1.269
v 100.263 1.415 7.692
v 92.044 1.415 20.191
v 82.277 5.315 13.768
v 90.496 5.315 1.269
v 100.263 5.315 7.692
v 92.044 5.315 20.191
f 1336 1335 1334 1333
f 1329 1330 1334 1333
f 1330 1331 1335 1334
f 1331 1332 1336 1335
f 1332 1329 1333 1336
v 77.900 1.352 42.779
v 92.102 1.352 52.446
v 88.320 1.352 58.001
v 74.118 1.352 48.334
v 77.900 5.252 42.779
v 92.102 5.252 52.446
v 88.320 5.252 58.001
v 74.118 5.252 48.334
f 1344 1343 1342 1341
f 1337 1338 1342 1341
f 1338 1339 1343 1342
f 1339 1340 1344 1343
f 1340 1337 1341 1344
v 79.328 1.136 51.059
v 98.485 1.136 50.125
v 99.472 1.136 70.361
v 80.315 1.136 71.295
v 79.328 5.036 51.059
v 98.485 5.036 50.125
v 99.472 5.036 70.361
v 80.315 5.036 71.295
f 1352 1351 1350 1349
f 1345 1346 1350 1349
f 1346 1347 1351 1350
f 1347 1348 1352 1351
f 1348 1345 1349 1352
v 89.372 1.303 76.147
v 95.330 1.303 67.660
v 102.328 1.303 72.573
v 96.370 1.303 81.060
v 89.372 5.203 76.147
v 95.330 5.203 67.660
v 102.328 5.203 72.573
v 96.370 5.203 81.060
f 1360 1359 1358 1357
f 1353 1354 1358 1357
f 1354 1355 1359 1358
f 1355 1356 1360 1359
f 1356 1353 1357 1360
v 109.609 1.377 24.155
v 118.232 1.377 46.745
v 100.631 1.377 53.465
v 92.008 1.377 30.875
v 109.609 5.277 24.155
v 118.232 5.277 46.745
v 100.631 5.277 53.465
v 92.008 5.277 30.875
f 1368 1367 1366 1365
f 1361 1362 1366 1365
f 1362 1363 1367 1366
f 1363 1364 1368 1367
f 1364 1361 1365 1368
v 112.052 1.307 27.788
v 127.294 1.307 32.453
v 123.548 1.307 44.692
v 108.306 1.307 40.027
v 112.052 5.207 27.788
v 127.294 5.207 32.453
v 123.548 5.207 44.692
v 108.306 5.207 40.027
f 1376 1375 1374 1373
f 1369 1370 1374 1373
f 1370 1371 1375 1374
f 1371 1372 1376 1375
f 1372 1369 1373 1376
v 114.119 0.998 51.993
v 129.317 0.998 61.878
v 121.221 0.998 74.327
v 106.023 0.998 64.442
v 114.119 4.898 51.993
v 129.317 4.898 61.878
v 121.221 4.898 74.327
v 106.023 4.898 64.442
f 1384 1383 1382 1381
f 1377 1378 1382 1381
f 1378 1379 1383 1382
f 1379 1380 1384 1383
f 1380 1377 1381 1384
v 101.706 1.455 102.412
v 115.382 1.455 82.690
v 126.714 1.455 90.548
v 113.038 1.455 110.270
v 101.706 5.355 102.412
v 115.382 5.355 82.690
v 126.714 5.355 90.548
v 113.038 5.355 110.270
f 1392 1391 1390 1389
f 1385 1386 1390 1389
f 1386 1387 1391 1390
f 1387 1388 1392 1391
f 1388 1385 1389 1392
v 127.281 1.262 97.160
v 144.978 1.262 102.049
v 141.959 1.262 112.980
v 124.262 1.262 108.091
v 127.281 5.162 97.160
v 144.978 5.162 102.049
v 141.959 5.162 112.980
v 124.262 5.162 108.091
f 1400 1399 1398 1397
f 1393 1394 1398 1397
f 1394 1395 1399 1398
f 1395 1396 1400 1399
f 1396 1393 1397 1400
v 141.112 1.120 87.796
v 144.010 1.120 83.795
v 147.088 1.120 86.024
v 144.190 1.120 90.025
v 141.112 5.020 87.796
v 144.010 5.020 83.795
v 147.088 5.020 86.024
v 144.190 5.020 90.025
f 1408 1407 1406 1405
f 1401 1402 1406 1405
f 1402 1403 1407 1406
f 1403 1404 1408 1407
f 1404 1401 1405 1408
v 148.891 1.110 81.148
v 162.876 1.110 72.735
v 169.949 1.110 84.492
v 155.964 1.110 92.905
v 148.891 5.010 81.148
v 162.876 5.010 72.735
v 169.949 5.010 84.492
v 155.964 5.010 92.905
f 1416 1415 1414 1413
f 1409 1410 1414 1413
f 1410 1411 1415 1414
f 1411 1412 1416 1415
f 1412 1409 1413 1416
v 162.373 1.227 81.726
v 165.925 1.227 68.784
v 176.967 1.227 71.814
v 173.415 1.227 84.756
v 162.373 5.127 81.726
v 165.925 5.127 68.784
v 176.967 5.127 71.814
v 173.415 5.127 84.756
f 1424 1423 1422 1421
f 1417 1418 1422 1421
f 1418 1419 1423 1422
f 1419 1420 1424 1423
f 1420 1417 1421 1424
v 143.036 1.316 54.460
v 153.159 1.316 63.116
v 143.664 1.316 74.220
v 133.541 1.316 65.564
v 143.036 5.216 54.460
v 153.159 5.216 63.116
v 143.664 5.216 74.220
v 133.541 5.216 65.564
f 1432 1431 1430 1429
f 1425 1426 1430 1429
f 1426 1427 1431 1430
f 1427 1428 1432 1431
f 1428 1425 1429 1432
v 151.690 0.782 64.938
v 160.549 0.782 52.488
v 165.910 0.782 56.302
v 157.051 0.782 68.752
v 151.690 4.682 64.938
v 160.549 4.682 52.488
v 165.910 4.682 56.302
v 157.051 4.682 68.752
f 1440 1439 1438 1437
f 1433 1434 1438 1437
f 1434 1435 1439 1438
f 1435 1436 1440 1439
f 1436 1433 1437 1440
v 175.589 1.285 72.864
v 182.617 1.285 63.014
v 188.031 1.285 66.876
v 181.003 1.285 76.726
v 175.589 5.185 72.864
v 182.617 5.185 63.014
v 188.031 5.185 66.876
v 181.003 5.185 76.726
f 1448 1447 1446 1445
f 1441 1442 1446 1445
f 1442 1443 1447 1446
f 1443 1444 1448 1447
f 1444 1441 1445 1448
v 180.831 0.955 68.441
v 189.484 0.955 55.799
v 194.889 0.955 59.499
v 186.236 0.955 72.141
v 180.831 4.855 68.441
v 189.484 4.855 55.799
v 194.889 4.855 59.499
v 186.236 4.855 72.141
f 1456 1455 1454 1453
f 1449 1450 1454 1453
f 1450 1451 1455 1454
f 1451 1452 1456 1455
f 1452 1449 1453 1456
v 188.897 0.992 60.152
v 191.422 0.992 56.846
v 193.783 0.992 58.648
v 191.258 0.992 61.954
v 188.897 4.892 60.152
v 191.422 4.892 56.846
v 193.783 4.892 58.648
v 191.258 4.892 61.954
f 1464 1463 1462 1461
f 1457 1458 1462 1461
f 1458 1459 1463 1462
f 1459 1460 1464 1463
f 1460 1457 1461 1464
v 202.103 1.392 44.973
v 218.919 1.392 57.163
v 214.277 1.392 63.567
v 197.461 1.392 51.377
v 202.103 5.292 44.973
v 218.919 5.292 57.163
v 214.277 5.292 63.567
v 197.461 5.292 51.377
f 1472 1471 1470 1469
f 1465 1466 1470 1469
f 1466 1467 1471 1470
f 1467 1468 1472 1471
f 1468 1465 1469 1472
v 167.842 1.104 51.482
v 174.161 1.104 42.405
v 179.438 1.104 46.078
v 173.119 1.104 55.155
v 167.842 5.004 51.482
v 174.161 5.004 42.405
v 179.438 5.004 46.078
v 173.119 5.004 55.155
f 1480 1479 1478 1477
f 1473 1474 1478 1477
f 1474 1475 1479 1478
f 1475 1476 1480 1479
f 1476 1473 1477 1480
v 173.345 1.402 50.403
v 181.094 1.402 37.258
v 186.995 1.402 40.737
v 179.246 1.402 53.882
v 173.345 5.302 50.403
v 181.094 5.302 37.258
v 186.995 5.302 40.737
v 179.246 5.302 53.882
f 1488 1487 1486 1485
f 1481 1482 1486 1485
f 1482 1483 1487 1486
f 1483 1484 1488 1487
f 1484 1481 1485 1488
v 195.431 1.365 22.197
v 203.875 1.365 44.726
v 187.929 1.365 50.703
v 179.485 1.365 28.174
v 195.431 5.265 22.197
v 203.875 5.265 44.726
v 187.929 5.265 50.703
v 179.485 5.265 28.174
f 1496 1495 1494 1493
f 1489 1490 1494 1493
f 1490 1491 1495 1494
f 1491 1492 1496 1495
f 1492 1489 1493 1496
v 140.376 1.229 46.893
v 145.166 1.229 32.742
v 153.984 1.229 35.727
v 149.194 1.229 49.878
v 140.376 5.129 46.893
v 145.166 5.129 32.742
v 153.984 5.129 35.727
v 149.194 5.129 49.878
f 1504 1503 1502 1501
f 1497 1498 1502 1501
f 1498 1499 1503 1502
f 1499 1500 1504 1503
f 1500 1497 1501 1504
v 166.345 0.832 22.838
v 169.520 0.832 37.713
v 154.675 0.832 40.882
v 151.500 0.832 26.007
v 166.345 4.732 22.838
v 169.520 4.732 37.713
v 154.675 4.732 40.882
v 151.500 4.732 26.007
f 1512 1511 1510 1509
f 1505 1506 1510 1509
f 1506 1507 1511 1510
f 1507 1508 1512 1511
f 1508 1505 1509 1512
v 169.891 1.259 24.013
v 174.948 1.259 27.549
v 172.209 1.259 31.467
v 167.152 1.259 27.931
v 169.891 5.159 24.013
v 174.948 5.159 27.549
v 172.209 5.159 31.467
v 167.152 5.159 27.931
f 1520 1519 1518 1517
f 1513 1514 1518 1517
f 1514 1515 1519 1518
f 1515 1516 1520 1519
f 1516 1513 1517 1520
v 174.814 1.358 6.734
v 193.486 1.358 15.149
v 187.746 1.358 27.886
v 169.074 1.358 19.471
v 174.814 5.258 6.734
v 193.486 5.258 15.149
v 187.746 5.258 27.886
v 169.074 5.258 19.471
f 1528 1527 1526 1525
f 1521 1522 1526 1525
f 1522 1523 1527 1526
f 1523 1524 1528 1527
f 1524 1521 1525 1528
v 141.848 0.623 9.392
v 159.681 0.623 14.783
v 155.792 0.623 27.648
v 137.959 0.623 22.257
v 141.848 4.523 9.392
v 159.681 4.523 14.783
v 155.792 4.523 27.648
v 137.959 4.523 22.257
f 1536 1535 1534 1533
f 1529 1530 1534 1533
f 1530 1531 1535 1534
f 1531 1532 1536 1535
f 1532 1529 1533 1536
v 169.387 1.302 -8.531
v 184.861 1.302 -0.727
v 179.093 1.302 10.711
v 163.619 1.302 2.907
v 169.387 5.202 -8.531
v 184.861 5.202 -0.727
v 179.093 5.202 10.711
v 163.619 5.202 2.907
f 1544 1543 1542 1541
f 1537 1538 1542 1541
f 1538 1539 1543 1542
f 1539 1540 1544 1543
f 1540 1537 1541 1544
v 162.472 1.135 -16.006
v 176.513 1.135 -6.020
v 172.868 1.135 -0.894
v 158.827 1.135 -10.880
v 162.472 5.035 -16.006
v 176.513 5.035 -6.020
v 172.868 5.035 -0.894
v 158.827 5.035 -10.880
f 1552 1551 1550 1549
f 1545 1546 1550 1549
f 1546 1547 1551 1550
f 1547 1548 1552 1551
f 1548 1545 1549 1552
v 155.581 1.114 -22.061
v 172.330 1.114 -10.914
v 168.939 1.114 -5.819
v 152.190 1.114 -16.966
v 155.581 5.014 -22.061
v 172.330 5.014 -10.914
v 168.939 5.014 -5.819
v 152.190 5.014 -16.966
f 1560 1559 1558 1557
f 1553 1554 1558 1557
f 1554 1555 1559 1558
f 1555 1556 1560 1559
f 1556 1553 1557 1560
v 152.317 1.200 -29.079
v 167.640 1.200 -19.093
v 163.943 1.200 -13.421
v 148.620 1.200 -23.407
v 152.317 5.100 -29.079
v 167.640 5.100 -19.093
v 163.943 5.100 -13.421
v 148.620 5.100 -23.407
f 1568 1567 1566 1565
f 1561 1562 1566 1565
f 1562 1563 1567 1566
f 1563 1564 1568 1567
f 1564 1561 1565 1568
v 152.000 1.193 -38.177
v 162.058 1.193 -31.577
v 158.020 1.193 -25.423
v 147.962 1.193 -32.023
v 152.000 5.093 -38.177
v 162.058 5.093 -31.577
v 158.020 5.093 -25.423
v 147.962 5.093 -32.023
f 1576 1575 1574 1573
f 1569 1570 1574 1573
f 1570 1571 1575 1574
f 1571 1572 1576 1575
f 1572 1569 1573 1576
v 129.712 1.106 -25.285
v 136.607 1.106 -36.530
v 143.188 1.106 -32.495
v 136.293 1.106 -21.250
v 129.712 5.006 -25.285
v 136.607 5.006 -36.530
v 143.188 5.006 -32.495
v 136.293 5.006 -21.250
f 1584 1583 1582 1581
f 1577 1578 1582 1581
f 1578 1579 1583 1582
f 1579 1580 1584 1583
f 1580 1577 1581 1584
v 137.890 1.421 -26.793
v 138.636 1.421 22.522
v 102.230 1.421 23.073
v 101.484 1.421 -26.242
v 137.890 7.221 -26.793
v 138.636 7.221 22.522
v 102.230 7.221 23.073
v 101.484 7.221 -26.242
f 1592 1591 1590 1589
f 1585 1586 1590 1589
f 1586 1587 1591 1590
f 1587 1588 1592 1591
f 1588 1585 1589 1592
v 132.513 1.153 -4.533
v 146.875 1.153 3.323
v 141.947 1.153 12.333
v 127.585 1.153 4.477
v 132.513 5.053 -4.533
v 146.875 5.053 3.323
v 141.947 5.053 12.333
v 127.585 5.053 4.477
f 1600 1599 1598 1597
f 1593 1594 1598 1597
f 1594 1595 1599 1598
f 1595 1596 1600 1599
f 1596 1593 1597 1600
v 227.483 1.454 5.604
v 240.430 1.454 20.185
v 232.377 1.454 27.336
v 219.430 1.454 12.755
v 227.483 5.354 5.604
v 240.430 5.354 20.185
v 232.377 5.354 27.336
v 219.430 5.354 12.755
f 1608 1607 1606 1605
f 1601 1602 1606 1605
f 1602 1603 1607 1606
f 1603 1604 1608 1607
f 1604 1601 1605 1608
v 216.382 1.336 -1.943
v 231.460 1.336 7.461
v 226.718 1.336 15.063
v 211.640 1.336 5.659
v 216.382 5.236 -1.943
v 231.460 5.236 7.461
v 226.718 5.236 15.063
v 211.640 5.236 5.659
f 1616 1615 1614 1613
f 1609 1610 1614 1613
f 1610 1611 1615 1614
f 1611 1612 1616 1615
f 1612 1609 1613 1616
v 209.168 1.347 -18.124
v 224.195 1.347 -6.189
v 214.972 1.347 5.424
v 199.945 1.347 -6.511
v 209.168 5.247 -18.124
v 224.195 5.247 -6.189
v 214.972 5.247 5.424
v 199.945 5.247 -6.511
f 1624 1623 1622 1621
f 1617 1618 1622 1621
f 1618 1619 1623 1622
f 1619 1620 1624 1623
f 1620 1617 1621 1624
v 198.801 1.474 -29.271
v 215.035 1.474 -18.668
v 210.059 1.474 -11.049
v 193.825 1.474 -21.652
v 198.801 5.374 -29.271
v 215.035 5.374 -18.668
v 210.059 5.374 -11.049
v 193.825 5.374 -21.652
f 1632 1631 1630 1629
f 1625 1626 1630 1629
f 1626 1627 1631 1630
f 1627 1628 1632 1631
f 1628 1625 1629 1632
v 189.886 1.440 -37.541
v 204.708 1.440 -31.003
v 199.934 1.440 -20.179
v 185.112 1.440 -26.717
v 189.886 5.340 -37.541
v 204.708 5.340 -31.003
v 199.934 5.340 -20.179
v 185.112 5.340 -26.717
f 1640 1639 1638 1637
f 1633 1634 1638 1637
f 1634 1635 1639 1638
f 1635 1636 1640 1639
f 1636 1633 1637 1640
v 187.270 1.411 -43.205
v 192.233 1.411 -50.987
v 198.430 1.411 -47.035
v 193.467 1.411 -39.253
v 187.270 5.311 -43.205
v 192.233 5.311 -50.987
v 198.430 5.311 -47.035
v 193.467 5.311 -39.253
f 1648 1647 1646 1645
f 1641 1642 1646 1645
f 1642 1643 1647 1646
f 1643 1644 1648 1647
f 1644 1641 1645 1648
v 169.933 0.662 -49.786
v 175.368 0.662 -63.186
v 186.887 0.662 -58.514
v 181.452 0.662 -45.114
v 169.933 4.562 -49.786
v 175.368 4.562 -63.186
v 186.887 4.562 -58.514
v 181.452 4.562 -45.114
f 1656 1655 1654 1653
f 1649 1650 1654 1653
f 1650 1651 1655 1654
f 1651 1652 1656 1655
f 1652 1649 1653 1656
v 180.780 1.278 -59.356
v 189.797 1.278 -71.357
v 197.640 1.278 -65.464
v 188.623 1.278 -53.463
v 180.780 5.178 -59.356
v 189.797 5.178 -71.357
v 197.640 5.178 -65.464
v 188.623 5.178 -53.463
f 1664 1663 1662 1661
f 1657 1658 1662 1661
f 1658 1659 1663 1662
f 1659 1660 1664 1663
f 1660 1657 1661 1664
v 196.673 1.414 -68.158
v 203.493 1.414 -78.669
v 210.347 1.414 -74.222
v 203.527 1.414 -63.711
v 196.673 5.314 -68.158
v 203.493 5.314 -78.669
v 210.347 5.314 -74.222
v 203.527 5.314 -63.711
f 1672 1671 1670 1669
f 1665 1666 1670 1669
f 1666 1667 1671 1670
f 1667 1668 1672 1671
f 1668 1665 1669 1672
v 208.391 1.425 -71.717
v 219.458 1.425 -89.505
v 228.849 1.425 -83.663
v 217.782 1.425 -65.875
v 208.391 5.325 -71.717
v 219.458 5.325 -89.505
v 228.849 5.325 -83.663
v 217.782 5.325 -65.875
f 1680 1679 1678 1677
f 1673 1674 1678 1677
f 1674 1675 1679 1678
f 1675 1676 1680 1679
f 1676 1673 1677 1680
v 212.808 1.251 -64.453
v 221.845 1.251 -70.725
v 226.452 1.251 -64.087
v 217.415 1.251 -57.815
v 212.808 5.151 -64.453
v 221.845 5.151 -70.725
v 226.452 5.151 -64.087
v 217.415 5.151 -57.815
f 1688 1687 1686 1685
f 1681 1682 1686 1685
f 1682 1683 1687 1686
f 1683 1684 1688 1687
f 1684 1681 1685 1688
v 218.715 1.442 -80.340
v 230.839 1.442 -96.858
v 240.045 1.442 -90.100
v 227.921 1.442 -73.582
v 218.715 5.342 -80.340
v 230.839 5.342 -96.858
v 240.045 5.342 -90.100
v 227.921 5.342 -73.582
f 1696 1695 1694 1693
f 1689 1690 1694 1693
f 1690 1691 1695 1694
f 1691 1692 1696 1695
f 1692 1689 1693 1696
v 232.376 1.392 -56.864
v 238.529 1.392 -52.700
v 235.604 1.392 -48.376
v 229.451 1.392 -52.540
v 232.376 5.292 -56.864
v 238.529 5.292 -52.700
v 235.604 5.292 -48.376
v 229.451 5.292 -52.540
f 1704 1703 1702 1701
f 1697 1698 1702 1701
f 1698 1699 1703 1702
f 1699 1700 1704 1703
f 1700 1697 1701 1704
v 232.714 1.249 -53.011
v 251.789 1.249 -51.848
v 250.766 1.249 -35.069
v 231.691 1.249 -36.232
v 232.714 5.149 -53.011
v 251.789 5.149 -51.848
v 250.766 5.149 -35.069
v 231.691 5.149 -36.232
f 1712 1711 1710 1709
f 1705 1706 1710 1709
f 1706 1707 1711 1710
f 1707 1708 1712 1711
f 1708 1705 1709 1712
v 214.839 1.495 -38.172
v 232.928 1.495 -43.509
v 236.521 1.495 -31.328
v 218.432 1.495 -25.991
v 214.839 5.395 -38.172
v 232.928 5.395 -43.509
v 236.521 5.395 -31.328
v 218.432 5.395 -25.991
f 1720 1719 1718 1717
f 1713 1714 1718 1717
f 1714 1715 1719 1718
f 1715 1716 1720 1719
f 1716 1713 1717 1720
v 236.951 1.445 -24.820
v 242.923 1.445 -34.402
v 250.629 1.445 -29.600
v 244.657 1.445 -20.018
v 236.951 5.345 -24.820
v 242.923 5.345 -34.402
v 250.629 5.345 -29.600
v 244.657 5.345 -20.018
f 1728 1727 1726 1725
f 1721 1722 1726 1725
f 1722 1723 1727 1726
f 1723 1724 1728 1727
f 1724 1721 1725 1728
v 230.210 0.860 -14.973
v 248.300 0.860 -14.987
v 248.310 0.860 -2.087
v 230.220 0.860 -2.073
v 230.210 4.760 -14.973
v 248.300 4.760 -14.987
v 248.310 4.760 -2.087
v 230.220 4.760 -2.073
f 1736 1735 1734 1733
f 1729 1730 1734 1733
f 1730 1731 1735 1734
f 1731 1732 1736 1735
f 1732 1729 1733 1736
v 250.270 1.045 -17.933
v 262.252 1.045 -9.767
v 258.490 1.045 -4.247
v 246.508 1.045 -12.413
v 250.270 4.945 -17.933
v 262.252 4.945 -9.767
v 258.490 4.945 -4.247
v 246.508 4.945 -12.413
f 1744 1743 1742 1741
f 1737 1738 1742 1741
f 1738 1739 1743 1742
f 1739 1740 1744 1743
f 1740 1737 1741 1744
v 234.255 1.433 -88.269
v 245.634 1.433 -105.055
v 253.605 1.433 -99.651
v 242.226 1.433 -82.865
v 234.255 5.333 -88.269
v 245.634 5.333 -105.055
v 253.605 5.333 -99.651
v 242.226 5.333 -82.865
f 1752 1751 1750 1749
f 1745 1746 1750 1749
f 1746 1747 1751 1750
f 1747 1748 1752 1751
f 1748 1745 1749 1752
v 243.208 1.299 -97.666
v 255.361 1.299 -112.581
v 262.292 1.299 -106.934
v 250.139 1.299 -92.019
v 243.208 5.199 -97.666
v 255.361 5.199 -112.581
v 262.292 5.199 -106.934
v 250.139 5.199 -92.019
f 1760 1759 1758 1757
f 1753 1754 1758 1757
f 1754 1755 1759 1758
f 1755 1756 1760 1759
f 1756 1753 1757 1760
v 238.831 1.319 -136.206
v 245.330 1.319 -152.991
v 260.149 1.319 -147.254
v 253.650 1.319 -130.469
v 238.831 5.219 -136.206
v 245.330 5.219 -152.991
v 260.149 5.219 -147.254
v 253.650 5.219 -130.469
f 1768 1767 1766 1765
f 1761 1762 1766 1765
f 1762 1763 1767 1766
f 1763 1764 1768 1767
f 1764 1761 1765 1768
v 227.830 1.339 -132.713
v 238.479 1.339 -144.480
v 247.710 1.339 -136.127
v 237.061 1.339 -124.360
v 227.830 5.239 -132.713
v 238.479 5.239 -144.480
v 247.710 5.239 -136.127
v 237.061 5.239 -124.360
f 1776 1775 1774 1773
f 1769 1770 1774 1773
f 1770 1771 1775 1774
f 1771 1772 1776 1775
f 1772 1769 1773 1776
v 229.418 1.393 -160.986
v 246.012 1.393 -151.348
v 240.382 1.393 -141.654
v 223.788 1.393 -151.292
v 229.418 5.293 -160.986
v 246.012 5.293 -151.348
v 240.382 5.293 -141.654
v 223.788 5.293 -151.292
f 1784 1783 1782 1781
f 1777 1778 1782 1781
f 1778 1779 1783 1782
f 1779 1780 1784 1783
f 1780 1777 1781 1784
v 225.032 1.301 -173.557
v 238.671 1.301 -165.021
v 232.188 1.301 -154.663
v 218.549 1.301 -163.199
v 225.032 5.201 -173.557
v 238.671 5.201 -165.021
v 232.188 5.201 -154.663
v 218.549 5.201 -163.199
f 1792 1791 1790 1789
f 1785 1786 1790 1789
f 1786 1787 1791 1790
f 1787 1788 1792 1791
f 1788 1785 1789 1792
v 219.368 1.359 -178.826
v 228.655 1.359 -172.513
v 225.012 1.359 -167.154
v 215.725 1.359 -173.467
v 219.368 5.259 -178.826
v 228.655 5.259 -172.513
v 225.012 5.259 -167.154
v 215.725 5.259 -173.467
f 1800 1799 1798 1797
f 1793 1794 1798 1797
f 1794 1795 1799 1798
f 1795 1796 1800 1799
f 1796 1793 1797 1800
v 205.361 1.399 -193.219
v 224.493 1.399 -181.666
v 217.799 1.399 -170.581
v 198.667 1.399 -182.134
v 205.361 5.299 -193.219
v 224.493 5.299 -181.666
v 217.799 5.299 -170.581
v 198.667 5.299 -182.134
f 1808 1807 1806 1805
f 1801 1802 1806 1805
f 1802 1803 1807 1806
f 1803 1804 1808 1807
f 1804 1801 1805 1808
v 201.673 1.347 -197.582
v 210.485 1.347 -205.340
v 218.427 1.347 -196.318
v 209.615 1.347 -188.560
v 201.673 5.247 -197.582
v 210.485 5.247 -205.340
v 218.427 5.247 -196.318
v 209.615 5.247 -188.560
f 1816 1815 1814 1813
f 1809 1810 1814 1813
f 1810 1811 1815 1814
f 1811 1812 1816 1815
f 1812 1809 1813 1816
v 193.298 0.615 -219.540
v 208.706 0.615 -207.885
v 201.182 0.615 -197.940
v 185.774 0.615 -209.595
v 193.298 4.515 -219.540
v 208.706 4.515 -207.885
v 201.182 4.515 -197.940
v 185.774 4.515 -209.595
f 1824 1823 1822 1821
f 1817 1818 1822 1821
f 1818 1819 1823 1822
f 1819 1820 1824 1823
f 1820 1817 1821 1824
v 178.716 1.153 -200.106
v 189.220 1.153 -193.239
v 185.844 1.153 -188.074
v 175.340 1.153 -194.941
v 178.716 5.053 -200.106
v 189.220 5.053 -193.239
v 185.844 5.053 -188.074
v 175.340 5.053 -194.941
f 1832 1831 1830 1829
f 1825 1826 1830 1829
f 1826 1827 1831 1830
f 1827 1828 1832 1831
f 1828 1825 1829 1832
v 175.094 1.204 -207.285
v 185.052 1.204 -200.861
v 181.306 1.204 -195.055
v 171.348 1.204 -201.479
v 175.094 5.104 -207.285
v 185.052 5.104 -200.861
v 181.306 5.104 -195.055
v 171.348 5.104 -201.479
f 1840 1839 1838 1837
f 1833 1834 1838 1837
f 1834 1835 1839 1838
f 1835 1836 1840 1839
f 1836 1833 1837 1840
v 169.633 1.396 -214.295
v 180.193 1.396 -207.329
v 177.407 1.396 -203.105
v 166.847 1.396 -210.071
v 169.633 5.296 -214.295
v 180.193 5.296 -207.329
v 177.407 5.296 -203.105
v 166.847 5.296 -210.071
f 1848 1847 1846 1845
f 1841 1842 1846 1845
f 1842 1843 1847 1846
f 1843 1844 1848 1847
f 1844 1841 1845 1848
v 165.778 1.266 -218.714
v 176.734 1.266 -212.173
v 174.402 1.266 -208.266
v 163.446 1.266 -214.807
v 165.778 5.166 -218.714
v 176.734 5.166 -212.173
v 174.402 5.166 -208.266
v 163.446 5.166 -214.807
f 1856 1855 1854 1853
f 1849 1850 1854 1853
f 1850 1851 1855 1854
f 1851 1852 1856 1855
f 1852 1849 1853 1856
v 162.320 1.108 -222.985
v 169.848 1.108 -218.163
v 167.280 1.108 -214.155
v 159.752 1.108 -218.977
v 162.320 5.008 -222.985
v 169.848 5.008 -218.163
v 167.280 5.008 -214.155
v 159.752 5.008 -218.977
f 1864 1863 1862 1861
f 1857 1858 1862 1861
f 1858 1859 1863 1862
f 1859 1860 1864 1863
f 1860 1857 1861 1864
v 158.330 1.167 -228.374
v 166.250 1.167 -223.219
v 163.130 1.167 -218.426
v 155.210 1.167 -223.581
v 158.330 5.067 -228.374
v 166.250 5.067 -223.219
v 163.130 5.067 -218.426
v 155.210 5.067 -223.581
f 1872 1871 1870 1869
f 1865 1866 1870 1869
f 1866 1867 1871 1870
f 1867 1868 1872 1871
f 1868 1865 1869 1872
v 152.293 1.070 -237.512
v 163.223 1.070 -233.450
v 159.507 1.070 -223.448
v 148.577 1.070 -227.510
v 152.293 4.970 -237.512
v 163.223 4.970 -233.450
v 159.507 4.970 -223.448
v 148.577 4.970 -227.510
f 1880 1879 1878 1877
f 1873 1874 1878 1877
f 1874 1875 1879 1878
f 1875 1876 1880 1879
f 1876 1873 1877 1880
v 159.663 1.137 -226.146
v 169.863 1.137 -241.962
v 176.637 1.137 -237.594
v 166.437 1.137 -221.778
v 159.663 5.037 -226.146
v 169.863 5.037 -241.962
v 176.637 5.037 -237.594
v 166.437 5.037 -221.778
f 1888 1887 1886 1885
f 1881 1882 1886 1885
f 1882 1883 1887 1886
f 1883 1884 1888 1887
f 1884 1881 1885 1888
v 186.121 1.043 -251.376
v 188.018 1.043 -228.865
v 170.919 1.043 -227.424
v 169.022 1.043 -249.935
v 186.121 4.943 -251.376
v 188.018 4.943 -228.865
v 170.919 4.943 -227.424
v 169.022 4.943 -249.935
f 1896 1895 1894 1893
f 1889 1890 1894 1893
f 1890 1891 1895 1894
f 1891 1892 1896 1895
f 1892 1889 1893 1896
v 119.951 1.279 -198.233
v 130.524 1.279 -215.994
v 138.429 1.279 -211.287
v 127.856 1.279 -193.526
v 119.951 5.179 -198.233
v 130.524 5.179 -215.994
v 138.429 5.179 -211.287
v 127.856 5.179 -193.526
f 1904 1903 1902 1901
f 1897 1898 1902 1901
f 1898 1899 1903 1902
f 1899 1900 1904 1903
f 1900 1897 1901 1904
v 148.950 1.678 -204.427
v 162.860 1.678 -195.911
v 156.750 1.678 -185.933
v 142.840 1.678 -194.449
v 148.950 5.578 -204.427
v 162.860 5.578 -195.911
v 156.750 5.578 -185.933
v 142.840 5.578 -194.449
f 1912 1911 1910 1909
f 1905 1906 1910 1909
f 1906 1907 1911 1910
f 1907 1908 1912 1911
f 1908 1905 1909 1912
v 155.305 1.503 -192.862
v 167.328 1.503 -184.757
v 164.215 1.503 -180.138
v 152.192 1.503 -188.243
v 155.305 5.403 -192.862
v 167.328 5.403 -184.757
v 164.215 5.403 -180.138
v 152.192 5.403 -188.243
f 1920 1919 1918 1917
f 1913 1914 1918 1917
f 1914 1915 1919 1918
f 1915 1916 1920 1919
f 1916 1913 1917 1920
v 155.938 1.419 -186.600
v 172.946 1.419 -175.683
v 169.002 1.419 -169.540
v 151.994 1.419 -180.457
v 155.938 5.319 -186.600
v 172.946 5.319 -175.683
v 169.002 5.319 -169.540
v 151.994 5.319 -180.457
f 1928 1927 1926 1925
f 1921 1922 1926 1925
f 1922 1923 1927 1926
f 1923 1924 1928 1927
f 1924 1921 1925 1928
v 112.408 1.509 -192.849
v 122.892 1.509 -209.005
v 129.972 1.509 -204.411
v 119.488 1.509 -188.255
v 112.408 5.409 -192.849
v 122.892 5.409 -209.005
v 129.972 5.409 -204.411
v 119.488 5.409 -188.255
f 1936 1935 1934 1933
f 1929 1930 1934 1933
f 1930 1931 1935 1934
f 1931 1932 1936 1935
f 1932 1929 1933 1936
v 106.752 1.484 -174.926
v 115.092 1.484 -194.667
v 131.028 1.484 -187.934
v 122.688 1.484 -168.193
v 106.752 5.384 -174.926
v 115.092 5.384 -194.667
v 131.028 5.384 -187.934
v 122.688 5.384 -168.193
f 1944 1943 1942 1941
f 1937 1938 1942 1941
f 1938 1939 1943 1942
f 1939 1940 1944 1943
f 1940 1937 1941 1944
v 98.415 1.338 -186.380
v 108.400 1.338 -201.573
v 115.085 1.338 -197.180
v 105.100 1.338 -181.987
v 98.415 5.238 -186.380
v 108.400 5.238 -201.573
v 115.085 5.238 -197.180
v 105.100 5.238 -181.987
f 1952 1951 1950 1949
f 1945 1946 1950 1949
f 1946 1947 1951 1950
f 1947 1948 1952 1951
f 1948 1945 1949 1952
v 87.560 1.239 -173.809
v 98.773 1.239 -193.454
v 110.480 1.239 -186.771
v 99.267 1.239 -167.126
v 87.560 5.139 -173.809
v 98.773 5.139 -193.454
v 110.480 5.139 -186.771
v 99.267 5.139 -167.126
f 1960 1959 1958 1957
f 1953 1954 1958 1957
f 1954 1955 1959 1958
f 1955 1956 1960 1959
f 1956 1953 1957 1960
v 100.882 1.510 -169.599
v 118.390 1.510 -165.778
v 114.738 1.510 -149.041
v 97.230 1.510 -152.862
v 100.882 5.410 -169.599
v 118.390 5.410 -165.778
v 114.738 5.410 -149.041
v 97.230 5.410 -152.862
f 1968 1967 1966 1965
f 1961 1962 1966 1965
f 1962 1963 1967 1966
f 1963 1964 1968 1967
f 1964 1961 1965 1968
v 162.417 1.449 -176.094
v 178.678 1.449 -164.954
v 174.603 1.449 -159.006
v 158.342 1.449 -170.146
v 162.417 5.349 -176.094
v 178.678 5.349 -164.954
v 174.603 5.349 -159.006
v 158.342 5.349 -170.146
f 1976 1975 1974 1973
f 1969 1970 1974 1973
f 1970 1971 1975 1974
f 1971 1972 1976 1975
f 1972 1969 1973 1976
v 125.939 1.564 -156.466
v 128.339 1.564 -160.022
v 130.901 1.564 -158.294
v 128.501 1.564 -154.738
v 125.939 5.464 -156.466
v 128.339 5.464 -160.022
v 130.901 5.464 -158.294
v 128.501 5.464 -154.738
f 1984 1983 1982 1981
f 1977 1978 1982 1981
f 1978 1979 1983 1982
f 1979 1980 1984 1983
f 1980 1977 1981 1984
v 133.746 1.828 -168.714
v 146.262 1.828 -165.633
v 144.094 1.828 -156.826
v 131.578 1.828 -159.907
v 133.746 5.728 -168.714
v 146.262 5.728 -165.633
v 144.094 5.728 -156.826
v 131.578 5.728 -159.907
f 1992 1991 1990 1989
f 1985 1986 1990 1989
f 1986 1987 1991 1990
f 1987 1988 1992 1991
f 1988 1985 1989 1992
v 139.898 1.531 -161.398
v 151.599 1.531 -153.531
v 147.922 1.531 -148.062
v 136.221 1.531 -155.929
v 139.898 5.431 -161.398
v 151.599 5.431 -153.531
v 147.922 5.431 -148.062
v 136.221 5.431 -155.929
f 2000 1999 1998 1997
f 1993 1994 1998 1997
f 1994 1995 1999 1998
f 1995 1996 2000 1999
f 1996 1993 1997 2000
v 150.306 1.142 -170.460
v 157.273 1.142 -165.679
v 155.174 1.142 -162.620
v 148.207 1.142 -167.401
v 150.306 5.042 -170.460
v 157.273 5.042 -165.679
v 155.174 5.042 -162.620
v 148.207 5.042 -167.401
f 2008 2007 2006 2005
f 2001 2002 2006 2005
f 2002 2003 2007 2006
f 2003 2004 2008 2007
f 2004 2001 2005 2008
v 183.485 1.636 -167.429
v 202.363 1.636 -171.677
v 205.555 1.636 -157.491
v 186.677 1.636 -153.243
v 183.485 5.536 -167.429
v 202.363 5.536 -171.677
v 205.555 5.536 -157.491
v 186.677 5.536 -153.243
f 2016 2015 2014 2013
f 2009 2010 2014 2013
f 2010 2011 2015 2014
f 2011 2012 2016 2015
f 2012 2009 2013 2016
v 178.713 1.447 -167.828
v 189.598 1.447 -158.158
v 182.167 1.447 -149.792
v 171.282 1.447 -159.462
v 178.713 5.347 -167.828
v 189.598 5.347 -158.158
v 182.167 5.347 -149.792
v 171.282 5.347 -159.462
f 2024 2023 2022 2021
f 2017 2018 2022 2021
f 2018 2019 2023 2022
f 2019 2020 2024 2023
f 2020 2017 2021 2024
v 163.611 1.321 -144.680
v 172.501 1.321 -157.243
v 178.949 1.321 -152.680
v 170.059 1.321 -140.117
v 163.611 5.221 -144.680
v 172.501 5.221 -157.243
v 178.949 5.221 -152.680
v 170.059 5.221 -140.117
f 2032 2031 2030 2029
f 2025 2026 2030 2029
f 2026 2027 2031 2030
f 2027 2028 2032 2031
f 2028 2025 2029 2032
v 162.144 1.352 -141.379
v 167.240 1.352 -148.491
v 170.296 1.352 -146.301
v 165.200 1.352 -139.189
v 162.144 5.252 -141.379
v 167.240 5.252 -148.491
v 170.296 5.252 -146.301
v 165.200 5.252 -139.189
f 2040 2039 2038 2037
f 2033 2034 2038 2037
f 2034 2035 2039 2038
f 2035 2036 2040 2039
f 2036 2033 2037 2040
v 139.061 1.237 -130.744
v 148.937 1.237 -146.055
v 160.719 1.237 -138.456
v 150.843 1.237 -123.145
v 139.061 5.137 -130.744
v 148.937 5.137 -146.055
v 160.719 5.137 -138.456
v 150.843 5.137 -123.145
f 2048 2047 2046 2045
f 2041 2042 2046 2045
f 2042 2043 2047 2046
f 2043 2044 2048 2047
f 2044 2041 2045 2048
v 129.814 1.385 -139.499
v 148.954 1.385 -130.131
v 139.846 1.385 -111.521
v 120.706 1.385 -120.889
v 129.814 5.285 -139.499
v 148.954 5.285 -130.131
v 139.846 5.285 -111.521
v 120.706 5.285 -120.889
f 2056 2055 2054 2053
f 2049 2050 2054 2053
f 2050 2051 2055 2054
f 2051 2052 2056 2055
f 2052 2049 2053 2056
v 160.990 1.150 -94.943
v 177.751 1.150 -131.295
v 189.330 1.150 -125.957
v 172.569 1.150 -89.605
v 160.990 5.050 -94.943
v 177.751 5.050 -131.295
v 189.330 5.050 -125.957
v 172.569 5.050 -89.605
f 2064 2063 2062 2061
f 2057 2058 2062 2061
f 2058 2059 2063 2062
f 2059 2060 2064 2063
f 2060 2057 2061 2064
v 183.439 1.411 -104.218
v 193.774 1.411 -120.161
v 200.621 1.411 -115.722
v 190.286 1.411 -99.779
v 183.439 5.311 -104.218
v 193.774 5.311 -120.161
v 200.621 5.311 -115.722
v 190.286 5.311 -99.779
f 2072 2071 2070 2069
f 2065 2066 2070 2069
f 2066 2067 2071 2070
f 2067 2068 2072 2071
f 2068 2065 2069 2072
v 189.414 1.599 -122.349
v 209.306 1.599 -142.395
v 219.286 1.599 -132.491
v 199.394 1.599 -112.445
v 189.414 5.499 -122.349
v 209.306 5.499 -142.395
v 219.286 5.499 -132.491
v 199.394 5.499 -112.445
f 2080 2079 2078 2077
f 2073 2074 2078 2077
f 2074 2075 2079 2078
f 2075 2076 2080 2079
f 2076 2073 2077 2080
v 199.735 1.594 -146.586
v 204.812 1.594 -152.962
v 209.545 1.594 -149.194
v 204.468 1.594 -142.818
v 199.735 5.494 -146.586
v 204.812 5.494 -152.962
v 209.545 5.494 -149.194
v 204.468 5.494 -142.818
f 2088 2087 2086 2085
f 2081 2082 2086 2085
f 2082 2083 2087 2086
f 2083 2084 2088 2087
f 2084 2081 2085 2088
v 135.985 1.473 -113.041
v 149.400 1.473 -106.790
v 146.515 1.473 -100.599
v 133.100 1.473 -106.850
v 135.985 5.373 -113.041
v 149.400 5.373 -106.790
v 146.515 5.373 -100.599
v 133.100 5.373 -106.850
f 2096 2095 2094 2093
f 2089 2090 2094 2093
f 2090 2091 2095 2094
f 2091 2092 2096 2095
f 2092 2089 2093 2096
v 147.645 1.312 -103.946
v 159.106 1.312 -92.076
v 151.315 1.312 -84.554
v 139.854 1.312 -96.424
v 147.645 5.212 -103.946
v 159.106 5.212 -92.076
v 151.315 5.212 -84.554
v 139.854 5.212 -96.424
f 2104 2103 2102 2101
f 2097 2098 2102 2101
f 2098 2099 2103 2102
f 2099 2100 2104 2103
f 2100 2097 2101 2104
v 148.547 1.694 -104.027
v 153.195 1.694 -122.110
v 167.113 1.694 -118.533
v 162.465 1.694 -100.450
v 148.547 5.594 -104.027
v 153.195 5.594 -122.110
v 167.113 5.594 -118.533
v 162.465 5.594 -100.450
f 2112 2111 2110 2109
f 2105 2106 2110 2109
f 2106 2107 2111 2110
f 2107 2108 2112 2111
f 2108 2105 2109 2112
v 158.926 1.909 -97.582
v 172.470 1.909 -80.781
v 157.654 1.909 -68.838
v 144.110 1.909 -85.639
v 158.926 5.809 -97.582
v 172.470 5.809 -80.781
v 157.654 5.809 -68.838
v 144.110 5.809 -85.639
f 2120 2119 2118 2117
f 2113 2114 2118 2117
f 2114 2115 2119 2118
f 2115 2116 2120 2119
f 2116 2113 2117 2120
v 89.307 1.629 -125.758
v 101.607 1.629 -117.618
v 94.913 1.629 -107.502
v 82.613 1.629 -115.642
v 89.307 5.529 -125.758
v 101.607 5.529 -117.618
v 94.913 5.529 -107.502
v 82.613 5.529 -115.642
f 2128 2127 2126 2125
f 2121 2122 2126 2125
f 2122 2123 2127 2126
f 2123 2124 2128 2127
f 2124 2121 2125 2128
v 71.821 1.100 -113.020
v 80.289 1.100 -107.496
v 75.399 1.100 -100.000
v 66.931 1.100 -105.524
v 71.821 5.000 -113.020
v 80.289 5.000 -107.496
v 75.399 5.000 -100.000
v 66.931 5.000 -105.524
f 2136 2135 2134 2133
f 2129 2130 2134 2133
f 2130 2131 2135 2134
f 2131 2132 2136 2135
f 2132 2129 2133 2136
v 56.358 1.629 -104.604
v 70.020 1.629 -96.568
v 65.802 1.629 -89.396
v 52.140 1.629 -97.432
v 56.358 5.529 -104.604
v 70.020 5.529 -96.568
v 65.802 5.529 -89.396
v 52.140 5.529 -97.432
f 2144 2143 2142 2141
f 2137 2138 2142 2141
f 2138 2139 2143 2142
f 2139 2140 2144 2143
f 2140 2137 2141 2144
v 72.934 1.678 -98.691
v 88.577 1.678 -92.871
v 83.866 1.678 -80.209
v 68.223 1.678 -86.029
v 72.934 5.578 -98.691
v 88.577 5.578 -92.871
v 83.866 5.578 -80.209
v 68.223 5.578 -86.029
f 2152 2151 2150 2149
f 2145 2146 2150 2149
f 2146 2147 2151 2150
f 2147 2148 2152 2151
f 2148 2145 2149 2152
v 105.468 1.475 -101.492
v 119.771 1.475 -92.360
v 116.252 1.475 -86.848
v 101.949 1.475 -95.980
v 105.468 5.375 -101.492
v 119.771 5.375 -92.360
v 116.252 5.375 -86.848
v 101.949 5.375 -95.980
f 2160 2159 2158 2157
f 2153 2154 2158 2157
f 2154 2155 2159 2158
f 2155 2156 2160 2159
f 2156 2153 2157 2160
v 111.160 1.464 -95.144
v 124.158 1.464 -86.942
v 120.860 1.464 -81.716
v 107.862 1.464 -89.918
v 111.160 5.364 -95.144
v 124.158 5.364 -86.942
v 120.860 5.364 -81.716
v 107.862 5.364 -89.918
f 2168 2167 2166 2165
f 2161 2162 2166 2165
f 2162 2163 2167 2166
f 2163 2164 2168 2167
f 2164 2161 2165 2168
v 93.244 1.453 -75.140
v 102.812 1.453 -88.300
v 110.156 1.453 -82.960
v 100.588 1.453 -69.800
v 93.244 5.353 -75.140
v 102.812 5.353 -88.300
v 110.156 5.353 -82.960
v 100.588 5.353 -69.800
f 2176 2175 2174 2173
f 2169 2170 2174 2173
f 2170 2171 2175 2174
f 2171 2172 2176 2175
f 2172 2169 2173 2176
v 78.020 1.325 -84.961
v 93.596 1.325 -73.163
v 86.640 1.325 -63.979
v 71.064 1.325 -75.777
v 78.020 5.225 -84.961
v 93.596 5.225 -73.163
v 86.640 5.225 -63.979
v 71.064 5.225 -75.777
f 2184 2183 2182 2181
f 2177 2178 2182 2181
f 2178 2179 2183 2182
f 2179 2180 2184 2183
f 2180 2177 2181 2184
v 125.612 1.613 -84.574
v 137.442 1.613 -73.057
v 127.208 1.613 -62.546
v 115.378 1.613 -74.063
v 125.612 5.513 -84.574
v 137.442 5.513 -73.057
v 127.208 5.513 -62.546
v 115.378 5.513 -74.063
f 2192 2191 2190 2189
f 2185 2186 2190 2189
f 2186 2187 2191 2190
f 2187 2188 2192 2191
f 2188 2185 2189 2192
v 128.290 1.226 -71.658
v 138.296 1.226 -64.765
v 135.510 1.226 -60.722
v 125.504 1.226 -67.615
v 128.290 5.126 -71.658
v 138.296 5.126 -64.765
v 135.510 5.126 -60.722
v 125.504 5.126 -67.615
f 2200 2199 2198 2197
f 2193 2194 2198 2197
f 2194 2195 2199 2198
f 2195 2196 2200 2199
f 2196 2193 2197 2200
v 111.186 1.532 -75.686
v 113.921 1.532 -73.822
v 112.294 1.532 -71.434
v 109.559 1.532 -73.298
v 111.186 5.432 -75.686
v 113.921 5.432 -73.822
v 112.294 5.432 -71.434
v 109.559 5.432 -73.298
f 2208 2207 2206 2205
f 2201 2202 2206 2205
f 2202 2203 2207 2206
f 2203 2204 2208 2207
f 2204 2201 2205 2208
v 109.707 1.526 -53.199
v 116.433 1.526 -67.097
v 127.333 1.526 -61.821
v 120.607 1.526 -47.923
v 109.707 5.426 -53.199
v 116.433 5.426 -67.097
v 127.333 5.426 -61.821
v 120.607 5.426 -47.923
f 2216 2215 2214 2213
f 2209 2210 2214 2213
f 2210 2211 2215 2214
f 2211 2212 2216 2215
f 2212 2209 2213 2216
v 102.377 1.199 -51.947
v 106.434 1.199 -57.541
v 111.243 1.199 -54.053
v 107.186 1.199 -48.459
v 102.377 5.099 -51.947
v 106.434 5.099 -57.541
v 111.243 5.099 -54.053
v 107.186 5.099 -48.459
f 2224 2223 2222 2221
f 2217 2218 2222 2221
f 2218 2219 2223 2222
f 2219 2220 2224 2223
f 2220 2217 2221 2224
v 86.570 1.055 -35.249
v 99.416 1.055 -56.568
v 107.510 1.055 -51.691
v 94.664 1.055 -30.372
v 86.570 4.955 -35.249
v 99.416 4.955 -56.568
v 107.510 4.955 -51.691
v 94.664 4.955 -30.372
f 2232 2231 2230 2229
f 2225 2226 2230 2229
f 2226 2227 2231 2230
f 2227 2228 2232 2231
f 2228 2225 2229 2232
v 82.433 1.031 -31.217
v 93.399 1.031 -47.438
v 99.247 1.031 -43.483
v 88.281 1.031 -27.262
v 82.433 4.931 -31.217
v 93.399 4.931 -47.438
v 99.247 4.931 -43.483
v 88.281 4.931 -27.262
f 2240 2239 2238 2237
f 2233 2234 2238 2237
f 2234 2235 2239 2238
f 2235 2236 2240 2239
f 2236 2233 2237 2240
v 69.023 1.097 -28.567
v 81.613 1.097 -48.267
v 91.117 1.097 -42.193
v 78.527 1.097 -22.493
v 69.023 4.997 -28.567
v 81.613 4.997 -48.267
v 91.117 4.997 -42.193
v 78.527 4.997 -22.493
f 2248 2247 2246 2245
f 2241 2242 2246 2245
f 2242 2243 2247 2246
f 2243 2244 2248 2247
f 2244 2241 2245 2248
v 51.647 1.138 -62.820
v 57.927 1.138 -73.882
v 65.293 1.138 -69.700
v 59.013 1.138 -58.638
v 51.647 5.038 -62.820
v 57.927 5.038 -73.882
v 65.293 5.038 -69.700
v 59.013 5.038 -58.638
f 2256 2255 2254 2253
f 2249 2250 2254 2253
f 2250 2251 2255 2254
f 2251 2252 2256 2255
f 2252 2249 2253 2256
v 68.205 1.203 -58.920
v 68.478 1.203 -67.726
v 73.815 1.203 -67.560
v 73.542 1.203 -58.754
v 68.205 5.103 -58.920
v 68.478 5.103 -67.726
v 73.815 5.103 -67.560
v 73.542 5.103 -58.754
f 2264 2263 2262 2261
f 2257 2258 2262 2261
f 2258 2259 2263 2262
f 2259 2260 2264 2263
f 2260 2257 2261 2264
v 38.767 1.231 -70.698
v 54.452 1.231 -65.204
v 49.933 1.231 -52.302
v 34.248 1.231 -57.796
v 38.767 5.131 -70.698
v 54.452 5.131 -65.204
v 49.933 5.131 -52.302
v 34.248 5.131 -57.796
f 2272 2271 2270 2269
f 2265 2266 2270 2269
f 2266 2267 2271 2270
f 2267 2268 2272 2271
f 2268 2265 2269 2272
v 49.903 1.045 -59.214
v 58.476 1.045 -51.639
v 53.517 1.045 -46.026
v 44.944 1.045 -53.601
v 49.903 4.945 -59.214
v 58.476 4.945 -51.639
v 53.517 4.945 -46.026
v 44.944 4.945 -53.601
f 2280 2279 2278 2277
f 2273 2274 2278 2277
f 2274 2275 2279 2278
f 2275 2276 2280 2279
f 2276 2273 2277 2280
v 51.412 1.358 -52.017
v 64.940 1.358 -43.417
v 59.248 1.358 -34.463
v 45.720 1.358 -43.063
v 51.412 5.258 -52.017
v 64.940 5.258 -43.417
v 59.248 5.258 -34.463
v 45.720 5.258 -43.063
f 2288 2287 2286 2285
f 2281 2282 2286 2285
f 2282 2283 2287 2286
f 2283 2284 2288 2287
f 2284 2281 2285 2288
v 57.746 1.021 -39.404
v 66.315 1.021 -33.547
v 62.274 1.021 -27.636
v 53.705 1.021 -33.493
v 57.746 4.921 -39.404
v 66.315 4.921 -33.547
v 62.274 4.921 -27.636
v 53.705 4.921 -33.493
f 2296 2295 2294 2293
f 2289 2290 2294 2293
f 2290 2291 2295 2294
f 2291 2292 2296 2295
f 2292 2289 2293 2296
v 44.921 1.116 -25.657
v 49.182 1.116 -32.095
v 54.519 1.116 -28.563
v 50.258 1.116 -22.125
v 44.921 5.016 -25.657
v 49.182 5.016 -32.095
v 54.519 5.016 -28.563
v 50.258 5.016 -22.125
f 2304 2303 2302 2301
f 2297 2298 2302 2301
f 2298 2299 2303 2302
f 2299 2300 2304 2303
f 2300 2297 2301 2304
v 59.838 1.245 -30.673
v 68.423 1.245 -32.783
v 70.522 1.245 -24.247
v 61.937 1.245 -22.137
v 59.838 5.145 -30.673
v 68.423 5.145 -32.783
v 70.522 5.145 -24.247
v 61.937 5.145 -22.137
f 2312 2311 2310 2309
f 2305 2306 2310 2309
f 2306 2307 2311 2310
f 2307 2308 2312 2311
f 2308 2305 2309 2312
v 53.565 1.087 -12.074
v 60.315 1.087 -21.898
v 67.115 1.087 -17.226
v 60.365 1.087 -7.402
v 53.565 4.987 -12.074
v 60.315 4.987 -21.898
v 67.115 4.987 -17.226
v 60.365 4.987 -7.402
f 2320 2319 2318 2317
f 2313 2314 2318 2317
f 2314 2315 2319 2318
f 2315 2316 2320 2319
f 2316 2313 2317 2320
v 70.326 1.080 -25.772
v 79.178 1.080 -21.684
v 75.154 1.080 -12.968
v 66.302 1.080 -17.056
v 70.326 4.980 -25.772
v 79.178 4.980 -21.684
v 75.154 4.980 -12.968
v 66.302 4.980 -17.056
f 2328 2327 2326 2325
f 2321 2322 2326 2325
f 2322 2323 2327 2326
f 2323 2324 2328 2327
f 2324 2321 2325 2328
v 25.401 1.241 -28.803
v 40.009 1.241 -24.979
v 36.219 1.241 -10.497
v 21.611 1.241 -14.321
v 25.401 5.141 -28.803
v 40.009 5.141 -24.979
v 36.219 5.141 -10.497
v 21.611 5.141 -14.321
f 2336 2335 2334 2333
f 2329 2330 2334 2333
f 2330 2331 2335 2334
f 2331 2332 2336 2335
f 2332 2329 2333 2336
v 36.530 1.257 -13.954
v 43.909 1.257 -8.766
v 40.970 1.257 -4.586
v 33.591 1.257 -9.774
v 36.530 5.157 -13.954
v 43.909 5.157 -8.766
v 40.970 5.157 -4.586
v 33.591 5.157 -9.774
f 2344 2343 2342 2341
f 2337 2338 2342 2341
f 2338 2339 2343 2342
f 2339 2340 2344 2343
f 2340 2337 2341 2344
v 20.337 1.194 -46.020
v 39.762 1.194 -32.777
v 33.983 1.194 -24.300
v 14.558 1.194 -37.543
v 20.337 5.094 -46.020
v 39.762 5.094 -32.777
v 33.983 5.094 -24.300
v 14.558 5.094 -37.543
f 2352 2351 2350 2349
f 2345 2346 2350 2349
f 2346 2347 2351 2350
f 2347 2348 2352 2351
f 2348 2345 2349 2352
v 4.836 1.466 -63.266
v 17.858 1.466 -54.531
v 14.104 1.466 -48.934
v 1.082 1.466 -57.669
v 4.836 5.366 -63.266
v 17.858 5.366 -54.531
v 14.104 5.366 -48.934
v 1.082 5.366 -57.669
f 2360 2359 2358 2357
f 2353 2354 2358 2357
f 2354 2355 2359 2358
f 2355 2356 2360 2359
f 2356 2353 2357 2360
v -0.206 1.768 -71.419
v 12.784 1.768 -63.508
v 8.566 1.768 -56.581
v -4.424 1.768 -64.492
v -0.206 5.668 -71.419
v 12.784 5.668 -63.508
v 8.566 5.668 -56.581
v -4.424 5.668 -64.492
f 2368 2367 2366 2365
f 2361 2362 2366 2365
f 2362 2363 2367 2366
f 2363 2364 2368 2367
f 2364 2361 2365 2368
v 14.002 1.536 -63.290
v 23.098 1.536 -77.343
v 28.278 1.536 -73.990
v 19.182 1.536 -59.937
v 14.002 5.436 -63.290
v 23.098 5.436 -77.343
v 28.278 5.436 -73.990
v 19.182 5.436 -59.937
f 2376 2375 2374 2373
f 2369 2370 2374 2373
f 2370 2371 2375 2374
f 2371 2372 2376 2375
f 2372 2369 2373 2376
v -1.991 1.674 -96.678
v 21.809 1.674 -76.028
v 9.691 1.674 -62.062
v -14.109 1.674 -82.712
v -1.991 5.574 -96.678
v 21.809 5.574 -76.028
v 9.691 5.574 -62.062
v -14.109 5.574 -82.712
f 2384 2383 2382 2381
f 2377 2378 2382 2381
f 2378 2379 2383 2382
f 2379 2380 2384 2383
f 2380 2377 2381 2384
v 20.153 1.746 -99.633
v 34.150 1.746 -90.672
v 28.667 1.746 -82.107
v 14.670 1.746 -91.068
v 20.153 5.646 -99.633
v 34.150 5.646 -90.672
v 28.667 5.646 -82.107
v 14.670 5.646 -91.068
f 2392 2391 2390 2389
f 2385 2386 2390 2389
f 2386 2387 2391 2390
f 2387 2388 2392 2391
f 2388 2385 2389 2392
v 43.840 0.730 -88.817
v 58.006 0.730 -69.942
v 47.720 0.730 -62.223
v 33.554 0.730 -81.098
v 43.840 4.630 -88.817
v 58.006 4.630 -69.942
v 47.720 4.630 -62.223
v 33.554 4.630 -81.098
f 2400 2399 2398 2397
f 2393 2394 2398 2397
f 2394 2395 2399 2398
f 2395 2396 2400 2399
f 2396 2393 2397 2400
v -16.346 1.552 -98.391
v 2.041 1.552 -88.970
v -3.094 1.552 -78.949
v -21.481 1.552 -88.370
v -16.346 5.452 -98.391
v 2.041 5.452 -88.970
v -3.094 5.452 -78.949
v -21.481 5.452 -88.370
f 2408 2407 2406 2405
f 2401 2402 2406 2405
f 2402 2403 2407 2406
f 2403 2404 2408 2407
f 2404 2401 2405 2408
v -21.779 1.614 -106.536
v -5.158 1.614 -94.570
v -10.101 1.614 -87.704
v -26.722 1.614 -99.670
v -21.779 5.514 -106.536
v -5.158 5.514 -94.570
v -10.101 5.514 -87.704
v -26.722 5.514 -99.670
f 2416 2415 2414 2413
f 2409 2410 2414 2413
f 2410 2411 2415 2414
f 2411 2412 2416 2415
f 2412 2409 2413 2416
v -30.081 1.609 -112.822
v -21.957 1.609 -107.182
v -26.319 1.609 -100.898
v -34.443 1.609 -106.538
v -30.081 5.509 -112.822
v -21.957 5.509 -107.182
v -26.319 5.509 -100.898
v -34.443 5.509 -106.538
f 2424 2423 2422 2421
f 2417 2418 2422 2421
f 2418 2419 2423 2422
f 2419 2420 2424 2423
f 2420 2417 2421 2424
v -27.336 1.508 -103.602
v -20.924 1.508 -100.623
v -23.844 1.508 -94.338
v -30.256 1.508 -97.317
v -27.336 5.408 -103.602
v -20.924 5.408 -100.623
v -23.844 5.408 -94.338
v -30.256 5.408 -97.317
f 2432 2431 2430 2429
f 2425 2426 2430 2429
f 2426 2427 2431 2430
f 2427 2428 2432 2431
f 2428 2425 2429 2432
v -24.417 1.702 -107.579
v -13.652 1.702 -118.010
v -7.403 1.702 -111.561
v -18.168 1.702 -101.130
v -24.417 5.602 -107.579
v -13.652 5.602 -118.010
v -7.403 5.602 -111.561
v -18.168 5.602 -101.130
f 2440 2439 2438 2437
f 2433 2434 2438 2437
f 2434 2435 2439 2438
f 2435 2436 2440 2439
f 2436 2433 2437 2440
v -15.667 1.465 -112.495
v -7.186 1.465 -124.293
v -0.553 1.465 -119.525
v -9.034 1.465 -107.727
v -15.667 5.365 -112.495
v -7.186 5.365 -124.293
v -0.553 5.365 -119.525
v -9.034 5.365 -107.727
f 2448 2447 2446 2445
f 2441 2442 2446 2445
f 2442 2443 2447 2446
f 2443 2444 2448 2447
f 2444 2441 2445 2448
v 8.131 1.784 -117.524
v 19.133 1.784 -110.266
v 12.569 1.784 -100.316
v 1.567 1.784 -107.574
v 8.131 5.684 -117.524
v 19.133 5.684 -110.266
v 12.569 5.684 -100.316
v 1.567 5.684 -107.574
f 2456 2455 2454 2453
f 2449 2450 2454 2453
f 2450 2451 2455 2454
f 2451 2452 2456 2455
f 2452 2449 2453 2456
v 35.463 1.543 -106.343
v 39.453 1.543 -103.533
v 37.737 1.543 -101.097
v 33.747 1.543 -103.907
v 35.463 5.443 -106.343
v 39.453 5.443 -103.533
v 37.737 5.443 -101.097
v 33.747 5.443 -103.907
f 2464 2463 2462 2461
f 2457 2458 2462 2461
f 2458 2459 2463 2462
f 2459 2460 2464 2463
f 2460 2457 2461 2464
v 38.194 1.894 -105.693
v 45.594 1.894 -116.745
v 53.446 1.894 -111.487
v 46.046 1.894 -100.435
v 38.194 5.794 -105.693
v 45.594 5.794 -116.745
v 53.446 5.794 -111.487
v 46.046 5.794 -100.435
f 2472 2471 2470 2469
f 2465 2466 2470 2469
f 2466 2467 2471 2470
f 2467 2468 2472 2471
f 2468 2465 2469 2472
v 35.089 1.469 -125.667
v 38.885 1.469 -131.358
v 42.371 1.469 -129.033
v 38.575 1.469 -123.342
v 35.089 5.369 -125.667
v 38.885 5.369 -131.358
v 42.371 5.369 -129.033
v 38.575 5.369 -123.342
f 2480 2479 2478 2477
f 2473 2474 2478 2477
f 2474 2475 2479 2478
f 2475 2476 2480 2479
f 2476 2473 2477 2480
v 44.235 1.655 -119.792
v 47.592 1.655 -124.174
v 51.045 1.655 -121.528
v 47.688 1.655 -117.146
v 44.235 5.555 -119.792
v 47.592 5.555 -124.174
v 51.045 5.555 -121.528
v 47.688 5.555 -117.146
f 2488 2487 2486 2485
f 2481 2482 2486 2485
f 2482 2483 2487 2486
f 2483 2484 2488 2487
f 2484 2481 2485 2488
v 49.877 1.647 -112.255
v 56.732 1.647 -120.196
v 62.583 1.647 -115.145
v 55.728 1.647 -107.204
v 49.877 5.547 -112.255
v 56.732 5.547 -120.196
v 62.583 5.547 -115.145
v 55.728 5.547 -107.204
f 2496 2495 2494 2493
f 2489 2490 2494 2493
f 2490 2491 2495 2494
f 2491 2492 2496 2495
f 2492 2489 2493 2496
v 55.870 1.543 -119.002
v 63.672 1.543 -128.807
v 70.370 1.543 -123.478
v 62.568 1.543 -113.673
v 55.870 5.443 -119.002
v 63.672 5.443 -128.807
v 70.370 5.443 -123.478
v 62.568 5.443 -113.673
f 2504 2503 2502 2501
f 2497 2498 2502 2501
f 2498 2499 2503 2502
f 2499 2500 2504 2503
f 2500 2497 2501 2504
v 81.794 1.650 -138.694
v 94.957 1.650 -130.009
v 90.666 1.650 -123.506
v 77.503 1.650 -132.191
v 81.794 5.550 -138.694
v 94.957 5.550 -130.009
v 90.666 5.550 -123.506
v 77.503 5.550 -132.191
f 2512 2511 2510 2509
f 2505 2506 2510 2509
f 2506 2507 2511 2510
f 2507 2508 2512 2511
f 2508 2505 2509 2512
v 74.426 1.737 -147.477
v 89.662 1.737 -137.522
v 85.794 1.737 -131.603
v 70.558 1.737 -141.558
v 74.426 5.637 -147.477
v 89.662 5.637 -137.522
v 85.794 5.637 -131.603
v 70.558 5.637 -141.558
f 2520 2519 2518 2517
f 2513 2514 2518 2517
f 2514 2515 2519 2518
f 2515 2516 2520 2519
f 2516 2513 2517 2520
v 69.766 1.347 -152.941
v 84.501 1.347 -143.781
v 81.354 1.347 -138.719
v 66.619 1.347 -147.879
v 69.766 5.247 -152.941
v 84.501 5.247 -143.781
v 81.354 5.247 -138.719
v 66.619 5.247 -147.879
f 2528 2527 2526 2525
f 2521 2522 2526 2525
f 2522 2523 2527 2526
f 2523 2524 2528 2527
f 2524 2521 2525 2528
v 63.327 1.526 -164.282
v 80.213 1.526 -155.249
v 74.633 1.526 -144.818
v 57.747 1.526 -153.851
v 63.327 5.426 -164.282
v 80.213 5.426 -155.249
v 74.633 5.426 -144.818
v 57.747 5.426 -153.851
f 2536 2535 2534 2533
f 2529 2530 2534 2533
f 2530 2531 2535 2534
f 2531 2532 2536 2535
f 2532 2529 2533 2536
v 40.319 1.380 -144.769
v 50.118 1.380 -161.571
v 60.441 1.380 -155.551
v 50.642 1.380 -138.749
v 40.319 5.280 -144.769
v 50.118 5.280 -161.571
v 60.441 5.280 -155.551
v 50.642 5.280 -138.749
f 2544 2543 2542 2541
f 2537 2538 2542 2541
f 2538 2539 2543 2542
f 2539 2540 2544 2543
f 2540 2537 2541 2544
v 26.155 1.235 -191.077
v 48.659 1.235 -212.470
v 60.985 1.235 -199.503
v 38.481 1.235 -178.110
v 26.155 8.035 -191.077
v 48.659 8.035 -212.470
v 60.985 8.035 -199.503
v 38.481 8.035 -178.110
f 2552 2551 2550 2549
f 2545 2546 2550 2549
f 2546 2547 2551 2550
f 2547 2548 2552 2551
f 2548 2545 2549 2552
v 26.109 1.179 -180.127
v 34.521 1.179 -192.231
v 45.771 1.179 -184.413
v 37.359 1.179 -172.309
v 26.109 5.079 -180.127
v 34.521 5.079 -192.231
v 45.771 5.079 -184.413
v 37.359 5.079 -172.309
f 2560 2559 2558 2557
f 2553 2554 2558 2557
f 2554 2555 2559 2558
f 2555 2556 2560 2559
f 2556 2553 2557 2560
v 13.422 1.285 -170.429
v 23.089 1.285 -185.005
v 30.198 1.285 -180.291
v 20.531 1.285 -165.715
v 13.422 5.185 -170.429
v 23.089 5.185 -185.005
v 30.198 5.185 -180.291
v 20.531 5.185 -165.715
f 2568 2567 2566 2565
f 2561 2562 2566 2565
f 2562 2563 2567 2566
f 2563 2564 2568 2567
f 2564 2561 2565 2568
v 0.298 1.266 -161.246
v 11.709 1.266 -176.500
v 20.862 1.266 -169.654
v 9.451 1.266 -154.400
v 0.298 5.166 -161.246
v 11.709 5.166 -176.500
v 20.862 5.166 -169.654
v 9.451 5.166 -154.400
f 2576 2575 2574 2573
f 2569 2570 2574 2573
f 2570 2571 2575 2574
f 2571 2572 2576 2575
f 2572 2569 2573 2576
v -27.241 1.696 -179.255
v -9.750 1.696 -167.489
v -17.999 1.696 -155.225
v -35.490 1.696 -166.991
v -27.241 5.596 -179.255
v -9.750 5.596 -167.489
v -17.999 5.596 -155.225
v -35.490 5.596 -166.991
f 2584 2583 2582 2581
f 2577 2578 2582 2581
f 2578 2579 2583 2582
f 2579 2580 2584 2583
f 2580 2577 2581 2584
v -51.301 1.402 -125.530
v -42.899 1.402 -138.436
v -34.779 1.402 -133.150
v -43.181 1.402 -120.244
v -51.301 5.302 -125.530
v -42.899 5.302 -138.436
v -34.779 5.302 -133.150
v -43.181 5.302 -120.244
f 2592 2591 2590 2589
f 2585 2586 2590 2589
f 2586 2587 2591 2590
f 2587 2588 2592 2591
f 2588 2585 2589 2592
v -56.513 1.573 -156.073
v -45.424 1.573 -151.331
v -48.967 1.573 -143.047
v -60.056 1.573 -147.789
v -56.513 5.473 -156.073
v -45.424 5.473 -151.331
v -48.967 5.473 -143.047
v -60.056 5.473 -147.789
f 2600 2599 2598 2597
f 2593 2594 2598 2597
f 2594 2595 2599 2598
f 2595 2596 2600 2599
f 2596 2593 2597 2600
v -42.438 1.609 -163.891
v -36.612 1.609 -160.562
v -39.762 1.609 -155.049
v -45.588 1.609 -158.378
v -42.438 5.509 -163.891
v -36.612 5.509 -160.562
v -39.762 5.509 -155.049
v -45.588 5.509 -158.378
f 2608 2607 2606 2605
f 2601 2602 2606 2605
f 2602 2603 2607 2606
f 2603 2604 2608 2607
f 2604 2601 2605 2608
v -57.128 1.688 -184.048
v -34.970 1.688 -162.612
v -44.412 1.688 -152.852
v -66.570 1.688 -174.288
v -57.128 5.588 -184.048
v -34.970 5.588 -162.612
v -44.412 5.588 -152.852
v -66.570 5.588 -174.288
f 2616 2615 2614 2613
f 2609 2610 2614 2613
f 2610 2611 2615 2614
f 2611 2612 2616 2615
f 2612 2609 2613 2616
v -72.577 1.474 -182.903
v -54.808 1.474 -170.887
v -59.603 1.474 -163.797
v -77.372 1.474 -175.813
v -72.577 5.374 -182.903
v -54.808 5.374 -170.887
v -59.603 5.374 -163.797
v -77.372 5.374 -175.813
f 2624 2623 2622 2621
f 2617 2618 2622 2621
f 2618 2619 2623 2622
f 2619 2620 2624 2623
f 2620 2617 2621 2624
v -76.697 1.237 -186.447
v -59.435 1.237 -175.483
v -61.843 1.237 -171.693
v -79.105 1.237 -182.657
v -76.697 5.137 -186.447
v -59.435 5.137 -175.483
v -61.843 5.137 -171.693
v -79.105 5.137 -182.657
f 2632 2631 2630 2629
f 2625 2626 2630 2629
f 2626 2627 2631 2630
f 2627 2628 2632 2631
f 2628 2625 2629 2632
v -39.096 1.090 -208.407
v -34.639 1.090 -193.093
v -49.484 1.090 -188.773
v -53.941 1.090 -204.087
v -39.096 4.990 -208.407
v -34.639 4.990 -193.093
v -49.484 4.990 -188.773
v -53.941 4.990 -204.087
f 2640 2639 2638 2637
f 2633 2634 2638 2637
f 2634 2635 2639 2638
f 2635 2636 2640 2639
f 2636 2633 2637 2640
v -57.043 0.757 -206.494
v -48.061 0.757 -217.647
v -40.857 0.757 -211.846
v -49.839 0.757 -200.693
v -57.043 4.657 -206.494
v -48.061 4.657 -217.647
v -40.857 4.657 -211.846
v -49.839 4.657 -200.693
f 2648 2647 2646 2645
f 2641 2642 2646 2645
f 2642 2643 2647 2646
f 2643 2644 2648 2647
f 2644 2641 2645 2648
v -98.524 0.890 -195.907
v -89.315 0.890 -210.846
v -83.876 0.890 -207.493
v -93.085 0.890 -192.554
v -98.524 4.790 -195.907
v -89.315 4.790 -210.846
v -83.876 4.790 -207.493
v -93.085 4.790 -192.554
f 2656 2655 2654 2653
f 2649 2650 2654 2653
f 2650 2651 2655 2654
f 2651 2652 2656 2655
f 2652 2649 2653 2656
v -92.020 0.912 -198.575
v -82.781 0.912 -218.155
v -73.520 0.912 -213.785
v -82.759 0.912 -194.205
v -92.020 4.812 -198.575
v -82.781 4.812 -218.155
v -73.520 4.812 -213.785
v -82.759 4.812 -194.205
f 2664 2663 2662 2661
f 2657 2658 2662 2661
f 2658 2659 2663 2662
f 2659 2660 2664 2663
f 2660 2657 2661 2664
v -83.292 1.161 -205.747
v -70.767 1.161 -222.578
v -63.988 1.161 -217.533
v -76.513 1.161 -200.702
v -83.292 5.061 -205.747
v -70.767 5.061 -222.578
v -63.988 5.061 -217.533
v -76.513 5.061 -200.702
f 2672 2671 2670 2669
f 2665 2666 2670 2669
f 2666 2667 2671 2670
f 2667 2668 2672 2671
f 2668 2665 2669 2672
v -74.006 0.642 -215.441
v -64.859 0.642 -228.311
v -58.314 0.642 -223.659
v -67.461 0.642 -210.789
v -74.006 4.542 -215.441
v -64.859 4.542 -228.311
v -58.314 4.542 -223.659
v -67.461 4.542 -210.789
f 2680 2679 2678 2677
f 2673 2674 2678 2677
f 2674 2675 2679 2678
f 2675 2676 2680 2679
f 2676 2673 2677 2680
v -57.157 0.605 -222.569
v -43.580 0.605 -237.296
v -34.463 0.605 -228.891
v -48.040 0.605 -214.164
v -57.157 4.505 -222.569
v -43.580 4.505 -237.296
v -34.463 4.505 -228.891
v -48.040 4.505 -214.164
f 2688 2687 2686 2685
f 2681 2682 2686 2685
f 2682 2683 2687 2686
f 2683 2684 2688 2687
f 2684 2681 2685 2688
v -33.605 1.009 -223.564
v -30.247 1.009 -221.042
v -32.295 1.009 -218.316
v -35.653 1.009 -220.838
v -33.605 4.909 -223.564
v -30.247 4.909 -221.042
v -32.295 4.909 -218.316
v -35.653 4.909 -220.838
f 2696 2695 2694 2693
f 2689 2690 2694 2693
f 2690 2691 2695 2694
f 2691 2692 2696 2695
f 2692 2689 2693 2696
v -43.764 0.500 -234.269
v -36.194 0.500 -244.566
v -30.296 0.500 -240.231
v -37.866 0.500 -229.934
v -43.764 4.400 -234.269
v -36.194 4.400 -244.566
v -30.296 4.400 -240.231
v -37.866 4.400 -229.934
f 2704 2703 2702 2701
f 2697 2698 2702 2701
f 2698 2699 2703 2702
f 2699 2700 2704 2703
f 2700 2697 2701 2704
v -37.780 0.864 -237.061
v -21.973 0.864 -256.751
v -9.800 0.864 -246.979
v -25.607 0.864 -227.289
v -37.780 4.764 -237.061
v -21.973 4.764 -256.751
v -9.800 4.764 -246.979
v -25.607 4.764 -227.289
f 2712 2711 2710 2709
f 2705 2706 2710 2709
f 2706 2707 2711 2710
f 2707 2708 2712 2711
f 2708 2705 2709 2712
v -23.061 0.699 -236.076
v -7.107 0.699 -225.092
v -10.459 0.699 -220.224
v -26.413 0.699 -231.208
v -23.061 4.599 -236.076
v -7.107 4.599 -225.092
v -10.459 4.599 -220.224
v -26.413 4.599 -231.208
f 2720 2719 2718 2717
f 2713 2714 2718 2717
f 2714 2715 2719 2718
f 2715 2716 2720 2719
f 2716 2713 2717 2720
v -17.593 0.703 -230.698
v -3.498 0.703 -220.360
v -7.047 0.703 -215.522
v -21.142 0.703 -225.860
v -17.593 4.603 -230.698
v -3.498 4.603 -220.360
v -7.047 4.603 -215.522
v -21.142 4.603 -225.860
f 2728 2727 2726 2725
f 2721 2722 2726 2725
f 2722 2723 2727 2726
f 2723 2724 2728 2727
f 2724 2721 2725 2728
v -19.762 1.169 -205.774
v -15.605 1.169 -214.935
v -7.518 1.169 -211.266
v -11.675 1.169 -202.105
v -19.762 5.069 -205.774
v -15.605 5.069 -214.935
v -7.518 5.069 -211.266
v -11.675 5.069 -202.105
f 2736 2735 2734 2733
f 2729 2730 2734 2733
f 2730 2731 2735 2734
f 2731 2732 2736 2735
f 2732 2729 2733 2736
v 5.463 0.690 -243.002
v 28.438 0.690 -236.565
v 24.777 0.690 -223.498
v 1.802 0.690 -229.935
v 5.463 4.590 -243.002
v 28.438 4.590 -236.565
v 24.777 4.590 -223.498
v 1.802 4.590 -229.935
f 2744 2743 2742 2741
f 2737 2738 2742 2741
f 2738 2739 2743 2742
f 2739 2740 2744 2743
f 2740 2737 2741 2744
v -5.319 0.928 -269.337
v 13.189 0.928 -251.276
v 2.559 0.928 -240.383
v -15.949 0.928 -258.444
v -5.319 4.828 -269.337
v 13.189 4.828 -251.276
v 2.559 4.828 -240.383
v -15.949 4.828 -258.444
f 2752 2751 2750 2749
f 2745 2746 2750 2749
f 2746 2747 2751 2750
f 2747 2748 2752 2751
f 2748 2745 2749 2752
v 17.637 1.329 -217.091
v 36.169 1.329 -227.345
v 43.503 1.329 -214.089
v 24.971 1.329 -203.835
v 17.637 5.229 -217.091
v 36.169 5.229 -227.345
v 43.503 5.229 -214.089
v 24.971 5.229 -203.835
f 2760 2759 2758 2757
f 2753 2754 2758 2757
f 2754 2755 2759 2758
f 2755 2756 2760 2759
f 2756 2753 2757 2760
v 8.668 1.346 -202.200
v 16.557 1.346 -214.828
v 23.452 1.346 -210.520
v 15.563 1.346 -197.892
v 8.668 5.246 -202.200
v 16.557 5.246 -214.828
v 23.452 5.246 -210.520
v 15.563 5.246 -197.892
f 2768 2767 2766 2765
f 2761 2762 2766 2765
f 2762 2763 2767 2766
f 2763 2764 2768 2767
f 2764 2761 2765 2768
v 16.763 1.307 -211.626
v 19.604 1.307 -215.728
v 22.917 1.307 -213.434
v 20.076 1.307 -209.332
v 16.763 5.207 -211.626
v 19.604 5.207 -215.728
v 22.917 5.207 -213.434
v 20.076 5.207 -209.332
f 2776 2775 2774 2773
f 2769 2770 2774 2773
f 2770 2771 2775 2774
f 2771 2772 2776 2775
f 2772 2769 2773 2776
v -4.693 1.328 -199.094
v 3.195 1.328 -210.430
v 15.073 1.328 -202.166
v 7.185 1.328 -190.830
v -4.693 5.228 -199.094
v 3.195 5.228 -210.430
v 15.073 5.228 -202.166
v 7.185 5.228 -190.830
f 2784 2783 2782 2781
f 2777 2778 2782 2781
f 2778 2779 2783 2782
f 2779 2780 2784 2783
f 2780 2777 2781 2784
v -14.583 1.175 -188.753
v -7.752 1.175 -201.395
v 3.403 1.175 -195.367
v -3.428 1.175 -182.725
v -14.583 5.075 -188.753
v -7.752 5.075 -201.395
v 3.403 5.075 -195.367
v -3.428 5.075 -182.725
f 2792 2791 2790 2789
f 2785 2786 2790 2789
f 2786 2787 2791 2790
f 2787 2788 2792 2791
f 2788 2785 2789 2792
v 129.864 0.777 -247.910
v 137.611 0.777 -259.184
v 144.616 0.777 -254.370
v 136.869 0.777 -243.096
v 129.864 4.677 -247.910
v 137.611 4.677 -259.184
v 144.616 4.677 -254.370
v 136.869 4.677 -243.096
f 2800 2799 2798 2797
f 2793 2794 2798 2797
f 2794 2795 2799 2798
f 2795 2796 2800 2799
f 2796 2793 2797 2800
v 118.512 0.912 -238.631
v 123.536 0.912 -250.088
v 132.428 0.912 -246.189
v 127.404 0.912 -234.732
v 118.512 4.812 -238.631
v 123.536 4.812 -250.088
v 132.428 4.812 -246.189
v 127.404 4.812 -234.732
f 2808 2807 2806 2805
f 2801 2802 2806 2805
f 2802 2803 2807 2806
f 2803 2804 2808 2807
f 2804 2801 2805 2808
v 95.709 0.903 -228.036
v 112.486 0.903 -253.459
v 124.571 0.903 -245.484
v 107.794 0.903 -220.061
v 95.709 4.803 -228.036
v 112.486 4.803 -253.459
v 124.571 4.803 -245.484
v 107.794 4.803 -220.061
f 2816 2815 2814 2813
f 2809 2810 2814 2813
f 2810 2811 2815 2814
f 2811 2812 2816 2815
f 2812 2809 2813 2816
v 86.501 1.336 -222.580
v 99.942 1.336 -237.337
v 108.459 1.336 -229.580
v 95.018 1.336 -214.823
v 86.501 5.236 -222.580
v 99.942 5.236 -237.337
v 108.459 5.236 -229.580
v 95.018 5.236 -214.823
f 2824 2823 2822 2821
f 2817 2818 2822 2821
f 2818 2819 2823 2822
f 2819 2820 2824 2823
f 2820 2817 2821 2824
v 59.137 1.240 -210.345
v 72.384 1.240 -225.209
v 83.463 1.240 -215.335
v 70.216 1.240 -200.471
v 59.137 5.140 -210.345
v 72.384 5.140 -225.209
v 83.463 5.140 -215.335
v 70.216 5.140 -200.471
f 2832 2831 2830 2829
f 2825 2826 2830 2829
f 2826 2827 2831 2830
f 2827 2828 2832 2831
f 2828 2825 2829 2832
v 60.594 1.289 -233.246
v 72.170 1.289 -221.856
v 64.946 1.289 -214.514
v 53.370 1.289 -225.904
v 60.594 5.189 -233.246
v 72.170 5.189 -221.856
v 64.946 5.189 -214.514
v 53.370 5.189 -225.904
f 2840 2839 2838 2837
f 2833 2834 2838 2837
f 2834 2835 2839 2838
f 2835 2836 2840 2839
f 2836 2833 2837 2840
v 10.423 1.140 247.766
v 22.915 1.140 255.108
v 18.857 1.140 262.014
v 6.365 1.140 254.672
v 10.423 5.040 247.766
v 22.915 5.040 255.108
v 18.857 5.040 262.014
v 6.365 5.040 254.672
f 2848 2847 2846 2845
f 2841 2842 2846 2845
f 2842 2843 2847 2846
f 2843 2844 2848 2847
f 2844 2841 2845 2848
v 3.704 1.133 232.863
v 15.170 1.133 239.403
v 10.656 1.133 247.317
v -0.810 1.133 240.777
v 3.704 5.033 232.863
v 15.170 5.033 239.403
v 10.656 5.033 247.317
v -0.810 5.033 240.777
f 2856 2855 2854 2853
f 2849 2850 2854 2853
f 2850 2851 2855 2854
f 2851 2852 2856 2855
f 2852 2849 2853 2856
v -12.113 1.323 253.801
v -8.152 1.323 244.110
v 0.873 1.323 247.799
v -3.088 1.323 257.490
v -12.113 5.223 253.801
v -8.152 5.223 244.110
v 0.873 5.223 247.799
v -3.088 5.223 257.490
f 2864 2863 2862 2861
f 2857 2858 2862 2861
f 2858 2859 2863 2862
f 2859 2860 2864 2863
f 2860 2857 2861 2864
v -15.243 1.364 235.289
v -4.927 1.364 241.141
v -9.017 1.364 248.351
v -19.333 1.364 242.499
v -15.243 5.264 235.289
v -4.927 5.264 241.141
v -9.017 5.264 248.351
v -19.333 5.264 242.499
f 2872 2871 2870 2869
f 2865 2866 2870 2869
f 2866 2867 2871 2870
f 2867 2868 2872 2871
f 2868 2865 2869 2872
v 0.640 1.241 225.304
v 10.388 1.241 232.059
v 5.900 1.241 238.536
v -3.848 1.241 231.781
v 0.640 5.141 225.304
v 10.388 5.141 232.059
v 5.900 5.141 238.536
v -3.848 5.141 231.781
f 2880 2879 2878 2877
f 2873 2874 2878 2877
f 2874 2875 2879 2878
f 2875 2876 2880 2879
f 2876 2873 2877 2880
v -4.816 1.229 217.641
v 4.261 1.229 223.996
v -0.264 1.229 230.459
v -9.341 1.229 224.104
v -4.816 5.129 217.641
v 4.261 5.129 223.996
v -0.264 5.129 230.459
v -9.341 5.129 224.104
f 2888 2887 2886 2885
f 2881 2882 2886 2885
f 2882 2883 2887 2886
f 2883 2884 2888 2887
f 2884 2881 2885 2888
v -25.258 1.600 236.231
v -20.939 1.600 223.219
v -10.242 1.600 226.769
v -14.561 1.600 239.781
v -25.258 5.500 236.231
v -20.939 5.500 223.219
v -10.242 5.500 226.769
v -14.561 5.500 239.781
f 2896 2895 2894 2893
f 2889 2890 2894 2893
f 2890 2891 2895 2894
f 2891 2892 2896 2895
f 2892 2889 2893 2896
v -29.336 1.736 253.030
v -23.985 1.736 243.753
v -18.164 1.736 247.110
v -23.515 1.736 256.387
v -29.336 5.636 253.030
v -23.985 5.636 243.753
v -18.164 5.636 247.110
v -23.515 5.636 256.387
f 2904 2903 2902 2901
f 2897 2898 2902 2901
f 2898 2899 2903 2902
f 2899 2900 2904 2903
f 2900 2897 2901 2904
v -46.469 1.656 212.782
v -26.238 1.656 218.598
v -30.211 1.656 232.418
v -50.442 1.656 226.602
v -46.469 5.556 212.782
v -26.238 5.556 218.598
v -30.211 5.556 232.418
v -50.442 5.556 226.602
f 2912 2911 2910 2909
f 2905 2906 2910 2909
f 2906 2907 2911 2910
f 2907 2908 2912 2911
f 2908 2905 2909 2912
v -10.185 1.312 209.982
v -1.187 1.312 216.027
v -5.615 1.312 222.618
v -14.613 1.312 216.573
v -10.185 5.212 209.982
v -1.187 5.212 216.027
v -5.615 5.212 222.618
v -14.613 5.212 216.573
f 2920 2919 2918 2917
f 2913 2914 2918 2917
f 2914 2915 2919 2918
f 2915 2916 2920 2919
f 2916 2913 2917 2920
v -24.985 0.702 200.831
v -11.764 0.702 205.342
v -15.335 0.702 215.809
v -28.556 0.702 211.298
v -24.985 4.602 200.831
v -11.764 4.602 205.342
v -15.335 4.602 215.809
v -28.556 4.602 211.298
f 2928 2927 2926 2925
f 2921 2922 2926 2925
f 2922 2923 2927 2926
f 2923 2924 2928 2927
f 2924 2921 2925 2928
v -31.844 1.586 185.800
v -17.406 1.586 196.881
v -24.036 1.586 205.520
v -38.474 1.586 194.439
v -31.844 5.486 185.800
v -17.406 5.486 196.881
v -24.036 5.486 205.520
v -38.474 5.486 194.439
f 2936 2935 2934 2933
f 2929 2930 2934 2933
f 2930 2931 2935 2934
f 2931 2932 2936 2935
f 2932 2929 2933 2936
v -53.547 1.894 205.225
v -46.783 1.894 209.346
v -50.493 1.894 215.435
v -57.257 1.894 211.314
v -53.547 5.794 205.225
v -46.783 5.794 209.346
v -50.493 5.794 215.435
v -57.257 5.794 211.314
f 2944 2943 2942 2941
f 2937 2938 2942 2941
f 2938 2939 2943 2942
f 2939 2940 2944 2943
f 2940 2937 2941 2944
v -51.343 1.914 212.833
v -45.592 1.914 216.290
v -47.117 1.914 218.827
v -52.868 1.914 215.370
v -51.343 5.814 212.833
v -45.592 5.814 216.290
v -47.117 5.814 218.827
v -52.868 5.814 215.370
f 2952 2951 2950 2949
f 2945 2946 2950 2949
f 2946 2947 2951 2950
f 2947 2948 2952 2951
f 2948 2945 2949 2952
v -35.799 1.654 178.758
v -26.472 1.654 185.365
v -30.281 1.654 190.742
v -39.608 1.654 184.135
v -35.799 5.554 178.758
v -26.472 5.554 185.365
v -30.281 5.554 190.742
v -39.608 5.554 184.135
f 2960 2959 2958 2957
f 2953 2954 2958 2957
f 2954 2955 2959 2958
f 2955 2956 2960 2959
f 2956 2953 2957 2960
v -50.162 1.916 218.262
v -47.172 1.916 235.109
v -62.098 1.916 237.758
v -65.088 1.916 220.911
v -50.162 5.816 218.262
v -47.172 5.816 235.109
v -62.098 5.816 237.758
v -65.088 5.816 220.911
f 2968 2967 2966 2965
f 2961 2962 2966 2965
f 2962 2963 2967 2966
f 2963 2964 2968 2967
f 2964 2961 2965 2968
v -83.143 2.739 212.585
v -72.926 2.739 219.595
v -77.537 2.739 226.315
v -87.754 2.739 219.305
v -83.143 6.639 212.585
v -72.926 6.639 219.595
v -77.537 6.639 226.315
v -87.754 6.639 219.305
f 2976 2975 2974 2973
f 2969 2970 2974 2973
f 2970 2971 2975 2974
f 2971 2972 2976 2975
f 2972 2969 2973 2976
v -68.356 2.149 207.958
v -62.601 2.149 211.673
v -64.504 2.149 214.622
v -70.259 2.149 210.907
v -68.356 6.049 207.958
v -62.601 6.049 211.673
v -64.504 6.049 214.622
v -70.259 6.049 210.907
f 2984 2983 2982 2981
f 2977 2978 2982 2981
f 2978 2979 2983 2982
f 2979 2980 2984 2983
f 2980 2977 2981 2984
v -101.001 2.889 206.319
v -95.509 2.889 198.275
v -88.439 2.889 203.101
v -93.931 2.889 211.145
v -101.001 6.789 206.319
v -95.509 6.789 198.275
v -88.439 6.789 203.101
v -93.931 6.789 211.145
f 2992 2991 2990 2989
f 2985 2986 2990 2989
f 2986 2987 2991 2990
f 2987 2988 2992 2991
f 2988 2985 2989 2992
v -84.667 2.327 202.378
v -74.343 2.327 190.951
v -68.133 2.327 196.562
v -78.457 2.327 207.989
v -84.667 6.227 202.378
v -74.343 6.227 190.951
v -68.133 6.227 196.562
v -78.457 6.227 207.989
f 3000 2999 2998 2997
f 2993 2994 2998 2997
f 2994 2995 2999 2998
f 2995 2996 3000 2999
f 2996 2993 2997 3000
v -108.518 3.086 225.038
v -101.893 3.086 213.841
v -94.862 3.086 218.002
v -101.487 3.086 229.199
v -108.518 6.986 225.038
v -101.893 6.986 213.841
v -94.862 6.986 218.002
v -101.487 6.986 229.199
f 3008 3007 3006 3005
f 3001 3002 3006 3005
f 3002 3003 3007 3006
f 3003 3004 3008 3007
f 3004 3001 3005 3008
v -134.360 3.469 198.218
v -115.766 3.469 180.607
v -107.720 3.469 189.102
v -126.314 3.469 206.713
v -134.360 7.369 198.218
v -115.766 7.369 180.607
v -107.720 7.369 189.102
v -126.314 7.369 206.713
f 3016 3015 3014 3013
f 3009 3010 3014 3013
f 3010 3011 3015 3014
f 3011 3012 3016 3015
f 3012 3009 3013 3016
v -123.453 2.996 179.611
v -120.590 2.996 174.951
v -117.207 2.996 177.029
v -120.070 2.996 181.689
v -123.453 6.896 179.611
v -120.590 6.896 174.951
v -117.207 6.896 177.029
v -120.070 6.896 181.689
f 3024 3023 3022 3021
f 3017 3018 3022 3021
f 3018 3019 3023 3022
f 3019 3020 3024 3023
f 3020 3017 3021 3024
v -115.183 3.215 189.188
v -104.737 3.215 173.992
v -97.057 3.215 179.272
v -107.503 3.215 194.468
v -115.183 7.115 189.188
v -104.737 7.115 173.992
v -97.057 7.115 179.272
v -107.503 7.115 194.468
f 3032 3031 3030 3029
f 3025 3026 3030 3029
f 3026 3027 3031 3030
f 3027 3028 3032 3031
f 3028 3025 3029 3032
v -94.471 2.586 172.720
v -82.206 2.586 180.474
v -87.849 2.586 189.400
v -100.114 2.586 181.646
v -94.471 6.486 172.720
v -82.206 6.486 180.474
v -87.849 6.486 189.400
v -100.114 6.486 181.646
f 3040 3039 3038 3037
f 3033 3034 3038 3037
f 3034 3035 3039 3038
f 3035 3036 3040 3039
f 3036 3033 3037 3040
v -61.646 2.578 175.325
v -61.446 2.578 190.534
v -76.714 2.578 190.735
v -76.914 2.578 175.526
v -61.646 6.478 175.325
v -61.446 6.478 190.534
v -76.714 6.478 190.735
v -76.914 6.478 175.526
f 3048 3047 3046 3045
f 3041 3042 3046 3045
f 3042 3043 3047 3046
f 3043 3044 3048 3047
f 3044 3041 3045 3048
v -86.038 2.449 168.700
v -75.013 2.449 157.480
v -66.262 2.449 166.080
v -77.287 2.449 177.300
v -86.038 6.349 168.700
v -75.013 6.349 157.480
v -66.262 6.349 166.080
v -77.287 6.349 177.300
f 3056 3055 3054 3053
f 3049 3050 3054 3053
f 3050 3051 3055 3054
f 3051 3052 3056 3055
f 3052 3049 3053 3056
v -59.898 1.791 147.959
v -44.837 1.791 157.852
v -51.162 1.791 167.481
v -66.223 1.791 157.588
v -59.898 5.691 147.959
v -44.837 5.691 157.852
v -51.162 5.691 167.481
v -66.223 5.691 157.588
f 3064 3063 3062 3061
f 3057 3058 3062 3061
f 3058 3059 3063 3062
f 3059 3060 3064 3063
f 3060 3057 3061 3064
v -75.251 2.452 132.667
v -50.550 2.452 147.514
v -56.609 2.452 157.593
v -81.310 2.452 142.746
v -75.251 6.352 132.667
v -50.550 6.352 147.514
v -56.609 6.352 157.593
v -81.310 6.352 142.746
f 3072 3071 3070 3069
f 3065 3066 3070 3069
f 3066 3067 3071 3070
f 3067 3068 3072 3071
f 3068 3065 3069 3072
v -97.936 2.437 142.888
v -81.937 2.437 119.110
v -75.424 2.437 123.492
v -91.423 2.437 147.270
v -97.936 6.337 142.888
v -81.937 6.337 119.110
v -75.424 6.337 123.492
v -91.423 6.337 147.270
f 3080 3079 3078 3077
f 3073 3074 3078 3077
f 3074 3075 3079 3078
f 3075 3076 3080 3079
f 3076 3073 3077 3080
v -108.615 2.625 148.783
v -95.445 2.625 122.576
v -83.105 2.625 128.777
v -96.275 2.625 154.984
v -108.615 6.525 148.783
v -95.445 6.525 122.576
v -83.105 6.525 128.777
v -96.275 6.525 154.984
f 3088 3087 3086 3085
f 3081 3082 3086 3085
f 3082 3083 3087 3086
f 3083 3084 3088 3087
f 3084 3081 3085 3088
v -117.700 2.875 148.312
v -106.688 2.875 131.845
v -101.360 2.875 135.408
v -112.372 2.875 151.875
v -117.700 6.775 148.312
v -106.688 6.775 131.845
v -101.360 6.775 135.408
v -112.372 6.775 151.875
f 3096 3095 3094 3093
f 3089 3090 3094 3093
f 3090 3091 3095 3094
f 3091 3092 3096 3095
f 3092 3089 3093 3096
v -124.305 3.160 149.276
v -115.558 3.160 135.950
v -109.655 3.160 139.824
v -118.402 3.160 153.150
v -124.305 7.060 149.276
v -115.558 7.060 135.950
v -109.655 7.060 139.824
v -118.402 7.060 153.150
f 3104 3103 3102 3101
f 3097 3098 3102 3101
f 3098 3099 3103 3102
f 3099 3100 3104 3103
f 3100 3097 3101 3104
v -132.403 3.313 157.303
v -121.123 3.313 140.703
v -114.597 3.313 145.137
v -125.877 3.313 161.737
v -132.403 7.213 157.303
v -121.123 7.213 140.703
v -114.597 7.213 145.137
v -125.877 7.213 161.737
f 3112 3111 3110 3109
f 3105 3106 3110 3109
f 3106 3107 3111 3110
f 3107 3108 3112 3111
f 3108 3105 3109 3112
v -106.611 3.456 149.221
v -93.546 3.456 157.962
v -98.429 3.456 165.259
v -111.494 3.456 156.518
v -106.611 7.356 149.221
v -93.546 7.356 157.962
v -98.429 7.356 165.259
v -111.494 7.356 156.518
f 3120 3119 3118 3117
f 3113 3114 3118 3117
f 3114 3115 3119 3118
f 3115 3116 3120 3119
f 3116 3113 3117 3120
v -135.917 3.455 161.636
v -127.440 3.455 148.815
v -122.043 3.455 152.384
v -130.520 3.455 165.205
v -135.917 7.355 161.636
v -127.440 7.355 148.815
v -122.043 7.355 152.384
v -130.520 7.355 165.205
f 3128 3127 3126 3125
f 3121 3122 3126 3125
f 3122 3123 3127 3126
f 3123 3124 3128 3127
f 3124 3121 3125 3128
v -148.296 3.563 162.418
v -136.147 3.563 151.747
v -128.544 3.563 160.402
v -140.693 3.563 171.073
v -148.296 7.463 162.418
v -136.147 7.463 151.747
v -128.544 7.463 160.402
v -140.693 7.463 171.073
f 3136 3135 3134 3133
f 3129 3130 3134 3133
f 3130 3131 3135 3134
f 3131 3132 3136 3135
f 3132 3129 3133 3136
v -164.711 3.482 176.425
v -156.957 3.482 182.169
v -160.029 3.482 186.315
v -167.783 3.482 180.571
v -164.711 7.382 176.425
v -156.957 7.382 182.169
v -160.029 7.382 186.315
v -167.783 7.382 180.571
f 3144 3143 3142 3141
f 3137 3138 3142 3141
f 3138 3139 3143 3142
f 3139 3140 3144 3143
f 3140 3137 3141 3144
v -156.861 3.507 168.415
v -148.082 3.507 172.470
v -150.379 3.507 177.445
v -159.158 3.507 173.390
v -156.861 7.407 168.415
v -148.082 7.407 172.470
v -150.379 7.407 177.445
v -159.158 7.407 173.390
f 3152 3151 3150 3149
f 3145 3146 3150 3149
f 3146 3147 3151 3150
f 3147 3148 3152 3151
f 3148 3145 3149 3152
v -133.804 3.581 167.876
v -122.711 3.581 175.428
v -126.616 3.581 181.164
v -137.709 3.581 173.612
v -133.804 7.481 167.876
v -122.711 7.481 175.428
v -126.616 7.481 181.164
v -137.709 7.481 173.612
f 3160 3159 3158 3157
f 3153 3154 3158 3157
f 3154 3155 3159 3158
f 3155 3156 3160 3159
f 3156 3153 3157 3160
v -138.694 3.039 120.725
v -130.844 3.039 109.061
v -124.166 3.039 113.555
v -132.016 3.039 125.219
v -138.694 6.939 120.725
v -130.844 6.939 109.061
v -124.166 6.939 113.555
v -132.016 6.939 125.219
f 3168 3167 3166 3165
f 3161 3162 3166 3165
f 3162 3163 3167 3166
f 3163 3164 3168 3167
f 3164 3161 3165 3168
v -146.630 2.822 96.681
v -132.391 2.822 100.415
v -135.150 2.822 110.939
v -149.389 2.822 107.205
v -146.630 6.722 96.681
v -132.391 6.722 100.415
v -135.150 6.722 110.939
v -149.389 6.722 107.205
f 3176 3175 3174 3173
f 3169 3170 3174 3173
f 3170 3171 3175 3174
f 3171 3172 3176 3175
f 3172 3169 3173 3176
v -135.327 2.894 112.220
v -123.361 2.894 94.975
v -117.733 2.894 98.880
v -129.699 2.894 116.125
v -135.327 6.794 112.220
v -123.361 6.794 94.975
v -117.733 6.794 98.880
v -129.699 6.794 116.125
f 3184 3183 3182 3181
f 3177 3178 3182 3181
f 3178 3179 3183 3182
f 3179 3180 3184 3183
f 3180 3177 3181 3184
v -126.845 2.771 109.523
v -115.011 2.771 92.259
v -109.295 2.771 96.177
v -121.129 2.771 113.441
v -126.845 6.671 109.523
v -115.011 6.671 92.259
v -109.295 6.671 96.177
v -121.129 6.671 113.441
f 3192 3191 3190 3189
f 3185 3186 3190 3189
f 3186 3187 3191 3190
f 3187 3188 3192 3191
f 3188 3185 3189 3192
v -107.640 2.923 83.639
v -86.189 2.923 98.385
v -92.800 2.923 108.001
v -114.251 2.923 93.255
v -107.640 6.823 83.639
v -86.189 6.823 98.385
v -92.800 6.823 108.001
v -114.251 6.823 93.255
f 3200 3199 3198 3197
f 3193 3194 3198 3197
f 3194 3195 3199 3198
f 3195 3196 3200 3199
f 3196 3193 3197 3200
v -112.381 2.875 72.087
v -94.346 2.875 86.133
v -100.779 2.875 94.393
v -118.814 2.875 80.347
v -112.381 6.775 72.087
v -94.346 6.775 86.133
v -100.779 6.775 94.393
v -118.814 6.775 80.347
f 3208 3207 3206 3205
f 3201 3202 3206 3205
f 3202 3203 3207 3206
f 3203 3204 3208 3207
f 3204 3201 3205 3208
v -122.460 2.552 61.919
v -100.437 2.552 72.609
v -106.520 2.552 85.141
v -128.543 2.552 74.451
v -122.460 6.452 61.919
v -100.437 6.452 72.609
v -106.520 6.452 85.141
v -128.543 6.452 74.451
f 3216 3215 3214 3213
f 3209 3210 3214 3213
f 3210 3211 3215 3214
f 3211 3212 3216 3215
f 3212 3209 3213 3216
v -123.334 2.588 52.346
v -108.845 2.588 61.706
v -114.006 2.588 69.694
v -128.495 2.588 60.334
v -123.334 6.488 52.346
v -108.845 6.488 61.706
v -114.006 6.488 69.694
v -128.495 6.488 60.334
f 3224 3223 3222 3221
f 3217 3218 3222 3221
f 3218 3219 3223 3222
f 3219 3220 3224 3223
f 3220 3217 3221 3224
v -126.642 2.711 44.678
v -114.872 2.711 52.567
v -118.998 2.711 58.722
v -130.768 2.711 50.833
v -126.642 6.611 44.678
v -114.872 6.611 52.567
v -118.998 6.611 58.722
v -130.768 6.611 50.833
f 3232 3231 3230 3229
f 3225 3226 3230 3229
f 3226 3227 3231 3230
f 3227 3228 3232 3231
f 3228 3225 3229 3232
v -143.412 2.852 38.777
v -120.168 2.852 53.473
v -123.588 2.852 58.883
v -146.832 2.852 44.187
v -143.412 6.752 38.777
v -120.168 6.752 53.473
v -123.588 6.752 58.883
v -146.832 6.752 44.187
f 3240 3239 3238 3237
f 3233 3234 3238 3237
f 3234 3235 3239 3238
f 3235 3236 3240 3239
f 3236 3233 3237 3240
v -138.674 2.701 27.533
v -123.873 2.701 37.617
v -130.066 2.701 46.707
v -144.867 2.701 36.623
v -138.674 6.601 27.533
v -123.873 6.601 37.617
v -130.066 6.601 46.707
v -144.867 6.601 36.623
f 3248 3247 3246 3245
f 3241 3242 3246 3245
f 3242 3243 3247 3246
f 3243 3244 3248 3247
f 3244 3241 3245 3248
v -152.518 2.978 38.495
v -143.689 2.978 44.028
v -146.482 2.978 48.485
v -155.311 2.978 42.952
v -152.518 6.878 38.495
v -143.689 6.878 44.028
v -146.482 6.878 48.485
v -155.311 6.878 42.952
f 3256 3255 3254 3253
f 3249 3250 3254 3253
f 3250 3251 3255 3254
f 3251 3252 3256 3255
f 3252 3249 3253 3256
v -149.200 3.239 15.179
v -134.195 3.239 19.025
v -137.480 3.239 31.841
v -152.485 3.239 27.995
v -149.200 7.139 15.179
v -134.195 7.139 19.025
v -137.480 7.139 31.841
v -152.485 7.139 27.995
f 3264 3263 3262 3261
f 3257 3258 3262 3261
f 3258 3259 3263 3262
f 3259 3260 3264 3263
f 3260 3257 3261 3264
v -155.078 2.429 1.081
v -142.505 2.429 10.911
v -150.142 2.429 20.679
v -162.715 2.429 10.849
v -155.078 6.329 1.081
v -142.505 6.329 10.911
v -150.142 6.329 20.679
v -162.715 6.329 10.849
f 3272 3271 3270 3269
f 3265 3266 3270 3269
f 3266 3267 3271 3270
f 3267 3268 3272 3271
f 3268 3265 3269 3272
v -158.966 2.636 18.328
v -152.992 2.636 37.330
v -168.074 2.636 42.072
v -174.048 2.636 23.070
v -158.966 6.536 18.328
v -152.992 6.536 37.330
v -168.074 6.536 42.072
v -174.048 6.536 23.070
f 3280 3279 3278 3277
f 3273 3274 3278 3277
f 3274 3275 3279 3278
f 3275 3276 3280 3279
f 3276 3273 3277 3280
v -172.057 3.082 9.795
v -161.394 3.082 16.470
v -166.323 3.082 24.345
v -176.986 3.082 17.670
v -172.057 6.982 9.795
v -161.394 6.982 16.470
v -166.323 6.982 24.345
v -176.986 6.982 17.670
f 3288 3287 3286 3285
f 3281 3282 3286 3285
f 3282 3283 3287 3286
f 3283 3284 3288 3287
f 3284 3281 3285 3288
v -189.827 2.548 9.679
v -182.446 2.548 -4.325
v -175.113 2.548 -0.459
v -182.494 2.548 13.545
v -189.827 6.448 9.679
v -182.446 6.448 -4.325
v -175.113 6.448 -0.459
v -182.494 6.448 13.545
f 3296 3295 3294 3293
f 3289 3290 3294 3293
f 3290 3291 3295 3294
f 3291 3292 3296 3295
f 3292 3289 3293 3296
v -182.256 2.368 6.802
v -172.640 2.368 -7.951
v -168.024 2.368 -4.942
v -177.640 2.368 9.811
v -182.256 6.268 6.802
v -172.640 6.268 -7.951
v -168.024 6.268 -4.942
v -177.640 6.268 9.811
f 3304 3303 3302 3301
f 3297 3298 3302 3301
f 3298 3299 3303 3302
f 3299 3300 3304 3303
f 3300 3297 3301 3304
v -170.839 2.442 -0.899
v -166.484 2.442 -19.517
v -154.021 2.442 -16.601
v -158.376 2.442 2.017
v -170.839 6.342 -0.899
v -166.484 6.342 -19.517
v -154.021 6.342 -16.601
v -158.376 6.342 2.017
f 3312 3311 3310 3309
f 3305 3306 3310 3309
f 3306 3307 3311 3310
f 3307 3308 3312 3311
f 3308 3305 3309 3312
v -155.002 2.513 -10.270
v -145.327 2.513 -0.869
v -151.738 2.513 5.730
v -161.413 2.513 -3.671
v -155.002 6.413 -10.270
v -145.327 6.413 -0.869
v -151.738 6.413 5.730
v -161.413 6.413 -3.671
f 3320 3319 3318 3317
f 3313 3314 3318 3317
f 3314 3315 3319 3318
f 3315 3316 3320 3319
f 3316 3313 3317 3320
v -188.398 3.048 32.071
v -174.011 3.048 42.432
v -179.942 3.048 50.669
v -194.329 3.048 40.308
v -188.398 6.948 32.071
v -174.011 6.948 42.432
v -179.942 6.948 50.669
v -194.329 6.948 40.308
f 3328 3327 3326 3325
f 3321 3322 3326 3325
f 3322 3323 3327 3326
f 3323 3324 3328 3327
f 3324 3321 3325 3328
v -151.504 3.142 81.496
v -134.150 3.142 93.322
v -138.036 3.142 99.024
v -155.390 3.142 87.198
v -151.504 7.042 81.496
v -134.150 7.042 93.322
v -138.036 7.042 99.024
v -155.390 7.042 87.198
f 3336 3335 3334 3333
f 3329 3330 3334 3333
f 3330 3331 3335 3334
f 3331 3332 3336 3335
f 3332 3329 3333 3336
v -156.295 3.248 74.225
v -141.588 3.248 82.053
v -146.465 3.248 91.215
v -161.172 3.248 83.387
v -156.295 7.148 74.225
v -141.588 7.148 82.053
v -146.465 7.148 91.215
v -161.172 7.148 83.387
f 3344 3343 3342 3341
f 3337 3338 3342 3341
f 3338 3339 3343 3342
f 3339 3340 3344 3343
f 3340 3337 3341 3344
v -159.648 3.179 55.150
v -139.358 3.179 72.055
v -147.052 3.179 81.290
v -167.342 3.179 64.385
v -159.648 7.079 55.150
v -139.358 7.079 72.055
v -147.052 7.079 81.290
v -167.342 7.079 64.385
f 3352 3351 3350 3349
f 3345 3346 3350 3349
f 3346 3347 3351 3350
f 3347 3348 3352 3351
f 3348 3345 3349 3352
v -162.798 2.948 54.848
v -156.820 2.948 45.365
v -151.322 2.948 48.832
v -157.300 2.948 58.315
v -162.798 6.848 54.848
v -156.820 6.848 45.365
v -151.322 6.848 48.832
v -157.300 6.848 58.315
f 3360 3359 3358 3357
f 3353 3354 3358 3357
f 3354 3355 3359 3358
f 3355 3356 3360 3359
f 3356 3353 3357 3360
v -172.670 3.002 57.627
v -166.028 3.002 46.323
v -159.510 3.002 50.153
v -166.152 3.002 61.457
v -172.670 6.902 57.627
v -166.028 6.902 46.323
v -159.510 6.902 50.153
v -166.152 6.902 61.457
f 3368 3367 3366 3365
f 3361 3362 3366 3365
f 3362 3363 3367 3366
f 3363 3364 3368 3367
f 3364 3361 3365 3368
v -183.958 3.205 63.513
v -176.065 3.205 50.792
v -166.242 3.205 56.887
v -174.135 3.205 69.608
v -183.958 7.105 63.513
v -176.065 7.105 50.792
v -166.242 7.105 56.887
v -174.135 7.105 69.608
f 3376 3375 3374 3373
f 3369 3370 3374 3373
f 3370 3371 3375 3374
f 3371 3372 3376 3375
f 3372 3369 3373 3376
v -192.160 3.558 61.952
v -177.162 3.558 72.120
v -182.280 3.558 79.668
v -197.278 3.558 69.500
v -192.160 7.458 61.952
v -177.162 7.458 72.120
v -182.280 7.458 79.668
v -197.278 7.458 69.500
f 3384 3383 3382 3381
f 3377 3378 3382 3381
f 3378 3379 3383 3382
f 3379 3380 3384 3383
f 3380 3377 3381 3384
v -187.334 3.513 73.112
v -169.565 3.513 85.393
v -176.086 3.513 94.828
v -193.855 3.513 82.547
v -187.334 7.413 73.112
v -169.565 7.413 85.393
v -176.086 7.413 94.828
v -193.855 7.413 82.547
f 3392 3391 3390 3389
f 3385 3386 3390 3389
f 3386 3387 3391 3390
f 3387 3388 3392 3391
f 3388 3385 3389 3392
v -206.186 2.912 84.092
v -200.525 2.912 75.655
v -196.274 2.912 78.508
v -201.935 2.912 86.945
v -206.186 6.812 84.092
v -200.525 6.812 75.655
v -196.274 6.812 78.508
v -201.935 6.812 86.945
f 3400 3399 3398 3397
f 3393 3394 3398 3397
f 3394 3395 3399 3398
f 3395 3396 3400 3399
f 3396 3393 3397 3400
v -180.867 3.428 83.975
v -160.219 3.428 97.291
v -167.373 3.428 108.385
v -188.021 3.428 95.069
v -180.867 7.328 83.975
v -160.219 7.328 97.291
v -167.373 7.328 108.385
v -188.021 7.328 95.069
f 3408 3407 3406 3405
f 3401 3402 3406 3405
f 3402 3403 3407 3406
f 3403 3404 3408 3407
f 3404 3401 3405 3408
v -167.156 3.465 96.268
v -154.364 3.465 104.968
v -158.964 3.465 111.732
v -171.756 3.465 103.032
v -167.156 7.365 96.268
v -154.364 7.365 104.968
v -158.964 7.365 111.732
v -171.756 7.365 103.032
f 3416 3415 3414 3413
f 3409 3410 3414 3413
f 3410 3411 3415 3414
f 3411 3412 3416 3415
f 3412 3409 3413 3416
v -159.255 3.414 124.302
v -143.211 3.414 114.200
v -135.165 3.414 126.978
v -151.209 3.414 137.080
v -159.255 7.314 124.302
v -143.211 7.314 114.200
v -135.165 7.314 126.978
v -151.209 7.314 137.080
f 3424 3423 3422 3421
f 3417 3418 3422 3421
f 3418 3419 3423 3422
f 3419 3420 3424 3423
f 3420 3417 3421 3424
v -172.359 3.603 134.225
v -160.970 3.603 119.218
v -149.141 3.603 128.195
v -160.530 3.603 143.202
v -172.359 7.503 134.225
v -160.970 7.503 119.218
v -149.141 7.503 128.195
v -160.530 7.503 143.202
f 3432 3431 3430 3429
f 3425 3426 3430 3429
f 3426 3427 3431 3430
f 3427 3428 3432 3431
f 3428 3425 3429 3432
v -173.884 3.498 145.749
v -168.366 3.498 134.432
v -161.436 3.498 137.811
v -166.954 3.498 149.128
v -173.884 7.398 145.749
v -168.366 7.398 134.432
v -161.436 7.398 137.811
v -166.954 7.398 149.128
f 3440 3439 3438 3437
f 3433 3434 3438 3437
f 3434 3435 3439 3438
f 3435 3436 3440 3439
f 3436 3433 3437 3440
v -180.315 3.211 138.776
v -169.183 3.211 156.583
v -180.765 3.211 163.824
v -191.897 3.211 146.017
v -180.315 7.111 138.776
v -169.183 7.111 156.583
v -180.765 7.111 163.824
v -191.897 7.111 146.017
f 3448 3447 3446 3445
f 3441 3442 3446 3445
f 3442 3443 3447 3446
f 3443 3444 3448 3447
f 3444 3441 3445 3448
v -190.351 2.930 140.303
v -185.053 2.930 131.952
v -179.969 2.930 135.177
v -185.267 2.930 143.528
v -190.351 6.830 140.303
v -185.053 6.830 131.952
v -179.969 6.830 135.177
v -185.267 6.830 143.528
f 3456 3455 3454 3453
f 3449 3450 3454 3453
f 3450 3451 3455 3454
f 3451 3452 3456 3455
f 3452 3449 3453 3456
v -200.658 3.222 122.414
v -185.328 3.222 132.149
v -189.022 3.222 137.966
v -204.352 3.222 128.231
v -200.658 7.122 122.414
v -185.328 7.122 132.149
v -189.022 7.122 137.966
v -204.352 7.122 128.231
f 3464 3463 3462 3461
f 3457 3458 3462 3461
f 3458 3459 3463 3462
f 3459 3460 3464 3463
f 3460 3457 3461 3464
v -202.941 3.258 119.106
v -191.903 3.258 126.308
v -194.739 3.258 130.654
v -205.777 3.258 123.452
v -202.941 7.158 119.106
v -191.903 7.158 126.308
v -194.739 7.158 130.654
v -205.777 7.158 123.452
f 3472 3471 3470 3469
f 3465 3466 3470 3469
f 3466 3467 3471 3470
f 3467 3468 3472 3471
f 3468 3465 3469 3472
v -206.334 3.190 111.112
v -196.561 3.190 118.564
v -202.146 3.190 125.888
v -211.919 3.190 118.436
v -206.334 7.090 111.112
v -196.561 7.090 118.564
v -202.146 7.090 125.888
v -211.919 7.090 118.436
f 3480 3479 3478 3477
f 3473 3474 3478 3477
f 3474 3475 3479 3478
f 3475 3476 3480 3479
f 3476 3473 3477 3480
v -216.546 3.283 93.049
v -198.487 3.283 105.650
v -203.414 3.283 112.711
v -221.473 3.283 100.110
v -216.546 7.183 93.049
v -198.487 7.183 105.650
v -203.414 7.183 112.711
v -221.473 7.183 100.110
f 3488 3487 3486 3485
f 3481 3482 3486 3485
f 3482 3483 3487 3486
f 3483 3484 3488 3487
f 3484 3481 3485 3488
v -221.350 3.282 80.768
v -205.159 3.282 92.320
v -212.430 3.282 102.512
v -228.621 3.282 90.960
v -221.350 7.182 80.768
v -205.159 7.182 92.320
v -212.430 7.182 102.512
v -228.621 7.182 90.960
f 3496 3495 3494 3493
f 3489 3490 3494 3493
f 3490 3491 3495 3494
f 3491 3492 3496 3495
f 3492 3489 3493 3496
v -258.655 2.255 132.431
v -254.008 2.255 101.235
v -228.945 2.255 104.969
v -233.592 2.255 136.165
v -258.655 6.155 132.431
v -254.008 6.155 101.235
v -228.945 6.155 104.969
v -233.592 6.155 136.165
f 3504 3503 3502 3501
f 3497 3498 3502 3501
f 3498 3499 3503 3502
f 3499 3500 3504 3503
f 3500 3497 3501 3504
v -226.836 2.872 129.715
v -221.515 2.872 144.709
v -234.464 2.872 149.305
v -239.785 2.872 134.311
v -226.836 6.772 129.715
v -221.515 6.772 144.709
v -234.464 6.772 149.305
v -239.785 6.772 134.311
f 3512 3511 3510 3509
f 3505 3506 3510 3509
f 3506 3507 3511 3510
f 3507 3508 3512 3511
f 3508 3505 3509 3512
v -233.113 2.824 139.999
v -216.966 2.824 150.681
v -221.187 2.824 157.061
v -237.334 2.824 146.379
v -233.113 6.724 139.999
v -216.966 6.724 150.681
v -221.187 6.724 157.061
v -237.334 6.724 146.379
f 3520 3519 3518 3517
f 3513 3514 3518 3517
f 3514 3515 3519 3518
f 3515 3516 3520 3519
f 3516 3513 3517 3520
v -227.789 3.406 169.543
v -210.751 3.406 147.147
v -199.171 3.406 155.957
v -216.209 3.406 178.353
v -227.789 7.306 169.543
v -210.751 7.306 147.147
v -199.171 7.306 155.957
v -216.209 7.306 178.353
f 3528 3527 3526 3525
f 3521 3522 3526 3525
f 3522 3523 3527 3526
f 3523 3524 3528 3527
f 3524 3521 3525 3528
v -234.308 3.021 181.640
v -224.719 3.021 166.383
v -218.072 3.021 170.560
v -227.661 3.021 185.817
v -234.308 6.921 181.640
v -224.719 6.921 166.383
v -218.072 6.921 170.560
v -227.661 6.921 185.817
f 3536 3535 3534 3533
f 3529 3530 3534 3533
f 3530 3531 3535 3534
f 3531 3532 3536 3535
f 3532 3529 3533 3536
v -243.922 2.877 187.096
v -234.596 2.877 173.606
v -227.078 2.877 178.804
v -236.404 2.877 192.294
v -243.922 6.777 187.096
v -234.596 6.777 173.606
v -227.078 6.777 178.804
v -236.404 6.777 192.294
f 3544 3543 3542 3541
f 3537 3538 3542 3541
f 3538 3539 3543 3542
f 3539 3540 3544 3543
f 3540 3537 3541 3544
v -255.082 3.057 195.159
v -243.087 3.057 176.765
v -237.818 3.057 180.201
v -249.813 3.057 198.595
v -255.082 6.957 195.159
v -243.087 6.957 176.765
v -237.818 6.957 180.201
v -249.813 6.957 198.595
f 3552 3551 3550 3549
f 3545 3546 3550 3549
f 3546 3547 3551 3550
f 3547 3548 3552 3551
f 3548 3545 3549 3552
v -262.438 3.205 199.860
v -249.704 3.205 180.900
v -244.582 3.205 184.340
v -257.316 3.205 203.300
v -262.438 7.105 199.860
v -249.704 7.105 180.900
v -244.582 7.105 184.340
v -257.316 7.105 203.300
f 3560 3559 3558 3557
f 3553 3554 3558 3557
f 3554 3555 3559 3558
f 3555 3556 3560 3559
f 3556 3553 3557 3560
v 245.294 1.448 -201.000
v 267.635 1.448 -198.594
v 266.026 1.448 -183.660
v 243.685 1.448 -186.066
v 245.294 5.348 -201.000
v 267.635 5.348 -198.594
v 266.026 5.348 -183.660
v 243.685 5.348 -186.066
f 3568 3567 3566 3565
f 3561 3562 3566 3565
f 3562 3563 3567 3566
f 3563 3564 3568 3567
f 3564 3561 3565 3568
v 239.534 1.199 -213.723
v 253.562 1.199 -205.441
v 248.966 1.199 -197.657
v 234.938 1.199 -205.939
v 239.534 5.099 -213.723
v 253.562 5.099 -205.441
v 248.966 5.099 -197.657
v 234.938 5.099 -205.939
f 3576 3575 3574 3573
f 3569 3570 3574 3573
f 3570 3571 3575 3574
f 3571 3572 3576 3575
f 3572 3569 3573 3576
v 223.517 1.298 -242.368
v 241.034 1.298 -236.326
v 235.683 1.298 -220.812
v 218.166 1.298 -226.854
v 223.517 5.198 -242.368
v 241.034 5.198 -236.326
v 235.683 5.198 -220.812
v 218.166 5.198 -226.854
f 3584 3583 3582 3581
f 3577 3578 3582 3581
f 3578 3579 3583 3582
f 3579 3580 3584 3583
f 3580 3577 3581 3584
v 240.531 1.484 -239.069
v 248.716 1.484 -251.087
v 255.229 1.484 -246.651
v 247.044 1.484 -234.633
v 240.531 5.384 -239.069
v 248.716 5.384 -251.087
v 255.229 5.384 -246.651
v 247.044 5.384 -234.633
f 3592 3591 3590 3589
f 3585 3586 3590 3589
f 3586 3587 3591 3590
f 3587 3588 3592 3591
f 3588 3585 3589 3592
v 214.837 1.079 -254.929
v 225.753 1.079 -241.962
v 214.883 1.079 -232.811
v 203.967 1.079 -245.778
v 214.837 4.979 -254.929
v 225.753 4.979 -241.962
v 214.883 4.979 -232.811
v 203.967 4.979 -245.778
f 3600 3599 3598 3597
f 3593 3594 3598 3597
f 3594 3595 3599 3598
f 3595 3596 3600 3599
f 3596 3593 3597 3600
v 223.377 1.184 -247.716
v 227.223 1.184 -253.055
v 232.123 1.184 -249.524
v 228.277 1.184 -244.185
v 223.377 5.084 -247.716
v 227.223 5.084 -253.055
v 232.123 5.084 -249.524
v 228.277 5.084 -244.185
f 3608 3607 3606 3605
f 3601 3602 3606 3605
f 3602 3603 3607 3606
f 3603 3604 3608 3607
f 3604 3601 3605 3608
v 64.593 0.815 -247.029
v 70.460 0.815 -243.192
v 67.647 0.815 -238.891
v 61.780 0.815 -242.728
v 64.593 4.715 -247.029
v 70.460 4.715 -243.192
v 67.647 4.715 -238.891
v 61.780 4.715 -242.728
f 3616 3615 3614 3613
f 3609 3610 3614 3613
f 3610 3611 3615 3614
f 3611 3612 3616 3615
f 3612 3609 3613 3616
v 70.629 1.075 -249.695
v 78.770 1.075 -260.577
v 89.291 1.075 -252.705
v 81.150 1.075 -241.823
v 70.629 4.975 -249.695
v 78.770 4.975 -260.577
v 89.291 4.975 -252.705
v 81.150 4.975 -241.823
f 3624 3623 3622 3621
f 3617 3618 3622 3621
f 3618 3619 3623 3622
f 3619 3620 3624 3623
f 3620 3617 3621 3624
v -120.228 0.843 -181.858
v -107.732 0.843 -203.013
v -100.672 0.843 -198.842
v -113.168 0.843 -177.687
v -120.228 7.643 -181.858
v -107.732 7.643 -203.013
v -100.672 7.643 -198.842
v -113.168 7.643 -177.687
f 3632 3631 3630 3629
f 3625 3626 3630 3629
f 3626 3627 3631 3630
f 3627 3628 3632 3631
f 3628 3625 3629 3632
v -126.184 0.859 -184.492
v -118.266 0.859 -195.977
v -111.696 0.859 -191.448
v -119.614 0.859 -179.963
v -126.184 4.759 -184.492
v -118.266 4.759 -195.977
v -111.696 4.759 -191.448
v -119.614 4.759 -179.963
f 3640 3639 3638 3637
f 3633 3634 3638 3637
f 3634 3635 3639 3638
f 3635 3636 3640 3639
f 3636 3633 3637 3640
v -131.475 0.952 -176.879
v -122.363 0.952 -189.872
v -117.385 0.952 -186.381
v -126.497 0.952 -173.388
v -131.475 4.852 -176.879
v -122.363 4.852 -189.872
v -117.385 4.852 -186.381
v -126.497 4.852 -173.388
f 3648 3647 3646 3645
f 3641 3642 3646 3645
f 3642 3643 3647 3646
f 3643 3644 3648 3647
f 3644 3641 3645 3648
v -138.615 0.997 -172.780
v -131.084 0.997 -186.225
v -124.505 0.997 -182.540
v -132.036 0.997 -169.095
v -138.615 4.897 -172.780
v -131.084 4.897 -186.225
v -124.505 4.897 -182.540
v -132.036 4.897 -169.095
f 3656 3655 3654 3653
f 3649 3650 3654 3653
f 3650 3651 3655 3654
f 3651 3652 3656 3655
f 3652 3649 3653 3656
v -106.472 1.195 -175.686
v -94.081 1.195 -166.780
v -99.188 1.195 -159.674
v -111.579 1.195 -168.580
v -106.472 5.095 -175.686
v -94.081 5.095 -166.780
v -99.188 5.095 -159.674
v -111.579 5.095 -168.580
f 3664 3663 3662 3661
f 3657 3658 3662 3661
f 3658 3659 3663 3662
f 3659 3660 3664 3663
f 3660 3657 3661 3664
v -97.534 1.394 -154.511
v -91.914 1.394 -162.758
v -85.386 1.394 -158.309
v -91.006 1.394 -150.062
v -97.534 5.294 -154.511
v -91.914 5.294 -162.758
v -85.386 5.294 -158.309
v -91.006 5.294 -150.062
f 3672 3671 3670 3669
f 3665 3666 3670 3669
f 3666 3667 3671 3670
f 3667 3668 3672 3671
f 3668 3665 3669 3672
v -146.052 1.183 -166.886
v -137.048 1.183 -180.269
v -130.128 1.183 -175.614
v -139.132 1.183 -162.231
v -146.052 5.083 -166.886
v -137.048 5.083 -180.269
v -130.128 5.083 -175.614
v -139.132 5.083 -162.231
f 3680 3679 3678 3677
f 3673 3674 3678 3677
f 3674 3675 3679 3678
f 3675 3676 3680 3679
f 3676 3673 3677 3680
v -163.025 1.472 -155.887
v -153.706 1.472 -170.201
v -143.155 1.472 -163.333
v -152.474 1.472 -149.019
v -163.025 5.372 -155.887
v -153.706 5.372 -170.201
v -143.155 5.372 -163.333
v -152.474 5.372 -149.019
f 3688 3687 3686 3685
f 3681 3682 3686 3685
f 3682 3683 3687 3686
f 3683 3684 3688 3687
f 3684 3681 3685 3688
v -178.526 1.222 -151.129
v -166.989 1.222 -162.856
v -158.934 1.222 -154.931
v -170.471 1.222 -143.204
v -178.526 5.122 -151.129
v -166.989 5.122 -162.856
v -158.934 5.122 -154.931
v -170.471 5.122 -143.204
f 3696 3695 3694 3693
f 3689 3690 3694 3693
f 3690 3691 3695 3694
f 3691 3692 3696 3695
f 3692 3689 3693 3696
v -183.233 1.441 -155.951
v -170.029 1.441 -147.384
v -177.447 1.441 -135.949
v -190.651 1.441 -144.516
v -183.233 5.341 -155.951
v -170.029 5.341 -147.384
v -177.447 5.341 -135.949
v -190.651 5.341 -144.516
f 3704 3703 3702 3701
f 3697 3698 3702 3701
f 3698 3699 3703 3702
f 3699 3700 3704 3703
f 3700 3697 3701 3704
v -194.732 1.674 -148.187
v -186.970 1.674 -143.210
v -191.688 1.674 -135.853
v -199.450 1.674 -140.830
v -194.732 5.574 -148.187
v -186.970 5.574 -143.210
v -191.688 5.574 -135.853
v -199.450 5.574 -140.830
f 3712 3711 3710 3709
f 3705 3706 3710 3709
f 3706 3707 3711 3710
f 3707 3708 3712 3711
f 3708 3705 3709 3712
v -213.752 2.090 -142.172
v -192.517 2.090 -135.167
v -197.688 2.090 -119.488
v -218.923 2.090 -126.493
v -213.752 5.990 -142.172
v -192.517 5.990 -135.167
v -197.688 5.990 -119.488
v -218.923 5.990 -126.493
f 3720 3719 3718 3717
f 3713 3714 3718 3717
f 3714 3715 3719 3718
f 3715 3716 3720 3719
f 3716 3713 3717 3720
v -202.036 1.980 -131.184
v -185.482 1.980 -120.285
v -190.124 1.980 -113.236
v -206.678 1.980 -124.135
v -202.036 5.880 -131.184
v -185.482 5.880 -120.285
v -190.124 5.880 -113.236
v -206.678 5.880 -124.135
f 3728 3727 3726 3725
f 3721 3722 3726 3725
f 3722 3723 3727 3726
f 3723 3724 3728 3727
f 3724 3721 3725 3728
v -194.553 2.045 -115.341
v -184.627 2.045 -108.831
v -189.607 2.045 -101.239
v -199.533 2.045 -107.749
v -194.553 5.945 -115.341
v -184.627 5.945 -108.831
v -189.607 5.945 -101.239
v -199.533 5.945 -107.749
f 3736 3735 3734 3733
f 3729 3730 3734 3733
f 3730 3731 3735 3734
f 3731 3732 3736 3735
f 3732 3729 3733 3736
v -184.426 2.111 -116.135
v -159.214 2.111 -99.346
v -165.394 2.111 -90.065
v -190.606 2.111 -106.854
v -184.426 6.011 -116.135
v -159.214 6.011 -99.346
v -165.394 6.011 -90.065
v -190.606 6.011 -106.854
f 3744 3743 3742 3741
f 3737 3738 3742 3741
f 3738 3739 3743 3742
f 3739 3740 3744 3743
f 3740 3737 3741 3744
v -179.187 1.983 -99.632
v -159.580 1.983 -87.627
v -164.833 1.983 -79.048
v -184.440 1.983 -91.053
v -179.187 5.883 -99.632
v -159.580 5.883 -87.627
v -164.833 5.883 -79.048
v -184.440 5.883 -91.053
f 3752 3751 3750 3749
f 3745 3746 3750 3749
f 3746 3747 3751 3750
f 3747 3748 3752 3751
f 3748 3745 3749 3752
v -149.903 2.308 -131.151
v -137.440 2.308 -121.619
v -144.117 2.308 -112.889
v -156.580 2.308 -122.421
v -149.903 6.208 -131.151
v -137.440 6.208 -121.619
v -144.117 6.208 -112.889
v -156.580 6.208 -122.421
f 3760 3759 3758 3757
f 3753 3754 3758 3757
f 3754 3755 3759 3758
f 3755 3756 3760 3759
f 3756 3753 3757 3760
v -141.949 1.782 -142.367
v -136.356 1.782 -138.412
v -138.971 1.782 -134.713
v -144.564 1.782 -138.668
v -141.949 5.682 -142.367
v -136.356 5.682 -138.412
v -138.971 5.682 -134.713
v -144.564 5.682 -138.668
f 3768 3767 3766 3765
f 3761 3762 3766 3765
f 3762 3763 3767 3766
f 3763 3764 3768 3767
f 3764 3761 3765 3768
v -133.938 1.679 -134.466
v -130.879 1.679 -156.626
v -119.062 1.679 -154.994
v -122.121 1.679 -132.834
v -133.938 5.579 -134.466
v -130.879 5.579 -156.626
v -119.062 5.579 -154.994
v -122.121 5.579 -132.834
f 3776 3775 3774 3773
f 3769 3770 3774 3773
f 3770 3771 3775 3774
f 3771 3772 3776 3775
f 3772 3769 3773 3776
v -169.871 2.173 -91.436
v -148.008 2.173 -80.446
v -153.689 2.173 -69.144
v -175.552 2.173 -80.134
v -169.871 6.073 -91.436
v -148.008 6.073 -80.446
v -153.689 6.073 -69.144
v -175.552 6.073 -80.134
f 3784 3783 3782 3781
f 3777 3778 3782 3781
f 3778 3779 3783 3782
f 3779 3780 3784 3783
f 3780 3777 3781 3784
v -163.125 2.160 -75.504
v -146.158 2.160 -64.378
v -152.415 2.160 -54.836
v -169.382 2.160 -65.962
v -163.125 6.060 -75.504
v -146.158 6.060 -64.378
v -152.415 6.060 -54.836
v -169.382 6.060 -65.962
f 3792 3791 3790 3789
f 3785 3786 3790 3789
f 3786 3787 3791 3790
f 3787 3788 3792 3791
f 3788 3785 3789 3792
v -165.660 2.445 -47.363
v -158.599 2.445 -60.165
v -145.640 2.445 -53.017
v -152.701 2.445 -40.215
v -165.660 6.345 -47.363
v -158.599 6.345 -60.165
v -145.640 6.345 -53.017
v -152.701 6.345 -40.215
f 3800 3799 3798 3797
f 3793 3794 3798 3797
f 3794 3795 3799 3798
f 3795 3796 3800 3799
f 3796 3793 3797 3800
v -147.091 2.059 -58.255
v -140.728 2.059 -67.906
v -134.509 2.059 -63.805
v -140.872 2.059 -54.154
v -147.091 5.959 -58.255
v -140.728 5.959 -67.906
v -134.509 5.959 -63.805
v -140.872 5.959 -54.154
f 3808 3807 3806 3805
f 3801 3802 3806 3805
f 3802 3803 3807 3806
f 3803 3804 3808 3807
f 3804 3801 3805 3808
v -145.492 1.833 -66.102
v -134.032 1.833 -87.655
v -126.288 1.833 -83.538
v -137.748 1.833 -61.985
v -145.492 5.733 -66.102
v -134.032 5.733 -87.655
v -126.288 5.733 -83.538
v -137.748 5.733 -61.985
f 3816 3815 3814 3813
f 3809 3810 3814 3813
f 3810 3811 3815 3814
f 3811 3812 3816 3815
f 3812 3809 3813 3816
v -134.050 1.752 -68.622
v -123.145 1.752 -84.630
v -117.930 1.752 -81.078
v -128.835 1.752 -65.070
v -134.050 5.652 -68.622
v -123.145 5.652 -84.630
v -117.930 5.652 -81.078
v -128.835 5.652 -65.070
f 3824 3823 3822 3821
f 3817 3818 3822 3821
f 3818 3819 3823 3822
f 3819 3820 3824 3823
f 3820 3817 3821 3824
v -130.696 1.704 -78.607
v -118.288 1.704 -94.787
v -109.924 1.704 -88.373
v -122.332 1.704 -72.193
v -130.696 5.604 -78.607
v -118.288 5.604 -94.787
v -109.924 5.604 -88.373
v -122.332 5.604 -72.193
f 3832 3831 3830 3829
f 3825 3826 3830 3829
f 3826 3827 3831 3830
f 3827 3828 3832 3831
f 3828 3825 3829 3832
v -119.753 1.907 -86.909
v -107.624 1.907 -105.634
v -98.047 1.907 -99.431
v -110.176 1.907 -80.706
v -119.753 5.807 -86.909
v -107.624 5.807 -105.634
v -98.047 5.807 -99.431
v -110.176 5.807 -80.706
f 3840 3839 3838 3837
f 3833 3834 3838 3837
f 3834 3835 3839 3838
f 3835 3836 3840 3839
f 3836 3833 3837 3840
v -110.094 2.023 -98.456
v -92.623 2.023 -115.746
v -80.686 2.023 -103.684
v -98.157 2.023 -86.394
v -110.094 5.923 -98.456
v -92.623 5.923 -115.746
v -80.686 5.923 -103.684
v -98.157 5.923 -86.394
f 3848 3847 3846 3845
f 3841 3842 3846 3845
f 3842 3843 3847 3846
f 3843 3844 3848 3847
f 3844 3841 3845 3848
v -90.273 1.828 -103.842
v -77.537 1.828 -116.076
v -70.027 1.828 -108.258
v -82.763 1.828 -96.024
v -90.273 5.728 -103.842
v -77.537 5.728 -116.076
v -70.027 5.728 -108.258
v -82.763 5.728 -96.024
f 3856 3855 3854 3853
f 3849 3850 3854 3853
f 3850 3851 3855 3854
f 3851 3852 3856 3855
f 3852 3849 3853 3856
v -91.438 1.739 -134.853
v -69.068 1.739 -135.007
v -68.942 1.739 -116.807
v -91.312 1.739 -116.653
v -91.438 5.639 -134.853
v -69.068 5.639 -135.007
v -68.942 5.639 -116.807
v -91.312 5.639 -116.653
f 3864 3863 3862 3861
f 3857 3858 3862 3861
f 3858 3859 3863 3862
f 3859 3860 3864 3863
f 3860 3857 3861 3864
v -119.524 1.701 -119.078
v -112.377 1.701 -130.104
v -107.376 1.701 -126.862
v -114.523 1.701 -115.836
v -119.524 5.601 -119.078
v -112.377 5.601 -130.104
v -107.376 5.601 -126.862
v -114.523 5.601 -115.836
f 3872 3871 3870 3869
f 3865 3866 3870 3869
f 3866 3867 3871 3870
f 3867 3868 3872 3871
f 3868 3865 3869 3872
v -112.738 1.870 -114.295
v -108.732 1.870 -111.508
v -110.542 1.870 -108.905
v -114.548 1.870 -111.692
v -112.738 5.770 -114.295
v -108.732 5.770 -111.508
v -110.542 5.770 -108.905
v -114.548 5.770 -111.692
f 3880 3879 3878 3877
f 3873 3874 3878 3877
f 3874 3875 3879 3878
f 3875 3876 3880 3879
f 3876 3873 3877 3880
v -152.168 2.305 -116.707
v -132.129 2.305 -102.491
v -141.832 2.305 -88.813
v -161.871 2.305 -103.029
v -152.168 6.205 -116.707
v -132.129 6.205 -102.491
v -141.832 6.205 -88.813
v -161.871 6.205 -103.029
f 3888 3887 3886 3885
f 3881 3882 3886 3885
f 3882 3883 3887 3886
f 3883 3884 3888 3887
f 3884 3881 3885 3888
v -106.263 1.509 -129.806
v -100.018 1.509 -139.487
v -94.077 1.509 -135.654
v -100.322 1.509 -125.973
v -106.263 5.409 -129.806
v -100.018 5.409 -139.487
v -94.077 5.409 -135.654
v -100.322 5.409 -125.973
f 3896 3895 3894 3893
f 3889 3890 3894 3893
f 3890 3891 3895 3894
f 3891 3892 3896 3895
f 3892 3889 3893 3896
v -92.297 1.497 -148.580
v -77.709 1.497 -139.697
v -82.603 1.497 -131.660
v -97.191 1.497 -140.543
v -92.297 5.397 -148.580
v -77.709 5.397 -139.697
v -82.603 5.397 -131.660
v -97.191 5.397 -140.543
f 3904 3903 3902 3901
f 3897 3898 3902 3901
f 3898 3899 3903 3902
f 3899 3900 3904 3903
f 3900 3897 3901 3904
v -253.773 2.724 -78.419
v -244.686 2.724 -101.204
v -228.227 2.724 -94.641
v -237.314 2.724 -71.856
v -253.773 6.624 -78.419
v -244.686 6.624 -101.204
v -228.227 6.624 -94.641
v -237.314 6.624 -71.856
f 3912 3911 3910 3909
f 3905 3906 3910 3909
f 3906 3907 3911 3910
f 3907 3908 3912 3911
f 3908 3905 3909 3912
v -237.696 2.006 -106.832
v -228.925 2.006 -119.817
v -219.644 2.006 -113.548
v -228.415 2.006 -100.563
v -237.696 5.906 -106.832
v -228.925 5.906 -119.817
v -219.644 5.906 -113.548
v -228.415 5.906 -100.563
f 3920 3919 3918 3917
f 3913 3914 3918 3917
f 3914 3915 3919 3918
f 3915 3916 3920 3919
f 3916 3913 3917 3920
v -223.158 3.123 -97.819
v -209.065 3.123 -88.879
v -214.202 3.123 -80.781
v -228.295 3.123 -89.721
v -223.158 7.023 -97.819
v -209.065 7.023 -88.879
v -214.202 7.023 -80.781
v -228.295 7.023 -89.721
f 3928 3927 3926 3925
f 3921 3922 3926 3925
f 3922 3923 3927 3926
f 3923 3924 3928 3927
f 3924 3921 3925 3928
v -200.761 2.612 -86.921
v -199.004 2.612 -72.871
v -211.259 2.612 -71.339
v -213.016 2.612 -85.389
v -200.761 6.512 -86.921
v -199.004 6.512 -72.871
v -211.259 6.512 -71.339
v -213.016 6.512 -85.389
f 3936 3935 3934 3933
f 3929 3930 3934 3933
f 3930 3931 3935 3934
f 3931 3932 3936 3935
f 3932 3929 3933 3936
v -214.277 2.770 -73.383
v -209.902 2.770 -70.482
v -211.643 2.770 -67.857
v -216.018 2.770 -70.758
v -214.277 6.670 -73.383
v -209.902 6.670 -70.482
v -211.643 6.670 -67.857
v -216.018 6.670 -70.758
f 3944 3943 3942 3941
f 3937 3938 3942 3941
f 3938 3939 3943 3942
f 3939 3940 3944 3943
f 3940 3937 3941 3944
v -230.404 2.998 -66.346
v -215.272 2.998 -58.126
v -220.776 2.998 -47.994
v -235.908 2.998 -56.214
v -230.404 6.898 -66.346
v -215.272 6.898 -58.126
v -220.776 6.898 -47.994
v -235.908 6.898 -56.214
f 3952 3951 3950 3949
f 3945 3946 3950 3949
f 3946 3947 3951 3950
f 3947 3948 3952 3951
f 3948 3945 3949 3952
v -210.684 2.650 -75.764
v -195.213 2.650 -65.584
v -199.496 2.650 -59.076
v -214.967 2.650 -69.256
v -210.684 6.550 -75.764
v -195.213 6.550 -65.584
v -199.496 6.550 -59.076
v -214.967 6.550 -69.256
f 3960 3959 3958 3957
f 3953 3954 3958 3957
f 3954 3955 3959 3958
f 3955 3956 3960 3959
f 3956 3953 3957 3960
v -245.709 2.990 -61.358
v -237.324 2.990 -54.776
v -242.751 2.990 -47.862
v -251.136 2.990 -54.444
v -245.709 6.890 -61.358
v -237.324 6.890 -54.776
v -242.751 6.890 -47.862
v -251.136 6.890 -54.444
f 3968 3967 3966 3965
f 3961 3962 3966 3965
f 3962 3963 3967 3966
f 3963 3964 3968 3967
f 3964 3961 3965 3968
v -202.028 2.810 -69.240
v -185.209 2.810 -50.555
v -196.492 2.810 -40.400
v -213.311 2.810 -59.085
v -202.028 6.710 -69.240
v -185.209 6.710 -50.555
v -196.492 6.710 -40.400
v -213.311 6.710 -59.085
f 3976 3975 3974 3973
f 3969 3970 3974 3973
f 3970 3971 3975 3974
f 3971 3972 3976 3975
f 3972 3969 3973 3976
v -209.306 2.778 -55.553
v -207.887 2.778 -39.677
v -223.654 2.778 -38.267
v -225.073 2.778 -54.143
v -209.306 6.678 -55.553
v -207.887 6.678 -39.677
v -223.654 6.678 -38.267
v -225.073 6.678 -54.143
f 3984 3983 3982 3981
f 3977 3978 3982 3981
f 3978 3979 3983 3982
f 3979 3980 3984 3983
f 3980 3977 3981 3984
v -246.661 1.312 -38.619
v -233.292 1.312 -53.170
v -221.679 1.312 -42.501
v -235.048 1.312 -27.950
v -246.661 5.212 -38.619
v -233.292 5.212 -53.170
v -221.679 5.212 -42.501
v -235.048 5.212 -27.950
f 3992 3991 3990 3989
f 3985 3986 3990 3989
f 3986 3987 3991 3990
f 3987 3988 3992 3991
f 3988 3985 3989 3992
v -244.033 3.084 -50.723
v -239.303 3.084 -47.579
v -240.687 3.084 -45.497
v -245.417 3.084 -48.641
v -244.033 6.984 -50.723
v -239.303 6.984 -47.579
v -240.687 6.984 -45.497
v -245.417 6.984 -48.641
f 4000 3999 3998 3997
f 3993 3994 3998 3997
f 3994 3995 3999 3998
f 3995 3996 4000 3999
f 3996 3993 3997 4000
v -214.647 2.641 -20.697
v -203.198 2.641 -37.702
v -192.713 2.641 -30.643
v -204.162 2.641 -13.638
v -214.647 6.541 -20.697
v -203.198 6.541 -37.702
v -192.713 6.541 -30.643
v -204.162 6.541 -13.638
f 4008 4007 4006 4005
f 4001 4002 4006 4005
f 4002 4003 4007 4006
f 4003 4004 4008 4007
f 4004 4001 4005 4008
v -226.152 2.991 -10.175
v -215.608 2.991 -24.874
v -208.068 2.991 -19.465
v -218.612 2.991 -4.766
v -226.152 6.891 -10.175
v -215.608 6.891 -24.874
v -208.068 6.891 -19.465
v -218.612 6.891 -4.766
f 4016 4015 4014 4013
f 4009 4010 4014 4013
f 4010 4011 4015 4014
f 4011 4012 4016 4015
f 4012 4009 4013 4016
v -239.897 3.443 0.014
v -231.267 3.443 -11.738
v -222.683 3.443 -5.434
v -231.313 3.443 6.318
v -239.897 7.343 0.014
v -231.267 7.343 -11.738
v -222.683 7.343 -5.434
v -231.313 7.343 6.318
f 4024 4023 4022 4021
f 4017 4018 4022 4021
f 4018 4019 4023 4022
f 4019 4020 4024 4023
f 4020 4017 4021 4024
v -251.148 3.495 8.884
v -238.735 3.495 -7.393
v -232.692 3.495 -2.784
v -245.105 3.495 13.493
v -251.148 7.395 8.884
v -238.735 7.395 -7.393
v -232.692 7.395 -2.784
v -245.105 7.395 13.493
f 4032 4031 4030 4029
f 4025 4026 4030 4029
f 4026 4027 4031 4030
f 4027 4028 4032 4031
f 4028 4025 4029 4032
v -252.211 3.628 14.087
v -245.884 3.628 4.992
v -240.909 3.628 8.453
v -247.236 3.628 17.548
v -252.211 7.528 14.087
v -245.884 7.528 4.992
v -240.909 7.528 8.453
v -247.236 7.528 17.548
f 4040 4039 4038 4037
f 4033 4034 4038 4037
f 4034 4035 4039 4038
f 4035 4036 4040 4039
f 4036 4033 4037 4040
v -80.373 1.700 -123.204
v -59.910 1.700 -124.860
v -58.527 1.700 -107.756
v -78.990 1.700 -106.100
v -80.373 8.500 -123.204
v -59.910 8.500 -124.860
v -58.527 8.500 -107.756
v -78.990 8.500 -106.100
f 4048 4047 4046 4045
f 4041 4042 4046 4045
f 4042 4043 4047 4046
f 4043 4044 4048 4047
f 4044 4041 4045 4048
v -221.499 4.164 257.308
v -206.453 4.164 240.458
v -199.181 4.164 246.952
v -214.227 4.164 263.802
v -221.499 8.064 257.308
v -206.453 8.064 240.458
v -199.181 8.064 246.952
v -214.227 8.064 263.802
f 4056 4055 4054 4053
f 4049 4050 4054 4053
f 4050 4051 4055 4054
f 4051 4052 4056 4055
f 4052 4049 4053 4056
v -233.363 3.993 247.511
v -227.740 3.993 237.582
v -223.137 3.993 240.189
v -228.760 3.993 250.118
v -233.363 7.893 247.511
v -227.740 7.893 237.582
v -223.137 7.893 240.189
v -228.760 7.893 250.118
f 4064 4063 4062 4061
f 4057 4058 4062 4061
f 4058 4059 4063 4062
f 4059 4060 4064 4063
f 4060 4057 4061 4064
usemtl road
v -119.662 2.406 29.265
v -95.472 2.391 12.725
v -97.448 2.956 9.835
v -121.638 2.391 26.375
f 4065 4066 4067 4068
v -95.474 2.391 12.725
v -75.164 2.077 -1.135
v -77.136 2.123 -4.025
v -97.446 2.957 9.835
f 4069 4070 4071 4072
v -81.083 1.579 -160.700
v -123.743 2.075 -133.800
v -121.877 1.953 -130.840
v -79.217 1.592 -157.740
f 4073 4074 4075 4076
v -229.666 1.878 -131.106
v -162.916 2.507 -29.886
v -158.324 2.512 -32.914
v -225.074 1.901 -134.134
f 4077 4078 4079 4080
v -162.876 2.507 -29.828
v -161.726 2.477 -28.178
v -157.214 2.501 -31.322
v -158.364 2.512 -32.972
f 4081 4082 4083 4084
v -161.750 2.478 -28.213
v -122.930 2.348 29.357
v -118.370 2.394 26.283
v -157.190 2.500 -31.287
f 4085 4086 4087 4088
v -122.930 2.348 29.358
v -78.010 2.191 95.958
v -73.450 2.112 92.882
v -118.370 2.394 26.282
f 4089 4090 4091 4092
v -78.040 2.190 95.912
v -76.800 2.205 97.832
v -72.180 2.115 94.848
v -73.420 2.114 92.928
f 4093 4094 4095 4096
v -76.731 2.202 97.934
v -25.361 1.796 170.164
v -20.879 1.787 166.976
v -72.249 2.116 94.746
f 4097 4098 4099 4100
v -25.406 1.796 170.099
v 33.051 1.594 257.529
v 37.623 1.587 254.471
v -20.834 1.787 167.041
f 4101 4102 4103 4104
v 124.415 1.551 -104.222
v 131.025 1.562 -105.512
v 130.355 1.649 -108.948
v 123.745 1.536 -107.658
f 4105 4106 4107 4108
v 131.702 1.619 -105.802
v 179.922 1.779 -139.962
v 177.898 1.741 -142.818
v 129.678 1.603 -108.658
f 4109 4110 4111 4112
v 90.850 1.869 -85.969
v 118.400 1.531 -102.489
v 116.600 1.516 -105.491
v 89.050 1.907 -88.971
f 4113 4114 4115 4116
v 117.997 1.565 -102.312
v 124.577 1.551 -104.262
v 123.583 1.540 -107.618
v 117.003 1.486 -105.668
f 4117 4118 4119 4120
v 203.168 1.857 11.780
v 149.258 1.653 50.580
v 151.302 1.635 53.420
v 205.212 1.856 14.620
f 4121 4122 4123 4124
v 254.052 1.603 -130.329
v 153.222 1.637 -62.778
v 157.118 1.647 -56.962
v 257.948 1.529 -124.514
f 4125 4126 4127 4128
v 153.195 1.637 -62.760
v 120.875 1.451 -40.670
v 124.825 1.375 -34.890
v 157.145 1.647 -56.980
f 4129 4130 4131 4132
v 120.858 1.451 -40.658
v 84.418 1.462 -15.428
v 88.402 1.377 -9.672
v 124.842 1.374 -34.902
f 4133 4134 4135 4136
v 84.449 1.462 -15.449
v 38.319 1.461 15.761
v 42.241 1.382 21.559
v 88.371 1.377 -9.651
f 4137 4138 4139 4140
v 38.318 1.461 15.761
v -33.792 1.608 64.561
v -29.868 1.475 70.359
v 42.242 1.382 21.559
f 4141 4142 4143 4144
v -33.792 1.608 64.562
v -76.452 2.121 93.442
v -72.528 2.056 99.238
v -29.868 1.475 70.358
f 4145 4146 4147 4148
v -76.441 2.121 93.434
v -132.341 3.141 130.974
v -128.439 3.135 136.786
v -72.539 2.056 99.246
f 4149 4150 4151 4152
v -132.291 3.141 130.941
v -190.991 3.491 168.911
v -187.189 3.556 174.789
v -128.489 3.135 136.819
f 4153 4154 4155 4156
v -191.078 3.490 168.969
v -257.988 3.627 215.136
v -254.012 3.592 220.897
v -187.102 3.556 174.731
f 4157 4158 4159 4160
v -78.344 2.050 -87.857
v -76.784 2.035 -85.417
v -73.836 2.008 -87.303
v -75.396 2.035 -89.743
f 4161 4162 4163 4164
v -76.742 2.032 -85.354
v -47.632 1.626 -43.944
v -44.768 1.768 -45.956
v -73.878 2.011 -87.366
f 4165 4166 4167 4168
v -148.264 4.015 231.565
v -84.974 2.988 188.375
v -86.946 2.958 185.485
v -150.236 3.988 228.675
f 4169 4170 4171 4172
v -21.584 1.808 170.851
v 34.316 1.791 133.211
v 31.244 1.756 128.649
v -24.656 1.844 166.289
f 4173 4174 4175 4176
v 33.085 1.829 133.663
v 39.795 1.652 132.913
v 39.185 1.732 127.447
v 32.475 1.744 128.197
f 4177 4178 4179 4180
v 39.706 1.652 132.922
v 47.326 1.627 132.322
v 46.894 1.628 126.838
v 39.274 1.732 127.438
f 4181 4182 4183 4184
v 48.480 1.623 131.965
v 53.790 1.622 128.915
v 51.050 1.636 124.145
v 45.740 1.642 127.195
f 4185 4186 4187 4188
v 53.805 1.622 128.906
v 97.915 1.399 103.186
v 95.145 1.426 98.434
v 51.035 1.636 124.154
f 4189 4190 4191 4192
v -22.273 1.009 -255.064
v 2.391 1.112 -216.084
v 5.349 1.004 -217.956
v -19.315 1.033 -256.936
f 4193 4194 4195 4196
v 59.124 1.537 166.786
v 115.074 1.387 126.996
v 113.046 1.391 124.144
v 57.096 1.538 163.934
f 4197 4198 4199 4200
v 185.646 1.125 -254.446
v 205.681 1.429 -225.186
v 210.219 1.414 -228.294
v 190.184 1.067 -257.554
f 4201 4202 4203 4204
v 205.657 1.429 -225.222
v 242.277 1.504 -169.892
v 246.863 1.566 -172.928
v 210.243 1.414 -228.258
f 4205 4206 4207 4208
v 242.296 1.504 -169.864
v 253.726 1.557 -153.055
v 258.274 1.610 -156.148
v 246.844 1.566 -172.956
f 4209 4210 4211 4212
v 87.894 1.478 -13.477
v 86.844 1.501 -15.157
v 83.876 1.497 -13.303
v 84.926 1.473 -11.623
f 4213 4214 4215 4216
v 86.861 1.502 -15.129
v 57.951 1.511 -63.379
v 54.949 1.504 -61.581
v 83.859 1.496 -13.331
f 4217 4218 4219 4220
v 100.860 1.367 256.554
v 118.464 1.401 171.044
v 113.076 1.447 169.936
v 95.473 1.464 255.446
f 4221 4222 4223 4224
v 118.450 1.402 171.107
v 123.820 1.415 147.787
v 118.460 1.384 146.553
v 113.090 1.447 169.873
f 4225 4226 4227 4228
v 123.873 1.407 146.862
v 122.853 1.356 137.802
v 117.387 1.430 138.418
v 118.407 1.381 147.478
f 4229 4230 4231 4232
v 122.596 1.372 136.913
v 116.536 1.325 124.373
v 111.584 1.374 126.767
v 117.644 1.431 139.307
f 4233 4234 4235 4236
v 114.785 1.431 169.044
v 78.625 1.358 193.674
v 80.595 1.364 196.566
v 116.755 1.377 171.936
f 4237 4238 4239 4240
v -155.473 1.306 -182.453
v -192.373 0.939 -234.433
v -195.227 0.975 -232.407
v -158.327 1.341 -180.427
f 4241 4242 4243 4244
v -198.244 2.626 -6.002
v -179.734 3.213 23.598
v -176.766 3.161 21.742
v -195.276 2.626 -7.858
f 4245 4246 4247 4248
v 140.561 1.205 -234.318
v 141.721 1.161 -232.528
v 144.659 1.126 -234.432
v 143.499 1.177 -236.222
f 4249 4250 4251 4252
v 141.750 1.159 -232.485
v 180.700 1.670 -176.125
v 183.580 1.773 -178.115
v 144.630 1.128 -234.475
f 4253 4254 4255 4256
v 103.139 1.525 -137.219
v 46.809 2.068 -99.069
v 48.771 2.010 -96.171
v 105.101 1.511 -134.321
f 4257 4258 4259 4260
v 227.164 1.848 47.575
v 112.544 1.388 123.275
v 115.576 1.385 127.865
v 230.196 1.764 52.165
f 4261 4262 4263 4264
v 121.421 1.502 -36.770
v 149.021 1.628 2.310
v 151.879 1.666 0.290
v 124.279 1.509 -38.790
f 4265 4266 4267 4268
v 152.889 1.666 -58.334
v 171.199 1.579 -31.134
v 175.761 1.633 -34.206
v 157.451 1.649 -61.406
f 4269 4270 4271 4272
v 171.195 1.579 -31.140
v 201.905 1.746 14.730
v 206.475 1.773 11.670
v 175.765 1.633 -34.200
f 4273 4274 4275 4276
v 201.903 1.746 14.727
v 226.393 1.787 51.397
v 230.967 1.823 48.343
v 206.477 1.773 11.673
f 4277 4278 4279 4280
v 19.929 0.988 -254.042
v 34.179 1.084 -232.922
v 39.981 1.035 -236.838
v 25.732 0.933 -257.958
f 4281 4282 4283 4284
v 34.179 1.084 -232.923
v 66.509 1.555 -185.003
v 72.311 1.474 -188.917
v 39.981 1.035 -236.837
f 4285 4286 4287 4288
v 66.509 1.555 -185.002
v 67.859 1.524 -183.002
v 73.661 1.448 -186.918
v 72.311 1.474 -188.918
f 4289 4290 4291 4292
v 67.863 1.524 -182.996
v 101.223 1.462 -133.806
v 107.017 1.438 -137.734
v 73.657 1.448 -186.924
f 4293 4294 4295 4296
v 101.211 1.462 -133.824
v 121.171 1.490 -103.994
v 126.989 1.469 -107.886
v 107.029 1.439 -137.716
f 4297 4298 4299 4300
v 121.179 1.490 -103.982
v 151.369 1.654 -59.252
v 157.171 1.647 -63.168
v 126.981 1.470 -107.898
f 4301 4302 4303 4304
v 151.365 1.653 -59.259
v 152.265 1.659 -57.919
v 158.075 1.646 -61.821
v 157.175 1.647 -63.161
f 4305 4306 4307 4308
v -252.380 3.112 82.897
v -192.070 3.504 172.347
v -187.510 3.526 169.273
v -247.820 3.153 79.823
f 4309 4310 4311 4312
v -192.071 3.504 172.346
v -191.371 3.521 173.386
v -186.809 3.535 170.314
v -187.509 3.526 169.274
f 4313 4314 4315 4316
v -191.360 3.521 173.402
v -151.520 3.937 231.672
v -146.980 3.930 228.568
v -186.820 3.535 170.298
f 4317 4318 4319 4320
v -146.237 0.816 -254.510
v -116.901 1.104 -209.010
v -112.279 1.091 -211.990
v -141.614 0.866 -257.490
f 4321 4322 4323 4324
v -116.884 1.104 -208.983
v -98.534 1.204 -181.233
v -93.946 1.292 -184.267
v -112.296 1.091 -212.017
f 4325 4326 4327 4328
v -98.510 1.205 -181.198
v -82.420 1.524 -157.668
v -77.880 1.549 -160.772
v -93.970 1.292 -184.302
f 4329 4330 4331 4332
v -82.420 1.524 -157.668
v -48.200 1.990 -107.608
v -43.660 1.975 -110.712
v -77.880 1.549 -160.772
f 4333 4334 4335 4336
v -48.215 1.990 -107.629
v -46.895 1.958 -105.659
v -42.325 1.948 -108.721
v -43.645 1.975 -110.691
f 4337 4338 4339 4340
v -46.890 1.958 -105.652
v 36.920 1.471 18.598
v 41.480 1.471 15.522
v -42.330 1.949 -108.728
f 4341 4342 4343 4344
v 36.921 1.471 18.599
v 38.001 1.448 20.199
v 42.559 1.461 17.121
v 41.479 1.471 15.521
f 4345 4346 4347 4348
v 38.011 1.448 20.214
v 94.261 1.353 102.364
v 98.799 1.369 99.256
v 42.549 1.462 17.106
f 4349 4350 4351 4352
v 94.286 1.353 102.399
v 111.816 1.374 127.159
v 116.304 1.323 123.981
v 98.774 1.369 99.221
f 4353 4354 4355 4356
v -254.046 2.863 35.831
v -194.806 2.534 -4.026
v -198.714 2.534 -9.834
v -257.954 2.814 30.023
f 4357 4358 4359 4360
v -194.798 2.534 -4.032
v -158.658 2.480 -28.502
v -162.582 2.473 -34.298
v -198.722 2.534 -9.828
f 4361 4362 4363 4364
v -158.643 2.480 -28.512
v -125.623 2.247 -51.112
v -129.577 2.164 -56.888
v -162.597 2.473 -34.288
f 4365 4366 4367 4368
v -125.620 2.247 -51.114
v -74.890 1.990 -85.914
v -78.850 1.927 -91.686
v -129.580 2.165 -56.886
f 4369 4370 4371 4372
v -74.946 1.989 -85.876
v -44.006 1.933 -106.236
v -47.854 1.924 -112.084
v -78.794 1.928 -91.724
f 4373 4374 4375 4376
v -43.988 1.933 -106.248
v 29.312 1.576 -155.138
v 25.428 1.554 -160.962
v -47.872 1.924 -112.072
f 4377 4378 4379 4380
v 29.353 1.577 -155.166
v 71.393 1.496 -184.076
v 67.427 1.481 -189.844
v 25.387 1.554 -160.934
f 4381 4382 4383 4384
v 71.353 1.497 -184.049
v 82.693 1.354 -191.619
v 78.807 1.273 -197.441
v 67.467 1.481 -189.871
f 4385 4386 4387 4388
v 82.691 1.354 -191.618
v 95.891 1.304 -200.418
v 92.009 1.235 -206.242
v 78.809 1.273 -197.442
f 4389 4390 4391 4392
v 95.893 1.304 -200.419
v 131.503 1.219 -224.179
v 127.617 1.163 -230.001
v 92.007 1.235 -206.241
f 4393 4394 4395 4396
v 131.480 1.219 -224.163
v 143.950 1.097 -232.343
v 140.110 1.104 -238.197
v 127.640 1.163 -230.017
f 4397 4398 4399 4400
v 143.997 1.096 -232.375
v 174.515 1.006 -253.105
v 170.581 0.986 -258.895
v 140.063 1.104 -238.165
f 4401 4402 4403 4404
v -128.887 3.197 132.984
v -129.787 3.176 131.474
v -132.793 3.231 133.266
v -131.893 3.244 134.776
f 4405 4406 4407 4408
v -129.834 3.175 131.399
v -170.464 3.654 70.489
v -173.376 3.702 72.431
v -132.746 3.232 133.341
f 4409 4410 4411 4412
v -152.826 2.279 -87.874
v -129.046 2.283 -53.014
v -126.154 2.267 -54.986
v -149.934 2.197 -89.846
f 4413 4414 4415 4416
v -117.426 1.017 -167.300
v -95.306 1.330 -181.270
v -97.174 1.293 -184.230
v -119.294 0.758 -170.260
f 4417 4418 4419 4420
v 7.415 1.409 -184.768
v 25.915 1.689 -157.078
v 28.825 1.638 -159.022
v 10.325 0.746 -186.712
f 4421 4422 4423 4424
v -186.177 1.528 -161.800
v -211.767 0.859 -200.800
v -214.693 0.853 -198.880
v -189.103 1.547 -159.880
f 4425 4426 4427 4428
v -72.212 0.970 -238.873
v -65.512 0.945 -228.463
v -62.568 0.911 -230.357
v -69.268 0.965 -240.767
f 4429 4430 4431 4432
v -65.513 0.945 -228.465
v -57.813 1.083 -216.465
v -54.867 1.169 -218.355
v -62.567 0.911 -230.355
f 4433 4434 4435 4436
v -63.049 0.917 -227.968
v -49.929 0.981 -236.988
v -51.911 0.968 -239.872
v -65.031 0.939 -230.852
f 4437 4438 4439 4440
v -49.366 1.042 -239.235
v -55.006 0.939 -250.115
v -58.114 0.937 -248.505
v -52.474 0.935 -237.625
f 4441 4442 4443 4444
v 70.621 1.533 -232.666
v 92.531 1.310 -202.306
v 95.369 1.293 -204.354
v 73.459 1.543 -234.714
f 4445 4446 4447 4448
v -224.764 1.765 -128.951
v -185.034 1.446 -157.171
v -190.246 1.481 -164.509
v -229.976 1.915 -136.289
f 4449 4450 4451 4452
v -185.135 1.446 -157.102
v -154.395 1.217 -177.702
v -159.405 1.234 -185.178
v -190.145 1.479 -164.578
f 4453 4454 4455 4456
v -154.352 1.217 -177.731
v -112.042 1.037 -206.791
v -117.138 1.043 -214.209
v -159.448 1.234 -185.149
f 4457 4458 4459 4460
v -112.089 1.036 -206.759
v -68.239 0.854 -236.079
v -73.241 0.884 -243.561
v -117.091 1.043 -214.241
f 4461 4462 4463 4464
v -68.237 0.854 -236.080
v -54.057 0.847 -245.570
v -59.063 0.849 -253.050
v -73.243 0.884 -243.560
f 4465 4466 4467 4468
v -25.724 1.694 80.263
v -5.244 1.725 112.293
v -2.296 1.747 110.407
v -22.776 1.698 78.377
f 4469 4470 4471 4472
v -2.718 1.734 112.748
v 10.122 1.741 103.088
v 8.018 1.738 100.292
v -4.822 1.733 109.952
f 4473 4474 4475 4476
v 10.539 1.752 100.740
v -9.841 1.613 69.230
v -12.779 1.646 71.130
v 7.601 1.730 102.640
f 4477 4478 4479 4480
v -12.320 1.624 68.751
v -25.260 1.687 77.891
v -23.240 1.700 80.749
v -10.300 1.632 71.609
f 4481 4482 4483 4484
v -10.290 1.632 71.602
v 5.890 1.532 60.002
v 3.850 1.503 57.158
v -12.330 1.624 68.758
f 4485 4486 4487 4488
v -33.305 1.615 68.402
v -25.725 1.694 80.262
v -22.775 1.698 78.378
v -30.355 1.597 66.518
f 4489 4490 4491 4492
usemtl asphalt
