# Baked ultra-low Key West silhouette; generated by bake_key_west_far_city.py
mtllib far_city.mtl
usemtl massing
v 151.552 1.796 235.205
v 156.772 1.796 179.690
v 209.788 1.796 184.675
v 204.568 1.796 240.190
v 151.552 10.096 235.205
v 156.772 10.096 179.690
v 209.788 10.096 184.675
v 204.568 10.096 240.190
f 8 7 6 5
f 1 2 6 5
f 2 3 7 6
f 3 4 8 7
f 4 1 5 8
v -48.291 2.263 180.074
v 6.525 2.263 219.412
v -14.569 2.263 248.806
v -69.385 2.263 209.468
v -48.291 11.563 180.074
v 6.525 11.563 219.412
v -14.569 11.563 248.806
v -69.385 11.563 209.468
f 16 15 14 13
f 9 10 14 13
f 10 11 15 14
f 11 12 16 15
f 12 9 13 16
v -153.504 2.137 204.406
v -129.130 2.137 223.528
v -137.796 2.137 234.574
v -162.170 2.137 215.452
v -153.504 8.937 204.406
v -129.130 8.937 223.528
v -137.796 8.937 234.574
v -162.170 8.937 215.452
f 24 23 22 21
f 17 18 22 21
f 18 19 23 22
f 19 20 24 23
f 20 17 21 24
v -183.204 2.200 233.402
v -164.144 2.200 246.347
v -171.296 2.200 256.878
v -190.356 2.200 243.933
v -183.204 6.100 233.402
v -164.144 6.100 246.347
v -171.296 6.100 256.878
v -190.356 6.100 243.933
f 32 31 30 29
f 25 26 30 29
f 26 27 31 30
f 27 28 32 31
f 28 25 29 32
v -187.612 2.360 210.908
v -177.490 2.360 221.568
v -186.468 2.360 230.092
v -196.590 2.360 219.432
v -187.612 6.260 210.908
v -177.490 6.260 221.568
v -186.468 6.260 230.092
v -196.590 6.260 219.432
f 40 39 38 37
f 33 34 38 37
f 34 35 39 38
f 35 36 40 39
f 36 33 37 40
v 237.055 1.771 -59.585
v 260.262 1.771 -73.906
v 269.845 1.771 -58.375
v 246.638 1.771 -44.054
v 237.055 5.671 -59.585
v 260.262 5.671 -73.906
v 269.845 5.671 -58.375
v 246.638 5.671 -44.054
f 48 47 46 45
f 41 42 46 45
f 42 43 47 46
f 43 44 48 47
f 44 41 45 48
v 191.196 2.061 -35.898
v 211.878 2.061 -39.654
v 215.084 2.061 -22.002
v 194.402 2.061 -18.246
v 191.196 5.961 -35.898
v 211.878 5.961 -39.654
v 215.084 5.961 -22.002
v 194.402 5.961 -18.246
f 56 55 54 53
f 49 50 54 53
f 50 51 55 54
f 51 52 56 55
f 52 49 53 56
v 110.335 1.891 30.529
v 128.764 1.891 -16.500
v 151.045 1.891 -7.769
v 132.616 1.891 39.260
v 110.335 7.691 30.529
v 128.764 7.691 -16.500
v 151.045 7.691 -7.769
v 132.616 7.691 39.260
f 64 63 62 61
f 57 58 62 61
f 58 59 63 62
f 59 60 64 63
f 60 57 61 64
v 86.272 1.463 41.169
v 107.531 1.463 17.251
v 117.928 1.463 26.491
v 96.669 1.463 50.409
v 86.272 5.363 41.169
v 107.531 5.363 17.251
v 117.928 5.363 26.491
v 96.669 5.363 50.409
f 72 71 70 69
f 65 66 70 69
f 66 67 71 70
f 67 68 72 71
f 68 65 69 72
v 40.779 1.776 82.249
v 53.782 1.776 61.496
v 65.841 1.776 69.051
v 52.838 1.776 89.804
v 40.779 5.676 82.249
v 53.782 5.676 61.496
v 65.841 5.676 69.051
v 52.838 5.676 89.804
f 80 79 78 77
f 73 74 78 77
f 74 75 79 78
f 75 76 80 79
f 76 73 77 80
v 40.038 1.804 42.093
v 57.941 1.804 55.203
v 49.942 1.804 66.127
v 32.039 1.804 53.017
v 40.038 5.704 42.093
v 57.941 5.704 55.203
v 49.942 5.704 66.127
v 32.039 5.704 53.017
f 88 87 86 85
f 81 82 86 85
f 82 83 87 86
f 83 84 88 87
f 84 81 85 88
v -8.002 1.753 85.429
v 24.759 1.753 60.479
v 42.802 1.753 84.171
v 10.041 1.753 109.121
v -8.002 7.553 85.429
v 24.759 7.553 60.479
v 42.802 7.553 84.171
v 10.041 7.553 109.121
f 96 95 94 93
f 89 90 94 93
f 90 91 95 94
f 91 92 96 95
f 92 89 93 96
v -35.095 1.904 78.701
v -6.002 1.904 100.726
v -19.125 1.904 118.059
v -48.218 1.904 96.034
v -35.095 7.704 78.701
v -6.002 7.704 100.726
v -19.125 7.704 118.059
v -48.218 7.704 96.034
f 104 103 102 101
f 97 98 102 101
f 98 99 103 102
f 99 100 104 103
f 100 97 101 104
v -11.634 2.035 176.592
v -5.778 2.035 144.360
v 14.854 2.035 148.108
v 8.998 2.035 180.340
v -11.634 5.935 176.592
v -5.778 5.935 144.360
v 14.854 5.935 148.108
v 8.998 5.935 180.340
f 112 111 110 109
f 105 106 110 109
f 106 107 111 110
f 107 108 112 111
f 108 105 109 112
v 217.554 2.021 35.736
v 234.280 2.021 11.242
v 247.666 2.021 20.384
v 230.940 2.021 44.878
v 217.554 7.821 35.736
v 234.280 7.821 11.242
v 247.666 7.821 20.384
v 230.940 7.821 44.878
f 120 119 118 117
f 113 114 118 117
f 114 115 119 118
f 115 116 120 119
f 116 113 117 120
v 129.730 1.499 61.683
v 186.467 1.499 119.423
v 139.070 1.499 165.997
v 82.333 1.499 108.257
v 129.730 9.799 61.683
v 186.467 9.799 119.423
v 139.070 9.799 165.997
v 82.333 9.799 108.257
f 128 127 126 125
f 121 122 126 125
f 122 123 127 126
f 123 124 128 127
f 124 121 125 128
v 150.763 1.544 54.540
v 206.567 1.544 56.784
v 205.357 1.544 86.880
v 149.553 1.544 84.636
v 150.763 7.344 54.540
v 206.567 7.344 56.784
v 205.357 7.344 86.880
v 149.553 7.344 84.636
f 136 135 134 133
f 129 130 134 133
f 130 131 135 134
f 131 132 136 135
f 132 129 133 136
v 208.776 1.596 123.282
v 230.811 1.596 97.010
v 238.404 1.596 103.378
v 216.369 1.596 129.650
v 208.776 5.496 123.282
v 230.811 5.496 97.010
v 238.404 5.496 103.378
v 216.369 5.496 129.650
f 144 143 142 141
f 137 138 142 141
f 138 139 143 142
f 139 140 144 143
f 140 137 141 144
v 87.611 1.658 181.627
v 108.195 1.658 150.737
v 127.069 1.658 163.313
v 106.485 1.658 194.203
v 87.611 7.458 181.627
v 108.195 7.458 150.737
v 127.069 7.458 163.313
v 106.485 7.458 194.203
f 152 151 150 149
f 145 146 150 149
f 146 147 151 150
f 147 148 152 151
f 148 145 149 152
v -73.126 2.507 236.679
v -50.744 2.507 251.709
v -58.354 2.507 263.041
v -80.736 2.507 248.011
v -73.126 6.407 236.679
v -50.744 6.407 251.709
v -58.354 6.407 263.041
v -80.736 6.407 248.011
f 160 159 158 157
f 153 154 158 157
f 154 155 159 158
f 155 156 160 159
f 156 153 157 160
v -126.891 2.152 259.999
v -119.869 2.152 223.407
v -96.869 2.152 227.821
v -103.891 2.152 264.413
v -126.891 6.052 259.999
v -119.869 6.052 223.407
v -96.869 6.052 227.821
v -103.891 6.052 264.413
f 168 167 166 165
f 161 162 166 165
f 162 163 167 166
f 163 164 168 167
f 164 161 165 168
v -141.623 1.993 241.260
v -130.940 1.993 244.523
v -134.177 1.993 255.120
v -144.860 1.993 251.857
v -141.623 5.893 241.260
v -130.940 5.893 244.523
v -134.177 5.893 255.120
v -144.860 5.893 251.857
f 176 175 174 173
f 169 170 174 173
f 170 171 175 174
f 171 172 176 175
f 172 169 173 176
v -256.825 3.355 230.009
v -247.718 3.355 216.214
v -240.575 3.355 220.931
v -249.682 3.355 234.726
v -256.825 7.255 230.009
v -247.718 7.255 216.214
v -240.575 7.255 220.931
v -249.682 7.255 234.726
f 184 183 182 181
f 177 178 182 181
f 178 179 183 182
f 179 180 184 183
f 180 177 181 184
v -168.046 3.113 193.577
v -152.098 3.113 203.812
v -155.674 3.113 209.383
v -171.622 3.113 199.148
v -168.046 7.013 193.577
v -152.098 7.013 203.812
v -155.674 7.013 209.383
v -171.622 7.013 199.148
f 192 191 190 189
f 185 186 190 189
f 186 187 191 190
f 187 188 192 191
f 188 185 189 192
v -216.332 3.006 180.231
v -202.120 3.006 189.794
v -207.808 3.006 198.249
v -222.020 3.006 188.686
v -216.332 6.906 180.231
v -202.120 6.906 189.794
v -207.808 6.906 198.249
v -222.020 6.906 188.686
f 200 199 198 197
f 193 194 198 197
f 194 195 199 198
f 195 196 200 199
f 196 193 197 200
v -244.897 3.021 153.870
v -218.968 3.021 170.362
v -224.163 3.021 178.530
v -250.092 3.021 162.038
v -244.897 6.921 153.870
v -218.968 6.921 170.362
v -224.163 6.921 178.530
v -250.092 6.921 162.038
f 208 207 206 205
f 201 202 206 205
f 202 203 207 206
f 203 204 208 207
f 204 201 205 208
v -255.738 3.502 188.092
v -252.906 3.502 173.800
v -243.382 3.502 175.688
v -246.214 3.502 189.980
v -255.738 7.402 188.092
v -252.906 7.402 173.800
v -243.382 7.402 175.688
v -246.214 7.402 189.980
f 216 215 214 213
f 209 210 214 213
f 210 211 215 214
f 211 212 216 215
f 212 209 213 216
v -115.867 1.945 196.575
v -106.275 1.945 182.371
v -95.593 1.945 189.585
v -105.185 1.945 203.789
v -115.867 5.845 196.575
v -106.275 5.845 182.371
v -95.593 5.845 189.585
v -105.185 5.845 203.789
f 224 223 222 221
f 217 218 222 221
f 218 219 223 222
f 219 220 224 223
f 220 217 221 224
v -49.066 1.800 142.195
v -32.213 1.800 152.493
v -38.674 1.800 163.065
v -55.527 1.800 152.767
v -49.066 5.700 142.195
v -32.213 5.700 152.493
v -38.674 5.700 163.065
v -55.527 5.700 152.767
f 232 231 230 229
f 225 226 230 229
f 226 227 231 230
f 227 228 232 231
f 228 225 229 232
v -103.902 2.473 86.217
v -98.612 2.473 61.967
v -80.938 2.473 65.823
v -86.228 2.473 90.073
v -103.902 6.373 86.217
v -98.612 6.373 61.967
v -80.938 6.373 65.823
v -86.228 6.373 90.073
f 240 239 238 237
f 233 234 238 237
f 234 235 239 238
f 235 236 240 239
f 236 233 237 240
v -75.184 2.450 47.184
v -62.820 2.450 55.115
v -68.376 2.450 63.776
v -80.740 2.450 55.845
v -75.184 6.350 47.184
v -62.820 6.350 55.115
v -68.376 6.350 63.776
v -80.740 6.350 55.845
f 248 247 246 245
f 241 242 246 245
f 242 243 247 246
f 243 244 248 247
f 244 241 245 248
v 17.922 1.560 -13.079
v 26.209 1.560 -7.340
v 21.278 1.560 -0.221
v 12.991 1.560 -5.960
v 17.922 5.460 -13.079
v 26.209 5.460 -7.340
v 21.278 5.460 -0.221
v 12.991 5.460 -5.960
f 256 255 254 253
f 249 250 254 253
f 250 251 255 254
f 251 252 256 255
f 252 249 253 256
v 174.552 1.394 -102.360
v 186.247 1.394 -119.850
v 193.828 1.394 -114.780
v 182.133 1.394 -97.290
v 174.552 8.194 -102.360
v 186.247 8.194 -119.850
v 193.828 8.194 -114.780
v 182.133 8.194 -97.290
f 264 263 262 261
f 257 258 262 261
f 258 259 263 262
f 259 260 264 263
f 260 257 261 264
v -141.772 3.567 -23.703
v -126.691 3.567 -48.672
v -108.288 3.567 -37.557
v -123.369 3.567 -12.588
v -141.772 9.367 -23.703
v -126.691 9.367 -48.672
v -108.288 9.367 -37.557
v -123.369 9.367 -12.588
f 272 271 270 269
f 265 266 270 269
f 266 267 271 270
f 267 268 272 271
f 268 265 269 272
v -112.113 3.255 4.242
v -90.158 3.255 -1.681
v -85.767 3.255 14.598
v -107.722 3.255 20.521
v -112.113 7.155 4.242
v -90.158 7.155 -1.681
v -85.767 7.155 14.598
v -107.722 7.155 20.521
f 280 279 278 277
f 273 274 278 277
f 274 275 279 278
f 275 276 280 279
f 276 273 277 280
v -174.566 3.623 50.399
v -163.700 3.623 56.896
v -168.534 3.623 64.981
v -179.400 3.623 58.484
v -174.566 7.523 50.399
v -163.700 7.523 56.896
v -168.534 7.523 64.981
v -179.400 7.523 58.484
f 288 287 286 285
f 281 282 286 285
f 282 283 287 286
f 283 284 288 287
f 284 281 285 288
v -186.347 3.181 8.448
v -161.135 3.181 29.755
v -174.013 3.181 44.992
v -199.225 3.181 23.685
v -186.347 8.981 8.448
v -161.135 8.981 29.755
v -174.013 8.981 44.992
v -199.225 8.981 23.685
f 296 295 294 293
f 289 290 294 293
f 290 291 295 294
f 291 292 296 295
f 292 289 293 296
v -224.641 3.453 93.568
v -194.336 3.453 112.381
v -205.939 3.453 131.072
v -236.244 3.453 112.259
v -224.641 9.253 93.568
v -194.336 9.253 112.381
v -205.939 9.253 131.072
v -236.244 9.253 112.259
f 304 303 302 301
f 297 298 302 301
f 298 299 303 302
f 299 300 304 303
f 300 297 301 304
v -200.900 3.767 112.717
v -189.385 3.767 96.353
v -182.720 3.767 101.043
v -194.235 3.767 117.407
v -200.900 7.667 112.717
v -189.385 7.667 96.353
v -182.720 7.667 101.043
v -194.235 7.667 117.407
f 312 311 310 309
f 305 306 310 309
f 306 307 311 310
f 307 308 312 311
f 308 305 309 312
v -253.087 3.588 63.817
v -242.260 3.588 70.398
v -247.453 3.588 78.943
v -258.280 3.588 72.362
v -253.087 12.888 63.817
v -242.260 12.888 70.398
v -247.453 12.888 78.943
v -258.280 12.888 72.362
f 320 319 318 317
f 313 314 318 317
f 314 315 319 318
f 315 316 320 319
f 316 313 317 320
v -185.074 3.188 -46.912
v -177.063 3.188 -60.970
v -164.986 3.188 -54.088
v -172.997 3.188 -40.030
v -185.074 7.088 -46.912
v -177.063 7.088 -60.970
v -164.986 7.088 -54.088
v -172.997 7.088 -40.030
f 328 327 326 325
f 321 322 326 325
f 322 323 327 326
f 323 324 328 327
f 324 321 325 328
v -186.908 2.903 -67.387
v -161.264 2.903 -116.054
v -138.032 2.903 -103.813
v -163.676 2.903 -55.146
v -186.908 8.703 -67.387
v -161.264 8.703 -116.054
v -138.032 8.703 -103.813
v -163.676 8.703 -55.146
f 336 335 334 333
f 329 330 334 333
f 330 331 335 334
f 331 332 336 335
f 332 329 333 336
v -89.316 3.979 -125.930
v -79.427 3.979 -97.311
v -101.364 3.979 -89.730
v -111.253 3.979 -118.349
v -89.316 7.879 -125.930
v -79.427 7.879 -97.311
v -101.364 7.879 -89.730
v -111.253 7.879 -118.349
f 344 343 342 341
f 337 338 342 341
f 338 339 343 342
f 339 340 344 343
f 340 337 341 344
v -134.137 4.100 -86.905
v -125.335 4.100 -102.525
v -110.943 4.100 -94.415
v -119.745 4.100 -78.795
v -134.137 8.000 -86.905
v -125.335 8.000 -102.525
v -110.943 8.000 -94.415
v -119.745 8.000 -78.795
f 352 351 350 349
f 345 346 350 349
f 346 347 351 350
f 347 348 352 351
f 348 345 349 352
v -256.694 3.135 -238.915
v -226.279 3.135 -219.265
v -231.706 3.135 -210.865
v -262.121 3.135 -230.515
v -256.694 7.035 -238.915
v -226.279 7.035 -219.265
v -231.706 7.035 -210.865
v -262.121 7.035 -230.515
f 360 359 358 357
f 353 354 358 357
f 354 355 359 358
f 355 356 360 359
f 356 353 357 360
v 58.769 1.422 -262.350
v 75.061 1.422 -255.510
v 69.251 1.422 -241.670
v 52.959 1.422 -248.510
v 58.769 7.722 -262.350
v 75.061 7.722 -255.510
v 69.251 7.722 -241.670
v 52.959 7.722 -248.510
f 368 367 366 365
f 361 362 366 365
f 362 363 367 366
f 363 364 368 367
f 364 361 365 368
v 165.327 1.463 -139.921
v 172.541 1.463 -151.790
v 183.813 1.463 -144.939
v 176.599 1.463 -133.070
v 165.327 5.363 -139.921
v 172.541 5.363 -151.790
v 183.813 5.363 -144.939
v 176.599 5.363 -133.070
f 376 375 374 373
f 369 370 374 373
f 370 371 375 374
f 371 372 376 375
f 372 369 373 376
v 121.990 1.487 -111.794
v 134.349 1.487 -132.088
v 142.070 1.487 -127.386
v 129.711 1.487 -107.092
v 121.990 5.387 -111.794
v 134.349 5.387 -132.088
v 142.070 5.387 -127.386
v 129.711 5.387 -107.092
f 384 383 382 381
f 377 378 382 381
f 378 379 383 382
f 379 380 384 383
f 380 377 381 384
v -10.160 1.276 -151.107
v 4.099 1.276 -150.922
v 3.960 1.276 -140.233
v -10.299 1.276 -140.418
v -10.160 5.176 -151.107
v 4.099 5.176 -150.922
v 3.960 5.176 -140.233
v -10.299 5.176 -140.418
f 392 391 390 389
f 385 386 390 389
f 386 387 391 390
f 387 388 392 391
f 388 385 389 392
v -56.192 2.685 -224.978
v -50.008 2.685 -203.584
v -64.888 2.685 -199.282
v -71.072 2.685 -220.676
v -56.192 6.585 -224.978
v -50.008 6.585 -203.584
v -64.888 6.585 -199.282
v -71.072 6.585 -220.676
f 400 399 398 397
f 393 394 398 397
f 394 395 399 398
f 395 396 400 399
f 396 393 397 400
v -103.340 4.133 -181.464
v -87.004 4.133 -170.651
v -92.800 4.133 -161.896
v -109.136 4.133 -172.709
v -103.340 8.033 -181.464
v -87.004 8.033 -170.651
v -92.800 8.033 -161.896
v -109.136 8.033 -172.709
f 408 407 406 405
f 401 402 406 405
f 402 403 407 406
f 403 404 408 407
f 404 401 405 408
v -66.581 2.640 -179.426
v -43.099 2.640 -178.509
v -43.379 2.640 -171.334
v -66.861 2.640 -172.251
v -66.581 6.540 -179.426
v -43.099 6.540 -178.509
v -43.379 6.540 -171.334
v -66.861 6.540 -172.251
f 416 415 414 413
f 409 410 414 413
f 410 411 415 414
f 411 412 416 415
f 412 409 413 416
v -191.552 4.174 -193.839
v -182.580 4.174 -208.467
v -173.928 4.174 -203.161
v -182.900 4.174 -188.533
v -191.552 8.074 -193.839
v -182.580 8.074 -208.467
v -173.928 8.074 -203.161
v -182.900 8.074 -188.533
f 424 423 422 421
f 417 418 422 421
f 418 419 423 422
f 419 420 424 423
f 420 417 421 424
v -95.683 3.943 -169.516
v -81.448 3.943 -160.096
v -86.657 3.943 -152.224
v -100.892 3.943 -161.644
v -95.683 7.843 -169.516
v -81.448 7.843 -160.096
v -86.657 7.843 -152.224
v -100.892 7.843 -161.644
f 432 431 430 429
f 425 426 430 429
f 426 427 431 430
f 427 428 432 431
f 428 425 429 432
v -59.079 2.557 -169.644
v -46.642 2.557 -168.892
v -47.121 2.557 -160.976
v -59.558 2.557 -161.728
v -59.079 6.457 -169.644
v -46.642 6.457 -168.892
v -47.121 6.457 -160.976
v -59.558 6.457 -161.728
f 440 439 438 437
f 433 434 438 437
f 434 435 439 438
f 435 436 440 439
f 436 433 437 440
v -232.508 3.197 165.108
v -211.603 3.197 183.555
v -221.872 3.197 195.192
v -242.777 3.197 176.745
v -232.508 7.097 165.108
v -211.603 7.097 183.555
v -221.872 7.097 195.192
v -242.777 7.097 176.745
f 448 447 446 445
f 441 442 446 445
f 442 443 447 446
f 443 444 448 447
f 444 441 445 448
v -231.217 3.092 202.807
v -224.960 3.092 193.518
v -218.823 3.092 197.653
v -225.080 3.092 206.942
v -231.217 6.992 202.807
v -224.960 6.992 193.518
v -218.823 6.992 197.653
v -225.080 6.992 206.942
f 456 455 454 453
f 449 450 454 453
f 450 451 455 454
f 451 452 456 455
f 452 449 453 456
v -210.476 3.037 190.309
v -193.741 3.037 213.379
v -207.404 3.037 223.291
v -224.139 3.037 200.221
v -210.476 6.937 190.309
v -193.741 6.937 213.379
v -207.404 6.937 223.291
v -224.139 6.937 200.221
f 464 463 462 461
f 457 458 462 461
f 458 459 463 462
f 459 460 464 463
f 460 457 461 464
v -180.311 3.549 124.074
v -173.020 3.549 128.839
v -177.429 3.549 135.586
v -184.720 3.549 130.821
v -180.311 7.449 124.074
v -173.020 7.449 128.839
v -177.429 7.449 135.586
v -184.720 7.449 130.821
f 472 471 470 469
f 465 466 470 469
f 466 467 471 470
f 467 468 472 471
f 468 465 469 472
v -205.279 3.060 127.198
v -180.030 3.060 145.201
v -188.901 3.060 157.642
v -214.150 3.060 139.639
v -205.279 9.860 127.198
v -180.030 9.860 145.201
v -188.901 9.860 157.642
v -214.150 9.860 139.639
f 480 479 478 477
f 473 474 478 477
f 474 475 479 478
f 475 476 480 479
f 476 473 477 480
v -200.364 3.089 140.862
v -175.825 3.089 158.033
v -181.776 3.089 166.538
v -206.315 3.089 149.367
v -200.364 9.889 140.862
v -175.825 9.889 158.033
v -181.776 9.889 166.538
v -206.315 9.889 149.367
f 488 487 486 485
f 481 482 486 485
f 482 483 487 486
f 483 484 488 487
f 484 481 485 488
v -179.405 3.143 165.417
v -164.200 3.143 178.348
v -171.935 3.143 187.443
v -187.140 3.143 174.512
v -179.405 12.443 165.417
v -164.200 12.443 178.348
v -171.935 12.443 187.443
v -187.140 12.443 174.512
f 496 495 494 493
f 489 490 494 493
f 490 491 495 494
f 491 492 496 495
f 492 489 493 496
v -174.651 2.813 177.689
v -159.582 2.813 188.035
v -165.429 2.813 196.551
v -180.498 2.813 186.205
v -174.651 9.613 177.689
v -159.582 9.613 188.035
v -165.429 9.613 196.551
v -180.498 9.613 186.205
f 504 503 502 501
f 497 498 502 501
f 498 499 503 502
f 499 500 504 503
f 500 497 501 504
v -172.772 2.605 185.583
v -152.692 2.605 199.620
v -156.828 2.605 205.537
v -176.908 2.605 191.500
v -172.772 6.505 185.583
v -152.692 6.505 199.620
v -156.828 6.505 205.537
v -176.908 6.505 191.500
f 512 511 510 509
f 505 506 510 509
f 506 507 511 510
f 507 508 512 511
f 508 505 509 512
v -165.267 2.820 200.480
v -148.719 2.820 207.092
v -154.133 2.820 220.640
v -170.681 2.820 214.028
v -165.267 9.620 200.480
v -148.719 9.620 207.092
v -154.133 9.620 220.640
v -170.681 9.620 214.028
f 520 519 518 517
f 513 514 518 517
f 514 515 519 518
f 515 516 520 519
f 516 513 517 520
v -159.265 2.044 217.896
v -155.224 2.044 220.719
v -157.115 2.044 223.424
v -161.156 2.044 220.601
v -159.265 5.944 217.896
v -155.224 5.944 220.719
v -157.115 5.944 223.424
v -161.156 5.944 220.601
f 528 527 526 525
f 521 522 526 525
f 522 523 527 526
f 523 524 528 527
f 524 521 525 528
v -121.772 1.700 204.530
v -115.322 1.700 194.936
v -108.608 1.700 199.450
v -115.058 1.700 209.044
v -121.772 5.600 204.530
v -115.322 5.600 194.936
v -108.608 5.600 199.450
v -115.058 5.600 209.044
f 536 535 534 533
f 529 530 534 533
f 530 531 535 534
f 531 532 536 535
f 532 529 533 536
v -240.220 3.845 54.757
v -229.045 3.845 61.360
v -234.920 3.845 71.303
v -246.095 3.845 64.700
v -240.220 7.745 54.757
v -229.045 7.745 61.360
v -234.920 7.745 71.303
v -246.095 7.745 64.700
f 544 543 542 541
f 537 538 542 541
f 538 539 543 542
f 539 540 544 543
f 540 537 541 544
v -234.978 3.646 80.597
v -221.302 3.646 71.933
v -215.442 3.646 81.183
v -229.118 3.646 89.847
v -234.978 7.546 80.597
v -221.302 7.546 71.933
v -215.442 7.546 81.183
v -229.118 7.546 89.847
f 552 551 550 549
f 545 546 550 549
f 546 547 551 550
f 547 548 552 551
f 548 545 549 552
v -216.963 3.789 92.544
v -211.092 3.789 96.302
v -213.777 3.789 100.496
v -219.648 3.789 96.738
v -216.963 7.689 92.544
v -211.092 7.689 96.302
v -213.777 7.689 100.496
v -219.648 7.689 96.738
f 560 559 558 557
f 553 554 558 557
f 554 555 559 558
f 555 556 560 559
f 556 553 557 560
v -189.068 3.865 108.354
v -182.210 3.865 98.654
v -176.592 3.865 102.626
v -183.450 3.865 112.326
v -189.068 7.765 108.354
v -182.210 7.765 98.654
v -176.592 7.765 102.626
v -183.450 7.765 112.326
f 568 567 566 565
f 561 562 566 565
f 562 563 567 566
f 563 564 568 567
f 564 561 565 568
v -232.501 3.720 87.335
v -214.873 3.720 101.269
v -222.079 3.720 110.385
v -239.707 3.720 96.451
v -232.501 7.620 87.335
v -214.873 7.620 101.269
v -222.079 7.620 110.385
v -239.707 7.620 96.451
f 576 575 574 573
f 569 570 574 573
f 570 571 575 574
f 571 572 576 575
f 572 569 573 576
v -245.215 3.695 83.062
v -234.634 3.695 89.940
v -237.545 3.695 94.418
v -248.126 3.695 87.540
v -245.215 7.595 83.062
v -234.634 7.595 89.940
v -237.545 7.595 94.418
v -248.126 7.595 87.540
f 584 583 582 581
f 577 578 582 581
f 578 579 583 582
f 579 580 584 583
f 580 577 581 584
v -247.456 3.696 72.667
v -236.595 3.696 79.347
v -241.064 3.696 86.613
v -251.925 3.696 79.933
v -247.456 7.596 72.667
v -236.595 7.596 79.347
v -241.064 7.596 86.613
v -251.925 7.596 79.933
f 592 591 590 589
f 585 586 590 589
f 586 587 591 590
f 587 588 592 591
f 588 585 589 592
v -254.218 3.571 124.044
v -241.382 3.571 132.535
v -245.602 3.571 138.916
v -258.438 3.571 130.425
v -254.218 7.471 124.044
v -241.382 7.471 132.535
v -245.602 7.471 138.916
v -258.438 7.471 130.425
f 600 599 598 597
f 593 594 598 597
f 594 595 599 598
f 595 596 600 599
f 596 593 597 600
v -259.341 3.117 34.551
v -252.380 3.117 24.495
v -247.159 3.117 28.109
v -254.120 3.117 38.165
v -259.341 7.017 34.551
v -252.380 7.017 24.495
v -247.159 7.017 28.109
v -254.120 7.017 38.165
f 608 607 606 605
f 601 602 606 605
f 602 603 607 606
f 603 604 608 607
f 604 601 605 608
v -1.086 2.407 242.756
v 4.159 2.407 229.098
v 16.986 2.407 234.024
v 11.741 2.407 247.682
v -1.086 6.307 242.756
v 4.159 6.307 229.098
v 16.986 6.307 234.024
v 11.741 6.307 247.682
f 616 615 614 613
f 609 610 614 613
f 610 611 615 614
f 611 612 616 615
f 612 609 613 616
v -4.063 2.354 236.147
v 6.375 2.354 245.552
v -2.997 2.354 255.953
v -13.435 2.354 246.548
v -4.063 6.254 236.147
v 6.375 6.254 245.552
v -2.997 6.254 255.953
v -13.435 6.254 246.548
f 624 623 622 621
f 617 618 622 621
f 618 619 623 622
f 619 620 624 623
f 620 617 621 624
v -64.456 2.371 231.361
v -59.781 2.371 233.983
v -62.324 2.371 238.519
v -66.999 2.371 235.897
v -64.456 6.271 231.361
v -59.781 6.271 233.983
v -62.324 6.271 238.519
v -66.999 6.271 235.897
f 632 631 630 629
f 625 626 630 629
f 626 627 631 630
f 627 628 632 631
f 628 625 629 632
v -111.691 2.475 259.569
v -85.859 2.475 221.688
v -79.109 2.475 226.291
v -104.941 2.475 264.172
v -111.691 6.375 259.569
v -85.859 6.375 221.688
v -79.109 6.375 226.291
v -104.941 6.375 264.172
f 640 639 638 637
f 633 634 638 637
f 634 635 639 638
f 635 636 640 639
f 636 633 637 640
v -12.032 2.299 224.148
v -1.133 2.299 214.402
v 8.372 2.299 225.032
v -2.527 2.299 234.778
v -12.032 6.199 224.148
v -1.133 6.199 214.402
v 8.372 6.199 225.032
v -2.527 6.199 234.778
f 648 647 646 645
f 641 642 646 645
f 642 643 647 646
f 643 644 648 647
f 644 641 645 648
v -17.173 2.283 223.036
v -3.741 2.283 228.524
v -8.987 2.283 241.364
v -22.419 2.283 235.876
v -17.173 6.183 223.036
v -3.741 6.183 228.524
v -8.987 6.183 241.364
v -22.419 6.183 235.876
f 656 655 654 653
f 649 650 654 653
f 650 651 655 654
f 651 652 656 655
f 652 649 653 656
v -26.284 2.268 231.257
v -15.982 2.268 240.363
v -24.856 2.268 250.403
v -35.158 2.268 241.297
v -26.284 6.168 231.257
v -15.982 6.168 240.363
v -24.856 6.168 250.403
v -35.158 6.168 241.297
f 664 663 662 661
f 657 658 662 661
f 658 659 663 662
f 659 660 664 663
f 660 657 661 664
v -20.424 2.354 245.711
v -6.981 2.354 251.199
v -12.276 2.354 264.169
v -25.719 2.354 258.681
v -20.424 6.254 245.711
v -6.981 6.254 251.199
v -12.276 6.254 264.169
v -25.719 6.254 258.681
f 672 671 670 669
f 665 666 670 669
f 666 667 671 670
f 667 668 672 671
f 668 665 669 672
v -47.044 2.292 237.237
v -27.781 2.292 255.769
v -37.896 2.292 266.283
v -57.159 2.292 247.751
v -47.044 6.192 237.237
v -27.781 6.192 255.769
v -37.896 6.192 266.283
v -57.159 6.192 247.751
f 680 679 678 677
f 673 674 678 677
f 674 675 679 678
f 675 676 680 679
f 676 673 677 680
v 163.682 1.485 -252.283
v 167.182 1.485 -257.279
v 170.638 1.485 -254.857
v 167.138 1.485 -249.861
v 163.682 5.385 -252.283
v 167.182 5.385 -257.279
v 170.638 5.385 -254.857
v 167.138 5.385 -249.861
f 688 687 686 685
f 681 682 686 685
f 682 683 687 686
f 683 684 688 687
f 684 681 685 688
v 155.255 1.214 -193.875
v 170.543 1.214 -217.523
v 180.965 1.214 -210.785
v 165.677 1.214 -187.137
v 155.255 5.114 -193.875
v 170.543 5.114 -217.523
v 180.965 5.114 -210.785
v 165.677 5.114 -187.137
f 696 695 694 693
f 689 690 694 693
f 690 691 695 694
f 691 692 696 695
f 692 689 693 696
v 204.496 1.304 -161.487
v 214.428 1.304 -176.295
v 220.424 1.304 -172.273
v 210.492 1.304 -157.465
v 204.496 5.204 -161.487
v 214.428 5.204 -176.295
v 220.424 5.204 -172.273
v 210.492 5.204 -157.465
f 704 703 702 701
f 697 698 702 701
f 698 699 703 702
f 699 700 704 703
f 700 697 701 704
v -87.298 2.169 81.573
v -75.818 2.169 88.958
v -80.482 2.169 96.207
v -91.962 2.169 88.822
v -87.298 6.069 81.573
v -75.818 6.069 88.958
v -80.482 6.069 96.207
v -91.962 6.069 88.822
f 712 711 710 709
f 705 706 710 709
f 706 707 711 710
f 707 708 712 711
f 708 705 709 712
v -115.910 2.674 87.271
v -109.199 2.674 77.834
v -105.410 2.674 80.529
v -112.121 2.674 89.966
v -115.910 6.574 87.271
v -109.199 6.574 77.834
v -105.410 6.574 80.529
v -112.121 6.574 89.966
f 720 719 718 717
f 713 714 718 717
f 714 715 719 718
f 715 716 720 719
f 716 713 717 720
v -20.506 1.999 109.674
v 3.327 1.999 123.211
v -5.474 1.999 138.706
v -29.307 1.999 125.169
v -20.506 5.899 109.674
v 3.327 5.899 123.211
v -5.474 5.899 138.706
v -29.307 5.899 125.169
f 728 727 726 725
f 721 722 726 725
f 722 723 727 726
f 723 724 728 727
f 724 721 725 728
v -163.093 4.240 -261.158
v -146.242 4.240 -249.607
v -151.907 4.240 -241.342
v -168.758 4.240 -252.893
v -163.093 8.140 -261.158
v -146.242 8.140 -249.607
v -151.907 8.140 -241.342
v -168.758 8.140 -252.893
f 736 735 734 733
f 729 730 734 733
f 730 731 735 734
f 731 732 736 735
f 732 729 733 736
v -153.851 4.232 -249.780
v -139.710 4.232 -239.556
v -143.829 4.232 -233.860
v -157.970 4.232 -244.084
v -153.851 8.132 -249.780
v -139.710 8.132 -239.556
v -143.829 8.132 -233.860
v -157.970 8.132 -244.084
f 744 743 742 741
f 737 738 742 741
f 738 739 743 742
f 739 740 744 743
f 740 737 741 744
v -147.927 4.246 -242.825
v -135.798 4.246 -233.681
v -139.693 4.246 -228.515
v -151.822 4.246 -237.659
v -147.927 8.146 -242.825
v -135.798 8.146 -233.681
v -139.693 8.146 -228.515
v -151.822 8.146 -237.659
f 752 751 750 749
f 745 746 750 749
f 746 747 751 750
f 747 748 752 751
f 748 745 749 752
v -138.221 3.978 -239.703
v -127.120 3.978 -231.124
v -129.939 3.978 -227.477
v -141.040 3.978 -236.056
v -138.221 7.878 -239.703
v -127.120 7.878 -231.124
v -129.939 7.878 -227.477
v -141.040 7.878 -236.056
f 760 759 758 757
f 753 754 758 757
f 754 755 759 758
f 755 756 760 759
f 756 753 757 760
v -132.860 3.723 -235.067
v -120.440 3.723 -226.012
v -125.600 3.723 -218.933
v -138.020 3.723 -227.988
v -132.860 7.623 -235.067
v -120.440 7.623 -226.012
v -125.600 7.623 -218.933
v -138.020 7.623 -227.988
f 768 767 766 765
f 761 762 766 765
f 762 763 767 766
f 763 764 768 767
f 764 761 765 768
v -116.521 3.948 -243.498
v -102.245 3.948 -255.343
v -91.939 3.948 -242.922
v -106.215 3.948 -231.077
v -116.521 7.848 -243.498
v -102.245 7.848 -255.343
v -91.939 7.848 -242.922
v -106.215 7.848 -231.077
f 776 775 774 773
f 769 770 774 773
f 770 771 775 774
f 771 772 776 775
f 772 769 773 776
v -10.100 1.404 -162.088
v 2.405 1.404 -161.730
v 2.260 1.404 -156.672
v -10.245 1.404 -157.030
v -10.100 5.304 -162.088
v 2.405 5.304 -161.730
v 2.260 5.304 -156.672
v -10.245 5.304 -157.030
f 784 783 782 781
f 777 778 782 781
f 778 779 783 782
f 779 780 784 783
f 780 777 781 784
v -12.522 1.874 -173.920
v 1.611 1.874 -177.418
v 4.422 1.874 -166.060
v -9.711 1.874 -162.562
v -12.522 5.774 -173.920
v 1.611 5.774 -177.418
v 4.422 5.774 -166.060
v -9.711 5.774 -162.562
f 792 791 790 789
f 785 786 790 789
f 786 787 791 790
f 787 788 792 791
f 788 785 789 792
v -11.312 1.677 -183.737
v 2.152 1.677 -186.986
v 4.232 1.677 -178.363
v -9.232 1.677 -175.114
v -11.312 5.577 -183.737
v 2.152 5.577 -186.986
v 4.232 5.577 -178.363
v -9.232 5.577 -175.114
f 800 799 798 797
f 793 794 798 797
f 794 795 799 798
f 795 796 800 799
f 796 793 797 800
v -10.077 1.305 -192.053
v 4.321 1.305 -191.816
v 4.217 1.305 -185.547
v -10.181 1.305 -185.784
v -10.077 5.205 -192.053
v 4.321 5.205 -191.816
v 4.217 5.205 -185.547
v -10.181 5.205 -185.784
f 808 807 806 805
f 801 802 806 805
f 802 803 807 806
f 803 804 808 807
f 804 801 805 808
v 9.781 1.437 -175.905
v 15.380 1.437 -195.522
v 29.419 1.437 -191.515
v 23.820 1.437 -171.898
v 9.781 5.337 -175.905
v 15.380 5.337 -195.522
v 29.419 5.337 -191.515
v 23.820 5.337 -171.898
f 816 815 814 813
f 809 810 814 813
f 810 811 815 814
f 811 812 816 815
f 812 809 813 816
v 10.726 1.657 -162.593
v 22.516 1.657 -162.697
v 22.594 1.657 -153.887
v 10.804 1.657 -153.783
v 10.726 5.557 -162.593
v 22.516 5.557 -162.697
v 22.594 5.557 -153.887
v 10.804 5.557 -153.783
f 824 823 822 821
f 817 818 822 821
f 818 819 823 822
f 819 820 824 823
f 820 817 821 824
v -6.142 1.401 -208.428
v -5.907 1.401 -223.886
v 1.562 1.401 -223.772
v 1.327 1.401 -208.314
v -6.142 5.301 -208.428
v -5.907 5.301 -223.886
v 1.562 5.301 -223.772
v 1.327 5.301 -208.314
f 832 831 830 829
f 825 826 830 829
f 826 827 831 830
f 827 828 832 831
f 828 825 829 832
v -12.759 1.349 -213.253
v -12.590 1.349 -223.852
v -7.281 1.349 -223.767
v -7.450 1.349 -213.168
v -12.759 5.249 -213.253
v -12.590 5.249 -223.852
v -7.281 5.249 -223.767
v -7.450 5.249 -213.168
f 840 839 838 837
f 833 834 838 837
f 834 835 839 838
f 835 836 840 839
f 836 833 837 840
v 2.796 1.194 -210.104
v 2.955 1.194 -224.743
v 9.064 1.194 -224.676
v 8.905 1.194 -210.037
v 2.796 5.094 -210.104
v 2.955 5.094 -224.743
v 9.064 5.094 -224.676
v 8.905 5.094 -210.037
f 848 847 846 845
f 841 842 846 845
f 842 843 847 846
f 843 844 848 847
f 844 841 845 848
v 10.586 1.179 -211.657
v 10.977 1.179 -224.631
v 17.234 1.179 -224.443
v 16.843 1.179 -211.469
v 10.586 5.079 -211.657
v 10.977 5.079 -224.631
v 17.234 5.079 -224.443
v 16.843 5.079 -211.469
f 856 855 854 853
f 849 850 854 853
f 850 851 855 854
f 851 852 856 855
f 852 849 853 856
v 19.903 1.369 -209.747
v 20.452 1.369 -223.456
v 26.037 1.369 -223.233
v 25.488 1.369 -209.524
v 19.903 5.269 -209.747
v 20.452 5.269 -223.456
v 26.037 5.269 -223.233
v 25.488 5.269 -209.524
f 864 863 862 861
f 857 858 862 861
f 858 859 863 862
f 859 860 864 863
f 860 857 861 864
v -9.345 1.711 -194.649
v -8.563 1.711 -205.541
v -0.055 1.711 -204.931
v -0.837 1.711 -194.039
v -9.345 5.611 -194.649
v -8.563 5.611 -205.541
v -0.055 5.611 -204.931
v -0.837 5.611 -194.039
f 872 871 870 869
f 865 866 870 869
f 866 867 871 870
f 867 868 872 871
f 868 865 869 872
v 15.016 1.478 -208.447
v 22.965 1.478 -208.363
v 22.924 1.478 -204.453
v 14.975 1.478 -204.537
v 15.016 5.378 -208.447
v 22.965 5.378 -208.363
v 22.924 5.378 -204.453
v 14.975 5.378 -204.537
f 880 879 878 877
f 873 874 878 877
f 874 875 879 878
f 875 876 880 879
f 876 873 877 880
v 10.965 1.428 -202.978
v 24.210 1.428 -202.640
v 24.055 1.428 -196.562
v 10.810 1.428 -196.900
v 10.965 5.328 -202.978
v 24.210 5.328 -202.640
v 24.055 5.328 -196.562
v 10.810 5.328 -196.900
f 888 887 886 885
f 881 882 886 885
f 882 883 887 886
f 883 884 888 887
f 884 881 885 888
v 19.035 1.376 -245.173
v 41.585 1.376 -245.087
v 41.545 1.376 -234.487
v 18.995 1.376 -234.573
v 19.035 5.276 -245.173
v 41.585 5.276 -245.087
v 41.545 5.276 -234.487
v 18.995 5.276 -234.573
f 896 895 894 893
f 889 890 894 893
f 890 891 895 894
f 891 892 896 895
f 892 889 893 896
v 19.733 1.245 -256.009
v 30.454 1.245 -250.165
v 26.347 1.245 -242.631
v 15.626 1.245 -248.475
v 19.733 5.145 -256.009
v 30.454 5.145 -250.165
v 26.347 5.145 -242.631
v 15.626 5.145 -248.475
f 904 903 902 901
f 897 898 902 901
f 898 899 903 902
f 899 900 904 903
f 900 897 901 904
v 87.834 1.621 -249.977
v 87.916 1.621 -235.928
v 76.646 1.621 -235.863
v 76.564 1.621 -249.912
v 87.834 5.521 -249.977
v 87.916 5.521 -235.928
v 76.646 5.521 -235.863
v 76.564 5.521 -249.912
f 912 911 910 909
f 905 906 910 909
f 906 907 911 910
f 907 908 912 911
f 908 905 909 912
v 81.216 1.704 -259.964
v 91.458 1.704 -261.390
v 92.844 1.704 -251.436
v 82.602 1.704 -250.010
v 81.216 5.604 -259.964
v 91.458 5.604 -261.390
v 92.844 5.604 -251.436
v 82.602 5.604 -250.010
f 920 919 918 917
f 913 914 918 917
f 914 915 919 918
f 915 916 920 919
f 916 913 917 920
v -49.099 2.098 -201.463
v -49.061 2.098 -223.753
v -39.401 2.098 -223.737
v -39.439 2.098 -201.447
v -49.099 5.998 -201.463
v -49.061 5.998 -223.753
v -39.401 5.998 -223.737
v -39.439 5.998 -201.447
f 928 927 926 925
f 921 922 926 925
f 922 923 927 926
f 923 924 928 927
f 924 921 925 928
v -37.323 1.656 -204.202
v -37.217 1.656 -222.961
v -29.617 1.656 -222.918
v -29.723 1.656 -204.159
v -37.323 5.556 -204.202
v -37.217 5.556 -222.961
v -29.617 5.556 -222.918
v -29.723 5.556 -204.159
f 936 935 934 933
f 929 930 934 933
f 930 931 935 934
f 931 932 936 935
f 932 929 933 936
v -27.230 1.589 -212.633
v -27.069 1.589 -224.051
v -16.810 1.589 -223.907
v -16.971 1.589 -212.489
v -27.230 5.489 -212.633
v -27.069 5.489 -224.051
v -16.810 5.489 -223.907
v -16.971 5.489 -212.489
f 944 943 942 941
f 937 938 942 941
f 938 939 943 942
f 939 940 944 943
f 940 937 941 944
v -50.187 2.462 -182.835
v -49.713 2.462 -192.924
v -40.373 2.462 -192.485
v -40.847 2.462 -182.396
v -50.187 6.362 -182.835
v -49.713 6.362 -192.924
v -40.373 6.362 -192.485
v -40.847 6.362 -182.396
f 952 951 950 949
f 945 946 950 949
f 946 947 951 950
f 947 948 952 951
f 948 945 949 952
v -77.558 3.221 -196.092
v -66.659 3.221 -193.938
v -68.502 3.221 -184.608
v -79.401 3.221 -186.762
v -77.558 7.121 -196.092
v -66.659 7.121 -193.938
v -68.502 7.121 -184.608
v -79.401 7.121 -186.762
f 960 959 958 957
f 953 954 958 957
f 954 955 959 958
f 955 956 960 959
f 956 953 957 960
v -76.754 3.008 -210.378
v -76.666 3.008 -224.627
v -69.406 3.008 -224.582
v -69.494 3.008 -210.333
v -76.754 6.908 -210.378
v -76.666 6.908 -224.627
v -69.406 6.908 -224.582
v -69.494 6.908 -210.333
f 968 967 966 965
f 961 962 966 965
f 962 963 967 966
f 963 964 968 967
f 964 961 965 968
v -102.568 3.866 -224.715
v -85.523 3.866 -224.334
v -85.672 3.866 -217.665
v -102.717 3.866 -218.046
v -102.568 7.766 -224.715
v -85.523 7.766 -224.334
v -85.672 7.766 -217.665
v -102.717 7.766 -218.046
f 976 975 974 973
f 969 970 974 973
f 970 971 975 974
f 971 972 976 975
f 972 969 973 976
v -93.832 3.788 -219.147
v -81.163 3.788 -211.229
v -86.548 3.788 -202.613
v -99.217 3.788 -210.531
v -93.832 7.688 -219.147
v -81.163 7.688 -211.229
v -86.548 7.688 -202.613
v -99.217 7.688 -210.531
f 984 983 982 981
f 977 978 982 981
f 978 979 983 982
f 979 980 984 983
f 980 977 981 984
v -85.697 3.396 -206.807
v -73.963 3.396 -199.226
v -77.783 3.396 -193.313
v -89.517 3.396 -200.894
v -85.697 7.296 -206.807
v -73.963 7.296 -199.226
v -77.783 7.296 -193.313
v -89.517 7.296 -200.894
f 992 991 990 989
f 985 986 990 989
f 986 987 991 990
f 987 988 992 991
f 988 985 989 992
v -25.401 1.770 -206.571
v -17.105 1.770 -206.327
v -17.239 1.770 -201.789
v -25.535 1.770 -202.033
v -25.401 5.670 -206.571
v -17.105 5.670 -206.327
v -17.239 5.670 -201.789
v -25.535 5.670 -202.033
f 1000 999 998 997
f 993 994 998 997
f 994 995 999 998
f 995 996 1000 999
f 996 993 997 1000
v -29.009 1.542 -199.916
v -17.519 1.542 -199.823
v -17.571 1.542 -193.404
v -29.061 1.542 -193.497
v -29.009 5.442 -199.916
v -17.519 5.442 -199.823
v -17.571 5.442 -193.404
v -29.061 5.442 -193.497
f 1008 1007 1006 1005
f 1001 1002 1006 1005
f 1002 1003 1007 1006
f 1003 1004 1008 1007
f 1004 1001 1005 1008
v -29.840 1.665 -184.498
v -17.400 1.665 -183.997
v -17.660 1.665 -177.522
v -30.100 1.665 -178.023
v -29.840 5.565 -184.498
v -17.400 5.565 -183.997
v -17.660 5.565 -177.522
v -30.100 5.565 -178.023
f 1016 1015 1014 1013
f 1009 1010 1014 1013
f 1010 1011 1015 1014
f 1011 1012 1016 1015
f 1012 1009 1013 1016
v -56.682 2.561 -160.376
v -44.203 2.561 -160.244
v -44.298 2.561 -151.344
v -56.777 2.561 -151.476
v -56.682 6.461 -160.376
v -44.203 6.461 -160.244
v -44.298 6.461 -151.344
v -56.777 6.461 -151.476
f 1024 1023 1022 1021
f 1017 1018 1022 1021
f 1018 1019 1023 1022
f 1019 1020 1024 1023
f 1020 1017 1021 1024
v -53.812 2.583 -149.997
v -40.203 2.583 -151.386
v -39.088 2.583 -140.463
v -52.697 2.583 -139.074
v -53.812 6.483 -149.997
v -40.203 6.483 -151.386
v -39.088 6.483 -140.463
v -52.697 6.483 -139.074
f 1032 1031 1030 1029
f 1025 1026 1030 1029
f 1026 1027 1031 1030
f 1027 1028 1032 1031
f 1028 1025 1029 1032
v -36.320 1.983 -174.699
v -21.771 1.983 -174.123
v -22.180 1.983 -163.781
v -36.729 1.983 -164.357
v -36.320 5.883 -174.699
v -21.771 5.883 -174.123
v -22.180 5.883 -163.781
v -36.729 5.883 -164.357
f 1040 1039 1038 1037
f 1033 1034 1038 1037
f 1034 1035 1039 1038
f 1035 1036 1040 1039
f 1036 1033 1037 1040
v -26.019 1.637 -161.342
v -16.572 1.637 -160.839
v -16.921 1.637 -154.278
v -26.368 1.637 -154.781
v -26.019 5.537 -161.342
v -16.572 5.537 -160.839
v -16.921 5.537 -154.278
v -26.368 5.537 -154.781
f 1048 1047 1046 1045
f 1041 1042 1046 1045
f 1042 1043 1047 1046
f 1043 1044 1048 1047
f 1044 1041 1045 1048
v 10.072 0.823 -147.164
v 20.680 0.823 -146.965
v 20.568 0.823 -141.016
v 9.960 0.823 -141.215
v 10.072 4.723 -147.164
v 20.680 4.723 -146.965
v 20.568 4.723 -141.016
v 9.960 4.723 -141.215
f 1056 1055 1054 1053
f 1049 1050 1054 1053
f 1050 1051 1055 1054
f 1051 1052 1056 1055
f 1052 1049 1053 1056
v -29.048 1.854 -151.925
v -15.765 1.854 -148.257
v -18.632 1.854 -137.875
v -31.915 1.854 -141.543
v -29.048 5.754 -151.925
v -15.765 5.754 -148.257
v -18.632 5.754 -137.875
v -31.915 5.754 -141.543
f 1064 1063 1062 1061
f 1057 1058 1062 1061
f 1058 1059 1063 1062
f 1059 1060 1064 1063
f 1060 1057 1061 1064
v -43.109 2.507 -133.848
v -30.206 2.507 -138.393
v -26.351 2.507 -127.452
v -39.254 2.507 -122.907
v -43.109 6.407 -133.848
v -30.206 6.407 -138.393
v -26.351 6.407 -127.452
v -39.254 6.407 -122.907
f 1072 1071 1070 1069
f 1065 1066 1070 1069
f 1066 1067 1071 1070
f 1067 1068 1072 1071
f 1068 1065 1069 1072
v -76.315 2.641 -235.798
v -74.508 2.641 -253.818
v -66.965 2.641 -253.062
v -68.772 2.641 -235.042
v -76.315 6.541 -235.798
v -74.508 6.541 -253.818
v -66.965 6.541 -253.062
v -68.772 6.541 -235.042
f 1080 1079 1078 1077
f 1073 1074 1078 1077
f 1074 1075 1079 1078
f 1075 1076 1080 1079
f 1076 1073 1077 1080
v -63.563 2.359 -234.742
v -63.427 2.359 -249.592
v -55.357 2.359 -249.518
v -55.493 2.359 -234.668
v -63.563 6.259 -234.742
v -63.427 6.259 -249.592
v -55.357 6.259 -249.518
v -55.493 6.259 -234.668
f 1088 1087 1086 1085
f 1081 1082 1086 1085
f 1082 1083 1087 1086
f 1083 1084 1088 1087
f 1084 1081 1085 1088
v -55.640 2.096 -234.441
v -54.240 2.096 -251.835
v -48.080 2.096 -251.339
v -49.480 2.096 -233.945
v -55.640 5.996 -234.441
v -54.240 5.996 -251.835
v -48.080 5.996 -251.339
v -49.480 5.996 -233.945
f 1096 1095 1094 1093
f 1089 1090 1094 1093
f 1090 1091 1095 1094
f 1091 1092 1096 1095
f 1092 1089 1093 1096
v 39.429 1.273 -210.573
v 39.682 1.273 -224.141
v 45.811 1.273 -224.027
v 45.558 1.273 -210.459
v 39.429 5.173 -210.573
v 39.682 5.173 -224.141
v 45.811 5.173 -224.027
v 45.558 5.173 -210.459
f 1104 1103 1102 1101
f 1097 1098 1102 1101
f 1098 1099 1103 1102
f 1099 1100 1104 1103
f 1100 1097 1101 1104
v 47.989 1.048 -207.344
v 48.688 1.048 -221.537
v 54.391 1.048 -221.256
v 53.692 1.048 -207.063
v 47.989 4.948 -207.344
v 48.688 4.948 -221.537
v 54.391 4.948 -221.256
v 53.692 4.948 -207.063
f 1112 1111 1110 1109
f 1105 1106 1110 1109
f 1106 1107 1111 1110
f 1107 1108 1112 1111
f 1108 1105 1109 1112
v 71.517 1.777 -229.094
v 84.835 1.777 -195.143
v 60.063 1.777 -185.426
v 46.745 1.777 -219.377
v 71.517 7.577 -229.094
v 84.835 7.577 -195.143
v 60.063 7.577 -185.426
v 46.745 7.577 -219.377
f 1120 1119 1118 1117
f 1113 1114 1118 1117
f 1114 1115 1119 1118
f 1115 1116 1120 1119
f 1116 1113 1117 1120
v 80.471 1.185 -198.192
v 80.992 1.185 -219.745
v 89.149 1.185 -219.548
v 88.628 1.185 -197.995
v 80.471 5.085 -198.192
v 80.992 5.085 -219.745
v 89.149 5.085 -219.548
v 88.628 5.085 -197.995
f 1128 1127 1126 1125
f 1121 1122 1126 1125
f 1122 1123 1127 1126
f 1123 1124 1128 1127
f 1124 1121 1125 1128
v 38.033 1.229 -182.682
v 52.572 1.229 -182.477
v 52.447 1.229 -173.638
v 37.908 1.229 -173.843
v 38.033 5.129 -182.682
v 52.572 5.129 -182.477
v 52.447 5.129 -173.638
v 37.908 5.129 -173.843
f 1136 1135 1134 1133
f 1129 1130 1134 1133
f 1130 1131 1135 1134
f 1131 1132 1136 1135
f 1132 1129 1133 1136
v 38.941 1.193 -172.114
v 49.999 1.193 -171.925
v 49.899 1.193 -166.066
v 38.841 1.193 -166.255
v 38.941 5.093 -172.114
v 49.999 5.093 -171.925
v 49.899 5.093 -166.066
v 38.841 5.093 -166.255
f 1144 1143 1142 1141
f 1137 1138 1142 1141
f 1138 1139 1143 1142
f 1139 1140 1144 1143
f 1140 1137 1141 1144
v 39.460 1.527 -165.664
v 51.083 1.527 -164.875
v 50.460 1.527 -155.696
v 38.837 1.527 -156.485
v 39.460 5.427 -165.664
v 51.083 5.427 -164.875
v 50.460 5.427 -155.696
v 38.837 5.427 -156.485
f 1152 1151 1150 1149
f 1145 1146 1150 1149
f 1146 1147 1151 1150
f 1147 1148 1152 1151
f 1148 1145 1149 1152
v 37.844 1.362 -154.361
v 48.681 1.362 -156.763
v 51.116 1.362 -145.779
v 40.279 1.362 -143.377
v 37.844 5.262 -154.361
v 48.681 5.262 -156.763
v 51.116 5.262 -145.779
v 40.279 5.262 -143.377
f 1160 1159 1158 1157
f 1153 1154 1158 1157
f 1154 1155 1159 1158
f 1155 1156 1160 1159
f 1156 1153 1157 1160
v 98.495 1.537 -204.369
v 107.551 1.537 -198.109
v 102.865 1.537 -191.331
v 93.809 1.537 -197.591
v 98.495 5.437 -204.369
v 107.551 5.437 -198.109
v 102.865 5.437 -191.331
v 93.809 5.437 -197.591
f 1168 1167 1166 1165
f 1161 1162 1166 1165
f 1162 1163 1167 1166
f 1163 1164 1168 1167
f 1164 1161 1165 1168
v 95.525 1.435 -211.067
v 101.702 1.435 -206.760
v 97.875 1.435 -201.273
v 91.698 1.435 -205.580
v 95.525 5.335 -211.067
v 101.702 5.335 -206.760
v 97.875 5.335 -201.273
v 91.698 5.335 -205.580
f 1176 1175 1174 1173
f 1169 1170 1174 1173
f 1170 1171 1175 1174
f 1171 1172 1176 1175
f 1172 1169 1173 1176
v 88.029 1.716 -193.529
v 113.143 1.716 -176.882
v 106.971 1.716 -167.571
v 81.857 1.716 -184.218
v 88.029 5.616 -193.529
v 113.143 5.616 -176.882
v 106.971 5.616 -167.571
v 81.857 5.616 -184.218
f 1184 1183 1182 1181
f 1177 1178 1182 1181
f 1178 1179 1183 1182
f 1179 1180 1184 1183
f 1180 1177 1181 1184
v 107.251 1.467 -180.524
v 119.963 1.467 -181.208
v 120.609 1.467 -169.216
v 107.897 1.467 -168.532
v 107.251 5.367 -180.524
v 119.963 5.367 -181.208
v 120.609 5.367 -169.216
v 107.897 5.367 -168.532
f 1192 1191 1190 1189
f 1185 1186 1190 1189
f 1186 1187 1191 1190
f 1187 1188 1192 1191
f 1188 1185 1189 1192
v 147.532 1.692 -125.705
v 157.349 1.692 -119.357
v 151.968 1.692 -111.035
v 142.151 1.692 -117.383
v 147.532 5.592 -125.705
v 157.349 5.592 -119.357
v 151.968 5.592 -111.035
v 142.151 5.592 -117.383
f 1200 1199 1198 1197
f 1193 1194 1198 1197
f 1194 1195 1199 1198
f 1195 1196 1200 1199
f 1196 1193 1197 1200
v 142.938 1.626 -137.120
v 153.207 1.626 -130.152
v 148.042 1.626 -122.540
v 137.773 1.626 -129.508
v 142.938 5.526 -137.120
v 153.207 5.526 -130.152
v 148.042 5.526 -122.540
v 137.773 5.526 -129.508
f 1208 1207 1206 1205
f 1201 1202 1206 1205
f 1202 1203 1207 1206
f 1203 1204 1208 1207
f 1204 1201 1205 1208
v 136.896 1.304 -143.354
v 147.341 1.304 -135.785
v 144.284 1.304 -131.566
v 133.839 1.304 -139.135
v 136.896 5.204 -143.354
v 147.341 5.204 -135.785
v 144.284 5.204 -131.566
v 133.839 5.204 -139.135
f 1216 1215 1214 1213
f 1209 1210 1214 1213
f 1210 1211 1215 1214
f 1211 1212 1216 1215
f 1212 1209 1213 1216
v 131.958 1.276 -148.454
v 144.323 1.276 -139.822
v 141.702 1.276 -136.066
v 129.337 1.276 -144.698
v 131.958 5.176 -148.454
v 144.323 5.176 -139.822
v 141.702 5.176 -136.066
v 129.337 5.176 -144.698
f 1224 1223 1222 1221
f 1217 1218 1222 1221
f 1218 1219 1223 1222
f 1219 1220 1224 1223
f 1220 1217 1221 1224
v 131.991 1.667 -125.213
v 136.910 1.667 -132.461
v 139.789 1.667 -130.507
v 134.870 1.667 -123.259
v 131.991 5.567 -125.213
v 136.910 5.567 -132.461
v 139.789 5.567 -130.507
v 134.870 5.567 -123.259
f 1232 1231 1230 1229
f 1225 1226 1230 1229
f 1226 1227 1231 1230
f 1227 1228 1232 1231
f 1228 1225 1229 1232
v 128.747 1.331 -152.965
v 139.380 1.331 -145.555
v 136.133 1.331 -140.895
v 125.500 1.331 -148.305
v 128.747 5.231 -152.965
v 139.380 5.231 -145.555
v 136.133 5.231 -140.895
v 125.500 5.231 -148.305
f 1240 1239 1238 1237
f 1233 1234 1238 1237
f 1234 1235 1239 1238
f 1235 1236 1240 1239
f 1236 1233 1237 1240
v 123.087 1.731 -165.507
v 132.420 1.731 -158.652
v 128.453 1.731 -153.253
v 119.120 1.731 -160.108
v 123.087 5.631 -165.507
v 132.420 5.631 -158.652
v 128.453 5.631 -153.253
v 119.120 5.631 -160.108
f 1248 1247 1246 1245
f 1241 1242 1246 1245
f 1242 1243 1247 1246
f 1243 1244 1248 1247
f 1244 1241 1245 1248
v 151.529 1.602 -169.105
v 163.832 1.602 -160.968
v 159.551 1.602 -154.495
v 147.248 1.602 -162.632
v 151.529 5.502 -169.105
v 163.832 5.502 -160.968
v 159.551 5.502 -154.495
v 147.248 5.502 -162.632
f 1256 1255 1254 1253
f 1249 1250 1254 1253
f 1250 1251 1255 1254
f 1251 1252 1256 1255
f 1252 1249 1253 1256
v 157.098 1.478 -159.650
v 166.839 1.478 -152.885
v 161.842 1.478 -145.690
v 152.101 1.478 -152.455
v 157.098 5.378 -159.650
v 166.839 5.378 -152.885
v 161.842 5.378 -145.690
v 152.101 5.378 -152.455
f 1264 1263 1262 1261
f 1257 1258 1262 1261
f 1258 1259 1263 1262
f 1259 1260 1264 1263
f 1260 1257 1261 1264
v 185.480 1.293 -153.314
v 199.146 1.293 -166.195
v 207.260 1.293 -157.586
v 193.594 1.293 -144.705
v 185.480 5.193 -153.314
v 199.146 5.193 -166.195
v 207.260 5.193 -157.586
v 193.594 5.193 -144.705
f 1272 1271 1270 1269
f 1265 1266 1270 1269
f 1266 1267 1271 1270
f 1267 1268 1272 1271
f 1268 1265 1269 1272
v 74.868 1.676 29.784
v 89.883 1.676 36.455
v 86.212 1.676 44.716
v 71.197 1.676 38.045
v 74.868 5.576 29.784
v 89.883 5.576 36.455
v 86.212 5.576 44.716
v 71.197 5.576 38.045
f 1280 1279 1278 1277
f 1273 1274 1278 1277
f 1274 1275 1279 1278
f 1275 1276 1280 1279
f 1276 1273 1277 1280
v 105.607 1.659 33.446
v 121.995 1.659 11.913
v 133.533 1.659 20.694
v 117.145 1.659 42.227
v 105.607 5.559 33.446
v 121.995 5.559 11.913
v 133.533 5.559 20.694
v 117.145 5.559 42.227
f 1288 1287 1286 1285
f 1281 1282 1286 1285
f 1282 1283 1287 1286
f 1283 1284 1288 1287
f 1284 1281 1285 1288
v 162.020 1.612 -23.850
v 172.617 1.612 -38.536
v 182.300 1.612 -31.550
v 171.703 1.612 -16.864
v 162.020 5.512 -23.850
v 172.617 5.512 -38.536
v 182.300 5.512 -31.550
v 171.703 5.512 -16.864
f 1296 1295 1294 1293
f 1289 1290 1294 1293
f 1290 1291 1295 1294
f 1291 1292 1296 1295
f 1292 1289 1293 1296
v 237.528 1.714 -47.664
v 248.873 1.714 -56.516
v 256.052 1.714 -47.316
v 244.707 1.714 -38.464
v 237.528 5.614 -47.664
v 248.873 5.614 -56.516
v 256.052 5.614 -47.316
v 244.707 5.614 -38.464
f 1304 1303 1302 1301
f 1297 1298 1302 1301
f 1298 1299 1303 1302
f 1299 1300 1304 1303
f 1300 1297 1301 1304
v 230.079 1.642 -35.750
v 237.102 1.642 -45.045
v 243.341 1.642 -40.330
v 236.318 1.642 -31.035
v 230.079 5.542 -35.750
v 237.102 5.542 -45.045
v 243.341 5.542 -40.330
v 236.318 5.542 -31.035
f 1312 1311 1310 1309
f 1305 1306 1310 1309
f 1306 1307 1311 1310
f 1307 1308 1312 1311
f 1308 1305 1309 1312
v 208.481 1.697 -91.994
v 221.709 1.697 -83.464
v 214.979 1.697 -73.026
v 201.751 1.697 -81.556
v 208.481 5.597 -91.994
v 221.709 5.597 -83.464
v 214.979 5.597 -73.026
v 201.751 5.597 -81.556
f 1320 1319 1318 1317
f 1313 1314 1318 1317
f 1314 1315 1319 1318
f 1315 1316 1320 1319
f 1316 1313 1317 1320
v 217.383 1.714 -76.391
v 230.209 1.714 -67.812
v 223.237 1.714 -57.389
v 210.411 1.714 -65.968
v 217.383 5.614 -76.391
v 230.209 5.614 -67.812
v 223.237 5.614 -57.389
v 210.411 5.614 -65.968
f 1328 1327 1326 1325
f 1321 1322 1326 1325
f 1322 1323 1327 1326
f 1323 1324 1328 1327
f 1324 1321 1325 1328
v 228.566 1.664 -80.802
v 237.588 1.664 -93.258
v 247.914 1.664 -85.778
v 238.892 1.664 -73.322
v 228.566 5.564 -80.802
v 237.588 5.564 -93.258
v 247.914 5.564 -85.778
v 238.892 5.564 -73.322
f 1336 1335 1334 1333
f 1329 1330 1334 1333
f 1330 1331 1335 1334
f 1331 1332 1336 1335
f 1332 1329 1333 1336
v 159.637 1.723 -105.511
v 170.387 1.723 -98.618
v 165.983 1.723 -91.749
v 155.233 1.723 -98.642
v 159.637 5.623 -105.511
v 170.387 5.623 -98.618
v 165.983 5.623 -91.749
v 155.233 5.623 -98.642
f 1344 1343 1342 1341
f 1337 1338 1342 1341
f 1338 1339 1343 1342
f 1339 1340 1344 1343
f 1340 1337 1341 1344
v 185.657 1.681 -73.411
v 193.621 1.681 -68.551
v 190.923 1.681 -64.129
v 182.959 1.681 -68.989
v 185.657 5.581 -73.411
v 193.621 5.581 -68.551
v 190.923 5.581 -64.129
v 182.959 5.581 -68.989
f 1352 1351 1350 1349
f 1345 1346 1350 1349
f 1346 1347 1351 1350
f 1347 1348 1352 1351
f 1348 1345 1349 1352
v 181.599 1.490 -81.134
v 188.532 1.490 -76.464
v 185.381 1.490 -71.786
v 178.448 1.490 -76.456
v 181.599 5.390 -81.134
v 188.532 5.390 -76.464
v 185.381 5.390 -71.786
v 178.448 5.390 -76.456
f 1360 1359 1358 1357
f 1353 1354 1358 1357
f 1354 1355 1359 1358
f 1355 1356 1360 1359
f 1356 1353 1357 1360
v 69.884 1.149 -67.696
v 78.025 1.149 -80.091
v 82.756 1.149 -76.984
v 74.615 1.149 -64.589
v 69.884 5.049 -67.696
v 78.025 5.049 -80.091
v 82.756 5.049 -76.984
v 74.615 5.049 -64.589
f 1368 1367 1366 1365
f 1361 1362 1366 1365
f 1362 1363 1367 1366
f 1363 1364 1368 1367
f 1364 1361 1365 1368
v 56.788 1.455 -59.157
v 61.916 1.455 -66.807
v 65.712 1.455 -64.263
v 60.584 1.455 -56.613
v 56.788 5.355 -59.157
v 61.916 5.355 -66.807
v 65.712 5.355 -64.263
v 60.584 5.355 -56.613
f 1376 1375 1374 1373
f 1369 1370 1374 1373
f 1370 1371 1375 1374
f 1371 1372 1376 1375
f 1372 1369 1373 1376
v -26.329 1.871 -45.920
v -16.340 1.871 -38.109
v -21.711 1.871 -31.240
v -31.700 1.871 -39.051
v -26.329 5.771 -45.920
v -16.340 5.771 -38.109
v -21.711 5.771 -31.240
v -31.700 5.771 -39.051
f 1384 1383 1382 1381
f 1377 1378 1382 1381
f 1378 1379 1383 1382
f 1379 1380 1384 1383
f 1380 1377 1381 1384
v -90.700 3.569 -78.112
v -84.320 3.569 -87.860
v -78.220 3.569 -83.868
v -84.600 3.569 -74.120
v -90.700 7.469 -78.112
v -84.320 7.469 -87.860
v -78.220 7.469 -83.868
v -84.600 7.469 -74.120
f 1392 1391 1390 1389
f 1385 1386 1390 1389
f 1386 1387 1391 1390
f 1387 1388 1392 1391
f 1388 1385 1389 1392
v -103.475 3.775 -69.001
v -98.490 3.775 -76.638
v -93.465 3.775 -73.359
v -98.450 3.775 -65.722
v -103.475 7.675 -69.001
v -98.490 7.675 -76.638
v -93.465 7.675 -73.359
v -98.450 7.675 -65.722
f 1400 1399 1398 1397
f 1393 1394 1398 1397
f 1394 1395 1399 1398
f 1395 1396 1400 1399
f 1396 1393 1397 1400
v -127.556 3.318 63.311
v -119.991 3.318 51.211
v -114.844 3.318 54.429
v -122.409 3.318 66.529
v -127.556 7.218 63.311
v -119.991 7.218 51.211
v -114.844 7.218 54.429
v -122.409 7.218 66.529
f 1408 1407 1406 1405
f 1401 1402 1406 1405
f 1402 1403 1407 1406
f 1403 1404 1408 1407
f 1404 1401 1405 1408
v -134.666 3.354 69.806
v -126.203 3.354 56.310
v -121.094 3.354 59.514
v -129.557 3.354 73.010
v -134.666 7.254 69.806
v -126.203 7.254 56.310
v -121.094 7.254 59.514
v -129.557 7.254 73.010
f 1416 1415 1414 1413
f 1409 1410 1414 1413
f 1410 1411 1415 1414
f 1411 1412 1416 1415
f 1412 1409 1413 1416
v -147.103 2.957 109.748
v -139.347 2.957 98.870
v -132.557 2.957 103.712
v -140.313 2.957 114.590
v -147.103 6.857 109.748
v -139.347 6.857 98.870
v -132.557 6.857 103.712
v -140.313 6.857 114.590
f 1424 1423 1422 1421
f 1417 1418 1422 1421
f 1418 1419 1423 1422
f 1419 1420 1424 1423
f 1420 1417 1421 1424
v -26.722 1.822 -125.126
v -13.715 1.822 -116.173
v -19.538 1.822 -107.714
v -32.545 1.822 -116.667
v -26.722 5.722 -125.126
v -13.715 5.722 -116.173
v -19.538 5.722 -107.714
v -32.545 5.722 -116.667
f 1432 1431 1430 1429
f 1425 1426 1430 1429
f 1426 1427 1431 1430
f 1427 1428 1432 1431
f 1428 1425 1429 1432
v -21.171 1.636 -109.081
v -9.995 1.636 -106.883
v -12.109 1.636 -96.139
v -23.285 1.636 -98.337
v -21.171 5.536 -109.081
v -9.995 5.536 -106.883
v -12.109 5.536 -96.139
v -23.285 5.536 -98.337
f 1440 1439 1438 1437
f 1433 1434 1438 1437
f 1434 1435 1439 1438
f 1435 1436 1440 1439
f 1436 1433 1437 1440
v -10.949 1.957 -111.080
v -4.475 1.957 -106.893
v -7.071 1.957 -102.880
v -13.545 1.957 -107.067
v -10.949 5.857 -111.080
v -4.475 5.857 -106.893
v -7.071 5.857 -102.880
v -13.545 5.857 -107.067
f 1448 1447 1446 1445
f 1441 1442 1446 1445
f 1442 1443 1447 1446
f 1443 1444 1448 1447
f 1444 1441 1445 1448
v -75.232 3.343 -150.342
v -63.820 3.343 -145.073
v -68.988 3.343 -133.878
v -80.400 3.343 -139.147
v -75.232 7.243 -150.342
v -63.820 7.243 -145.073
v -68.988 7.243 -133.878
v -80.400 7.243 -139.147
f 1456 1455 1454 1453
f 1449 1450 1454 1453
f 1450 1451 1455 1454
f 1451 1452 1456 1455
f 1452 1449 1453 1456
v -68.197 3.479 -135.938
v -60.951 3.479 -127.424
v -68.003 3.479 -121.422
v -75.249 3.479 -129.936
v -68.197 7.379 -135.938
v -60.951 7.379 -127.424
v -68.003 7.379 -121.422
v -75.249 7.379 -129.936
f 1464 1463 1462 1461
f 1457 1458 1462 1461
f 1458 1459 1463 1462
f 1459 1460 1464 1463
f 1460 1457 1461 1464
v -65.870 2.980 -131.625
v -52.190 2.980 -120.905
v -57.230 2.980 -114.475
v -70.910 2.980 -125.195
v -65.870 6.880 -131.625
v -52.190 6.880 -120.905
v -57.230 6.880 -114.475
v -70.910 6.880 -125.195
f 1472 1471 1470 1469
f 1465 1466 1470 1469
f 1466 1467 1471 1470
f 1467 1468 1472 1471
f 1468 1465 1469 1472
v 118.085 1.826 245.695
v 122.053 1.826 248.571
v 119.535 1.826 252.045
v 115.567 1.826 249.169
v 118.085 5.726 245.695
v 122.053 5.726 248.571
v 119.535 5.726 252.045
v 115.567 5.726 249.169
f 1480 1479 1478 1477
f 1473 1474 1478 1477
f 1474 1475 1479 1478
f 1475 1476 1480 1479
f 1476 1473 1477 1480
v 7.218 1.763 185.360
v 15.310 1.763 175.455
v 22.342 1.763 181.200
v 14.250 1.763 191.105
v 7.218 5.663 185.360
v 15.310 5.663 175.455
v 22.342 5.663 181.200
v 14.250 5.663 191.105
f 1488 1487 1486 1485
f 1481 1482 1486 1485
f 1482 1483 1487 1486
f 1483 1484 1488 1487
f 1484 1481 1485 1488
v 21.553 1.922 171.124
v 29.319 1.922 176.074
v 26.207 1.922 180.956
v 18.441 1.922 176.006
v 21.553 5.822 171.124
v 29.319 5.822 176.074
v 26.207 5.822 180.956
v 18.441 5.822 176.006
f 1496 1495 1494 1493
f 1489 1490 1494 1493
f 1490 1491 1495 1494
f 1491 1492 1496 1495
f 1492 1489 1493 1496
v 12.599 2.084 139.082
v 21.893 2.084 145.095
v 16.521 2.084 153.398
v 7.227 2.084 147.385
v 12.599 5.984 139.082
v 21.893 5.984 145.095
v 16.521 5.984 153.398
v 7.227 5.984 147.385
f 1504 1503 1502 1501
f 1497 1498 1502 1501
f 1498 1499 1503 1502
f 1499 1500 1504 1503
f 1500 1497 1501 1504
v 20.347 2.204 151.582
v 28.382 2.204 156.670
v 23.893 2.204 163.758
v 15.858 2.204 158.670
v 20.347 6.104 151.582
v 28.382 6.104 156.670
v 23.893 6.104 163.758
v 15.858 6.104 158.670
f 1512 1511 1510 1509
f 1505 1506 1510 1509
f 1506 1507 1511 1510
f 1507 1508 1512 1511
f 1508 1505 1509 1512
v 28.905 1.764 194.546
v 41.480 1.764 203.262
v 38.575 1.764 207.454
v 26.000 1.764 198.738
v 28.905 5.664 194.546
v 41.480 5.664 203.262
v 38.575 5.664 207.454
v 26.000 5.664 198.738
f 1520 1519 1518 1517
f 1513 1514 1518 1517
f 1514 1515 1519 1518
f 1515 1516 1520 1519
f 1516 1513 1517 1520
v 34.050 1.742 181.211
v 41.268 1.742 170.207
v 46.210 1.742 173.449
v 38.992 1.742 184.453
v 34.050 5.642 181.211
v 41.268 5.642 170.207
v 46.210 5.642 173.449
v 38.992 5.642 184.453
f 1528 1527 1526 1525
f 1521 1522 1526 1525
f 1522 1523 1527 1526
f 1523 1524 1528 1527
f 1524 1521 1525 1528
v 44.029 2.083 177.915
v 49.499 2.083 169.270
v 56.191 2.083 173.505
v 50.721 2.083 182.150
v 44.029 5.983 177.915
v 49.499 5.983 169.270
v 56.191 5.983 173.505
v 50.721 5.983 182.150
f 1536 1535 1534 1533
f 1529 1530 1534 1533
f 1530 1531 1535 1534
f 1531 1532 1536 1535
f 1532 1529 1533 1536
v 26.263 2.145 167.699
v 31.431 2.145 160.417
v 37.637 2.145 164.821
v 32.469 2.145 172.103
v 26.263 6.045 167.699
v 31.431 6.045 160.417
v 37.637 6.045 164.821
v 32.469 6.045 172.103
f 1544 1543 1542 1541
f 1537 1538 1542 1541
f 1538 1539 1543 1542
f 1539 1540 1544 1543
f 1540 1537 1541 1544
v 42.609 2.260 159.249
v 52.167 2.260 165.715
v 48.531 2.260 171.091
v 38.973 2.260 164.625
v 42.609 6.160 159.249
v 52.167 6.160 165.715
v 48.531 6.160 171.091
v 38.973 6.160 164.625
f 1552 1551 1550 1549
f 1545 1546 1550 1549
f 1546 1547 1551 1550
f 1547 1548 1552 1551
f 1548 1545 1549 1552
v 51.246 1.951 169.817
v 58.434 1.951 156.606
v 69.494 1.951 162.623
v 62.306 1.951 175.834
v 51.246 5.851 169.817
v 58.434 5.851 156.606
v 69.494 5.851 162.623
v 62.306 5.851 175.834
f 1560 1559 1558 1557
f 1553 1554 1558 1557
f 1554 1555 1559 1558
f 1555 1556 1560 1559
f 1556 1553 1557 1560
v 69.645 2.154 180.836
v 80.046 2.154 165.585
v 92.215 2.154 173.884
v 81.814 2.154 189.135
v 69.645 6.054 180.836
v 80.046 6.054 165.585
v 92.215 6.054 173.884
v 81.814 6.054 189.135
f 1568 1567 1566 1565
f 1561 1562 1566 1565
f 1562 1563 1567 1566
f 1563 1564 1568 1567
f 1564 1561 1565 1568
v 86.888 1.880 204.291
v 100.975 1.880 187.693
v 108.912 1.880 194.429
v 94.825 1.880 211.027
v 86.888 5.780 204.291
v 100.975 5.780 187.693
v 108.912 5.780 194.429
v 94.825 5.780 211.027
f 1576 1575 1574 1573
f 1569 1570 1574 1573
f 1570 1571 1575 1574
f 1571 1572 1576 1575
f 1572 1569 1573 1576
v 71.386 2.026 149.214
v 83.149 2.026 159.060
v 75.074 2.026 168.706
v 63.311 2.026 158.860
v 71.386 5.926 149.214
v 83.149 5.926 159.060
v 75.074 5.926 168.706
v 63.311 5.926 158.860
f 1584 1583 1582 1581
f 1577 1578 1582 1581
f 1578 1579 1583 1582
f 1579 1580 1584 1583
f 1580 1577 1581 1584
v 63.559 2.084 138.080
v 74.775 2.084 144.673
v 68.481 2.084 155.380
v 57.265 2.084 148.787
v 63.559 5.984 138.080
v 74.775 5.984 144.673
v 68.481 5.984 155.380
v 57.265 5.984 148.787
f 1592 1591 1590 1589
f 1585 1586 1590 1589
f 1586 1587 1591 1590
f 1587 1588 1592 1591
f 1588 1585 1589 1592
v 50.816 2.245 126.652
v 67.069 2.245 134.249
v 61.844 2.245 145.428
v 45.591 2.245 137.831
v 50.816 6.145 126.652
v 67.069 6.145 134.249
v 61.844 6.145 145.428
v 45.591 6.145 137.831
f 1600 1599 1598 1597
f 1593 1594 1598 1597
f 1594 1595 1599 1598
f 1595 1596 1600 1599
f 1596 1593 1597 1600
v 42.791 1.783 135.942
v 46.893 1.783 136.975
v 45.869 1.783 141.038
v 41.767 1.783 140.005
v 42.791 5.683 135.942
v 46.893 5.683 136.975
v 45.869 5.683 141.038
v 41.767 5.683 140.005
f 1608 1607 1606 1605
f 1601 1602 1606 1605
f 1602 1603 1607 1606
f 1603 1604 1608 1607
f 1604 1601 1605 1608
v 35.600 2.310 137.857
v 48.065 2.310 150.662
v 38.900 2.310 159.583
v 26.435 2.310 146.778
v 35.600 6.210 137.857
v 48.065 6.210 150.662
v 38.900 6.210 159.583
v 26.435 6.210 146.778
f 1616 1615 1614 1613
f 1609 1610 1614 1613
f 1610 1611 1615 1614
f 1611 1612 1616 1615
f 1612 1609 1613 1616
v 37.591 2.293 152.073
v 48.267 2.293 158.989
v 44.809 2.293 164.327
v 34.133 2.293 157.411
v 37.591 6.193 152.073
v 48.267 6.193 158.989
v 44.809 6.193 164.327
v 34.133 6.193 157.411
f 1624 1623 1622 1621
f 1617 1618 1622 1621
f 1618 1619 1623 1622
f 1619 1620 1624 1623
f 1620 1617 1621 1624
v 243.765 1.264 -152.347
v 252.316 1.264 -165.215
v 257.255 1.264 -161.933
v 248.704 1.264 -149.065
v 243.765 5.164 -152.347
v 252.316 5.164 -165.215
v 257.255 5.164 -161.933
v 248.704 5.164 -149.065
f 1632 1631 1630 1629
f 1625 1626 1630 1629
f 1626 1627 1631 1630
f 1627 1628 1632 1631
f 1628 1625 1629 1632
v 236.486 1.344 -144.983
v 246.915 1.344 -159.740
v 252.974 1.344 -155.457
v 242.545 1.344 -140.700
v 236.486 5.244 -144.983
v 246.915 5.244 -159.740
v 252.974 5.244 -155.457
v 242.545 5.244 -140.700
f 1640 1639 1638 1637
f 1633 1634 1638 1637
f 1634 1635 1639 1638
f 1635 1636 1640 1639
f 1636 1633 1637 1640
v 252.640 1.349 -140.632
v 256.033 1.349 -146.269
v 258.560 1.349 -144.748
v 255.167 1.349 -139.111
v 252.640 5.249 -140.632
v 256.033 5.249 -146.269
v 258.560 5.249 -144.748
v 255.167 5.249 -139.111
f 1648 1647 1646 1645
f 1641 1642 1646 1645
f 1642 1643 1647 1646
f 1643 1644 1648 1647
f 1644 1641 1645 1648
v 229.250 1.236 -138.604
v 239.449 1.236 -153.436
v 246.750 1.236 -148.416
v 236.551 1.236 -133.584
v 229.250 5.136 -138.604
v 239.449 5.136 -153.436
v 246.750 5.136 -148.416
v 236.551 5.136 -133.584
f 1656 1655 1654 1653
f 1649 1650 1654 1653
f 1650 1651 1655 1654
f 1651 1652 1656 1655
f 1652 1649 1653 1656
v 218.097 1.230 -135.777
v 229.860 1.230 -150.927
v 236.203 1.230 -146.003
v 224.440 1.230 -130.853
v 218.097 5.130 -135.777
v 229.860 5.130 -150.927
v 236.203 5.130 -146.003
v 224.440 5.130 -130.853
f 1664 1663 1662 1661
f 1657 1658 1662 1661
f 1658 1659 1663 1662
f 1659 1660 1664 1663
f 1660 1657 1661 1664
v 211.681 1.322 -134.010
v 220.911 1.322 -147.433
v 226.819 1.322 -143.370
v 217.589 1.322 -129.947
v 211.681 5.222 -134.010
v 220.911 5.222 -147.433
v 226.819 5.222 -143.370
v 217.589 5.222 -129.947
f 1672 1671 1670 1669
f 1665 1666 1670 1669
f 1666 1667 1671 1670
f 1667 1668 1672 1671
f 1668 1665 1669 1672
v 206.117 1.313 -126.858
v 216.167 1.313 -141.050
v 221.063 1.313 -137.582
v 211.013 1.313 -123.390
v 206.117 5.213 -126.858
v 216.167 5.213 -141.050
v 221.063 5.213 -137.582
v 211.013 5.213 -123.390
f 1680 1679 1678 1677
f 1673 1674 1678 1677
f 1674 1675 1679 1678
f 1675 1676 1680 1679
f 1676 1673 1677 1680
v 200.924 1.276 -122.087
v 210.206 1.276 -135.364
v 215.656 1.276 -131.553
v 206.374 1.276 -118.276
v 200.924 5.176 -122.087
v 210.206 5.176 -135.364
v 215.656 5.176 -131.553
v 206.374 5.176 -118.276
f 1688 1687 1686 1685
f 1681 1682 1686 1685
f 1682 1683 1687 1686
f 1683 1684 1688 1687
f 1684 1681 1685 1688
v 193.758 1.329 -122.071
v 201.265 1.329 -133.014
v 206.782 1.329 -129.229
v 199.275 1.329 -118.286
v 193.758 5.229 -122.071
v 201.265 5.229 -133.014
v 206.782 5.229 -129.229
v 199.275 5.229 -118.286
f 1696 1695 1694 1693
f 1689 1690 1694 1693
f 1690 1691 1695 1694
f 1691 1692 1696 1695
f 1692 1689 1693 1696
v 188.443 1.397 -116.019
v 196.800 1.397 -128.439
v 202.177 1.397 -124.821
v 193.820 1.397 -112.401
v 188.443 5.297 -116.019
v 196.800 5.297 -128.439
v 202.177 5.297 -124.821
v 193.820 5.297 -112.401
f 1704 1703 1702 1701
f 1697 1698 1702 1701
f 1698 1699 1703 1702
f 1699 1700 1704 1703
f 1700 1697 1701 1704
v 182.625 1.364 -114.687
v 188.761 1.364 -123.889
v 193.495 1.364 -120.733
v 187.359 1.364 -111.531
v 182.625 5.264 -114.687
v 188.761 5.264 -123.889
v 193.495 5.264 -120.733
v 187.359 5.264 -111.531
f 1712 1711 1710 1709
f 1705 1706 1710 1709
f 1706 1707 1711 1710
f 1707 1708 1712 1711
f 1708 1705 1709 1712
v 194.685 1.246 -101.688
v 203.464 1.246 -96.112
v 199.095 1.246 -89.232
v 190.316 1.246 -94.808
v 194.685 5.146 -101.688
v 203.464 5.146 -96.112
v 199.095 5.146 -89.232
v 190.316 5.146 -94.808
f 1720 1719 1718 1717
f 1713 1714 1718 1717
f 1714 1715 1719 1718
f 1715 1716 1720 1719
f 1716 1713 1717 1720
v 203.383 1.327 -107.984
v 212.015 1.327 -102.130
v 208.317 1.327 -96.676
v 199.685 1.327 -102.530
v 203.383 5.227 -107.984
v 212.015 5.227 -102.130
v 208.317 5.227 -96.676
v 199.685 5.227 -102.530
f 1728 1727 1726 1725
f 1721 1722 1726 1725
f 1722 1723 1727 1726
f 1723 1724 1728 1727
f 1724 1721 1725 1728
v 210.353 1.515 -112.471
v 214.129 1.515 -110.006
v 212.707 1.515 -107.829
v 208.931 1.515 -110.294
v 210.353 5.415 -112.471
v 214.129 5.415 -110.006
v 212.707 5.415 -107.829
v 208.931 5.415 -110.294
f 1736 1735 1734 1733
f 1729 1730 1734 1733
f 1730 1731 1735 1734
f 1731 1732 1736 1735
f 1732 1729 1733 1736
v 214.780 1.470 -107.940
v 220.573 1.470 -116.017
v 225.700 1.470 -112.340
v 219.907 1.470 -104.263
v 214.780 5.370 -107.940
v 220.573 5.370 -116.017
v 225.700 5.370 -112.340
v 219.907 5.370 -104.263
f 1744 1743 1742 1741
f 1737 1738 1742 1741
f 1738 1739 1743 1742
f 1739 1740 1744 1743
f 1740 1737 1741 1744
v 227.523 1.211 -115.948
v 232.870 1.211 -122.913
v 237.717 1.211 -119.192
v 232.370 1.211 -112.227
v 227.523 5.111 -115.948
v 232.870 5.111 -122.913
v 237.717 5.111 -119.192
v 232.370 5.111 -112.227
f 1752 1751 1750 1749
f 1745 1746 1750 1749
f 1746 1747 1751 1750
f 1747 1748 1752 1751
f 1748 1745 1749 1752
v 246.396 1.480 -134.049
v 252.279 1.480 -125.595
v 244.744 1.480 -120.351
v 238.861 1.480 -128.805
v 246.396 5.380 -134.049
v 252.279 5.380 -125.595
v 244.744 5.380 -120.351
v 238.861 5.380 -128.805
f 1760 1759 1758 1757
f 1753 1754 1758 1757
f 1754 1755 1759 1758
f 1755 1756 1760 1759
f 1756 1753 1757 1760
v 221.618 2.356 259.851
v 245.217 2.356 222.408
v 262.162 2.356 233.089
v 238.563 2.356 270.532
v 221.618 8.156 259.851
v 245.217 8.156 222.408
v 262.162 8.156 233.089
v 238.563 8.156 270.532
f 1768 1767 1766 1765
f 1761 1762 1766 1765
f 1762 1763 1767 1766
f 1763 1764 1768 1767
f 1764 1761 1765 1768
v 238.128 1.761 230.124
v 249.900 1.761 212.134
v 261.732 1.761 219.876
v 249.960 1.761 237.866
v 238.128 5.661 230.124
v 249.900 5.661 212.134
v 261.732 5.661 219.876
v 249.960 5.661 237.866
f 1776 1775 1774 1773
f 1769 1770 1774 1773
f 1770 1771 1775 1774
f 1771 1772 1776 1775
f 1772 1769 1773 1776
v 149.098 2.036 14.486
v 154.547 2.036 6.280
v 160.262 2.036 10.074
v 154.813 2.036 18.280
v 149.098 11.336 14.486
v 154.547 11.336 6.280
v 160.262 11.336 10.074
v 154.813 11.336 18.280
f 1784 1783 1782 1781
f 1777 1778 1782 1781
f 1778 1779 1783 1782
f 1779 1780 1784 1783
f 1780 1777 1781 1784
v 188.304 1.533 -11.164
v 191.954 1.533 -14.373
v 195.116 1.533 -10.776
v 191.466 1.533 -7.567
v 188.304 5.433 -11.164
v 191.954 5.433 -14.373
v 195.116 5.433 -10.776
v 191.466 5.433 -7.567
f 1792 1791 1790 1789
f 1785 1786 1790 1789
f 1786 1787 1791 1790
f 1787 1788 1792 1791
f 1788 1785 1789 1792
v 163.958 1.558 -18.058
v 171.336 1.558 -13.116
v 167.402 1.558 -7.242
v 160.024 1.558 -12.184
v 163.958 5.458 -18.058
v 171.336 5.458 -13.116
v 167.402 5.458 -7.242
v 160.024 5.458 -12.184
f 1800 1799 1798 1797
f 1793 1794 1798 1797
f 1794 1795 1799 1798
f 1795 1796 1800 1799
f 1796 1793 1797 1800
v 153.401 1.539 -10.583
v 160.636 1.539 -6.475
v 157.299 1.539 -0.597
v 150.064 1.539 -4.705
v 153.401 5.439 -10.583
v 160.636 5.439 -6.475
v 157.299 5.439 -0.597
v 150.064 5.439 -4.705
f 1808 1807 1806 1805
f 1801 1802 1806 1805
f 1802 1803 1807 1806
f 1803 1804 1808 1807
f 1804 1801 1805 1808
v 135.875 1.812 -4.580
v 143.235 1.812 0.530
v 139.145 1.812 6.420
v 131.785 1.812 1.310
v 135.875 5.712 -4.580
v 143.235 5.712 0.530
v 139.145 5.712 6.420
v 131.785 5.712 1.310
f 1816 1815 1814 1813
f 1809 1810 1814 1813
f 1810 1811 1815 1814
f 1811 1812 1816 1815
f 1812 1809 1813 1816
v 156.007 1.654 -18.941
v 159.109 1.654 -26.076
v 164.253 1.654 -23.839
v 161.151 1.654 -16.704
v 156.007 5.554 -18.941
v 159.109 5.554 -26.076
v 164.253 5.554 -23.839
v 161.151 5.554 -16.704
f 1824 1823 1822 1821
f 1817 1818 1822 1821
f 1818 1819 1823 1822
f 1819 1820 1824 1823
f 1820 1817 1821 1824
v 149.272 1.611 -15.180
v 154.064 1.611 -21.511
v 158.648 1.611 -18.040
v 153.856 1.611 -11.709
v 149.272 5.511 -15.180
v 154.064 5.511 -21.511
v 158.648 5.511 -18.040
v 153.856 5.511 -11.709
f 1832 1831 1830 1829
f 1825 1826 1830 1829
f 1826 1827 1831 1830
f 1827 1828 1832 1831
f 1828 1825 1829 1832
v 144.060 1.651 -11.410
v 147.452 1.651 -18.244
v 152.880 1.651 -15.550
v 149.488 1.651 -8.716
v 144.060 5.551 -11.410
v 147.452 5.551 -18.244
v 152.880 5.551 -15.550
v 149.488 5.551 -8.716
f 1840 1839 1838 1837
f 1833 1834 1838 1837
f 1834 1835 1839 1838
f 1835 1836 1840 1839
f 1836 1833 1837 1840
v -127.746 3.880 -50.661
v -122.789 3.880 -64.234
v -113.874 3.880 -60.979
v -118.831 3.880 -47.406
v -127.746 7.780 -50.661
v -122.789 7.780 -64.234
v -113.874 7.780 -60.979
v -118.831 7.780 -47.406
f 1848 1847 1846 1845
f 1841 1842 1846 1845
f 1842 1843 1847 1846
f 1843 1844 1848 1847
f 1844 1841 1845 1848
v -121.695 3.852 -55.682
v -113.378 3.852 -68.310
v -107.925 3.852 -64.718
v -116.242 3.852 -52.090
v -121.695 7.752 -55.682
v -113.378 7.752 -68.310
v -107.925 7.752 -64.718
v -116.242 7.752 -52.090
f 1856 1855 1854 1853
f 1849 1850 1854 1853
f 1850 1851 1855 1854
f 1851 1852 1856 1855
f 1852 1849 1853 1856
v -118.738 4.013 -44.558
v -114.594 4.013 -50.470
v -109.362 4.013 -46.802
v -113.506 4.013 -40.890
v -118.738 7.913 -44.558
v -114.594 7.913 -50.470
v -109.362 7.913 -46.802
v -113.506 7.913 -40.890
f 1864 1863 1862 1861
f 1857 1858 1862 1861
f 1858 1859 1863 1862
f 1859 1860 1864 1863
f 1860 1857 1861 1864
v -109.013 3.883 -56.086
v -101.856 3.883 -50.983
v -105.827 3.883 -45.414
v -112.984 3.883 -50.517
v -109.013 7.783 -56.086
v -101.856 7.783 -50.983
v -105.827 7.783 -45.414
v -112.984 7.783 -50.517
f 1872 1871 1870 1869
f 1865 1866 1870 1869
f 1866 1867 1871 1870
f 1867 1868 1872 1871
f 1868 1865 1869 1872
v -115.110 3.908 -25.101
v -100.313 3.908 -15.314
v -105.350 3.908 -7.699
v -120.147 3.908 -17.486
v -115.110 7.808 -25.101
v -100.313 7.808 -15.314
v -105.350 7.808 -7.699
v -120.147 7.808 -17.486
f 1880 1879 1878 1877
f 1873 1874 1878 1877
f 1874 1875 1879 1878
f 1875 1876 1880 1879
f 1876 1873 1877 1880
v -111.522 3.607 -11.488
v -97.683 3.607 -1.702
v -102.498 3.607 5.108
v -116.337 3.607 -4.678
v -111.522 7.507 -11.488
v -97.683 7.507 -1.702
v -102.498 7.507 5.108
v -116.337 7.507 -4.678
f 1888 1887 1886 1885
f 1881 1882 1886 1885
f 1882 1883 1887 1886
f 1883 1884 1888 1887
f 1884 1881 1885 1888
v -92.380 2.957 20.566
v -80.918 2.957 27.468
v -83.920 2.957 32.454
v -95.382 2.957 25.552
v -92.380 6.857 20.566
v -80.918 6.857 27.468
v -83.920 6.857 32.454
v -95.382 6.857 25.552
f 1896 1895 1894 1893
f 1889 1890 1894 1893
f 1890 1891 1895 1894
f 1891 1892 1896 1895
f 1892 1889 1893 1896
v -80.550 2.859 22.760
v -68.813 2.859 41.012
v -85.030 2.859 51.440
v -96.767 2.859 33.188
v -80.550 6.759 22.760
v -68.813 6.759 41.012
v -85.030 6.759 51.440
v -96.767 6.759 33.188
f 1904 1903 1902 1901
f 1897 1898 1902 1901
f 1898 1899 1903 1902
f 1899 1900 1904 1903
f 1900 1897 1901 1904
v -77.380 2.380 31.463
v -69.637 2.380 20.552
v -61.400 2.380 26.397
v -69.143 2.380 37.308
v -77.380 6.280 31.463
v -69.637 6.280 20.552
v -61.400 6.280 26.397
v -69.143 6.280 37.308
f 1912 1911 1910 1909
f 1905 1906 1910 1909
f 1906 1907 1911 1910
f 1907 1908 1912 1911
f 1908 1905 1909 1912
v -65.445 2.302 18.552
v -53.797 2.302 5.788
v -47.135 2.302 11.868
v -58.783 2.302 24.632
v -65.445 6.202 18.552
v -53.797 6.202 5.788
v -47.135 6.202 11.868
v -58.783 6.202 24.632
f 1920 1919 1918 1917
f 1913 1914 1918 1917
f 1914 1915 1919 1918
f 1915 1916 1920 1919
f 1916 1913 1917 1920
v -55.617 2.357 12.076
v -45.818 2.357 -0.547
v -38.203 2.357 5.364
v -48.002 2.357 17.987
v -55.617 6.257 12.076
v -45.818 6.257 -0.547
v -38.203 6.257 5.364
v -48.002 6.257 17.987
f 1928 1927 1926 1925
f 1921 1922 1926 1925
f 1922 1923 1927 1926
f 1923 1924 1928 1927
f 1924 1921 1925 1928
v -46.589 2.047 6.781
v -37.180 2.047 -10.276
v -29.431 2.047 -6.001
v -38.840 2.047 11.056
v -46.589 5.947 6.781
v -37.180 5.947 -10.276
v -29.431 5.947 -6.001
v -38.840 5.947 11.056
f 1936 1935 1934 1933
f 1929 1930 1934 1933
f 1930 1931 1935 1934
f 1931 1932 1936 1935
f 1932 1929 1933 1936
v -32.933 1.823 -11.285
v -18.877 1.823 -21.267
v -8.727 1.823 -6.975
v -22.783 1.823 3.007
v -32.933 5.723 -11.285
v -18.877 5.723 -21.267
v -8.727 5.723 -6.975
v -22.783 5.723 3.007
f 1944 1943 1942 1941
f 1937 1938 1942 1941
f 1938 1939 1943 1942
f 1939 1940 1944 1943
f 1940 1937 1941 1944
v -85.111 3.310 -4.148
v -76.971 3.310 -16.148
v -66.569 3.310 -9.092
v -74.709 3.310 2.908
v -85.111 7.210 -4.148
v -76.971 7.210 -16.148
v -66.569 7.210 -9.092
v -74.709 7.210 2.908
f 1952 1951 1950 1949
f 1945 1946 1950 1949
f 1946 1947 1951 1950
f 1947 1948 1952 1951
f 1948 1945 1949 1952
v -56.375 3.189 -43.229
v -42.571 3.189 -17.839
v -59.545 3.189 -8.611
v -73.349 3.189 -34.001
v -56.375 7.089 -43.229
v -42.571 7.089 -17.839
v -59.545 7.089 -8.611
v -73.349 7.089 -34.001
f 1960 1959 1958 1957
f 1953 1954 1958 1957
f 1954 1955 1959 1958
f 1955 1956 1960 1959
f 1956 1953 1957 1960
v -44.383 2.225 -29.000
v -37.689 2.225 -39.307
v -30.317 2.225 -34.520
v -37.011 2.225 -24.213
v -44.383 6.125 -29.000
v -37.689 6.125 -39.307
v -30.317 6.125 -34.520
v -37.011 6.125 -24.213
f 1968 1967 1966 1965
f 1961 1962 1966 1965
f 1962 1963 1967 1966
f 1963 1964 1968 1967
f 1964 1961 1965 1968
v -43.278 2.259 -58.253
v -29.870 2.259 -48.809
v -37.282 2.259 -38.287
v -50.690 2.259 -47.731
v -43.278 6.159 -58.253
v -29.870 6.159 -48.809
v -37.282 6.159 -38.287
v -50.690 6.159 -47.731
f 1976 1975 1974 1973
f 1969 1970 1974 1973
f 1970 1971 1975 1974
f 1971 1972 1976 1975
f 1972 1969 1973 1976
v -1.973 1.466 -29.897
v 12.173 1.466 -21.540
v 6.233 1.466 -11.483
v -7.913 1.466 -19.840
v -1.973 5.366 -29.897
v 12.173 5.366 -21.540
v 6.233 5.366 -11.483
v -7.913 5.366 -19.840
f 1984 1983 1982 1981
f 1977 1978 1982 1981
f 1978 1979 1983 1982
f 1979 1980 1984 1983
f 1980 1977 1981 1984
v -6.382 1.427 -46.291
v 8.134 1.427 -33.861
v -1.518 1.427 -22.589
v -16.034 1.427 -35.019
v -6.382 5.327 -46.291
v 8.134 5.327 -33.861
v -1.518 5.327 -22.589
v -16.034 5.327 -35.019
f 1992 1991 1990 1989
f 1985 1986 1990 1989
f 1986 1987 1991 1990
f 1987 1988 1992 1991
f 1988 1985 1989 1992
v -14.505 1.821 -56.983
v -2.338 1.821 -50.907
v -8.275 1.821 -39.017
v -20.442 1.821 -45.093
v -14.505 5.721 -56.983
v -2.338 5.721 -50.907
v -8.275 5.721 -39.017
v -20.442 5.721 -45.093
f 2000 1999 1998 1997
f 1993 1994 1998 1997
f 1994 1995 1999 1998
f 1995 1996 2000 1999
f 1996 1993 1997 2000
v -15.015 1.898 -70.537
v -14.127 1.898 -54.682
v -28.385 1.898 -53.883
v -29.273 1.898 -69.738
v -15.015 5.798 -70.537
v -14.127 5.798 -54.682
v -28.385 5.798 -53.883
v -29.273 5.798 -69.738
f 2008 2007 2006 2005
f 2001 2002 2006 2005
f 2002 2003 2007 2006
f 2003 2004 2008 2007
f 2004 2001 2005 2008
v -33.343 2.020 -82.196
v -20.593 2.020 -74.256
v -25.657 2.020 -66.124
v -38.407 2.020 -74.064
v -33.343 5.920 -82.196
v -20.593 5.920 -74.256
v -25.657 5.920 -66.124
v -38.407 5.920 -74.064
f 2016 2015 2014 2013
f 2009 2010 2014 2013
f 2010 2011 2015 2014
f 2011 2012 2016 2015
f 2012 2009 2013 2016
v -38.962 2.088 -88.938
v -26.102 2.088 -80.613
v -30.058 2.088 -74.502
v -42.918 2.088 -82.827
v -38.962 5.988 -88.938
v -26.102 5.988 -80.613
v -30.058 5.988 -74.502
v -42.918 5.988 -82.827
f 2024 2023 2022 2021
f 2017 2018 2022 2021
f 2018 2019 2023 2022
f 2019 2020 2024 2023
f 2020 2017 2021 2024
v -41.379 2.170 -94.645
v -31.574 2.170 -87.867
v -34.901 2.170 -83.055
v -44.706 2.170 -89.833
v -41.379 6.070 -94.645
v -31.574 6.070 -87.867
v -34.901 6.070 -83.055
v -44.706 6.070 -89.833
f 2032 2031 2030 2029
f 2025 2026 2030 2029
f 2026 2027 2031 2030
f 2027 2028 2032 2031
f 2028 2025 2029 2032
v -54.783 2.445 -64.042
v -46.967 2.445 -75.257
v -41.257 2.445 -71.278
v -49.073 2.445 -60.063
v -54.783 6.345 -64.042
v -46.967 6.345 -75.257
v -41.257 6.345 -71.278
v -49.073 6.345 -60.063
f 2040 2039 2038 2037
f 2033 2034 2038 2037
f 2034 2035 2039 2038
f 2035 2036 2040 2039
f 2036 2033 2037 2040
v -65.955 2.882 -82.459
v -51.203 2.882 -71.496
v -56.505 2.882 -64.361
v -71.257 2.882 -75.324
v -65.955 6.782 -82.459
v -51.203 6.782 -71.496
v -56.505 6.782 -64.361
v -71.257 6.782 -75.324
f 2048 2047 2046 2045
f 2041 2042 2046 2045
f 2042 2043 2047 2046
f 2043 2044 2048 2047
f 2044 2041 2045 2048
v -99.140 3.913 -64.358
v -85.070 3.913 -83.813
v -79.220 3.913 -79.582
v -93.290 3.913 -60.127
v -99.140 7.813 -64.358
v -85.070 7.813 -83.813
v -79.220 7.813 -79.582
v -93.290 7.813 -60.127
f 2056 2055 2054 2053
f 2049 2050 2054 2053
f 2050 2051 2055 2054
f 2051 2052 2056 2055
f 2052 2049 2053 2056
v -85.431 3.573 -89.424
v -78.957 3.573 -97.019
v -72.009 3.573 -91.096
v -78.483 3.573 -83.501
v -85.431 7.473 -89.424
v -78.957 7.473 -97.019
v -72.009 7.473 -91.096
v -78.483 7.473 -83.501
f 2064 2063 2062 2061
f 2057 2058 2062 2061
f 2058 2059 2063 2062
f 2059 2060 2064 2063
f 2060 2057 2061 2064
v -58.140 2.737 -109.650
v -33.989 2.737 -101.008
v -38.840 2.737 -87.450
v -62.991 2.737 -96.092
v -58.140 6.637 -109.650
v -33.989 6.637 -101.008
v -38.840 6.637 -87.450
v -62.991 6.637 -96.092
f 2072 2071 2070 2069
f 2065 2066 2070 2069
f 2066 2067 2071 2070
f 2067 2068 2072 2071
f 2068 2065 2069 2072
v -68.517 3.053 -106.958
v -59.337 3.053 -100.952
v -62.863 3.053 -95.562
v -72.043 3.053 -101.568
v -68.517 6.953 -106.958
v -59.337 6.953 -100.952
v -62.863 6.953 -95.562
v -72.043 6.953 -101.568
f 2080 2079 2078 2077
f 2073 2074 2078 2077
f 2074 2075 2079 2078
f 2075 2076 2080 2079
f 2076 2073 2077 2080
v -56.786 2.821 -117.012
v -45.268 2.821 -109.196
v -49.114 2.821 -103.528
v -60.632 2.821 -111.344
v -56.786 6.721 -117.012
v -45.268 6.721 -109.196
v -49.114 6.721 -103.528
v -60.632 6.721 -111.344
f 2088 2087 2086 2085
f 2081 2082 2086 2085
f 2082 2083 2087 2086
f 2083 2084 2088 2087
f 2084 2081 2085 2088
v -111.402 3.783 -65.453
v -104.566 3.783 -75.181
v -99.338 3.783 -71.507
v -106.174 3.783 -61.779
v -111.402 7.683 -65.453
v -104.566 7.683 -75.181
v -99.338 7.683 -71.507
v -106.174 7.683 -61.779
f 2096 2095 2094 2093
f 2089 2090 2094 2093
f 2090 2091 2095 2094
f 2091 2092 2096 2095
f 2092 2089 2093 2096
v -101.927 3.679 -49.605
v -93.498 3.679 -61.587
v -87.993 3.679 -57.715
v -96.422 3.679 -45.733
v -101.927 7.579 -49.605
v -93.498 7.579 -61.587
v -87.993 7.579 -57.715
v -96.422 7.579 -45.733
f 2104 2103 2102 2101
f 2097 2098 2102 2101
f 2098 2099 2103 2102
f 2099 2100 2104 2103
f 2100 2097 2101 2104
v -80.366 3.501 -40.585
v -70.753 3.501 -55.625
v -65.074 3.501 -51.995
v -74.687 3.501 -36.955
v -80.366 7.401 -40.585
v -70.753 7.401 -55.625
v -65.074 7.401 -51.995
v -74.687 7.401 -36.955
f 2112 2111 2110 2109
f 2105 2106 2110 2109
f 2106 2107 2111 2110
f 2107 2108 2112 2111
f 2108 2105 2109 2112
v -83.742 3.471 -35.815
v -77.887 3.471 -44.985
v -73.378 3.471 -42.105
v -79.233 3.471 -32.935
v -83.742 7.371 -35.815
v -77.887 7.371 -44.985
v -73.378 7.371 -42.105
v -79.233 7.371 -32.935
f 2120 2119 2118 2117
f 2113 2114 2118 2117
f 2114 2115 2119 2118
f 2115 2116 2120 2119
f 2116 2113 2117 2120
v -92.737 3.848 -30.904
v -86.920 3.848 -40.122
v -80.003 3.848 -35.756
v -85.820 3.848 -26.538
v -92.737 7.748 -30.904
v -86.920 7.748 -40.122
v -80.003 7.748 -35.756
v -85.820 7.748 -26.538
f 2128 2127 2126 2125
f 2121 2122 2126 2125
f 2122 2123 2127 2126
f 2123 2124 2128 2127
f 2124 2121 2125 2128
v -104.547 3.500 -23.903
v -96.050 3.500 -38.268
v -88.493 3.500 -33.797
v -96.990 3.500 -19.432
v -104.547 7.400 -23.903
v -96.050 7.400 -38.268
v -88.493 7.400 -33.797
v -96.990 7.400 -19.432
f 2136 2135 2134 2133
f 2129 2130 2134 2133
f 2130 2131 2135 2134
f 2131 2132 2136 2135
f 2132 2129 2133 2136
v -9.690 1.797 -93.641
v 2.598 1.797 -86.328
v -1.550 1.797 -79.359
v -13.838 1.797 -86.672
v -9.690 5.697 -93.641
v 2.598 5.697 -86.328
v -1.550 5.697 -79.359
v -13.838 5.697 -86.672
f 2144 2143 2142 2141
f 2137 2138 2142 2141
f 2138 2139 2143 2142
f 2139 2140 2144 2143
f 2140 2137 2141 2144
v -13.439 1.487 -97.162
v -3.207 1.487 -90.759
v -6.061 1.487 -86.198
v -16.293 1.487 -92.601
v -13.439 5.387 -97.162
v -3.207 5.387 -90.759
v -6.061 5.387 -86.198
v -16.293 5.387 -92.601
f 2152 2151 2150 2149
f 2145 2146 2150 2149
f 2146 2147 2151 2150
f 2147 2148 2152 2151
f 2148 2145 2149 2152
v -0.330 1.516 -107.764
v 9.904 1.516 -99.877
v 5.710 1.516 -94.436
v -4.524 1.516 -102.323
v -0.330 5.416 -107.764
v 9.904 5.416 -99.877
v 5.710 5.416 -94.436
v -4.524 5.416 -102.323
f 2160 2159 2158 2157
f 2153 2154 2158 2157
f 2154 2155 2159 2158
f 2155 2156 2160 2159
f 2156 2153 2157 2160
v 7.755 1.358 -99.813
v 14.507 1.358 -96.110
v 11.785 1.358 -91.147
v 5.033 1.358 -94.850
v 7.755 5.258 -99.813
v 14.507 5.258 -96.110
v 11.785 5.258 -91.147
v 5.033 5.258 -94.850
f 2168 2167 2166 2165
f 2161 2162 2166 2165
f 2162 2163 2167 2166
f 2163 2164 2168 2167
f 2164 2161 2165 2168
v 12.922 1.123 -92.704
v 18.456 1.123 -88.873
v 15.758 1.123 -84.976
v 10.224 1.123 -88.807
v 12.922 5.023 -92.704
v 18.456 5.023 -88.873
v 15.758 5.023 -84.976
v 10.224 5.023 -88.807
f 2176 2175 2174 2173
f 2169 2170 2174 2173
f 2170 2171 2175 2174
f 2171 2172 2176 2175
f 2172 2169 2173 2176
v -0.612 1.413 -79.312
v 9.029 1.413 -73.437
v 4.892 1.413 -66.648
v -4.749 1.413 -72.523
v -0.612 5.313 -79.312
v 9.029 5.313 -73.437
v 4.892 5.313 -66.648
v -4.749 5.313 -72.523
f 2184 2183 2182 2181
f 2177 2178 2182 2181
f 2178 2179 2183 2182
f 2179 2180 2184 2183
f 2180 2177 2181 2184
v 2.943 1.131 -77.751
v 22.216 1.131 -65.383
v 18.717 1.131 -59.929
v -0.556 1.131 -72.297
v 2.943 5.031 -77.751
v 22.216 5.031 -65.383
v 18.717 5.031 -59.929
v -0.556 5.031 -72.297
f 2192 2191 2190 2189
f 2185 2186 2190 2189
f 2186 2187 2191 2190
f 2187 2188 2192 2191
f 2188 2185 2189 2192
v 6.875 1.132 -69.864
v 23.800 1.132 -59.115
v 20.905 1.132 -54.556
v 3.980 1.132 -65.305
v 6.875 5.032 -69.864
v 23.800 5.032 -59.115
v 20.905 5.032 -54.556
v 3.980 5.032 -65.305
f 2200 2199 2198 2197
f 2193 2194 2198 2197
f 2194 2195 2199 2198
f 2195 2196 2200 2199
f 2196 2193 2197 2200
v 15.256 1.420 -65.564
v 29.273 1.420 -55.271
v 24.284 1.420 -48.476
v 10.267 1.420 -58.769
v 15.256 5.320 -65.564
v 29.273 5.320 -55.271
v 24.284 5.320 -48.476
v 10.267 5.320 -58.769
f 2208 2207 2206 2205
f 2201 2202 2206 2205
f 2202 2203 2207 2206
f 2203 2204 2208 2207
f 2204 2201 2205 2208
v 16.398 1.570 -53.965
v 29.921 1.570 -45.172
v 26.842 1.570 -40.435
v 13.319 1.570 -49.228
v 16.398 5.470 -53.965
v 29.921 5.470 -45.172
v 26.842 5.470 -40.435
v 13.319 5.470 -49.228
f 2216 2215 2214 2213
f 2209 2210 2214 2213
f 2210 2211 2215 2214
f 2211 2212 2216 2215
f 2212 2209 2213 2216
v 23.666 1.734 -47.279
v 36.139 1.734 -38.875
v 30.294 1.734 -30.201
v 17.821 1.734 -38.605
v 23.666 5.634 -47.279
v 36.139 5.634 -38.875
v 30.294 5.634 -30.201
v 17.821 5.634 -38.605
f 2224 2223 2222 2221
f 2217 2218 2222 2221
f 2218 2219 2223 2222
f 2219 2220 2224 2223
f 2220 2217 2221 2224
v 36.162 1.346 -43.914
v 41.735 1.346 -51.185
v 47.918 1.346 -46.446
v 42.345 1.346 -39.175
v 36.162 5.246 -43.914
v 41.735 5.246 -51.185
v 47.918 5.246 -46.446
v 42.345 5.246 -39.175
f 2232 2231 2230 2229
f 2225 2226 2230 2229
f 2226 2227 2231 2230
f 2227 2228 2232 2231
f 2228 2225 2229 2232
v 35.593 0.985 -90.538
v 46.994 0.985 -107.695
v 57.247 0.985 -100.882
v 45.846 0.985 -83.725
v 35.593 4.885 -90.538
v 46.994 4.885 -107.695
v 57.247 4.885 -100.882
v 45.846 4.885 -83.725
f 2240 2239 2238 2237
f 2233 2234 2238 2237
f 2234 2235 2239 2238
f 2235 2236 2240 2239
f 2236 2233 2237 2240
v 69.621 1.265 -101.252
v 83.216 1.265 -92.405
v 79.599 1.265 -86.848
v 66.004 1.265 -95.695
v 69.621 5.165 -101.252
v 83.216 5.165 -92.405
v 79.599 5.165 -86.848
v 66.004 5.165 -95.695
f 2248 2247 2246 2245
f 2241 2242 2246 2245
f 2242 2243 2247 2246
f 2243 2244 2248 2247
f 2244 2241 2245 2248
v 61.413 1.466 -60.897
v 65.824 1.466 -75.275
v 75.967 1.466 -72.163
v 71.556 1.466 -57.785
v 61.413 5.366 -60.897
v 65.824 5.366 -75.275
v 75.967 5.366 -72.163
v 71.556 5.366 -57.785
f 2256 2255 2254 2253
f 2249 2250 2254 2253
f 2250 2251 2255 2254
f 2251 2252 2256 2255
f 2252 2249 2253 2256
v 45.194 1.108 -76.212
v 54.127 1.108 -70.232
v 48.446 1.108 -61.748
v 39.513 1.108 -67.728
v 45.194 5.008 -76.212
v 54.127 5.008 -70.232
v 48.446 5.008 -61.748
v 39.513 5.008 -67.728
f 2264 2263 2262 2261
f 2257 2258 2262 2261
f 2258 2259 2263 2262
f 2259 2260 2264 2263
f 2260 2257 2261 2264
v 46.897 1.440 -53.279
v 53.055 1.440 -62.322
v 60.163 1.440 -57.481
v 54.005 1.440 -48.438
v 46.897 5.340 -53.279
v 53.055 5.340 -62.322
v 60.163 5.340 -57.481
v 54.005 5.340 -48.438
f 2272 2271 2270 2269
f 2265 2266 2270 2269
f 2266 2267 2271 2270
f 2267 2268 2272 2271
f 2268 2265 2269 2272
v 80.540 1.079 -75.441
v 90.311 1.079 -93.257
v 96.580 1.079 -89.819
v 86.809 1.079 -72.003
v 80.540 4.979 -75.441
v 90.311 4.979 -93.257
v 96.580 4.979 -89.819
v 86.809 4.979 -72.003
f 2280 2279 2278 2277
f 2273 2274 2278 2277
f 2274 2275 2279 2278
f 2275 2276 2280 2279
f 2276 2273 2277 2280
v 92.708 1.221 -80.851
v 100.266 1.221 -92.012
v 103.992 1.221 -89.489
v 96.434 1.221 -78.328
v 92.708 5.121 -80.851
v 100.266 5.121 -92.012
v 103.992 5.121 -89.489
v 96.434 5.121 -78.328
f 2288 2287 2286 2285
f 2281 2282 2286 2285
f 2282 2283 2287 2286
f 2283 2284 2288 2287
f 2284 2281 2285 2288
v 92.431 1.048 -84.827
v 104.854 1.048 -104.160
v 109.969 1.048 -100.873
v 97.546 1.048 -81.540
v 92.431 4.948 -84.827
v 104.854 4.948 -104.160
v 109.969 4.948 -100.873
v 97.546 4.948 -81.540
f 2296 2295 2294 2293
f 2289 2290 2294 2293
f 2290 2291 2295 2294
f 2291 2292 2296 2295
f 2292 2289 2293 2296
v 104.372 1.766 -95.683
v 110.571 1.766 -104.528
v 116.008 1.766 -100.717
v 109.809 1.766 -91.872
v 104.372 5.666 -95.683
v 110.571 5.666 -104.528
v 116.008 5.666 -100.717
v 109.809 5.666 -91.872
f 2304 2303 2302 2301
f 2297 2298 2302 2301
f 2298 2299 2303 2302
f 2299 2300 2304 2303
f 2300 2297 2301 2304
v 112.161 1.722 -107.342
v 128.658 1.722 -117.683
v 136.259 1.722 -105.558
v 119.762 1.722 -95.217
v 112.161 5.622 -107.342
v 128.658 5.622 -117.683
v 136.259 5.622 -105.558
v 119.762 5.622 -95.217
f 2312 2311 2310 2309
f 2305 2306 2310 2309
f 2306 2307 2311 2310
f 2307 2308 2312 2311
f 2308 2305 2309 2312
v 107.235 1.321 -115.123
v 113.961 1.321 -123.700
v 120.265 1.321 -118.757
v 113.539 1.321 -110.180
v 107.235 5.221 -115.123
v 113.961 5.221 -123.700
v 120.265 5.221 -118.757
v 113.539 5.221 -110.180
f 2320 2319 2318 2317
f 2313 2314 2318 2317
f 2314 2315 2319 2318
f 2315 2316 2320 2319
f 2316 2313 2317 2320
v 67.703 1.404 -121.006
v 82.539 1.404 -133.318
v 91.837 1.404 -122.114
v 77.001 1.404 -109.802
v 67.703 5.304 -121.006
v 82.539 5.304 -133.318
v 91.837 5.304 -122.114
v 77.001 5.304 -109.802
f 2328 2327 2326 2325
f 2321 2322 2326 2325
f 2322 2323 2327 2326
f 2323 2324 2328 2327
f 2324 2321 2325 2328
v 78.483 1.923 -125.955
v 94.617 1.923 -141.088
v 103.737 1.923 -131.365
v 87.603 1.923 -116.232
v 78.483 5.823 -125.955
v 94.617 5.823 -141.088
v 103.737 5.823 -131.365
v 87.603 5.823 -116.232
f 2336 2335 2334 2333
f 2329 2330 2334 2333
f 2330 2331 2335 2334
f 2331 2332 2336 2335
f 2332 2329 2333 2336
v 92.516 1.629 -126.864
v 105.167 1.629 -145.591
v 110.164 1.629 -142.216
v 97.513 1.629 -123.489
v 92.516 5.529 -126.864
v 105.167 5.529 -145.591
v 110.164 5.529 -142.216
v 97.513 5.529 -123.489
f 2344 2343 2342 2341
f 2337 2338 2342 2341
f 2338 2339 2343 2342
f 2339 2340 2344 2343
f 2340 2337 2341 2344
v 98.188 1.469 -131.551
v 111.091 1.469 -151.001
v 115.932 1.469 -147.789
v 103.029 1.469 -128.339
v 98.188 5.369 -131.551
v 111.091 5.369 -151.001
v 115.932 5.369 -147.789
v 103.029 5.369 -128.339
f 2352 2351 2350 2349
f 2345 2346 2350 2349
f 2346 2347 2351 2350
f 2347 2348 2352 2351
f 2348 2345 2349 2352
v 121.726 1.480 -144.444
v 130.640 1.480 -136.425
v 122.714 1.480 -127.616
v 113.800 1.480 -135.635
v 121.726 5.380 -144.444
v 130.640 5.380 -136.425
v 122.714 5.380 -127.616
v 113.800 5.380 -135.635
f 2360 2359 2358 2357
f 2353 2354 2358 2357
f 2354 2355 2359 2358
f 2355 2356 2360 2359
f 2356 2353 2357 2360
v 108.720 1.501 -159.632
v 121.189 1.501 -153.200
v 116.500 1.501 -144.108
v 104.031 1.501 -150.540
v 108.720 5.401 -159.632
v 121.189 5.401 -153.200
v 116.500 5.401 -144.108
v 104.031 5.401 -150.540
f 2368 2367 2366 2365
f 2361 2362 2366 2365
f 2362 2363 2367 2366
f 2363 2364 2368 2367
f 2364 2361 2365 2368
v 87.253 1.554 -163.846
v 100.097 1.554 -168.895
v 104.367 1.554 -158.034
v 91.523 1.554 -152.985
v 87.253 5.454 -163.846
v 100.097 5.454 -168.895
v 104.367 5.454 -158.034
v 91.523 5.454 -152.985
f 2376 2375 2374 2373
f 2369 2370 2374 2373
f 2370 2371 2375 2374
f 2371 2372 2376 2375
f 2372 2369 2373 2376
v 75.848 1.517 -149.975
v 83.515 1.517 -166.492
v 94.472 1.517 -161.405
v 86.805 1.517 -144.888
v 75.848 5.417 -149.975
v 83.515 5.417 -166.492
v 94.472 5.417 -161.405
v 86.805 5.417 -144.888
f 2384 2383 2382 2381
f 2377 2378 2382 2381
f 2378 2379 2383 2382
f 2379 2380 2384 2383
f 2380 2377 2381 2384
v 69.562 1.334 -146.354
v 78.393 1.334 -158.921
v 82.598 1.334 -155.966
v 73.767 1.334 -143.399
v 69.562 5.234 -146.354
v 78.393 5.234 -158.921
v 82.598 5.234 -155.966
v 73.767 5.234 -143.399
f 2392 2391 2390 2389
f 2385 2386 2390 2389
f 2386 2387 2391 2390
f 2387 2388 2392 2391
f 2388 2385 2389 2392
v 63.625 1.442 -141.216
v 71.332 1.442 -152.495
v 76.295 1.442 -149.104
v 68.588 1.442 -137.825
v 63.625 5.342 -141.216
v 71.332 5.342 -152.495
v 76.295 5.342 -149.104
v 68.588 5.342 -137.825
f 2400 2399 2398 2397
f 2393 2394 2398 2397
f 2394 2395 2399 2398
f 2395 2396 2400 2399
f 2396 2393 2397 2400
v 55.024 1.146 -137.385
v 61.469 1.146 -149.610
v 69.616 1.146 -145.315
v 63.171 1.146 -133.090
v 55.024 5.046 -137.385
v 61.469 5.046 -149.610
v 69.616 5.046 -145.315
v 63.171 5.046 -133.090
f 2408 2407 2406 2405
f 2401 2402 2406 2405
f 2402 2403 2407 2406
f 2403 2404 2408 2407
f 2404 2401 2405 2408
v 189.576 1.519 -68.422
v 197.173 1.519 -63.305
v 194.084 1.519 -58.718
v 186.487 1.519 -63.835
v 189.576 5.419 -68.422
v 197.173 5.419 -63.305
v 194.084 5.419 -58.718
v 186.487 5.419 -63.835
f 2416 2415 2414 2413
f 2409 2410 2414 2413
f 2410 2411 2415 2414
f 2411 2412 2416 2415
f 2412 2409 2413 2416
v 136.818 1.761 -40.236
v 149.865 1.761 -54.795
v 161.662 1.761 -44.224
v 148.615 1.761 -29.665
v 136.818 5.661 -40.236
v 149.865 5.661 -54.795
v 161.662 5.661 -44.224
v 148.615 5.661 -29.665
f 2424 2423 2422 2421
f 2417 2418 2422 2421
f 2418 2419 2423 2422
f 2419 2420 2424 2423
f 2420 2417 2421 2424
v 136.831 1.499 -61.721
v 143.888 1.499 -52.401
v 136.569 1.499 -46.859
v 129.512 1.499 -56.179
v 136.831 5.399 -61.721
v 143.888 5.399 -52.401
v 136.569 5.399 -46.859
v 129.512 5.399 -56.179
f 2432 2431 2430 2429
f 2425 2426 2430 2429
f 2426 2427 2431 2430
f 2427 2428 2432 2431
f 2428 2425 2429 2432
v 108.034 1.412 -52.356
v 120.381 1.412 -71.369
v 128.826 1.412 -65.884
v 116.479 1.412 -46.871
v 108.034 5.312 -52.356
v 120.381 5.312 -71.369
v 128.826 5.312 -65.884
v 116.479 5.312 -46.871
f 2440 2439 2438 2437
f 2433 2434 2438 2437
f 2434 2435 2439 2438
f 2435 2436 2440 2439
f 2436 2433 2437 2440
v 117.222 1.672 -62.652
v 128.666 1.672 -79.370
v 133.518 1.672 -76.048
v 122.074 1.672 -59.330
v 117.222 5.572 -62.652
v 128.666 5.572 -79.370
v 133.518 5.572 -76.048
v 122.074 5.572 -59.330
f 2448 2447 2446 2445
f 2441 2442 2446 2445
f 2442 2443 2447 2446
f 2443 2444 2448 2447
f 2444 2441 2445 2448
v 123.594 1.640 -75.445
v 130.568 1.640 -85.552
v 135.926 1.640 -81.855
v 128.952 1.640 -71.748
v 123.594 5.540 -75.445
v 130.568 5.540 -85.552
v 135.926 5.540 -81.855
v 128.952 5.540 -71.748
f 2456 2455 2454 2453
f 2449 2450 2454 2453
f 2450 2451 2455 2454
f 2451 2452 2456 2455
f 2452 2449 2453 2456
v 131.550 1.288 -75.630
v 141.266 1.288 -91.008
v 146.770 1.288 -87.530
v 137.054 1.288 -72.152
v 131.550 5.188 -75.630
v 141.266 5.188 -91.008
v 146.770 5.188 -87.530
v 137.054 5.188 -72.152
f 2464 2463 2462 2461
f 2457 2458 2462 2461
f 2458 2459 2463 2462
f 2459 2460 2464 2463
f 2460 2457 2461 2464
v 139.321 1.392 -80.963
v 147.469 1.392 -93.628
v 153.019 1.392 -90.057
v 144.871 1.392 -77.392
v 139.321 5.292 -80.963
v 147.469 5.292 -93.628
v 153.019 5.292 -90.057
v 144.871 5.292 -77.392
f 2472 2471 2470 2469
f 2465 2466 2470 2469
f 2466 2467 2471 2470
f 2467 2468 2472 2471
f 2468 2465 2469 2472
v 167.911 1.598 -88.372
v 185.164 1.598 -80.039
v 181.149 1.598 -71.728
v 163.896 1.598 -80.061
v 167.911 5.498 -88.372
v 185.164 5.498 -80.039
v 181.149 5.498 -71.728
v 163.896 5.498 -80.061
f 2480 2479 2478 2477
f 2473 2474 2478 2477
f 2474 2475 2479 2478
f 2475 2476 2480 2479
f 2476 2473 2477 2480
v 97.824 1.380 -45.509
v 108.109 1.380 -61.067
v 115.816 1.380 -55.971
v 105.531 1.380 -40.413
v 97.824 5.280 -45.509
v 108.109 5.280 -61.067
v 115.816 5.280 -55.971
v 105.531 5.280 -40.413
f 2488 2487 2486 2485
f 2481 2482 2486 2485
f 2482 2483 2487 2486
f 2483 2484 2488 2487
f 2484 2481 2485 2488
v 115.543 1.503 -42.020
v 119.782 1.503 -39.562
v 118.077 1.503 -36.620
v 113.838 1.503 -39.078
v 115.543 5.403 -42.020
v 119.782 5.403 -39.562
v 118.077 5.403 -36.620
v 113.838 5.403 -39.078
f 2496 2495 2494 2493
f 2489 2490 2494 2493
f 2490 2491 2495 2494
f 2491 2492 2496 2495
f 2492 2489 2493 2496
v 96.964 1.213 -59.244
v 107.249 1.213 -45.948
v 92.316 1.213 -34.396
v 82.031 1.213 -47.692
v 96.964 5.113 -59.244
v 107.249 5.113 -45.948
v 92.316 5.113 -34.396
v 82.031 5.113 -47.692
f 2504 2503 2502 2501
f 2497 2498 2502 2501
f 2498 2499 2503 2502
f 2499 2500 2504 2503
f 2500 2497 2501 2504
v 95.136 1.366 -32.665
v 97.866 1.366 -36.638
v 101.624 1.366 -34.055
v 98.894 1.366 -30.082
v 95.136 5.266 -32.665
v 97.866 5.266 -36.638
v 101.624 5.266 -34.055
v 98.894 5.266 -30.082
f 2512 2511 2510 2509
f 2505 2506 2510 2509
f 2506 2507 2511 2510
f 2507 2508 2512 2511
f 2508 2505 2509 2512
v 75.977 1.354 -39.543
v 83.190 1.354 -49.996
v 88.203 1.354 -46.537
v 80.990 1.354 -36.084
v 75.977 5.254 -39.543
v 83.190 5.254 -49.996
v 88.203 5.254 -46.537
v 80.990 5.254 -36.084
f 2520 2519 2518 2517
f 2513 2514 2518 2517
f 2514 2515 2519 2518
f 2515 2516 2520 2519
f 2516 2513 2517 2520
v 58.062 1.297 -25.666
v 64.388 1.297 -38.099
v 72.338 1.297 -34.054
v 66.012 1.297 -21.621
v 58.062 5.197 -25.666
v 64.388 5.197 -38.099
v 72.338 5.197 -34.054
v 66.012 5.197 -21.621
f 2528 2527 2526 2525
f 2521 2522 2526 2525
f 2522 2523 2527 2526
f 2523 2524 2528 2527
f 2524 2521 2525 2528
v 68.161 1.841 -16.452
v 80.131 1.841 -35.207
v 92.539 1.841 -27.288
v 80.569 1.841 -8.533
v 68.161 5.741 -16.452
v 80.131 5.741 -35.207
v 92.539 5.741 -27.288
v 80.569 5.741 -8.533
f 2536 2535 2534 2533
f 2529 2530 2534 2533
f 2530 2531 2535 2534
f 2531 2532 2536 2535
f 2532 2529 2533 2536
v 50.881 1.014 -19.219
v 59.972 1.014 -32.362
v 65.959 1.014 -28.221
v 56.868 1.014 -15.078
v 50.881 4.914 -19.219
v 59.972 4.914 -32.362
v 65.959 4.914 -28.221
v 56.868 4.914 -15.078
f 2544 2543 2542 2541
f 2537 2538 2542 2541
f 2538 2539 2543 2542
f 2539 2540 2544 2543
f 2540 2537 2541 2544
v 33.662 1.087 -28.603
v 54.370 1.087 -25.562
v 51.978 1.087 -9.277
v 31.270 1.087 -12.318
v 33.662 4.987 -28.603
v 54.370 4.987 -25.562
v 51.978 4.987 -9.277
v 31.270 4.987 -12.318
f 2552 2551 2550 2549
f 2545 2546 2550 2549
f 2546 2547 2551 2550
f 2547 2548 2552 2551
f 2548 2545 2549 2552
v 56.485 0.857 -16.762
v 59.195 0.857 -14.758
v 57.495 0.857 -12.458
v 54.785 0.857 -14.462
v 56.485 4.757 -16.762
v 59.195 4.757 -14.758
v 57.495 4.757 -12.458
v 54.785 4.757 -14.462
f 2560 2559 2558 2557
f 2553 2554 2558 2557
f 2554 2555 2559 2558
f 2555 2556 2560 2559
f 2556 2553 2557 2560
v 55.455 0.992 -8.580
v 72.889 0.992 2.946
v 69.045 0.992 8.760
v 51.611 0.992 -2.766
v 55.455 4.892 -8.580
v 72.889 4.892 2.946
v 69.045 4.892 8.760
v 51.611 4.892 -2.766
f 2568 2567 2566 2565
f 2561 2562 2566 2565
f 2562 2563 2567 2566
f 2563 2564 2568 2567
f 2564 2561 2565 2568
v 59.367 0.930 -0.149
v 74.607 0.930 9.352
v 70.893 0.930 15.309
v 55.653 0.930 5.808
v 59.367 4.830 -0.149
v 74.607 4.830 9.352
v 70.893 4.830 15.309
v 55.653 4.830 5.808
f 2576 2575 2574 2573
f 2569 2570 2574 2573
f 2570 2571 2575 2574
f 2571 2572 2576 2575
f 2572 2569 2573 2576
v 62.382 1.066 8.388
v 75.039 1.066 16.306
v 71.958 1.066 21.232
v 59.301 1.066 13.314
v 62.382 4.966 8.388
v 75.039 4.966 16.306
v 71.958 4.966 21.232
v 59.301 4.966 13.314
f 2584 2583 2582 2581
f 2577 2578 2582 2581
f 2578 2579 2583 2582
f 2579 2580 2584 2583
f 2580 2577 2581 2584
v 77.671 1.606 16.355
v 82.773 1.606 8.711
v 86.449 1.606 11.165
v 81.347 1.606 18.809
v 77.671 5.506 16.355
v 82.773 5.506 8.711
v 86.449 5.506 11.165
v 81.347 5.506 18.809
f 2592 2591 2590 2589
f 2585 2586 2590 2589
f 2586 2587 2591 2590
f 2587 2588 2592 2591
f 2588 2585 2589 2592
v 102.251 1.520 2.644
v 108.408 1.520 5.931
v 105.309 1.520 11.736
v 99.152 1.520 8.449
v 102.251 5.420 2.644
v 108.408 5.420 5.931
v 105.309 5.420 11.736
v 99.152 5.420 8.449
f 2600 2599 2598 2597
f 2593 2594 2598 2597
f 2594 2595 2599 2598
f 2595 2596 2600 2599
f 2596 2593 2597 2600
v 110.349 1.815 11.144
v 115.911 1.815 5.619
v 121.351 1.815 11.096
v 115.789 1.815 16.621
v 110.349 5.715 11.144
v 115.911 5.715 5.619
v 121.351 5.715 11.096
v 115.789 5.715 16.621
f 2608 2607 2606 2605
f 2601 2602 2606 2605
f 2602 2603 2607 2606
f 2603 2604 2608 2607
f 2604 2601 2605 2608
v 98.489 1.741 -12.749
v 106.786 1.741 -6.817
v 102.191 1.741 -0.391
v 93.894 1.741 -6.323
v 98.489 5.641 -12.749
v 106.786 5.641 -6.817
v 102.191 5.641 -0.391
v 93.894 5.641 -6.323
f 2616 2615 2614 2613
f 2609 2610 2614 2613
f 2610 2611 2615 2614
f 2611 2612 2616 2615
f 2612 2609 2613 2616
v 37.144 1.228 27.783
v 47.953 1.228 34.375
v 42.476 1.228 43.357
v 31.667 1.228 36.765
v 37.144 5.128 27.783
v 47.953 5.128 34.375
v 42.476 5.128 43.357
v 31.667 5.128 36.765
f 2624 2623 2622 2621
f 2617 2618 2622 2621
f 2618 2619 2623 2622
f 2619 2620 2624 2623
f 2620 2617 2621 2624
v 22.276 1.264 17.044
v 38.539 1.264 22.915
v 34.084 1.264 35.256
v 17.821 1.264 29.385
v 22.276 5.164 17.044
v 38.539 5.164 22.915
v 34.084 5.164 35.256
v 17.821 5.164 29.385
f 2632 2631 2630 2629
f 2625 2626 2630 2629
f 2626 2627 2631 2630
f 2627 2628 2632 2631
f 2628 2625 2629 2632
v 13.931 1.338 6.794
v 35.351 1.338 20.594
v 31.349 1.338 26.806
v 9.929 1.338 13.006
v 13.931 5.238 6.794
v 35.351 5.238 20.594
v 31.349 5.238 26.806
v 9.929 5.238 13.006
f 2640 2639 2638 2637
f 2633 2634 2638 2637
f 2634 2635 2639 2638
f 2635 2636 2640 2639
f 2636 2633 2637 2640
v 8.477 1.440 6.703
v 16.504 1.440 -5.229
v 20.943 1.440 -2.243
v 12.916 1.440 9.689
v 8.477 5.340 6.703
v 16.504 5.340 -5.229
v 20.943 5.340 -2.243
v 12.916 5.340 9.689
f 2648 2647 2646 2645
f 2641 2642 2646 2645
f 2642 2643 2647 2646
f 2643 2644 2648 2647
f 2644 2641 2645 2648
v 1.543 1.304 9.466
v 9.568 1.304 -3.325
v 15.337 1.304 0.294
v 7.312 1.304 13.085
v 1.543 5.204 9.466
v 9.568 5.204 -3.325
v 15.337 5.204 0.294
v 7.312 5.204 13.085
f 2656 2655 2654 2653
f 2649 2650 2654 2653
f 2650 2651 2655 2654
f 2651 2652 2656 2655
f 2652 2649 2653 2656
v -3.782 1.669 10.704
v 2.496 1.669 0.950
v 7.322 1.669 4.056
v 1.044 1.669 13.810
v -3.782 5.569 10.704
v 2.496 5.569 0.950
v 7.322 5.569 4.056
v 1.044 5.569 13.810
f 2664 2663 2662 2661
f 2657 2658 2662 2661
f 2658 2659 2663 2662
f 2659 2660 2664 2663
f 2660 2657 2661 2664
v -2.717 1.667 12.875
v 0.019 1.667 14.496
v -1.443 1.667 16.965
v -4.179 1.667 15.344
v -2.717 5.567 12.875
v 0.019 5.567 14.496
v -1.443 5.567 16.965
v -4.179 5.567 15.344
f 2672 2671 2670 2669
f 2665 2666 2670 2669
f 2666 2667 2671 2670
f 2667 2668 2672 2671
f 2668 2665 2669 2672
v -20.276 1.700 21.943
v 0.094 1.700 5.323
v 10.696 1.700 18.317
v -9.674 1.700 34.937
v -20.276 5.600 21.943
v 0.094 5.600 5.323
v 10.696 5.600 18.317
v -9.674 5.600 34.937
f 2680 2679 2678 2677
f 2673 2674 2678 2677
f 2674 2675 2679 2678
f 2675 2676 2680 2679
f 2676 2673 2677 2680
v -25.122 1.869 31.387
v -17.377 1.869 16.298
v -6.398 1.869 21.933
v -14.143 1.869 37.022
v -25.122 5.769 31.387
v -17.377 5.769 16.298
v -6.398 5.769 21.933
v -14.143 5.769 37.022
f 2688 2687 2686 2685
f 2681 2682 2686 2685
f 2682 2683 2687 2686
f 2683 2684 2688 2687
f 2684 2681 2685 2688
v 16.394 1.229 30.813
v 20.264 1.229 45.347
v 7.866 1.229 48.647
v 3.996 1.229 34.113
v 16.394 5.129 30.813
v 20.264 5.129 45.347
v 7.866 5.129 48.647
v 3.996 5.129 34.113
f 2696 2695 2694 2693
f 2689 2690 2694 2693
f 2690 2691 2695 2694
f 2691 2692 2696 2695
f 2692 2689 2693 2696
v -22.043 1.858 39.465
v -12.121 1.858 45.832
v -16.577 1.858 52.775
v -26.499 1.858 46.408
v -22.043 5.758 39.465
v -12.121 5.758 45.832
v -16.577 5.758 52.775
v -26.499 5.758 46.408
f 2704 2703 2702 2701
f 2697 2698 2702 2701
f 2698 2699 2703 2702
f 2699 2700 2704 2703
f 2700 2697 2701 2704
v -41.640 2.230 51.637
v -40.600 2.230 29.502
v -23.120 2.230 30.323
v -24.160 2.230 52.458
v -41.640 6.130 51.637
v -40.600 6.130 29.502
v -23.120 6.130 30.323
v -24.160 6.130 52.458
f 2712 2711 2710 2709
f 2705 2706 2710 2709
f 2706 2707 2711 2710
f 2707 2708 2712 2711
f 2708 2705 2709 2712
v -52.477 1.742 49.309
v -43.432 1.742 34.317
v -35.983 1.742 38.811
v -45.028 1.742 53.803
v -52.477 5.642 49.309
v -43.432 5.642 34.317
v -35.983 5.642 38.811
v -45.028 5.642 53.803
f 2720 2719 2718 2717
f 2713 2714 2718 2717
f 2714 2715 2719 2718
f 2715 2716 2720 2719
f 2716 2713 2717 2720
v -62.346 2.292 49.501
v -56.346 2.292 38.695
v -47.874 2.292 43.399
v -53.874 2.292 54.205
v -62.346 6.192 49.501
v -56.346 6.192 38.695
v -47.874 6.192 43.399
v -53.874 6.192 54.205
f 2728 2727 2726 2725
f 2721 2722 2726 2725
f 2722 2723 2727 2726
f 2723 2724 2728 2727
f 2724 2721 2725 2728
v -69.263 2.301 57.352
v -59.695 2.301 63.822
v -63.297 2.301 69.148
v -72.865 2.301 62.678
v -69.263 6.201 57.352
v -59.695 6.201 63.822
v -63.297 6.201 69.148
v -72.865 6.201 62.678
f 2736 2735 2734 2733
f 2729 2730 2734 2733
f 2730 2731 2735 2734
f 2731 2732 2736 2735
f 2732 2729 2733 2736
v -51.480 1.879 74.236
v -35.285 1.879 84.917
v -42.360 1.879 95.644
v -58.555 1.879 84.963
v -51.480 5.779 74.236
v -35.285 5.779 84.917
v -42.360 5.779 95.644
v -58.555 5.779 84.963
f 2744 2743 2742 2741
f 2737 2738 2742 2741
f 2738 2739 2743 2742
f 2739 2740 2744 2743
f 2740 2737 2741 2744
v -45.588 1.843 54.916
v -13.353 1.843 56.415
v -14.672 1.843 84.764
v -46.907 1.843 83.265
v -45.588 7.643 54.916
v -13.353 7.643 56.415
v -14.672 7.643 84.764
v -46.907 7.643 83.265
f 2752 2751 2750 2749
f 2745 2746 2750 2749
f 2746 2747 2751 2750
f 2747 2748 2752 2751
f 2748 2745 2749 2752
v -18.526 1.489 64.573
v -11.896 1.489 53.460
v -6.554 1.489 56.647
v -13.184 1.489 67.760
v -18.526 5.389 64.573
v -11.896 5.389 53.460
v -6.554 5.389 56.647
v -13.184 5.389 67.760
f 2760 2759 2758 2757
f 2753 2754 2758 2757
f 2754 2755 2759 2758
f 2755 2756 2760 2759
f 2756 2753 2757 2760
v 13.043 1.380 58.972
v 17.260 1.380 52.940
v 23.137 1.380 57.048
v 18.920 1.380 63.080
v 13.043 5.280 58.972
v 17.260 5.280 52.940
v 23.137 5.280 57.048
v 18.920 5.280 63.080
f 2768 2767 2766 2765
f 2761 2762 2766 2765
f 2762 2763 2767 2766
f 2763 2764 2768 2767
f 2764 2761 2765 2768
v 25.572 1.247 62.764
v 32.908 1.247 67.872
v 29.828 1.247 72.296
v 22.492 1.247 67.188
v 25.572 5.147 62.764
v 32.908 5.147 67.872
v 29.828 5.147 72.296
v 22.492 5.147 67.188
f 2776 2775 2774 2773
f 2769 2770 2774 2773
f 2770 2771 2775 2774
f 2771 2772 2776 2775
f 2772 2769 2773 2776
v 62.297 1.623 51.076
v 67.749 1.623 54.292
v 64.863 1.623 59.184
v 59.411 1.623 55.968
v 62.297 5.523 51.076
v 67.749 5.523 54.292
v 64.863 5.523 59.184
v 59.411 5.523 55.968
f 2784 2783 2782 2781
f 2777 2778 2782 2781
f 2778 2779 2783 2782
f 2779 2780 2784 2783
f 2780 2777 2781 2784
v 32.233 1.674 91.957
v 43.931 1.674 75.562
v 50.687 1.674 80.383
v 38.989 1.674 96.778
v 32.233 5.574 91.957
v 43.931 5.574 75.562
v 50.687 5.574 80.383
v 38.989 5.574 96.778
f 2792 2791 2790 2789
f 2785 2786 2790 2789
f 2786 2787 2791 2790
f 2787 2788 2792 2791
f 2788 2785 2789 2792
v 136.792 2.327 260.760
v 145.971 2.327 247.037
v 150.908 2.327 250.340
v 141.729 2.327 264.063
v 136.792 6.227 260.760
v 145.971 6.227 247.037
v 150.908 6.227 250.340
v 141.729 6.227 264.063
f 2800 2799 2798 2797
f 2793 2794 2798 2797
f 2794 2795 2799 2798
f 2795 2796 2800 2799
f 2796 2793 2797 2800
v 83.558 1.938 253.736
v 91.624 1.938 240.208
v 98.762 1.938 244.464
v 90.696 1.938 257.992
v 83.558 5.838 253.736
v 91.624 5.838 240.208
v 98.762 5.838 244.464
v 90.696 5.838 257.992
f 2808 2807 2806 2805
f 2801 2802 2806 2805
f 2802 2803 2807 2806
f 2803 2804 2808 2807
f 2804 2801 2805 2808
v 97.710 1.857 249.729
v 106.471 1.857 236.556
v 113.290 1.857 241.091
v 104.529 1.857 254.264
v 97.710 5.757 249.729
v 106.471 5.757 236.556
v 113.290 5.757 241.091
v 104.529 5.757 254.264
f 2816 2815 2814 2813
f 2809 2810 2814 2813
f 2810 2811 2815 2814
f 2811 2812 2816 2815
f 2812 2809 2813 2816
v 111.568 1.956 234.877
v 120.891 1.956 221.800
v 130.572 1.956 228.703
v 121.249 1.956 241.780
v 111.568 5.856 234.877
v 120.891 5.856 221.800
v 130.572 5.856 228.703
v 121.249 5.856 241.780
f 2824 2823 2822 2821
f 2817 2818 2822 2821
f 2818 2819 2823 2822
f 2819 2820 2824 2823
f 2820 2817 2821 2824
v 238.244 1.698 -96.693
v 246.981 1.698 -108.947
v 252.396 1.698 -105.087
v 243.659 1.698 -92.833
v 238.244 5.598 -96.693
v 246.981 5.598 -108.947
v 252.396 5.598 -105.087
v 243.659 5.598 -92.833
f 2832 2831 2830 2829
f 2825 2826 2830 2829
f 2826 2827 2831 2830
f 2827 2828 2832 2831
f 2828 2825 2829 2832
v 252.338 1.624 -90.957
v 257.179 1.624 -87.836
v 255.082 1.624 -84.583
v 250.241 1.624 -87.704
v 252.338 5.524 -90.957
v 257.179 5.524 -87.836
v 255.082 5.524 -84.583
v 250.241 5.524 -87.704
f 2840 2839 2838 2837
f 2833 2834 2838 2837
f 2834 2835 2839 2838
f 2835 2836 2840 2839
f 2836 2833 2837 2840
v 242.197 1.605 -112.896
v 258.594 1.605 -122.011
v 266.703 1.605 -107.424
v 250.306 1.605 -98.309
v 242.197 5.505 -112.896
v 258.594 5.505 -122.011
v 266.703 5.505 -107.424
v 250.306 5.505 -98.309
f 2848 2847 2846 2845
f 2841 2842 2846 2845
f 2842 2843 2847 2846
f 2843 2844 2848 2847
f 2844 2841 2845 2848
v -91.853 3.124 -234.727
v -90.413 3.124 -261.628
v -80.407 3.124 -261.093
v -81.847 3.124 -234.192
v -91.853 7.024 -234.727
v -90.413 7.024 -261.628
v -80.407 7.024 -261.093
v -81.847 7.024 -234.192
f 2856 2855 2854 2853
f 2849 2850 2854 2853
f 2850 2851 2855 2854
f 2851 2852 2856 2855
f 2852 2849 2853 2856
v -1.915 1.176 -238.172
v 5.405 1.176 -250.491
v 10.795 1.176 -247.288
v 3.475 1.176 -234.969
v -1.915 5.076 -238.172
v 5.405 5.076 -250.491
v 10.795 5.076 -247.288
v 3.475 5.076 -234.969
f 2864 2863 2862 2861
f 2857 2858 2862 2861
f 2858 2859 2863 2862
f 2859 2860 2864 2863
f 2860 2857 2861 2864
v -1.948 1.115 -255.639
v 2.158 1.115 -253.172
v 0.108 1.115 -249.761
v -3.998 1.115 -252.228
v -1.948 5.015 -255.639
v 2.158 5.015 -253.172
v 0.108 5.015 -249.761
v -3.998 5.015 -252.228
f 2872 2871 2870 2869
f 2865 2866 2870 2869
f 2866 2867 2871 2870
f 2867 2868 2872 2871
f 2868 2865 2869 2872
v -16.372 1.467 -239.434
v -10.833 1.467 -249.168
v -2.428 1.467 -244.386
v -7.967 1.467 -234.652
v -16.372 5.367 -239.434
v -10.833 5.367 -249.168
v -2.428 5.367 -244.386
v -7.967 5.367 -234.652
f 2880 2879 2878 2877
f 2873 2874 2878 2877
f 2874 2875 2879 2878
f 2875 2876 2880 2879
f 2876 2873 2877 2880
v -28.367 1.656 -235.850
v -27.970 1.656 -248.554
v -22.073 1.656 -248.370
v -22.470 1.656 -235.666
v -28.367 5.556 -235.850
v -27.970 5.556 -248.554
v -22.073 5.556 -248.370
v -22.470 5.556 -235.666
f 2888 2887 2886 2885
f 2881 2882 2886 2885
f 2882 2883 2887 2886
f 2883 2884 2888 2887
f 2884 2881 2885 2888
v -45.504 2.195 -235.099
v -45.124 2.195 -249.234
v -38.676 2.195 -249.061
v -39.056 2.195 -234.926
v -45.504 6.095 -235.099
v -45.124 6.095 -249.234
v -38.676 6.095 -249.061
v -39.056 6.095 -234.926
f 2896 2895 2894 2893
f 2889 2890 2894 2893
f 2890 2891 2895 2894
f 2891 2892 2896 2895
f 2892 2889 2893 2896
v -252.987 3.159 240.009
v -240.922 3.159 247.777
v -245.193 3.159 254.411
v -257.258 3.159 246.643
v -252.987 7.059 240.009
v -240.922 7.059 247.777
v -245.193 7.059 254.411
v -257.258 7.059 246.643
f 2904 2903 2902 2901
f 2897 2898 2902 2901
f 2898 2899 2903 2902
f 2899 2900 2904 2903
f 2900 2897 2901 2904
v -237.743 3.291 214.009
v -229.026 3.291 200.581
v -223.557 3.291 204.131
v -232.274 3.291 217.559
v -237.743 7.191 214.009
v -229.026 7.191 200.581
v -223.557 7.191 204.131
v -232.274 7.191 217.559
f 2912 2911 2910 2909
f 2905 2906 2910 2909
f 2906 2907 2911 2910
f 2907 2908 2912 2911
f 2908 2905 2909 2912
v -217.788 2.611 232.201
v -188.438 2.611 246.709
v -196.272 2.611 262.559
v -225.622 2.611 248.051
v -217.788 6.511 232.201
v -188.438 6.511 246.709
v -196.272 6.511 262.559
v -225.622 6.511 248.051
f 2920 2919 2918 2917
f 2913 2914 2918 2917
f 2914 2915 2919 2918
f 2915 2916 2920 2919
f 2916 2913 2917 2920
v -220.871 2.755 234.784
v -208.781 2.755 246.305
v -215.349 2.755 253.196
v -227.439 2.755 241.675
v -220.871 6.655 234.784
v -208.781 6.655 246.305
v -215.349 6.655 253.196
v -227.439 6.655 241.675
f 2928 2927 2926 2925
f 2921 2922 2926 2925
f 2922 2923 2927 2926
f 2923 2924 2928 2927
f 2924 2921 2925 2928
v -200.989 2.526 229.859
v -195.690 2.526 233.448
v -198.191 2.526 237.141
v -203.490 2.526 233.552
v -200.989 6.426 229.859
v -195.690 6.426 233.448
v -198.191 6.426 237.141
v -203.490 6.426 233.552
f 2936 2935 2934 2933
f 2929 2930 2934 2933
f 2930 2931 2935 2934
f 2931 2932 2936 2935
f 2932 2929 2933 2936
v -229.306 2.780 224.284
v -215.951 2.780 233.040
v -221.154 2.780 240.976
v -234.509 2.780 232.220
v -229.306 6.680 224.284
v -215.951 6.680 233.040
v -221.154 6.680 240.976
v -234.509 6.680 232.220
f 2944 2943 2942 2941
f 2937 2938 2942 2941
f 2938 2939 2943 2942
f 2939 2940 2944 2943
f 2940 2937 2941 2944
v -180.428 3.315 96.281
v -168.446 3.315 86.401
v -160.532 3.315 95.999
v -172.514 3.315 105.879
v -180.428 7.215 96.281
v -168.446 7.215 86.401
v -160.532 7.215 95.999
v -172.514 7.215 105.879
f 2952 2951 2950 2949
f 2945 2946 2950 2949
f 2946 2947 2951 2950
f 2947 2948 2952 2951
f 2948 2945 2949 2952
v -182.265 3.643 83.233
v -171.670 3.643 89.656
v -174.635 3.643 94.547
v -185.230 3.643 88.124
v -182.265 7.543 83.233
v -171.670 7.543 89.656
v -174.635 7.543 94.547
v -185.230 7.543 88.124
f 2960 2959 2958 2957
f 2953 2954 2958 2957
f 2954 2955 2959 2958
f 2955 2956 2960 2959
f 2956 2953 2957 2960
v -184.789 3.749 76.938
v -174.785 3.749 83.638
v -178.391 3.749 89.022
v -188.395 3.749 82.322
v -184.789 7.649 76.938
v -174.785 7.649 83.638
v -178.391 7.649 89.022
v -188.395 7.649 82.322
f 2968 2967 2966 2965
f 2961 2962 2966 2965
f 2962 2963 2967 2966
f 2963 2964 2968 2967
f 2964 2961 2965 2968
v -192.031 3.941 71.796
v -180.092 3.941 79.575
v -183.329 3.941 84.544
v -195.268 3.941 76.765
v -192.031 7.841 71.796
v -180.092 7.841 79.575
v -183.329 7.841 84.544
v -195.268 7.841 76.765
f 2976 2975 2974 2973
f 2969 2970 2974 2973
f 2970 2971 2975 2974
f 2971 2972 2976 2975
f 2972 2969 2973 2976
v -199.985 3.647 57.979
v -186.348 3.647 66.742
v -190.575 3.647 73.321
v -204.212 3.647 64.558
v -199.985 7.547 57.979
v -186.348 7.547 66.742
v -190.575 7.547 73.321
v -204.212 7.547 64.558
f 2984 2983 2982 2981
f 2977 2978 2982 2981
f 2978 2979 2983 2982
f 2979 2980 2984 2983
f 2980 2977 2981 2984
v -215.865 3.994 36.372
v -203.672 3.994 44.238
v -208.015 3.994 50.968
v -220.208 3.994 43.102
v -215.865 7.894 36.372
v -203.672 7.894 44.238
v -208.015 7.894 50.968
v -220.208 7.894 43.102
f 2992 2991 2990 2989
f 2985 2986 2990 2989
f 2986 2987 2991 2990
f 2987 2988 2992 2991
f 2988 2985 2989 2992
v -228.447 3.928 37.191
v -228.146 3.928 50.227
v -239.453 3.928 50.489
v -239.754 3.928 37.453
v -228.447 7.828 37.191
v -228.146 7.828 50.227
v -239.453 7.828 50.489
v -239.754 7.828 37.453
f 3000 2999 2998 2997
f 2993 2994 2998 2997
f 2994 2995 2999 2998
f 2995 2996 3000 2999
f 2996 2993 2997 3000
v -232.062 3.399 38.211
v -226.608 3.399 29.628
v -220.658 3.399 33.409
v -226.112 3.399 41.992
v -232.062 7.299 38.211
v -226.608 7.299 29.628
v -220.658 7.299 33.409
v -226.112 7.299 41.992
f 3008 3007 3006 3005
f 3001 3002 3006 3005
f 3002 3003 3007 3006
f 3003 3004 3008 3007
f 3004 3001 3005 3008
v -228.237 3.417 31.852
v -217.955 3.417 15.661
v -206.703 3.417 22.808
v -216.985 3.417 38.999
v -228.237 7.317 31.852
v -217.955 7.317 15.661
v -206.703 7.317 22.808
v -216.985 7.317 38.999
f 3016 3015 3014 3013
f 3009 3010 3014 3013
f 3010 3011 3015 3014
f 3011 3012 3016 3015
f 3012 3009 3013 3016
v -252.295 3.324 34.165
v -244.477 3.324 18.833
v -234.865 3.324 23.735
v -242.683 3.324 39.067
v -252.295 7.224 34.165
v -244.477 7.224 18.833
v -234.865 7.224 23.735
v -242.683 7.224 39.067
f 3024 3023 3022 3021
f 3017 3018 3022 3021
f 3018 3019 3023 3022
f 3019 3020 3024 3023
f 3020 3017 3021 3024
v -242.700 3.128 26.343
v -234.337 3.128 13.783
v -229.060 3.128 17.297
v -237.423 3.128 29.857
v -242.700 7.028 26.343
v -234.337 7.028 13.783
v -229.060 7.028 17.297
v -237.423 7.028 29.857
f 3032 3031 3030 3029
f 3025 3026 3030 3029
f 3026 3027 3031 3030
f 3027 3028 3032 3031
f 3028 3025 3029 3032
v -234.398 3.085 14.288
v -228.009 3.085 4.715
v -220.282 3.085 9.872
v -226.671 3.085 19.445
v -234.398 6.985 14.288
v -228.009 6.985 4.715
v -220.282 6.985 9.872
v -226.671 6.985 19.445
f 3040 3039 3038 3037
f 3033 3034 3038 3037
f 3034 3035 3039 3038
f 3035 3036 3040 3039
f 3036 3033 3037 3040
v -255.209 2.927 -3.408
v -247.019 2.927 1.992
v -251.831 2.927 9.288
v -260.021 2.927 3.888
v -255.209 6.827 -3.408
v -247.019 6.827 1.992
v -251.831 6.827 9.288
v -260.021 6.827 3.888
f 3048 3047 3046 3045
f 3041 3042 3046 3045
f 3042 3043 3047 3046
f 3043 3044 3048 3047
f 3044 3041 3045 3048
v -252.609 2.988 -5.694
v -243.525 2.988 -18.278
v -237.331 2.988 -13.806
v -246.415 2.988 -1.222
v -252.609 6.888 -5.694
v -243.525 6.888 -18.278
v -237.331 6.888 -13.806
v -246.415 6.888 -1.222
f 3056 3055 3054 3053
f 3049 3050 3054 3053
f 3050 3051 3055 3054
f 3051 3052 3056 3055
f 3052 3049 3053 3056
v -246.091 2.294 -8.717
v -235.991 2.294 -23.845
v -228.889 2.294 -19.103
v -238.989 2.294 -3.975
v -246.091 6.194 -8.717
v -235.991 6.194 -23.845
v -228.889 6.194 -19.103
v -238.989 6.194 -3.975
f 3064 3063 3062 3061
f 3057 3058 3062 3061
f 3058 3059 3063 3062
f 3059 3060 3064 3063
f 3060 3057 3061 3064
v -260.527 2.827 -26.296
v -254.558 2.827 -30.720
v -251.033 2.827 -25.964
v -257.002 2.827 -21.540
v -260.527 6.727 -26.296
v -254.558 6.727 -30.720
v -251.033 6.727 -25.964
v -257.002 6.727 -21.540
f 3072 3071 3070 3069
f 3065 3066 3070 3069
f 3066 3067 3071 3070
f 3067 3068 3072 3071
f 3068 3065 3069 3072
v -241.411 2.245 -13.207
v -231.183 2.245 -42.142
v -219.049 2.245 -37.853
v -229.277 2.245 -8.918
v -241.411 6.145 -13.207
v -231.183 6.145 -42.142
v -219.049 6.145 -37.853
v -229.277 6.145 -8.918
f 3080 3079 3078 3077
f 3073 3074 3078 3077
f 3074 3075 3079 3078
f 3075 3076 3080 3079
f 3076 3073 3077 3080
v -272.050 2.119 -70.813
v -253.063 2.119 -85.930
v -238.650 2.119 -67.827
v -257.637 2.119 -52.710
v -272.050 6.019 -70.813
v -253.063 6.019 -85.930
v -238.650 6.019 -67.827
v -257.637 6.019 -52.710
f 3088 3087 3086 3085
f 3081 3082 3086 3085
f 3082 3083 3087 3086
f 3083 3084 3088 3087
f 3084 3081 3085 3088
v -256.983 2.193 -99.529
v -250.080 2.193 -94.604
v -252.757 2.193 -90.851
v -259.660 2.193 -95.776
v -256.983 6.093 -99.529
v -250.080 6.093 -94.604
v -252.757 6.093 -90.851
v -259.660 6.093 -95.776
f 3096 3095 3094 3093
f 3089 3090 3094 3093
f 3090 3091 3095 3094
f 3091 3092 3096 3095
f 3092 3089 3093 3096
v -251.903 2.190 -95.711
v -242.546 2.190 -89.928
v -247.477 2.190 -81.949
v -256.834 2.190 -87.732
v -251.903 6.090 -95.711
v -242.546 6.090 -89.928
v -247.477 6.090 -81.949
v -256.834 6.090 -87.732
f 3104 3103 3102 3101
f 3097 3098 3102 3101
f 3098 3099 3103 3102
f 3099 3100 3104 3103
f 3100 3097 3101 3104
v -250.350 2.699 -76.993
v -242.312 2.699 -85.958
v -233.490 2.699 -78.047
v -241.528 2.699 -69.082
v -250.350 6.599 -76.993
v -242.312 6.599 -85.958
v -233.490 6.599 -78.047
v -241.528 6.599 -69.082
f 3112 3111 3110 3109
f 3105 3106 3110 3109
f 3106 3107 3111 3110
f 3107 3108 3112 3111
f 3108 3105 3109 3112
v -234.420 3.069 -66.331
v -227.495 3.069 -76.193
v -218.460 3.069 -69.849
v -225.385 3.069 -59.987
v -234.420 6.969 -66.331
v -227.495 6.969 -76.193
v -218.460 6.969 -69.849
v -225.385 6.969 -59.987
f 3120 3119 3118 3117
f 3113 3114 3118 3117
f 3114 3115 3119 3118
f 3115 3116 3120 3119
f 3116 3113 3117 3120
v -248.605 2.126 -65.441
v -235.418 2.126 -48.957
v -247.615 2.126 -39.199
v -260.802 2.126 -55.683
v -248.605 6.026 -65.441
v -235.418 6.026 -48.957
v -247.615 6.026 -39.199
v -260.802 6.026 -55.683
f 3128 3127 3126 3125
f 3121 3122 3126 3125
f 3122 3123 3127 3126
f 3123 3124 3128 3127
f 3124 3121 3125 3128
v -246.915 2.439 -49.489
v -236.697 2.439 -42.786
v -240.865 2.439 -36.431
v -251.083 2.439 -43.134
v -246.915 6.339 -49.489
v -236.697 6.339 -42.786
v -240.865 6.339 -36.431
v -251.083 6.339 -43.134
f 3136 3135 3134 3133
f 3129 3130 3134 3133
f 3130 3131 3135 3134
f 3131 3132 3136 3135
f 3132 3129 3133 3136
v -233.288 3.062 -33.768
v -226.367 3.062 -44.392
v -221.792 3.062 -41.412
v -228.713 3.062 -30.788
v -233.288 6.962 -33.768
v -226.367 6.962 -44.392
v -221.792 6.962 -41.412
v -228.713 6.962 -30.788
f 3144 3143 3142 3141
f 3137 3138 3142 3141
f 3138 3139 3143 3142
f 3139 3140 3144 3143
f 3140 3137 3141 3144
v -225.724 3.523 -21.000
v -217.718 3.523 -38.616
v -202.896 3.523 -31.880
v -210.902 3.523 -14.264
v -225.724 7.423 -21.000
v -217.718 7.423 -38.616
v -202.896 7.423 -31.880
v -210.902 7.423 -14.264
f 3152 3151 3150 3149
f 3145 3146 3150 3149
f 3146 3147 3151 3150
f 3147 3148 3152 3151
f 3148 3145 3149 3152
v -215.038 3.182 -33.637
v -202.191 3.182 -53.291
v -195.662 3.182 -49.023
v -208.509 3.182 -29.369
v -215.038 7.082 -33.637
v -202.191 7.082 -53.291
v -195.662 7.082 -49.023
v -208.509 7.082 -29.369
f 3160 3159 3158 3157
f 3153 3154 3158 3157
f 3154 3155 3159 3158
f 3155 3156 3160 3159
f 3156 3153 3157 3160
v -214.769 3.062 -68.226
v -200.213 3.062 -59.082
v -205.671 3.062 -50.394
v -220.227 3.062 -59.538
v -214.769 6.962 -68.226
v -200.213 6.962 -59.082
v -205.671 6.962 -50.394
v -220.227 6.962 -59.538
f 3168 3167 3166 3165
f 3161 3162 3166 3165
f 3162 3163 3167 3166
f 3163 3164 3168 3167
f 3164 3161 3165 3168
v -205.480 2.705 -36.602
v -190.995 2.705 -55.474
v -183.340 2.705 -49.598
v -197.825 2.705 -30.726
v -205.480 6.605 -36.602
v -190.995 6.605 -55.474
v -183.340 6.605 -49.598
v -197.825 6.605 -30.726
f 3176 3175 3174 3173
f 3169 3170 3174 3173
f 3170 3171 3175 3174
f 3171 3172 3176 3175
f 3172 3169 3173 3176
v -186.442 3.215 -46.187
v -177.439 3.215 -45.846
v -177.778 3.215 -36.893
v -186.781 3.215 -37.234
v -186.442 7.115 -46.187
v -177.439 7.115 -45.846
v -177.778 7.115 -36.893
v -186.781 7.115 -37.234
f 3184 3183 3182 3181
f 3177 3178 3182 3181
f 3178 3179 3183 3182
f 3179 3180 3184 3183
f 3180 3177 3181 3184
v -186.914 3.215 -65.543
v -176.643 3.215 -58.436
v -180.586 3.215 -52.737
v -190.857 3.215 -59.844
v -186.914 7.115 -65.543
v -176.643 7.115 -58.436
v -180.586 7.115 -52.737
v -190.857 7.115 -59.844
f 3192 3191 3190 3189
f 3185 3186 3190 3189
f 3186 3187 3191 3190
f 3187 3188 3192 3191
f 3188 3185 3189 3192
v -201.445 3.132 -71.806
v -182.823 3.132 -79.238
v -178.215 3.132 -67.694
v -196.837 3.132 -60.262
v -201.445 7.032 -71.806
v -182.823 7.032 -79.238
v -178.215 7.032 -67.694
v -196.837 7.032 -60.262
f 3200 3199 3198 3197
f 3193 3194 3198 3197
f 3194 3195 3199 3198
f 3195 3196 3200 3199
f 3196 3193 3197 3200
v -207.175 3.099 -86.038
v -202.180 3.099 -93.319
v -195.625 3.099 -88.822
v -200.620 3.099 -81.541
v -207.175 6.999 -86.038
v -202.180 6.999 -93.319
v -195.625 6.999 -88.822
v -200.620 6.999 -81.541
f 3208 3207 3206 3205
f 3201 3202 3206 3205
f 3202 3203 3207 3206
f 3203 3204 3208 3207
f 3204 3201 3205 3208
v -231.871 3.049 -87.351
v -221.853 3.049 -101.857
v -211.329 3.049 -94.589
v -221.347 3.049 -80.083
v -231.871 6.949 -87.351
v -221.853 6.949 -101.857
v -211.329 6.949 -94.589
v -221.347 6.949 -80.083
f 3216 3215 3214 3213
f 3209 3210 3214 3213
f 3210 3211 3215 3214
f 3211 3212 3216 3215
f 3212 3209 3213 3216
v -12.837 1.983 109.855
v -0.315 1.983 90.158
v 8.157 1.983 95.545
v -4.365 1.983 115.242
v -12.837 5.883 109.855
v -0.315 5.883 90.158
v 8.157 5.883 95.545
v -4.365 5.883 115.242
f 3224 3223 3222 3221
f 3217 3218 3222 3221
f 3218 3219 3223 3222
f 3219 3220 3224 3223
f 3220 3217 3221 3224
v 6.109 1.975 112.246
v 15.819 1.975 119.450
v 11.231 1.975 125.634
v 1.521 1.975 118.430
v 6.109 5.875 112.246
v 15.819 5.875 119.450
v 11.231 5.875 125.634
v 1.521 5.875 118.430
f 3232 3231 3230 3229
f 3225 3226 3230 3229
f 3226 3227 3231 3230
f 3227 3228 3232 3231
f 3228 3225 3229 3232
v -58.396 1.604 126.040
v -47.654 1.604 132.472
v -52.544 1.604 140.640
v -63.286 1.604 134.208
v -58.396 5.504 126.040
v -47.654 5.504 132.472
v -52.544 5.504 140.640
v -63.286 5.504 134.208
f 3240 3239 3238 3237
f 3233 3234 3238 3237
f 3234 3235 3239 3238
f 3235 3236 3240 3239
f 3236 3233 3237 3240
v -65.654 1.703 163.323
v -56.654 1.703 148.549
v -49.386 1.703 152.977
v -58.386 1.703 167.751
v -65.654 5.603 163.323
v -56.654 5.603 148.549
v -49.386 5.603 152.977
v -58.386 5.603 167.751
f 3248 3247 3246 3245
f 3241 3242 3246 3245
f 3242 3243 3247 3246
f 3243 3244 3248 3247
f 3244 3241 3245 3248
v -61.465 1.573 116.773
v -53.406 1.573 122.295
v -57.855 1.573 128.787
v -65.914 1.573 123.265
v -61.465 5.473 116.773
v -53.406 5.473 122.295
v -57.855 5.473 128.787
v -65.914 5.473 123.265
f 3256 3255 3254 3253
f 3249 3250 3254 3253
f 3250 3251 3255 3254
f 3251 3252 3256 3255
f 3252 3249 3253 3256
v -73.545 2.059 107.229
v -59.374 2.059 116.582
v -63.775 2.059 123.251
v -77.946 2.059 113.898
v -73.545 5.959 107.229
v -59.374 5.959 116.582
v -63.775 5.959 123.251
v -77.946 5.959 113.898
f 3264 3263 3262 3261
f 3257 3258 3262 3261
f 3258 3259 3263 3262
f 3259 3260 3264 3263
f 3260 3257 3261 3264
v -68.797 1.666 138.340
v -62.634 1.666 132.976
v -57.303 1.666 139.100
v -63.466 1.666 144.464
v -68.797 5.566 138.340
v -62.634 5.566 132.976
v -57.303 5.566 139.100
v -63.466 5.566 144.464
f 3272 3271 3270 3269
f 3265 3266 3270 3269
f 3266 3267 3271 3270
f 3267 3268 3272 3271
f 3268 3265 3269 3272
v -79.326 2.147 158.428
v -72.275 2.147 149.381
v -63.434 2.147 156.272
v -70.485 2.147 165.319
v -79.326 6.047 158.428
v -72.275 6.047 149.381
v -63.434 6.047 156.272
v -70.485 6.047 165.319
f 3280 3279 3278 3277
f 3273 3274 3278 3277
f 3274 3275 3279 3278
f 3275 3276 3280 3279
f 3276 3273 3277 3280
v -89.904 1.958 138.233
v -77.207 1.958 133.500
v -73.036 1.958 144.687
v -85.733 1.958 149.420
v -89.904 5.858 138.233
v -77.207 5.858 133.500
v -73.036 5.858 144.687
v -85.733 5.858 149.420
f 3288 3287 3286 3285
f 3281 3282 3286 3285
f 3282 3283 3287 3286
f 3283 3284 3288 3287
f 3284 3281 3285 3288
v -73.210 1.915 128.724
v -66.250 1.915 121.867
v -61.710 1.915 126.476
v -68.670 1.915 133.333
v -73.210 5.815 128.724
v -66.250 5.815 121.867
v -61.710 5.815 126.476
v -68.670 5.815 133.333
f 3296 3295 3294 3293
f 3289 3290 3294 3293
f 3290 3291 3295 3294
f 3291 3292 3296 3295
f 3292 3289 3293 3296
v -75.552 1.414 126.499
v -66.818 1.414 130.602
v -70.228 1.414 137.861
v -78.962 1.414 133.758
v -75.552 5.314 126.499
v -66.818 5.314 130.602
v -70.228 5.314 137.861
v -78.962 5.314 133.758
f 3304 3303 3302 3301
f 3297 3298 3302 3301
f 3298 3299 3303 3302
f 3299 3300 3304 3303
f 3300 3297 3301 3304
v -83.814 2.003 110.511
v -74.749 2.003 116.618
v -77.006 2.003 119.969
v -86.071 2.003 113.862
v -83.814 5.903 110.511
v -74.749 5.903 116.618
v -77.006 5.903 119.969
v -86.071 5.903 113.862
f 3312 3311 3310 3309
f 3305 3306 3310 3309
f 3306 3307 3311 3310
f 3307 3308 3312 3311
f 3308 3305 3309 3312
v -81.228 2.106 95.632
v -66.553 2.106 104.700
v -71.032 2.106 111.948
v -85.707 2.106 102.880
v -81.228 6.006 95.632
v -66.553 6.006 104.700
v -71.032 6.006 111.948
v -85.707 6.006 102.880
f 3320 3319 3318 3317
f 3313 3314 3318 3317
f 3314 3315 3319 3318
f 3315 3316 3320 3319
f 3316 3313 3317 3320
v -98.258 2.372 113.197
v -90.064 2.372 101.538
v -83.142 2.372 106.403
v -91.336 2.372 118.062
v -98.258 6.272 113.197
v -90.064 6.272 101.538
v -83.142 6.272 106.403
v -91.336 6.272 118.062
f 3328 3327 3326 3325
f 3321 3322 3326 3325
f 3322 3323 3327 3326
f 3323 3324 3328 3327
f 3324 3321 3325 3328
v -95.840 2.452 86.838
v -89.371 2.452 103.581
v -104.800 2.452 109.542
v -111.269 2.452 92.799
v -95.840 6.352 86.838
v -89.371 6.352 103.581
v -104.800 6.352 109.542
v -111.269 6.352 92.799
f 3336 3335 3334 3333
f 3329 3330 3334 3333
f 3330 3331 3335 3334
f 3331 3332 3336 3335
f 3332 3329 3333 3336
v -112.616 2.476 113.175
v -102.641 2.476 102.928
v -95.124 2.476 110.245
v -105.099 2.476 120.492
v -112.616 6.376 113.175
v -102.641 6.376 102.928
v -95.124 6.376 110.245
v -105.099 6.376 120.492
f 3344 3343 3342 3341
f 3337 3338 3342 3341
f 3338 3339 3343 3342
f 3339 3340 3344 3343
f 3340 3337 3341 3344
v -124.156 2.822 94.473
v -116.616 2.822 82.440
v -111.244 2.822 85.807
v -118.784 2.822 97.840
v -124.156 6.722 94.473
v -116.616 6.722 82.440
v -111.244 6.722 85.807
v -118.784 6.722 97.840
f 3352 3351 3350 3349
f 3345 3346 3350 3349
f 3346 3347 3351 3350
f 3347 3348 3352 3351
f 3348 3345 3349 3352
v -105.966 2.852 72.851
v -98.062 2.852 78.371
v -102.614 2.852 84.889
v -110.518 2.852 79.369
v -105.966 6.752 72.851
v -98.062 6.752 78.371
v -102.614 6.752 84.889
v -110.518 6.752 79.369
f 3360 3359 3358 3357
f 3353 3354 3358 3357
f 3354 3355 3359 3358
f 3355 3356 3360 3359
f 3356 3353 3357 3360
v -111.195 2.540 96.524
v -107.356 2.540 98.754
v -109.425 2.540 102.316
v -113.264 2.540 100.086
v -111.195 6.440 96.524
v -107.356 6.440 98.754
v -109.425 6.440 102.316
v -113.264 6.440 100.086
f 3368 3367 3366 3365
f 3361 3362 3366 3365
f 3362 3363 3367 3366
f 3363 3364 3368 3367
f 3364 3361 3365 3368
v -135.700 3.125 105.630
v -128.280 3.125 89.110
v -117.060 3.125 94.150
v -124.480 3.125 110.670
v -135.700 7.025 105.630
v -128.280 7.025 89.110
v -117.060 7.025 94.150
v -124.480 7.025 110.670
f 3376 3375 3374 3373
f 3369 3370 3374 3373
f 3370 3371 3375 3374
f 3371 3372 3376 3375
f 3372 3369 3373 3376
v -131.074 2.606 113.265
v -122.639 2.606 118.542
v -127.226 2.606 125.875
v -135.661 2.606 120.598
v -131.074 6.506 113.265
v -122.639 6.506 118.542
v -127.226 6.506 125.875
v -135.661 6.506 120.598
f 3384 3383 3382 3381
f 3377 3378 3382 3381
f 3378 3379 3383 3382
f 3379 3380 3384 3383
f 3380 3377 3381 3384
v -118.993 2.758 105.416
v -111.227 2.758 110.623
v -115.827 2.758 117.484
v -123.593 2.758 112.277
v -118.993 6.658 105.416
v -111.227 6.658 110.623
v -115.827 6.658 117.484
v -123.593 6.658 112.277
f 3392 3391 3390 3389
f 3385 3386 3390 3389
f 3386 3387 3391 3390
f 3387 3388 3392 3391
f 3388 3385 3389 3392
v -126.948 2.778 113.919
v -107.442 2.778 127.061
v -111.012 2.778 132.361
v -130.518 2.778 119.219
v -126.948 6.678 113.919
v -107.442 6.678 127.061
v -111.012 6.678 132.361
v -130.518 6.678 119.219
f 3400 3399 3398 3397
f 3393 3394 3398 3397
f 3394 3395 3399 3398
f 3395 3396 3400 3399
f 3396 3393 3397 3400
v -120.610 2.270 123.560
v -107.698 2.270 134.649
v -112.930 2.270 140.740
v -125.842 2.270 129.651
v -120.610 6.170 123.560
v -107.698 6.170 134.649
v -112.930 6.170 140.740
v -125.842 6.170 129.651
f 3408 3407 3406 3405
f 3401 3402 3406 3405
f 3402 3403 3407 3406
f 3403 3404 3408 3407
f 3404 3401 3405 3408
v -115.117 2.113 130.112
v -99.952 2.113 140.622
v -103.643 2.113 145.948
v -118.808 2.113 135.438
v -115.117 6.013 130.112
v -99.952 6.013 140.622
v -103.643 6.013 145.948
v -118.808 6.013 135.438
f 3416 3415 3414 3413
f 3409 3410 3414 3413
f 3410 3411 3415 3414
f 3411 3412 3416 3415
f 3412 3409 3413 3416
v -108.416 1.859 136.357
v -95.375 1.859 145.225
v -99.604 1.859 151.443
v -112.645 1.859 142.575
v -108.416 5.759 136.357
v -95.375 5.759 145.225
v -99.604 5.759 151.443
v -112.645 5.759 142.575
f 3424 3423 3422 3421
f 3417 3418 3422 3421
f 3418 3419 3423 3422
f 3419 3420 3424 3423
f 3420 3417 3421 3424
v -112.462 2.294 160.274
v -106.498 2.294 151.282
v -99.798 2.294 155.726
v -105.762 2.294 164.718
v -112.462 6.194 160.274
v -106.498 6.194 151.282
v -99.798 6.194 155.726
v -105.762 6.194 164.718
f 3432 3431 3430 3429
f 3425 3426 3430 3429
f 3426 3427 3431 3430
f 3427 3428 3432 3431
f 3428 3425 3429 3432
v -104.859 2.222 170.940
v -98.902 2.222 162.269
v -92.481 2.222 166.680
v -98.438 2.222 175.351
v -104.859 6.122 170.940
v -98.902 6.122 162.269
v -92.481 6.122 166.680
v -98.438 6.122 175.351
f 3440 3439 3438 3437
f 3433 3434 3438 3437
f 3434 3435 3439 3438
f 3435 3436 3440 3439
f 3436 3433 3437 3440
v -98.826 2.026 142.950
v -89.916 2.026 149.176
v -94.034 2.026 155.070
v -102.944 2.026 148.844
v -98.826 5.926 142.950
v -89.916 5.926 149.176
v -94.034 5.926 155.070
v -102.944 5.926 148.844
f 3448 3447 3446 3445
f 3441 3442 3446 3445
f 3442 3443 3447 3446
f 3443 3444 3448 3447
f 3444 3441 3445 3448
v -88.088 1.973 162.725
v -79.260 1.973 168.894
v -83.832 1.973 175.435
v -92.660 1.973 169.266
v -88.088 5.873 162.725
v -79.260 5.873 168.894
v -83.832 5.873 175.435
v -92.660 5.873 169.266
f 3456 3455 3454 3453
f 3449 3450 3454 3453
f 3450 3451 3455 3454
f 3451 3452 3456 3455
f 3452 3449 3453 3456
v -78.854 2.045 162.019
v -73.783 2.045 165.281
v -76.266 2.045 169.141
v -81.337 2.045 165.879
v -78.854 5.945 162.019
v -73.783 5.945 165.281
v -76.266 5.945 169.141
v -81.337 5.945 165.879
f 3464 3463 3462 3461
f 3457 3458 3462 3461
f 3458 3459 3463 3462
f 3459 3460 3464 3463
f 3460 3457 3461 3464
v -163.394 3.331 121.594
v -155.296 3.331 110.112
v -148.726 3.331 114.746
v -156.824 3.331 126.228
v -163.394 7.231 121.594
v -155.296 7.231 110.112
v -148.726 7.231 114.746
v -156.824 7.231 126.228
f 3472 3471 3470 3469
f 3465 3466 3470 3469
f 3466 3467 3471 3470
f 3467 3468 3472 3471
f 3468 3465 3469 3472
v -174.614 3.254 134.685
v -159.730 3.254 115.124
v -152.066 3.254 120.955
v -166.950 3.254 140.516
v -174.614 7.154 134.685
v -159.730 7.154 115.124
v -152.066 7.154 120.955
v -166.950 7.154 140.516
f 3480 3479 3478 3477
f 3473 3474 3478 3477
f 3474 3475 3479 3478
f 3475 3476 3480 3479
f 3476 3473 3477 3480
v -149.310 3.144 125.650
v -139.584 3.144 132.044
v -142.770 3.144 136.890
v -152.496 3.144 130.496
v -149.310 7.044 125.650
v -139.584 7.044 132.044
v -142.770 7.044 136.890
v -152.496 7.044 130.496
f 3488 3487 3486 3485
f 3481 3482 3486 3485
f 3482 3483 3487 3486
f 3483 3484 3488 3487
f 3484 3481 3485 3488
v -161.991 2.877 135.515
v -155.754 2.877 139.608
v -159.309 2.877 145.025
v -165.546 2.877 140.932
v -161.991 6.777 135.515
v -155.754 6.777 139.608
v -159.309 6.777 145.025
v -165.546 6.777 140.932
f 3496 3495 3494 3493
f 3489 3490 3494 3493
f 3490 3491 3495 3494
f 3491 3492 3496 3495
f 3492 3489 3493 3496
v -167.649 2.873 154.590
v -160.080 2.873 155.830
v -161.311 2.873 163.350
v -168.880 2.873 162.110
v -167.649 6.773 154.590
v -160.080 6.773 155.830
v -161.311 6.773 163.350
v -168.880 6.773 162.110
f 3504 3503 3502 3501
f 3497 3498 3502 3501
f 3498 3499 3503 3502
f 3499 3500 3504 3503
f 3500 3497 3501 3504
v -171.001 3.240 166.479
v -168.438 3.240 162.928
v -165.179 3.240 165.281
v -167.742 3.240 168.832
v -171.001 7.140 166.479
v -168.438 7.140 162.928
v -165.179 7.140 165.281
v -167.742 7.140 168.832
f 3512 3511 3510 3509
f 3505 3506 3510 3509
f 3506 3507 3511 3510
f 3507 3508 3512 3511
f 3508 3505 3509 3512
v -157.750 2.617 152.498
v -146.046 2.617 160.556
v -148.570 2.617 164.222
v -160.274 2.617 156.164
v -157.750 6.517 152.498
v -146.046 6.517 160.556
v -148.570 6.517 164.222
v -160.274 6.517 156.164
f 3520 3519 3518 3517
f 3513 3514 3518 3517
f 3514 3515 3519 3518
f 3515 3516 3520 3519
f 3516 3513 3517 3520
v -154.122 2.579 158.641
v -144.549 2.579 165.710
v -147.258 2.579 169.379
v -156.831 2.579 162.310
v -154.122 6.479 158.641
v -144.549 6.479 165.710
v -147.258 6.479 169.379
v -156.831 6.479 162.310
f 3528 3527 3526 3525
f 3521 3522 3526 3525
f 3522 3523 3527 3526
f 3523 3524 3528 3527
f 3524 3521 3525 3528
v -141.263 2.702 147.390
v -128.271 2.702 156.310
v -131.237 2.702 160.630
v -144.229 2.702 151.710
v -141.263 6.602 147.390
v -128.271 6.602 156.310
v -131.237 6.602 160.630
v -144.229 6.602 151.710
f 3536 3535 3534 3533
f 3529 3530 3534 3533
f 3530 3531 3535 3534
f 3531 3532 3536 3535
f 3532 3529 3533 3536
v -138.768 2.128 154.472
v -122.525 2.128 165.026
v -127.412 2.128 172.548
v -143.655 2.128 161.994
v -138.768 6.028 154.472
v -122.525 6.028 165.026
v -127.412 6.028 172.548
v -143.655 6.028 161.994
f 3544 3543 3542 3541
f 3537 3538 3542 3541
f 3538 3539 3543 3542
f 3539 3540 3544 3543
f 3540 3537 3541 3544
v -140.136 2.062 170.043
v -126.879 2.062 180.860
v -133.764 2.062 189.297
v -147.021 2.062 178.480
v -140.136 5.962 170.043
v -126.879 5.962 180.860
v -133.764 5.962 189.297
v -147.021 5.962 178.480
f 3552 3551 3550 3549
f 3545 3546 3550 3549
f 3546 3547 3551 3550
f 3547 3548 3552 3551
f 3548 3545 3549 3552
v -125.461 2.136 161.983
v -117.101 2.136 167.416
v -119.999 2.136 171.877
v -128.359 2.136 166.444
v -125.461 6.036 161.983
v -117.101 6.036 167.416
v -119.999 6.036 171.877
v -128.359 6.036 166.444
f 3560 3559 3558 3557
f 3553 3554 3558 3557
f 3554 3555 3559 3558
f 3555 3556 3560 3559
f 3556 3553 3557 3560
v -122.608 2.041 168.994
v -114.703 2.041 173.378
v -116.992 2.041 177.506
v -124.897 2.041 173.122
v -122.608 5.941 168.994
v -114.703 5.941 173.378
v -116.992 5.941 177.506
v -124.897 5.941 173.122
f 3568 3567 3566 3565
f 3561 3562 3566 3565
f 3562 3563 3567 3566
f 3563 3564 3568 3567
f 3564 3561 3565 3568
v -119.150 1.938 172.226
v -109.863 1.938 177.759
v -112.350 1.938 181.934
v -121.637 1.938 176.401
v -119.150 5.838 172.226
v -109.863 5.838 177.759
v -112.350 5.838 181.934
v -121.637 5.838 176.401
f 3576 3575 3574 3573
f 3569 3570 3574 3573
f 3570 3571 3575 3574
f 3571 3572 3576 3575
f 3572 3569 3573 3576
v -128.356 1.684 193.029
v -122.589 1.684 184.958
v -116.104 1.684 189.591
v -121.871 1.684 197.662
v -128.356 5.584 193.029
v -122.589 5.584 184.958
v -116.104 5.584 189.591
v -121.871 5.584 197.662
f 3584 3583 3582 3581
f 3577 3578 3582 3581
f 3578 3579 3583 3582
f 3579 3580 3584 3583
f 3580 3577 3581 3584
v -109.723 3.126 44.147
v -98.711 3.126 50.981
v -104.317 3.126 60.013
v -115.329 3.126 53.179
v -109.723 7.026 44.147
v -98.711 7.026 50.981
v -104.317 7.026 60.013
v -115.329 7.026 53.179
f 3592 3591 3590 3589
f 3585 3586 3590 3589
f 3586 3587 3591 3590
f 3587 3588 3592 3591
f 3588 3585 3589 3592
v -118.197 3.372 33.063
v -105.630 3.372 42.390
v -111.143 3.372 49.817
v -123.710 3.372 40.490
v -118.197 7.272 33.063
v -105.630 7.272 42.390
v -111.143 7.272 49.817
v -123.710 7.272 40.490
f 3600 3599 3598 3597
f 3593 3594 3598 3597
f 3594 3595 3599 3598
f 3595 3596 3600 3599
f 3596 3593 3597 3600
v -140.209 3.258 73.807
v -132.420 3.258 63.262
v -126.991 3.258 67.273
v -134.780 3.258 77.818
v -140.209 7.158 73.807
v -132.420 7.158 63.262
v -126.991 7.158 67.273
v -134.780 7.158 77.818
f 3608 3607 3606 3605
f 3601 3602 3606 3605
f 3602 3603 3607 3606
f 3603 3604 3608 3607
f 3604 3601 3605 3608
v -150.559 3.722 64.590
v -144.142 3.722 54.878
v -140.521 3.722 57.270
v -146.938 3.722 66.982
v -150.559 7.622 64.590
v -144.142 7.622 54.878
v -140.521 7.622 57.270
v -146.938 7.622 66.982
f 3616 3615 3614 3613
f 3609 3610 3614 3613
f 3610 3611 3615 3614
f 3611 3612 3616 3615
f 3612 3609 3613 3616
v -144.067 3.741 51.051
v -138.545 3.741 54.701
v -140.613 3.741 57.829
v -146.135 3.741 54.179
v -144.067 7.641 51.051
v -138.545 7.641 54.701
v -140.613 7.641 57.829
v -146.135 7.641 54.179
f 3624 3623 3622 3621
f 3617 3618 3622 3621
f 3618 3619 3623 3622
f 3619 3620 3624 3623
f 3620 3617 3621 3624
v -149.989 3.728 81.374
v -143.711 3.728 72.317
v -135.591 3.728 77.946
v -141.869 3.728 87.003
v -149.989 7.628 81.374
v -143.711 7.628 72.317
v -135.591 7.628 77.946
v -141.869 7.628 87.003
f 3632 3631 3630 3629
f 3625 3626 3630 3629
f 3626 3627 3631 3630
f 3627 3628 3632 3631
f 3628 3625 3629 3632
v -160.681 3.785 83.156
v -149.206 3.785 78.700
v -144.319 3.785 91.284
v -155.794 3.785 95.740
v -160.681 7.685 83.156
v -149.206 7.685 78.700
v -144.319 7.685 91.284
v -155.794 7.685 95.740
f 3640 3639 3638 3637
f 3633 3634 3638 3637
f 3634 3635 3639 3638
f 3635 3636 3640 3639
f 3636 3633 3637 3640
v -148.415 3.737 58.884
v -143.462 3.737 78.983
v -159.745 3.737 82.996
v -164.698 3.737 62.897
v -148.415 7.637 58.884
v -143.462 7.637 78.983
v -159.745 7.637 82.996
v -164.698 7.637 62.897
f 3648 3647 3646 3645
f 3641 3642 3646 3645
f 3642 3643 3647 3646
f 3643 3644 3648 3647
f 3644 3641 3645 3648
v -169.320 3.773 60.035
v -161.746 3.773 64.988
v -165.380 3.773 70.545
v -172.954 3.773 65.592
v -169.320 7.673 60.035
v -161.746 7.673 64.988
v -165.380 7.673 70.545
v -172.954 7.673 65.592
f 3656 3655 3654 3653
f 3649 3650 3654 3653
f 3650 3651 3655 3654
f 3651 3652 3656 3655
f 3652 3649 3653 3656
v -147.747 3.841 36.391
v -139.712 3.841 38.431
v -141.733 3.841 46.389
v -149.768 3.841 44.349
v -147.747 7.741 36.391
v -139.712 7.741 38.431
v -141.733 7.741 46.389
v -149.768 7.741 44.349
f 3664 3663 3662 3661
f 3657 3658 3662 3661
f 3658 3659 3663 3662
f 3659 3660 3664 3663
f 3660 3657 3661 3664
v -133.251 3.783 24.303
v -116.072 3.783 35.580
v -120.429 3.783 42.217
v -137.608 3.783 30.940
v -133.251 7.683 24.303
v -116.072 7.683 35.580
v -120.429 7.683 42.217
v -137.608 7.683 30.940
f 3672 3671 3670 3669
f 3665 3666 3670 3669
f 3666 3667 3671 3670
f 3667 3668 3672 3671
f 3668 3665 3669 3672
v -141.036 3.574 17.845
v -125.654 3.574 28.862
v -128.944 3.574 33.455
v -144.326 3.574 22.438
v -141.036 7.474 17.845
v -125.654 7.474 28.862
v -128.944 7.474 33.455
v -144.326 7.474 22.438
f 3680 3679 3678 3677
f 3673 3674 3678 3677
f 3674 3675 3679 3678
f 3675 3676 3680 3679
f 3676 3673 3677 3680
v -139.749 3.572 10.487
v -125.913 3.572 19.421
v -128.891 3.572 24.033
v -142.727 3.572 15.099
v -139.749 7.472 10.487
v -125.913 7.472 19.421
v -128.891 7.472 24.033
v -142.727 7.472 15.099
f 3688 3687 3686 3685
f 3681 3682 3686 3685
f 3682 3683 3687 3686
f 3683 3684 3688 3687
f 3684 3681 3685 3688
v -155.596 3.673 15.006
v -147.051 3.673 18.549
v -150.544 3.673 26.974
v -159.089 3.673 23.431
v -155.596 7.573 15.006
v -147.051 7.573 18.549
v -150.544 7.573 26.974
v -159.089 7.573 23.431
f 3696 3695 3694 3693
f 3689 3690 3694 3693
f 3690 3691 3695 3694
f 3691 3692 3696 3695
f 3692 3689 3693 3696
v -143.246 3.735 4.030
v -130.184 3.735 12.301
v -133.394 3.735 17.370
v -146.456 3.735 9.099
v -143.246 7.635 4.030
v -130.184 7.635 12.301
v -133.394 7.635 17.370
v -146.456 7.635 9.099
f 3704 3703 3702 3701
f 3697 3698 3702 3701
f 3698 3699 3703 3702
f 3699 3700 3704 3703
f 3700 3697 3701 3704
v -147.346 3.569 -3.983
v -132.432 3.569 5.400
v -135.994 3.569 11.063
v -150.908 3.569 1.680
v -147.346 7.469 -3.983
v -132.432 7.469 5.400
v -135.994 7.469 11.063
v -150.908 7.469 1.680
f 3712 3711 3710 3709
f 3705 3706 3710 3709
f 3706 3707 3711 3710
f 3707 3708 3712 3711
f 3708 3705 3709 3712
v -158.687 3.730 6.396
v -148.096 3.730 13.727
v -151.693 3.730 18.924
v -162.284 3.730 11.593
v -158.687 7.630 6.396
v -148.096 7.630 13.727
v -151.693 7.630 18.924
v -162.284 7.630 11.593
f 3720 3719 3718 3717
f 3713 3714 3718 3717
f 3714 3715 3719 3718
f 3715 3716 3720 3719
f 3716 3713 3717 3720
v -167.855 3.786 4.509
v -162.296 3.786 -2.747
v -155.485 3.786 2.471
v -161.044 3.786 9.727
v -167.855 7.686 4.509
v -162.296 7.686 -2.747
v -155.485 7.686 2.471
v -161.044 7.686 9.727
f 3728 3727 3726 3725
f 3721 3722 3726 3725
f 3722 3723 3727 3726
f 3723 3724 3728 3727
f 3724 3721 3725 3728
v -153.518 3.613 -14.097
v -138.730 3.613 -4.480
v -143.462 3.613 2.797
v -158.250 3.613 -6.820
v -153.518 7.513 -14.097
v -138.730 7.513 -4.480
v -143.462 7.513 2.797
v -158.250 7.513 -6.820
f 3736 3735 3734 3733
f 3729 3730 3734 3733
f 3730 3731 3735 3734
f 3731 3732 3736 3735
f 3732 3729 3733 3736
v -173.049 3.828 -8.287
v -166.139 3.828 -3.270
v -170.551 3.828 2.807
v -177.461 3.828 -2.210
v -173.049 7.728 -8.287
v -166.139 7.728 -3.270
v -170.551 7.728 2.807
v -177.461 7.728 -2.210
f 3744 3743 3742 3741
f 3737 3738 3742 3741
f 3738 3739 3743 3742
f 3739 3740 3744 3743
f 3740 3737 3741 3744
v -195.543 3.420 -4.875
v -187.809 3.420 -17.411
v -180.277 3.420 -12.765
v -188.011 3.420 -0.229
v -195.543 7.320 -4.875
v -187.809 7.320 -17.411
v -180.277 7.320 -12.765
v -188.011 7.320 -0.229
f 3752 3751 3750 3749
f 3745 3746 3750 3749
f 3746 3747 3751 3750
f 3747 3748 3752 3751
f 3748 3745 3749 3752
v -164.786 3.760 -19.761
v -150.092 3.760 -9.948
v -155.174 3.760 -2.339
v -169.868 3.760 -12.152
v -164.786 7.660 -19.761
v -150.092 7.660 -9.948
v -155.174 7.660 -2.339
v -169.868 7.660 -12.152
f 3760 3759 3758 3757
f 3753 3754 3758 3757
f 3754 3755 3759 3758
f 3755 3756 3760 3759
f 3756 3753 3757 3760
v -178.581 3.524 -25.237
v -160.895 3.524 -38.084
v -152.279 3.524 -26.223
v -169.965 3.524 -13.376
v -178.581 7.424 -25.237
v -160.895 7.424 -38.084
v -152.279 7.424 -26.223
v -169.965 7.424 -13.376
f 3768 3767 3766 3765
f 3761 3762 3766 3765
f 3762 3763 3767 3766
f 3763 3764 3768 3767
f 3764 3761 3765 3768
v -185.281 3.444 -14.595
v -175.067 3.444 -29.622
v -164.539 3.444 -22.465
v -174.753 3.444 -7.438
v -185.281 7.344 -14.595
v -175.067 7.344 -29.622
v -164.539 7.344 -22.465
v -174.753 7.344 -7.438
f 3776 3775 3774 3773
f 3769 3770 3774 3773
f 3770 3771 3775 3774
f 3771 3772 3776 3775
f 3772 3769 3773 3776
v -218.573 2.962 7.275
v -210.461 2.962 -4.356
v -204.867 2.962 -0.455
v -212.979 2.962 11.176
v -218.573 6.862 7.275
v -210.461 6.862 -4.356
v -204.867 6.862 -0.455
v -212.979 6.862 11.176
f 3784 3783 3782 3781
f 3777 3778 3782 3781
f 3778 3779 3783 3782
f 3779 3780 3784 3783
f 3780 3777 3781 3784
v -213.128 3.293 -1.001
v -201.486 3.293 -10.602
v -194.952 3.293 -2.679
v -206.594 3.293 6.922
v -213.128 7.193 -1.001
v -201.486 7.193 -10.602
v -194.952 7.193 -2.679
v -206.594 7.193 6.922
f 3792 3791 3790 3789
f 3785 3786 3790 3789
f 3786 3787 3791 3790
f 3787 3788 3792 3791
f 3788 3785 3789 3792
v -251.567 2.642 -222.729
v -232.903 2.642 -210.838
v -236.653 2.642 -204.951
v -255.317 2.642 -216.842
v -251.567 6.542 -222.729
v -232.903 6.542 -210.838
v -236.653 6.542 -204.951
v -255.317 6.542 -216.842
f 3800 3799 3798 3797
f 3793 3794 3798 3797
f 3794 3795 3799 3798
f 3795 3796 3800 3799
f 3796 3793 3797 3800
v -244.301 2.400 -206.953
v -232.998 2.400 -200.077
v -236.959 2.400 -193.567
v -248.262 2.400 -200.443
v -244.301 6.300 -206.953
v -232.998 6.300 -200.077
v -236.959 6.300 -193.567
v -248.262 6.300 -200.443
f 3808 3807 3806 3805
f 3801 3802 3806 3805
f 3802 3803 3807 3806
f 3803 3804 3808 3807
f 3804 3801 3805 3808
v -234.814 2.505 -200.246
v -223.952 2.505 -189.988
v -233.146 2.505 -180.254
v -244.008 2.505 -190.512
v -234.814 6.405 -200.246
v -223.952 6.405 -189.988
v -233.146 6.405 -180.254
v -244.008 6.405 -190.512
f 3816 3815 3814 3813
f 3809 3810 3814 3813
f 3810 3811 3815 3814
f 3811 3812 3816 3815
f 3812 3809 3813 3816
v -231.754 2.287 -166.620
v -223.512 2.287 -178.937
v -218.226 2.287 -175.400
v -226.468 2.287 -163.083
v -231.754 6.187 -166.620
v -223.512 6.187 -178.937
v -218.226 6.187 -175.400
v -226.468 6.187 -163.083
f 3824 3823 3822 3821
f 3817 3818 3822 3821
f 3818 3819 3823 3822
f 3819 3820 3824 3823
f 3820 3817 3821 3824
v -225.944 2.582 -176.167
v -218.097 2.582 -187.556
v -212.316 2.582 -183.573
v -220.163 2.582 -172.184
v -225.944 6.482 -176.167
v -218.097 6.482 -187.556
v -212.316 6.482 -183.573
v -220.163 6.482 -172.184
f 3832 3831 3830 3829
f 3825 3826 3830 3829
f 3826 3827 3831 3830
f 3827 3828 3832 3831
f 3828 3825 3829 3832
v -217.134 2.985 -176.883
v -210.055 2.985 -189.526
v -201.286 2.985 -184.617
v -208.365 2.985 -171.974
v -217.134 6.885 -176.883
v -210.055 6.885 -189.526
v -201.286 6.885 -184.617
v -208.365 6.885 -171.974
f 3840 3839 3838 3837
f 3833 3834 3838 3837
f 3834 3835 3839 3838
f 3835 3836 3840 3839
f 3836 3833 3837 3840
v -229.582 2.273 -195.270
v -220.502 2.273 -209.250
v -214.498 2.273 -205.350
v -223.578 2.273 -191.370
v -229.582 6.173 -195.270
v -220.502 6.173 -209.250
v -214.498 6.173 -205.350
v -223.578 6.173 -191.370
f 3848 3847 3846 3845
f 3841 3842 3846 3845
f 3842 3843 3847 3846
f 3843 3844 3848 3847
f 3844 3841 3845 3848
v -215.311 3.799 -189.069
v -200.345 3.799 -210.318
v -191.049 3.799 -203.771
v -206.015 3.799 -182.522
v -215.311 7.699 -189.069
v -200.345 7.699 -210.318
v -191.049 7.699 -203.771
v -206.015 7.699 -182.522
f 3856 3855 3854 3853
f 3849 3850 3854 3853
f 3850 3851 3855 3854
f 3851 3852 3856 3855
f 3852 3849 3853 3856
v -209.333 3.992 -215.627
v -204.286 3.992 -222.602
v -198.607 3.992 -218.493
v -203.654 3.992 -211.518
v -209.333 7.892 -215.627
v -204.286 7.892 -222.602
v -198.607 7.892 -218.493
v -203.654 7.892 -211.518
f 3864 3863 3862 3861
f 3857 3858 3862 3861
f 3858 3859 3863 3862
f 3859 3860 3864 3863
f 3860 3857 3861 3864
v -225.663 3.227 -235.186
v -215.181 3.227 -227.685
v -219.197 3.227 -222.074
v -229.679 3.227 -229.575
v -225.663 7.127 -235.186
v -215.181 7.127 -227.685
v -219.197 7.127 -222.074
v -229.679 7.127 -229.575
f 3872 3871 3870 3869
f 3865 3866 3870 3869
f 3866 3867 3871 3870
f 3867 3868 3872 3871
f 3868 3865 3869 3872
v -220.144 3.392 -226.063
v -209.244 3.392 -219.313
v -213.056 3.392 -213.157
v -223.956 3.392 -219.907
v -220.144 7.292 -226.063
v -209.244 7.292 -219.313
v -213.056 7.292 -213.157
v -223.956 7.292 -219.907
f 3880 3879 3878 3877
f 3873 3874 3878 3877
f 3874 3875 3879 3878
f 3875 3876 3880 3879
f 3876 3873 3877 3880
v -212.265 4.060 -230.974
v -204.812 4.060 -242.624
v -200.095 4.060 -239.606
v -207.548 4.060 -227.956
v -212.265 7.960 -230.974
v -204.812 7.960 -242.624
v -200.095 7.960 -239.606
v -207.548 7.960 -227.956
f 3888 3887 3886 3885
f 3881 3882 3886 3885
f 3882 3883 3887 3886
f 3883 3884 3888 3887
f 3884 3881 3885 3888
v -226.013 3.995 -241.148
v -221.899 3.995 -237.760
v -224.607 3.995 -234.472
v -228.721 3.995 -237.860
v -226.013 7.895 -241.148
v -221.899 7.895 -237.760
v -224.607 7.895 -234.472
v -228.721 7.895 -237.860
f 3896 3895 3894 3893
f 3889 3890 3894 3893
f 3890 3891 3895 3894
f 3891 3892 3896 3895
f 3892 3889 3893 3896
v -199.373 4.167 -246.407
v -187.169 4.167 -238.466
v -190.327 4.167 -233.613
v -202.531 4.167 -241.554
v -199.373 8.067 -246.407
v -187.169 8.067 -238.466
v -190.327 8.067 -233.613
v -202.531 8.067 -241.554
f 3904 3903 3902 3901
f 3897 3898 3902 3901
f 3898 3899 3903 3902
f 3899 3900 3904 3903
f 3900 3897 3901 3904
v -181.876 4.363 -201.824
v -172.540 4.363 -214.880
v -164.984 4.363 -209.476
v -174.320 4.363 -196.420
v -181.876 8.263 -201.824
v -172.540 8.263 -214.880
v -164.984 8.263 -209.476
v -174.320 8.263 -196.420
f 3912 3911 3910 3909
f 3905 3906 3910 3909
f 3906 3907 3911 3910
f 3907 3908 3912 3911
f 3908 3905 3909 3912
v -174.410 4.494 -207.679
v -163.782 4.494 -224.846
v -155.730 4.494 -219.861
v -166.358 4.494 -202.694
v -174.410 8.394 -207.679
v -163.782 8.394 -224.846
v -155.730 8.394 -219.861
v -166.358 8.394 -202.694
f 3920 3919 3918 3917
f 3913 3914 3918 3917
f 3914 3915 3919 3918
f 3915 3916 3920 3919
f 3916 3913 3917 3920
v -166.641 4.910 -218.394
v -163.189 4.910 -230.938
v -151.879 4.910 -227.826
v -155.331 4.910 -215.282
v -166.641 8.810 -218.394
v -163.189 8.810 -230.938
v -151.879 8.810 -227.826
v -155.331 8.810 -215.282
f 3928 3927 3926 3925
f 3921 3922 3926 3925
f 3922 3923 3927 3926
f 3923 3924 3928 3927
f 3924 3921 3925 3928
v -155.923 4.861 -219.332
v -149.807 4.861 -215.148
v -153.557 4.861 -209.668
v -159.673 4.861 -213.852
v -155.923 8.761 -219.332
v -149.807 8.761 -215.148
v -153.557 8.761 -209.668
v -159.673 8.761 -213.852
f 3936 3935 3934 3933
f 3929 3930 3934 3933
f 3930 3931 3935 3934
f 3931 3932 3936 3935
f 3932 3929 3933 3936
v -153.886 4.708 -218.947
v -148.256 4.708 -226.993
v -141.594 4.708 -222.333
v -147.224 4.708 -214.287
v -153.886 8.608 -218.947
v -148.256 8.608 -226.993
v -141.594 8.608 -222.333
v -147.224 8.608 -214.287
f 3944 3943 3942 3941
f 3937 3938 3942 3941
f 3938 3939 3943 3942
f 3939 3940 3944 3943
f 3940 3937 3941 3944
v -244.584 3.525 -246.073
v -239.255 3.525 -254.178
v -233.916 3.525 -250.667
v -239.245 3.525 -242.562
v -244.584 7.425 -246.073
v -239.255 7.425 -254.178
v -233.916 7.425 -250.667
v -239.245 7.425 -242.562
f 3952 3951 3950 3949
f 3945 3946 3950 3949
f 3946 3947 3951 3950
f 3947 3948 3952 3951
f 3948 3945 3949 3952
v -126.673 3.819 -221.335
v -113.167 3.819 -212.499
v -118.187 3.819 -204.825
v -131.693 3.819 -213.661
v -126.673 7.719 -221.335
v -113.167 7.719 -212.499
v -118.187 7.719 -204.825
v -131.693 7.719 -213.661
f 3960 3959 3958 3957
f 3953 3954 3958 3957
f 3954 3955 3959 3958
f 3955 3956 3960 3959
f 3956 3953 3957 3960
v -203.969 2.605 -164.119
v -191.610 2.605 -152.098
v -202.131 2.605 -141.281
v -214.490 2.605 -153.302
v -203.969 6.505 -164.119
v -191.610 6.505 -152.098
v -202.131 6.505 -141.281
v -214.490 6.505 -153.302
f 3968 3967 3966 3965
f 3961 3962 3966 3965
f 3962 3963 3967 3966
f 3963 3964 3968 3967
f 3964 3961 3965 3968
v -195.499 3.246 -149.250
v -175.596 3.246 -138.005
v -182.001 3.246 -126.670
v -201.904 3.246 -137.915
v -195.499 7.146 -149.250
v -175.596 7.146 -138.005
v -182.001 7.146 -126.670
v -201.904 7.146 -137.915
f 3976 3975 3974 3973
f 3969 3970 3974 3973
f 3970 3971 3975 3974
f 3971 3972 3976 3975
f 3972 3969 3973 3976
v -193.919 3.374 -153.091
v -178.816 3.374 -172.217
v -168.041 3.374 -163.709
v -183.144 3.374 -144.583
v -193.919 7.274 -153.091
v -178.816 7.274 -172.217
v -168.041 7.274 -163.709
v -183.144 7.274 -144.583
f 3984 3983 3982 3981
f 3977 3978 3982 3981
f 3978 3979 3983 3982
f 3979 3980 3984 3983
f 3980 3977 3981 3984
v -175.724 4.207 -140.056
v -168.384 4.207 -149.536
v -163.616 4.207 -145.844
v -170.956 4.207 -136.364
v -175.724 8.107 -140.056
v -168.384 8.107 -149.536
v -163.616 8.107 -145.844
v -170.956 8.107 -136.364
f 3992 3991 3990 3989
f 3985 3986 3990 3989
f 3986 3987 3991 3990
f 3987 3988 3992 3991
f 3988 3985 3989 3992
v -163.832 3.992 -153.981
v -150.142 3.992 -150.563
v -153.528 3.992 -136.999
v -167.218 3.992 -140.417
v -163.832 7.892 -153.981
v -150.142 7.892 -150.563
v -153.528 7.892 -136.999
v -167.218 7.892 -140.417
f 4000 3999 3998 3997
f 3993 3994 3998 3997
f 3994 3995 3999 3998
f 3995 3996 4000 3999
f 3996 3993 3997 4000
v -182.635 3.739 -127.191
v -169.474 3.739 -118.485
v -175.305 3.739 -109.669
v -188.466 3.739 -118.375
v -182.635 7.639 -127.191
v -169.474 7.639 -118.485
v -175.305 7.639 -109.669
v -188.466 7.639 -118.375
f 4008 4007 4006 4005
f 4001 4002 4006 4005
f 4002 4003 4007 4006
f 4003 4004 4008 4007
f 4004 4001 4005 4008
v -168.148 3.676 -127.609
v -162.476 3.676 -123.749
v -165.632 3.676 -119.111
v -171.304 3.676 -122.971
v -168.148 7.576 -127.609
v -162.476 7.576 -123.749
v -165.632 7.576 -119.111
v -171.304 7.576 -122.971
f 4016 4015 4014 4013
f 4009 4010 4014 4013
f 4010 4011 4015 4014
f 4011 4012 4016 4015
f 4012 4009 4013 4016
v -181.139 4.162 -164.465
v -173.055 4.162 -176.224
v -167.921 4.162 -172.695
v -176.005 4.162 -160.936
v -181.139 8.062 -164.465
v -173.055 8.062 -176.224
v -167.921 8.062 -172.695
v -176.005 8.062 -160.936
f 4024 4023 4022 4021
f 4017 4018 4022 4021
f 4018 4019 4023 4022
f 4019 4020 4024 4023
f 4020 4017 4021 4024
v -174.145 4.138 -169.910
v -167.559 4.138 -179.797
v -163.855 4.138 -177.330
v -170.441 4.138 -167.443
v -174.145 8.038 -169.910
v -167.559 8.038 -179.797
v -163.855 8.038 -177.330
v -170.441 8.038 -167.443
f 4032 4031 4030 4029
f 4025 4026 4030 4029
f 4026 4027 4031 4030
f 4027 4028 4032 4031
f 4028 4025 4029 4032
v -165.693 4.354 -170.528
v -157.357 4.354 -188.587
v -149.267 4.354 -184.852
v -157.603 4.354 -166.793
v -165.693 8.254 -170.528
v -157.357 8.254 -188.587
v -149.267 8.254 -184.852
v -157.603 8.254 -166.793
f 4040 4039 4038 4037
f 4033 4034 4038 4037
f 4034 4035 4039 4038
f 4035 4036 4040 4039
f 4036 4033 4037 4040
v -151.135 4.339 -175.341
v -138.696 4.339 -170.411
v -142.245 4.339 -161.459
v -154.684 4.339 -166.389
v -151.135 8.239 -175.341
v -138.696 8.239 -170.411
v -142.245 8.239 -161.459
v -154.684 8.239 -166.389
f 4048 4047 4046 4045
f 4041 4042 4046 4045
f 4042 4043 4047 4046
f 4043 4044 4048 4047
f 4044 4041 4045 4048
v -158.367 4.317 -182.299
v -148.584 4.317 -196.031
v -139.193 4.317 -189.341
v -148.976 4.317 -175.609
v -158.367 8.217 -182.299
v -148.584 8.217 -196.031
v -139.193 8.217 -189.341
v -148.976 8.217 -175.609
f 4056 4055 4054 4053
f 4049 4050 4054 4053
f 4050 4051 4055 4054
f 4051 4052 4056 4055
f 4052 4049 4053 4056
v -150.945 4.279 -159.696
v -141.989 4.279 -167.318
v -133.655 4.279 -157.524
v -142.611 4.279 -149.902
v -150.945 8.179 -159.696
v -141.989 8.179 -167.318
v -133.655 8.179 -157.524
v -142.611 8.179 -149.902
f 4064 4063 4062 4061
f 4057 4058 4062 4061
f 4058 4059 4063 4062
f 4059 4060 4064 4063
f 4060 4057 4061 4064
v -136.441 4.292 -155.199
v -123.795 4.292 -146.802
v -129.559 4.292 -138.121
v -142.205 4.292 -146.518
v -136.441 8.192 -155.199
v -123.795 8.192 -146.802
v -129.559 8.192 -138.121
v -142.205 8.192 -146.518
f 4072 4071 4070 4069
f 4065 4066 4070 4069
f 4066 4067 4071 4070
f 4067 4068 4072 4071
f 4068 4065 4069 4072
v -126.460 4.290 -153.593
v -121.261 4.290 -160.419
v -116.360 4.290 -156.687
v -121.559 4.290 -149.861
v -126.460 8.190 -153.593
v -121.261 8.190 -160.419
v -116.360 8.190 -156.687
v -121.559 8.190 -149.861
f 4080 4079 4078 4077
f 4073 4074 4078 4077
f 4074 4075 4079 4078
f 4075 4076 4080 4079
f 4076 4073 4077 4080
v -127.169 4.314 -171.712
v -119.416 4.314 -162.619
v -127.451 4.314 -155.768
v -135.204 4.314 -164.861
v -127.169 8.214 -171.712
v -119.416 8.214 -162.619
v -127.451 8.214 -155.768
v -135.204 8.214 -164.861
f 4088 4087 4086 4085
f 4081 4082 4086 4085
f 4082 4083 4087 4086
f 4083 4084 4088 4087
f 4084 4081 4085 4088
v -134.668 4.208 -142.468
v -122.047 4.208 -140.523
v -123.472 4.208 -131.272
v -136.093 4.208 -133.217
v -134.668 8.108 -142.468
v -122.047 8.108 -140.523
v -123.472 8.108 -131.272
v -136.093 8.108 -133.217
f 4096 4095 4094 4093
f 4089 4090 4094 4093
f 4090 4091 4095 4094
f 4091 4092 4096 4095
f 4092 4089 4093 4096
v -135.029 3.932 -119.080
v -125.428 3.932 -112.289
v -129.551 3.932 -106.460
v -139.152 3.932 -113.251
v -135.029 7.832 -119.080
v -125.428 7.832 -112.289
v -129.551 7.832 -106.460
v -139.152 7.832 -113.251
f 4104 4103 4102 4101
f 4097 4098 4102 4101
f 4098 4099 4103 4102
f 4099 4100 4104 4103
f 4100 4097 4101 4104
v -112.088 4.307 -116.817
v -100.972 4.307 -109.943
v -105.512 4.307 -102.603
v -116.628 4.307 -109.477
v -112.088 8.207 -116.817
v -100.972 8.207 -109.943
v -105.512 8.207 -102.603
v -116.628 8.207 -109.477
f 4112 4111 4110 4109
f 4105 4106 4110 4109
f 4106 4107 4111 4110
f 4107 4108 4112 4111
f 4108 4105 4109 4112
v -117.571 4.358 -133.147
v -108.576 4.358 -121.710
v -117.929 4.358 -114.353
v -126.924 4.358 -125.790
v -117.571 8.258 -133.147
v -108.576 8.258 -121.710
v -117.929 8.258 -114.353
v -126.924 8.258 -125.790
f 4120 4119 4118 4117
f 4113 4114 4118 4117
f 4114 4115 4119 4118
f 4115 4116 4120 4119
f 4116 4113 4117 4120
v -94.955 3.997 -116.994
v -85.379 3.997 -134.187
v -69.505 3.997 -125.346
v -79.081 3.997 -108.153
v -94.955 7.897 -116.994
v -85.379 7.897 -134.187
v -69.505 7.897 -125.346
v -79.081 7.897 -108.153
f 4128 4127 4126 4125
f 4121 4122 4126 4125
f 4122 4123 4127 4126
f 4123 4124 4128 4127
f 4124 4121 4125 4128
v -112.726 4.030 -129.461
v -109.128 4.030 -145.072
v -96.314 4.030 -142.119
v -99.912 4.030 -126.508
v -112.726 7.930 -129.461
v -109.128 7.930 -145.072
v -96.314 7.930 -142.119
v -99.912 7.930 -126.508
f 4136 4135 4134 4133
f 4129 4130 4134 4133
f 4130 4131 4135 4134
f 4131 4132 4136 4135
f 4132 4129 4133 4136
v -102.512 4.411 -139.627
v -97.386 4.411 -148.191
v -91.208 4.411 -144.493
v -96.334 4.411 -135.929
v -102.512 8.311 -139.627
v -97.386 8.311 -148.191
v -91.208 8.311 -144.493
v -96.334 8.311 -135.929
f 4144 4143 4142 4141
f 4137 4138 4142 4141
f 4138 4139 4143 4142
f 4139 4140 4144 4143
f 4140 4137 4141 4144
v -115.165 4.153 -157.585
v -101.831 4.153 -147.447
v -107.375 4.153 -140.155
v -120.709 4.153 -150.293
v -115.165 8.053 -157.585
v -101.831 8.053 -147.447
v -107.375 8.053 -140.155
v -120.709 8.053 -150.293
f 4152 4151 4150 4149
f 4145 4146 4150 4149
f 4146 4147 4151 4150
f 4147 4148 4152 4151
f 4148 4145 4149 4152
v -86.615 3.600 -160.509
v -75.254 3.600 -152.518
v -80.225 3.600 -145.451
v -91.586 3.600 -153.442
v -86.615 7.500 -160.509
v -75.254 7.500 -152.518
v -80.225 7.500 -145.451
v -91.586 7.500 -153.442
f 4160 4159 4158 4157
f 4153 4154 4158 4157
f 4154 4155 4159 4158
f 4155 4156 4160 4159
f 4156 4153 4157 4160
v -104.462 3.958 -189.147
v -94.945 3.958 -183.074
v -100.218 3.958 -174.813
v -109.735 3.958 -180.886
v -104.462 7.858 -189.147
v -94.945 7.858 -183.074
v -100.218 7.858 -174.813
v -109.735 7.858 -180.886
f 4168 4167 4166 4165
f 4161 4162 4166 4165
f 4162 4163 4167 4166
f 4163 4164 4168 4167
f 4164 4161 4165 4168
v -109.929 4.029 -200.798
v -100.089 4.029 -194.413
v -104.171 4.029 -188.122
v -114.011 4.029 -194.507
v -109.929 7.929 -200.798
v -100.089 7.929 -194.413
v -104.171 7.929 -188.122
v -114.011 7.929 -194.507
f 4176 4175 4174 4173
f 4169 4170 4174 4173
f 4170 4171 4175 4174
f 4171 4172 4176 4175
f 4172 4169 4173 4176
v -124.080 4.158 -210.318
v -109.295 4.158 -200.316
v -114.960 4.158 -191.942
v -129.745 4.158 -201.944
v -124.080 8.058 -210.318
v -109.295 8.058 -200.316
v -114.960 8.058 -191.942
v -129.745 8.058 -201.944
f 4184 4183 4182 4181
f 4177 4178 4182 4181
f 4178 4179 4183 4182
f 4179 4180 4184 4183
f 4180 4177 4181 4184
usemtl road
v -174.580 4.003 -186.288
v -104.820 3.910 -84.288
v -100.280 3.908 -87.392
v -170.040 4.076 -189.392
f 4185 4186 4187 4188
v 26.222 1.592 -229.382
v 30.422 1.253 -122.922
v 35.918 1.475 -123.138
v 31.718 1.564 -229.598
f 4189 4190 4191 4192
v -17.650 1.801 -229.366
v -16.540 2.029 -140.636
v -11.040 1.878 -140.704
v -12.150 1.749 -229.434
f 4193 4194 4195 4196
v -16.093 2.111 -139.167
v -14.213 1.608 -136.287
v -9.607 1.874 -139.293
v -11.487 1.911 -142.173
f 4197 4198 4199 4200
v -14.209 1.607 -136.281
v -11.169 1.928 -131.651
v -6.571 1.861 -134.669
v -9.611 1.874 -139.299
f 4201 4202 4203 4204
v -11.089 1.927 -131.535
v -2.199 1.725 -119.395
v 2.239 1.673 -122.645
v -6.651 1.865 -134.785
f 4205 4206 4207 4208
v -2.264 1.727 -119.488
v 51.336 1.721 -39.608
v 55.904 1.721 -42.672
v 2.304 1.674 -122.552
f 4209 4210 4211 4212
v 91.269 1.484 -228.392
v 92.959 1.531 -223.792
v 98.121 1.479 -225.688
v 96.431 1.489 -230.288
f 4213 4214 4215 4216
v 93.276 1.536 -223.179
v 129.096 1.561 -171.229
v 133.624 1.586 -174.351
v 97.804 1.476 -226.301
f 4217 4218 4219 4220
v 129.097 1.561 -171.227
v 132.807 1.595 -165.857
v 137.333 1.537 -168.983
v 133.623 1.586 -174.353
f 4221 4222 4223 4224
v 132.730 1.597 -165.975
v 137.540 1.595 -158.185
v 142.220 1.567 -161.075
v 137.410 1.537 -168.865
f 4225 4226 4227 4228
v 137.543 1.595 -158.180
v 164.143 1.642 -115.310
v 168.817 1.682 -118.210
v 142.217 1.567 -161.080
f 4229 4230 4231 4232
v -186.555 3.087 -88.549
v -219.635 3.404 -67.649
v -217.765 3.364 -64.691
v -184.685 3.109 -85.591
f 4233 4234 4235 4236
v -203.849 3.048 172.909
v -208.399 3.052 175.979
v -206.441 3.024 178.881
v -201.891 3.020 175.811
f 4237 4238 4239 4240
v -208.350 3.050 175.948
v -250.160 3.703 202.178
v -248.300 3.658 205.142
v -206.490 3.026 178.912
f 4241 4242 4243 4244
v 96.594 1.476 -229.157
v 97.154 1.521 -237.567
v 91.666 1.511 -237.933
v 91.106 1.484 -229.523
f 4245 4246 4247 4248
v -53.850 2.287 106.058
v 10.320 1.795 58.398
v 7.040 1.884 53.982
v -57.130 2.327 101.642
f 4249 4250 4251 4252
v 254.511 2.078 196.612
v 165.871 2.210 253.688
v 168.849 2.219 258.312
v 257.489 2.012 201.236
f 4253 4254 4255 4256
v -86.029 1.902 197.860
v -89.159 1.890 193.400
v -93.661 1.935 196.560
v -90.531 1.899 201.020
f 4257 4258 4259 4260
v -89.160 1.890 193.399
v -154.250 3.255 100.749
v -158.750 3.267 103.911
v -93.660 1.935 196.561
f 4261 4262 4263 4264
v -154.182 3.252 100.851
v -156.862 3.271 96.651
v -161.498 3.325 99.609
v -158.818 3.268 103.809
f 4265 4266 4267 4268
v -156.862 3.271 96.650
v -221.292 3.495 -4.270
v -225.928 3.475 -1.310
v -161.498 3.325 99.610
f 4269 4270 4271 4272
v 244.999 1.730 -30.954
v 238.979 1.716 -27.044
v 243.881 1.680 -19.496
v 249.901 1.769 -23.406
f 4273 4274 4275 4276
v 238.217 1.726 -26.421
v 233.107 1.750 -21.211
v 239.533 1.717 -14.909
v 244.643 1.695 -20.119
f 4277 4278 4279 4280
v 233.747 1.748 -21.752
v 223.187 1.723 -14.392
v 228.333 1.788 -7.008
v 238.893 1.719 -14.368
f 4281 4282 4283 4284
v 223.334 1.725 -14.490
v 208.914 1.680 -5.260
v 213.766 1.740 2.320
v 228.186 1.789 -6.910
f 4285 4286 4287 4288
v 163.555 1.638 -114.838
v 187.775 1.827 -77.968
v 193.625 1.678 -81.812
v 169.405 1.677 -118.682
f 4289 4290 4291 4292
v 187.837 1.829 -77.877
v 226.057 1.828 -23.497
v 231.783 1.767 -27.523
v 193.563 1.678 -81.903
f 4293 4294 4295 4296
v 226.437 1.817 -23.043
v 233.837 1.725 -15.593
v 238.803 1.740 -20.527
v 231.403 1.771 -27.977
f 4297 4298 4299 4300
v 233.669 1.727 -15.775
v 240.919 1.717 -7.365
v 246.221 1.673 -11.935
v 238.971 1.737 -20.345
f 4301 4302 4303 4304
v 23.865 2.202 225.267
v 31.885 2.211 237.337
v 37.715 2.188 233.463
v 29.695 2.173 221.393
f 4305 4306 4307 4308
v 31.887 2.211 237.340
v 36.947 2.222 244.940
v 42.773 2.215 241.060
v 37.713 2.188 233.460
f 4309 4310 4311 4312
v 37.030 2.222 245.060
v 46.491 2.247 258.060
v 52.151 2.183 253.940
v 42.690 2.217 240.940
f 4313 4314 4315 4316
v -134.254 4.079 -254.473
v -116.217 3.951 -227.463
v -111.643 3.924 -230.517
v -129.680 4.157 -257.527
f 4317 4318 4319 4320
v -29.456 2.058 153.649
v -53.736 1.985 170.309
v -48.644 2.097 177.731
v -24.364 2.041 161.071
f 4321 4322 4323 4324
v -53.737 1.985 170.310
v -78.067 1.970 187.010
v -72.973 1.994 194.430
v -48.643 2.097 177.730
f 4325 4326 4327 4328
v -78.059 1.970 187.005
v -90.819 1.911 195.725
v -85.741 2.096 203.155
v -72.981 1.994 194.435
f 4329 4330 4331 4332
v -90.810 1.911 195.719
v -95.810 1.974 199.119
v -90.750 2.011 206.561
v -85.750 2.096 203.161
f 4333 4334 4335 4336
v -95.810 1.974 199.119
v -135.760 2.134 226.279
v -130.700 2.110 233.721
v -90.750 2.011 206.561
f 4337 4338 4339 4340
v -135.751 2.134 226.273
v -152.071 2.155 237.313
v -147.029 2.222 244.767
v -130.709 2.110 233.727
f 4341 4342 4343 4344
v -152.065 2.155 237.308
v -157.675 2.196 241.088
v -152.645 2.162 248.552
v -147.035 2.221 244.772
f 4345 4346 4347 4348
v -48.338 2.848 -125.367
v -104.078 3.898 -88.127
v -101.022 3.963 -83.553
v -45.282 2.792 -120.793
f 4349 4350 4351 4352
v -104.111 3.898 -88.104
v -159.721 3.410 -49.764
v -156.599 3.450 -45.236
v -100.989 3.963 -83.576
f 4353 4354 4355 4356
v -159.711 3.410 -49.771
v -225.161 3.490 -5.061
v -222.059 3.499 -0.519
v -156.609 3.450 -45.229
f 4357 4358 4359 4360
v -225.146 3.491 -5.071
v -248.576 3.248 10.709
v -245.504 3.362 15.271
v -222.074 3.499 -0.509
f 4361 4362 4363 4364
v -248.574 3.248 10.708
v -255.284 3.208 15.218
v -252.216 3.351 19.782
v -245.506 3.362 15.272
f 4365 4366 4367 4368
v -254.465 3.462 171.129
v -228.015 3.382 153.342
v -231.085 3.321 148.778
v -257.535 3.375 166.565
f 4369 4370 4371 4372
v -228.006 3.382 153.336
v -224.646 3.258 151.056
v -227.734 3.275 146.504
v -231.094 3.321 148.784
f 4373 4374 4375 4376
v -224.646 3.258 151.056
v -220.416 3.293 148.186
v -223.504 3.329 143.634
v -227.734 3.275 146.504
f 4377 4378 4379 4380
v -220.442 3.293 148.203
v -214.972 3.347 144.583
v -218.008 3.293 139.997
v -223.478 3.329 143.617
f 4381 4382 4383 4384
v -214.965 3.347 144.579
v -154.975 3.232 104.619
v -158.025 3.277 100.041
v -218.015 3.293 140.001
f 4385 4386 4387 4388
v -154.897 3.232 104.564
v -94.587 2.759 61.284
v -97.793 2.899 56.816
v -158.103 3.277 100.096
f 4389 4390 4391 4392
v -94.701 2.761 61.362
v -87.311 2.798 56.602
v -90.289 2.877 51.978
v -97.679 2.896 56.738
f 4393 4394 4395 4396
v -87.273 2.798 56.577
v 19.867 1.723 -14.933
v 16.813 1.758 -19.507
v -90.327 2.877 52.003
f 4397 4398 4399 4400
v 19.764 1.725 -14.867
v 24.704 1.727 -17.857
v 21.856 1.760 -22.563
v 16.916 1.756 -19.573
f 4401 4402 4403 4404
v 24.842 1.728 -17.946
v 55.182 1.722 -38.876
v 52.058 1.694 -43.404
v 21.718 1.761 -22.474
f 4405 4406 4407 4408
v 55.233 1.722 -38.913
v 101.713 1.691 -72.573
v 98.487 1.678 -77.027
v 52.007 1.693 -43.367
f 4409 4410 4411 4412
v 101.588 1.690 -72.487
v 153.688 1.619 -106.007
v 150.712 1.583 -110.633
v 98.612 1.679 -77.113
f 4413 4414 4415 4416
v 153.599 1.620 -105.953
v 167.879 1.660 -114.393
v 165.081 1.645 -119.127
v 150.801 1.581 -110.687
f 4417 4418 4419 4420
v 168.006 1.658 -114.472
v 257.526 1.835 -174.192
v 254.474 1.710 -178.768
v 164.954 1.643 -119.048
f 4421 4422 4423 4424
v -226.237 2.412 -148.660
v -170.787 4.003 -185.550
v -173.833 4.040 -190.130
v -229.283 2.394 -153.240
f 4425 4426 4427 4428
v -170.807 4.002 -185.537
v -111.927 3.893 -223.947
v -114.933 3.947 -228.553
v -173.813 4.041 -190.143
f 4429 4430 4431 4432
v 113.177 2.022 212.394
v 53.477 2.223 251.724
v 56.503 2.184 256.316
v 116.203 2.065 216.986
f 4433 4434 4435 4436
v 53.321 2.219 251.834
v 50.728 2.182 253.814
v 54.066 2.172 258.186
v 56.659 2.187 256.206
f 4437 4438 4439 4440
v 92.237 2.033 76.678
v 25.557 1.733 -21.752
v 21.003 1.755 -18.668
v 87.683 2.017 79.762
f 4441 4442 4443 4444
v -158.015 2.199 246.845
v -155.085 2.131 250.975
v -149.375 2.150 246.925
v -152.305 2.166 242.795
f 4445 4446 4447 4448
v -227.867 3.306 143.122
v -224.917 3.271 147.782
v -219.003 3.233 144.038
v -221.953 3.307 139.378
f 4449 4450 4451 4452
v -224.813 3.270 147.937
v -221.843 3.248 152.117
v -216.137 3.262 148.063
v -219.107 3.235 143.883
f 4453 4454 4455 4456
v -221.905 3.249 152.026
v -205.785 3.008 176.296
v -199.955 2.990 172.424
v -216.075 3.262 148.154
f 4457 4458 4459 4460
v -205.770 3.007 176.320
v -160.900 2.168 242.700
v -155.100 2.147 238.780
v -199.970 2.990 172.400
f 4461 4462 4463 4464
v -160.873 2.169 242.740
v -158.033 2.199 246.820
v -152.287 2.166 242.820
v -155.127 2.147 238.740
f 4465 4466 4467 4468
v -258.945 2.206 -193.032
v -230.705 2.350 -149.059
v -224.815 2.401 -152.841
v -253.055 2.256 -196.815
f 4469 4470 4471 4472
v -230.682 2.350 -149.023
v -188.542 2.984 -85.143
v -182.698 3.093 -88.997
v -224.838 2.401 -152.877
f 4473 4474 4475 4476
v -188.495 2.984 -85.075
v -161.035 3.309 -45.505
v -155.285 3.380 -49.495
v -182.745 3.093 -89.065
f 4477 4478 4479 4480
v -161.052 3.309 -45.529
v -148.692 3.427 -27.389
v -142.908 3.511 -31.331
v -155.268 3.380 -49.471
f 4481 4482 4483 4484
v -148.692 3.427 -27.389
v -91.692 2.744 56.261
v -85.908 2.736 52.319
v -142.908 3.511 -31.331
f 4485 4486 4487 4488
v -91.705 2.745 56.242
v -58.395 2.307 105.802
v -52.585 2.207 101.898
v -85.895 2.735 52.338
f 4489 4490 4491 4492
v -58.365 2.307 105.847
v -27.085 2.055 150.877
v -21.335 2.031 146.883
v -52.615 2.207 101.853
f 4493 4494 4495 4496
v -27.188 2.054 150.719
v -24.298 2.094 155.399
v -18.342 2.072 151.721
v -21.232 2.030 147.041
f 4497 4498 4499 4500
v 129.778 1.579 -175.039
v 63.268 1.553 -128.249
v 66.432 1.557 -123.751
v 132.942 1.583 -170.541
f 4501 4502 4503 4504
v 63.463 1.558 -128.374
v 59.663 1.408 -126.154
v 62.437 1.446 -121.406
v 66.237 1.553 -123.626
f 4505 4506 4507 4508
v 59.749 1.411 -126.203
v 46.079 1.275 -118.863
v 48.681 1.349 -114.017
v 62.351 1.445 -121.357
f 4509 4510 4511 4512
v 47.281 1.289 -119.188
v 40.641 1.261 -118.948
v 40.839 1.406 -113.452
v 47.479 1.356 -113.692
f 4513 4514 4515 4516
v 42.170 1.263 -118.549
v 38.410 1.404 -120.839
v 35.550 1.276 -116.141
v 39.310 1.397 -113.851
f 4517 4518 4519 4520
v 39.087 1.364 -120.258
v 35.277 1.467 -124.798
v 31.063 1.235 -121.262
v 34.873 1.252 -116.722
f 4521 4522 4523 4524
v -134.695 2.124 230.957
v -131.835 2.145 235.337
v -128.905 2.118 233.423
v -131.765 2.080 229.043
f 4525 4526 4527 4528
v -131.834 2.145 235.339
v -122.254 2.470 249.959
v -119.326 2.497 248.041
v -128.906 2.118 233.421
f 4529 4530 4531 4532
v 39.030 2.253 241.459
v 32.790 2.125 244.819
v 34.450 2.157 247.901
v 40.690 2.258 244.541
f 4533 4534 4535 4536
v -76.979 1.911 191.686
v -73.829 2.064 196.446
v -70.911 2.096 194.514
v -74.061 1.916 189.754
f 4537 4538 4539 4540
v -73.828 2.064 196.447
v -67.628 2.328 205.797
v -64.712 2.325 203.863
v -70.912 2.096 194.513
f 4541 4542 4543 4544
v -65.211 2.353 206.294
v -15.771 2.039 173.914
v -17.689 2.009 170.986
v -67.129 2.287 203.366
f 4545 4546 4547 4548
v -15.771 2.039 173.914
v -10.551 2.049 170.494
v -12.469 2.050 167.566
v -17.689 2.009 170.986
f 4549 4550 4551 4552
v -94.725 1.922 203.827
v -91.605 2.056 208.397
v -88.715 2.204 206.423
v -91.835 1.903 201.853
f 4553 4554 4555 4556
v -91.604 2.056 208.399
v -72.504 2.476 236.299
v -69.616 2.536 234.321
v -88.716 2.203 206.421
f 4557 4558 4559 4560
v 86.020 1.923 104.016
v 79.280 2.023 94.256
v 76.400 2.027 96.244
v 83.140 1.946 106.004
f 4561 4562 4563 4564
v 79.281 2.024 94.257
v 75.361 1.967 88.567
v 72.479 1.964 90.553
v 76.399 2.027 96.243
f 4565 4566 4567 4568
v 87.366 1.951 129.084
v 92.336 1.910 129.754
v 92.804 1.883 126.286
v 87.834 1.904 125.616
f 4569 4570 4571 4572
v 93.014 1.904 129.713
v 97.854 1.875 128.443
v 96.966 1.845 125.057
v 92.126 1.886 126.327
f 4573 4574 4575 4576
v 98.466 1.873 128.146
v 102.446 1.854 125.136
v 100.334 1.813 122.344
v 96.354 1.850 125.354
f 4577 4578 4579 4580
v 102.900 1.852 124.625
v 105.420 1.861 120.325
v 102.400 1.802 118.555
v 99.880 1.815 122.855
f 4581 4582 4583 4584
v 105.644 1.866 119.679
v 106.324 1.894 114.739
v 102.856 1.797 114.261
v 102.176 1.803 119.201
f 4585 4586 4587 4588
v 106.282 1.896 114.053
v 105.012 1.874 109.243
v 101.628 1.807 110.137
v 102.898 1.795 114.947
f 4589 4590 4591 4592
v 104.708 1.873 108.624
v 101.668 1.863 104.664
v 98.892 1.797 106.796
v 101.932 1.807 110.756
f 4593 4594 4595 4596
v 101.159 1.857 104.217
v 96.839 1.865 101.707
v 95.081 1.806 104.733
v 99.401 1.805 107.243
f 4597 4598 4599 4600
v 96.198 1.864 101.486
v 91.238 1.885 100.806
v 90.762 1.841 104.274
v 95.722 1.800 104.954
f 4601 4602 4603 4604
v 90.557 1.891 100.847
v 85.707 1.949 102.117
v 86.593 1.911 105.503
v 91.443 1.834 104.233
f 4605 4606 4607 4608
v 85.087 1.959 102.420
v 83.517 1.961 103.620
v 85.643 1.932 106.400
v 87.213 1.895 105.200
f 4609 4610 4611 4612
v 83.529 1.961 103.611
v 81.119 1.975 105.421
v 83.221 1.935 108.219
v 85.631 1.932 106.409
f 4613 4614 4615 4616
v 80.659 1.975 105.937
v 78.139 1.998 110.247
v 81.161 1.932 112.013
v 83.681 1.938 107.703
f 4617 4618 4619 4620
v 77.916 1.996 110.891
v 77.236 1.986 115.821
v 80.704 1.918 116.299
v 81.384 1.935 111.369
f 4621 4622 4623 4624
v 77.278 1.984 116.506
v 78.548 1.961 121.326
v 81.932 1.903 120.434
v 80.662 1.921 115.614
f 4625 4626 4627 4628
v 78.851 1.959 121.944
v 81.891 1.962 125.914
v 84.669 1.905 123.786
v 81.629 1.906 119.816
f 4629 4630 4631 4632
v 82.403 1.963 126.365
v 86.723 1.954 128.865
v 88.477 1.900 125.835
v 84.157 1.904 123.335
f 4633 4634 4635 4636
v 105.532 1.666 -233.066
v 93.562 1.522 -231.066
v 94.138 1.492 -227.614
v 106.108 1.675 -229.614
f 4637 4638 4639 4640
v 102.365 1.689 -76.359
v 67.115 1.597 -127.559
v 62.585 1.476 -124.441
v 97.835 1.667 -73.241
f 4641 4642 4643 4644
v 53.523 1.567 -226.100
v 93.883 1.496 -226.590
v 93.817 1.514 -232.090
v 53.457 1.537 -231.600
f 4645 4646 4647 4648
v -113.919 3.937 -226.240
v -14.889 1.762 -226.650
v -14.911 1.823 -232.150
v -113.941 3.940 -231.740
f 4649 4650 4651 4652
v -14.894 1.762 -226.650
v 28.976 1.548 -226.740
v 28.964 1.575 -232.240
v -14.906 1.823 -232.150
f 4653 4654 4655 4656
v 28.898 1.549 -226.741
v 53.418 1.565 -226.101
v 53.562 1.536 -231.599
v 29.042 1.575 -232.239
f 4657 4658 4659 4660
v 25.553 1.733 -21.758
v -44.537 2.836 -124.628
v -49.083 2.784 -121.532
v 21.007 1.755 -18.662
f 4661 4662 4663 4664
v -23.850 2.089 149.838
v -29.440 2.058 153.638
v -24.380 2.042 161.082
v -18.790 2.086 157.282
f 4665 4666 4667 4668
v -24.321 2.094 155.362
v -20.941 2.036 160.992
v -14.939 1.997 157.388
v -18.319 2.072 151.758
f 4669 4670 4671 4672
v -20.870 2.036 161.105
v -14.440 2.014 170.945
v -8.580 1.968 167.115
v -15.010 1.996 157.275
f 4673 4674 4675 4676
v -14.370 2.014 171.047
v 23.920 2.202 225.347
v 29.640 2.172 221.313
v -8.650 1.965 167.013
f 4677 4678 4679 4680
v 208.869 1.680 -5.231
v 190.129 1.706 7.079
v 195.071 1.846 14.601
v 213.811 1.740 2.291
f 4681 4682 4683 4684
v 190.130 1.706 7.078
v 87.490 1.984 74.458
v 92.430 1.989 81.982
v 195.070 1.846 14.602
f 4685 4686 4687 4688
v 87.242 1.984 74.634
v 80.552 1.977 79.704
v 85.988 1.959 86.876
v 92.678 1.983 81.806
f 4689 4690 4691 4692
v 80.764 1.975 79.553
v 71.414 1.939 85.823
v 76.426 1.917 93.297
v 85.776 1.955 87.027
f 4693 4694 4695 4696
v 71.407 1.939 85.827
v -7.023 1.923 138.617
v -1.997 2.022 146.083
v 76.433 1.917 93.293
f 4697 4698 4699 4700
v -6.961 1.924 138.576
v -18.681 2.031 146.186
v -13.779 1.997 153.734
v -2.059 2.022 146.124
f 4701 4702 4703 4704
v -18.828 2.031 146.286
v -23.918 2.089 149.886
v -18.722 2.085 157.234
v -13.632 1.996 153.634
f 4705 4706 4707 4708
v -157.661 2.196 241.079
v -163.181 2.164 244.769
v -158.179 2.142 252.251
v -152.659 2.162 248.561
f 4709 4710 4711 4712
v -163.185 2.164 244.772
v -170.795 2.287 249.872
v -165.785 2.418 257.348
v -158.175 2.142 252.248
f 4713 4714 4715 4716
v 194.018 1.697 9.814
v 182.148 1.697 -6.596
v 179.312 1.721 -4.544
v 191.182 1.697 11.866
f 4717 4718 4719 4720
v 179.803 1.700 -7.054
v 160.713 1.869 4.876
v 162.567 1.892 7.844
v 181.657 1.714 -4.086
f 4721 4722 4723 4724
v -44.478 2.835 -124.538
v -51.748 3.008 -136.168
v -56.412 2.994 -133.252
v -49.142 2.786 -121.622
f 4725 4726 4727 4728
v -51.770 3.009 -136.202
v -53.830 3.041 -139.392
v -58.450 3.044 -136.408
v -56.390 2.994 -133.218
f 4729 4730 4731 4732
v -53.833 3.041 -139.396
v -111.123 3.900 -227.746
v -115.737 3.951 -224.754
v -58.447 3.043 -136.404
f 4733 4734 4735 4736
v -110.725 3.877 -226.744
v -111.225 3.924 -229.484
v -116.635 3.933 -228.496
v -116.135 3.961 -225.756
f 4737 4738 4739 4740
usemtl asphalt
