# Baked ultra-low Key West silhouette; generated by bake_key_west_far_city.py
mtllib far_city.mtl
usemtl massing
v -111.221 2.465 -203.320
v -102.179 2.465 -227.463
v -88.019 2.465 -222.160
v -97.061 2.465 -198.017
v -111.221 9.265 -203.320
v -102.179 9.265 -227.463
v -88.019 9.265 -222.160
v -97.061 9.265 -198.017
f 8 7 6 5
f 1 2 6 5
f 2 3 7 6
f 3 4 8 7
f 4 1 5 8
v -74.317 2.583 -200.631
v -69.079 2.583 -179.841
v -85.243 2.583 -175.769
v -90.481 2.583 -196.559
v -74.317 9.383 -200.631
v -69.079 9.383 -179.841
v -85.243 9.383 -175.769
v -90.481 9.383 -196.559
f 16 15 14 13
f 9 10 14 13
f 10 11 15 14
f 11 12 16 15
f 12 9 13 16
v -66.573 2.275 -169.078
v -54.859 2.275 -161.321
v -58.647 2.275 -155.602
v -70.361 2.275 -163.359
v -66.573 9.075 -169.078
v -54.859 9.075 -161.321
v -58.647 9.075 -155.602
v -70.361 9.075 -163.359
f 24 23 22 21
f 17 18 22 21
f 18 19 23 22
f 19 20 24 23
f 20 17 21 24
v -154.163 2.333 -223.745
v -133.738 2.333 -215.201
v -139.137 2.333 -202.295
v -159.562 2.333 -210.839
v -154.163 6.233 -223.745
v -133.738 6.233 -215.201
v -139.137 6.233 -202.295
v -159.562 6.233 -210.839
f 32 31 30 29
f 25 26 30 29
f 26 27 31 30
f 27 28 32 31
f 28 25 29 32
v 36.686 1.482 245.296
v 44.620 1.482 233.183
v 55.554 1.482 240.344
v 47.620 1.482 252.457
v 36.686 5.382 245.296
v 44.620 5.382 233.183
v 55.554 5.382 240.344
v 47.620 5.382 252.457
f 40 39 38 37
f 33 34 38 37
f 34 35 39 38
f 35 36 40 39
f 36 33 37 40
v 121.055 2.412 -193.259
v 140.123 2.412 -182.325
v 129.925 2.412 -164.541
v 110.857 2.412 -175.475
v 121.055 11.712 -193.259
v 140.123 11.712 -182.325
v 129.925 11.712 -164.541
v 110.857 11.712 -175.475
f 48 47 46 45
f 41 42 46 45
f 42 43 47 46
f 43 44 48 47
f 44 41 45 48
v 198.992 1.348 -82.434
v 212.118 1.348 -65.204
v 194.348 1.348 -51.666
v 181.222 1.348 -68.896
v 198.992 5.248 -82.434
v 212.118 5.248 -65.204
v 194.348 5.248 -51.666
v 181.222 5.248 -68.896
f 56 55 54 53
f 49 50 54 53
f 50 51 55 54
f 51 52 56 55
f 52 49 53 56
v 234.612 0.085 -62.517
v 288.030 0.085 -29.515
v 265.608 0.085 6.777
v 212.190 0.085 -26.225
v 234.612 8.385 -62.517
v 288.030 8.385 -29.515
v 265.608 8.385 6.777
v 212.190 8.385 -26.225
f 64 63 62 61
f 57 58 62 61
f 58 59 63 62
f 59 60 64 63
f 60 57 61 64
v 244.115 1.457 -3.289
v 262.956 1.457 8.640
v 257.505 1.457 17.249
v 238.664 1.457 5.320
v 244.115 5.357 -3.289
v 262.956 5.357 8.640
v 257.505 5.357 17.249
v 238.664 5.357 5.320
f 72 71 70 69
f 65 66 70 69
f 66 67 71 70
f 67 68 72 71
f 68 65 69 72
v 193.409 1.595 147.511
v 206.425 1.595 128.391
v 217.411 1.595 135.869
v 204.395 1.595 154.989
v 193.409 5.495 147.511
v 206.425 5.495 128.391
v 217.411 5.495 135.869
v 204.395 5.495 154.989
f 80 79 78 77
f 73 74 78 77
f 74 75 79 78
f 75 76 80 79
f 76 73 77 80
v 172.470 1.108 159.223
v 184.042 1.108 139.497
v 199.110 1.108 148.337
v 187.538 1.108 168.063
v 172.470 5.008 159.223
v 184.042 5.008 139.497
v 199.110 5.008 148.337
v 187.538 5.008 168.063
f 88 87 86 85
f 81 82 86 85
f 82 83 87 86
f 83 84 88 87
f 84 81 85 88
v 176.714 1.001 187.737
v 191.161 1.001 168.459
v 208.006 1.001 181.083
v 193.559 1.001 200.361
v 176.714 6.801 187.737
v 191.161 6.801 168.459
v 208.006 6.801 181.083
v 193.559 6.801 200.361
f 96 95 94 93
f 89 90 94 93
f 90 91 95 94
f 91 92 96 95
f 92 89 93 96
v 95.957 1.419 191.187
v 138.155 1.419 190.755
v 138.443 1.419 218.873
v 96.245 1.419 219.305
v 95.957 10.719 191.187
v 138.155 10.719 190.755
v 138.443 10.719 218.873
v 96.245 10.719 219.305
f 104 103 102 101
f 97 98 102 101
f 98 99 103 102
f 99 100 104 103
f 100 97 101 104
v 84.517 1.028 144.897
v 111.945 1.028 147.383
v 110.183 1.028 166.823
v 82.755 1.028 164.337
v 84.517 10.328 144.897
v 111.945 10.328 147.383
v 110.183 10.328 166.823
v 82.755 10.328 164.337
f 112 111 110 109
f 105 106 110 109
f 106 107 111 110
f 107 108 112 111
f 108 105 109 112
v 69.334 0.778 109.926
v 100.748 0.778 130.461
v 88.606 0.778 149.034
v 57.192 0.778 128.499
v 69.334 6.578 109.926
v 100.748 6.578 130.461
v 88.606 6.578 149.034
v 57.192 6.578 128.499
f 120 119 118 117
f 113 114 118 117
f 114 115 119 118
f 115 116 120 119
f 116 113 117 120
v 102.472 1.808 71.972
v 124.001 1.808 88.774
v 115.468 1.808 99.708
v 93.939 1.808 82.906
v 102.472 11.108 71.972
v 124.001 11.108 88.774
v 115.468 11.108 99.708
v 93.939 11.108 82.906
f 128 127 126 125
f 121 122 126 125
f 122 123 127 126
f 123 124 128 127
f 124 121 125 128
v 141.541 1.600 -23.939
v 219.035 1.600 38.725
v 193.179 1.600 70.699
v 115.685 1.600 8.035
v 141.541 9.900 -23.939
v 219.035 9.900 38.725
v 193.179 9.900 70.699
v 115.685 9.900 8.035
f 136 135 134 133
f 129 130 134 133
f 130 131 135 134
f 131 132 136 135
f 132 129 133 136
v 84.072 1.474 50.513
v 189.571 1.474 49.958
v 189.888 1.474 110.327
v 84.389 1.474 110.882
v 84.072 10.774 50.513
v 189.571 10.774 49.958
v 189.888 10.774 110.327
v 84.389 10.774 110.882
f 144 143 142 141
f 137 138 142 141
f 138 139 143 142
f 139 140 144 143
f 140 137 141 144
v 161.791 1.594 -3.952
v 205.729 1.594 25.777
v 199.089 1.594 35.592
v 155.151 1.594 5.863
v 161.791 7.394 -3.952
v 205.729 7.394 25.777
v 199.089 7.394 35.592
v 155.151 7.394 5.863
f 152 151 150 149
f 145 146 150 149
f 146 147 151 150
f 147 148 152 151
f 148 145 149 152
v 183.014 1.568 24.877
v 235.439 1.568 72.088
v 219.666 1.568 89.603
v 167.241 1.568 42.392
v 183.014 7.368 24.877
v 235.439 7.368 72.088
v 219.666 7.368 89.603
v 167.241 7.368 42.392
f 160 159 158 157
f 153 154 158 157
f 154 155 159 158
f 155 156 160 159
f 156 153 157 160
v 35.892 0.994 -13.177
v 51.485 0.994 -2.890
v 48.208 0.994 2.077
v 32.615 0.994 -8.210
v 35.892 4.894 -13.177
v 51.485 4.894 -2.890
v 48.208 4.894 2.077
v 32.615 4.894 -8.210
f 168 167 166 165
f 161 162 166 165
f 162 163 167 166
f 163 164 168 167
f 164 161 165 168
v 29.901 0.916 -20.979
v 41.173 0.916 -14.624
v 35.319 0.916 -4.241
v 24.047 0.916 -10.596
v 29.901 7.716 -20.979
v 41.173 7.716 -14.624
v 35.319 7.716 -4.241
v 24.047 7.716 -10.596
f 176 175 174 173
f 169 170 174 173
f 170 171 175 174
f 171 172 176 175
f 172 169 173 176
v 131.275 1.563 -100.300
v 163.476 1.563 -70.476
v 143.845 1.563 -49.280
v 111.644 1.563 -79.104
v 131.275 7.363 -100.300
v 163.476 7.363 -70.476
v 143.845 7.363 -49.280
v 111.644 7.363 -79.104
f 184 183 182 181
f 177 178 182 181
f 178 179 183 182
f 179 180 184 183
f 180 177 181 184
v 141.729 1.588 -53.379
v 165.612 1.588 -75.538
v 179.991 1.588 -60.041
v 156.108 1.588 -37.882
v 141.729 5.488 -53.379
v 165.612 5.488 -75.538
v 179.991 5.488 -60.041
v 156.108 5.488 -37.882
f 192 191 190 189
f 185 186 190 189
f 186 187 191 190
f 187 188 192 191
f 188 185 189 192
v 131.093 1.285 -26.194
v 142.261 1.285 -41.689
v 147.567 1.285 -37.866
v 136.399 1.285 -22.371
v 131.093 5.185 -26.194
v 142.261 5.185 -41.689
v 147.567 5.185 -37.866
v 136.399 5.185 -22.371
f 200 199 198 197
f 193 194 198 197
f 194 195 199 198
f 195 196 200 199
f 196 193 197 200
v 116.342 1.297 -21.138
v 129.905 1.297 -39.477
v 139.038 1.297 -32.722
v 125.475 1.297 -14.383
v 116.342 5.197 -21.138
v 129.905 5.197 -39.477
v 139.038 5.197 -32.722
v 125.475 5.197 -14.383
f 208 207 206 205
f 201 202 206 205
f 202 203 207 206
f 203 204 208 207
f 204 201 205 208
v -9.073 1.027 -61.598
v 6.039 1.027 -69.514
v 13.913 1.027 -54.482
v -1.199 1.027 -46.566
v -9.073 7.827 -61.598
v 6.039 7.827 -69.514
v 13.913 7.827 -54.482
v -1.199 7.827 -46.566
f 216 215 214 213
f 209 210 214 213
f 210 211 215 214
f 211 212 216 215
f 212 209 213 216
v 99.040 2.276 -142.624
v 123.858 2.276 -126.055
v 115.740 2.276 -113.896
v 90.922 2.276 -130.465
v 99.040 11.576 -142.624
v 123.858 11.576 -126.055
v 115.740 11.576 -113.896
v 90.922 11.576 -130.465
f 224 223 222 221
f 217 218 222 221
f 218 219 223 222
f 219 220 224 223
f 220 217 221 224
v 116.242 1.760 -117.841
v 143.437 1.760 -101.205
v 134.758 1.760 -87.019
v 107.563 1.760 -103.655
v 116.242 5.660 -117.841
v 143.437 5.660 -101.205
v 134.758 5.660 -87.019
v 107.563 5.660 -103.655
f 232 231 230 229
f 225 226 230 229
f 226 227 231 230
f 227 228 232 231
f 228 225 229 232
v 108.489 1.831 -126.929
v 128.112 1.831 -113.566
v 123.131 1.831 -106.251
v 103.508 1.831 -119.614
v 108.489 5.731 -126.929
v 128.112 5.731 -113.566
v 123.131 5.731 -106.251
v 103.508 5.731 -119.614
f 240 239 238 237
f 233 234 238 237
f 234 235 239 238
f 235 236 240 239
f 236 233 237 240
v 86.825 2.394 -164.066
v 108.171 2.394 -143.966
v 96.935 2.394 -132.034
v 75.589 2.394 -152.134
v 86.825 6.294 -164.066
v 108.171 6.294 -143.966
v 96.935 6.294 -132.034
v 75.589 6.294 -152.134
f 248 247 246 245
f 241 242 246 245
f 242 243 247 246
f 243 244 248 247
f 244 241 245 248
v -25.458 1.713 -76.840
v -12.248 1.713 -101.788
v 2.838 1.713 -93.800
v -10.372 1.713 -68.852
v -25.458 5.613 -76.840
v -12.248 5.613 -101.788
v 2.838 5.613 -93.800
v -10.372 5.613 -68.852
f 256 255 254 253
f 249 250 254 253
f 250 251 255 254
f 251 252 256 255
f 252 249 253 256
v -32.701 1.668 -126.533
v -17.981 1.668 -113.112
v -27.339 1.668 -102.847
v -42.059 1.668 -116.268
v -32.701 8.468 -126.533
v -17.981 8.468 -113.112
v -27.339 8.468 -102.847
v -42.059 8.468 -116.268
f 264 263 262 261
f 257 258 262 261
f 258 259 263 262
f 259 260 264 263
f 260 257 261 264
v -244.157 2.240 -190.429
v -232.186 2.240 -207.500
v -219.283 2.240 -198.451
v -231.254 2.240 -181.380
v -244.157 6.140 -190.429
v -232.186 6.140 -207.500
v -219.283 6.140 -198.451
v -231.254 6.140 -181.380
f 272 271 270 269
f 265 266 270 269
f 266 267 271 270
f 267 268 272 271
f 268 265 269 272
v -177.445 2.878 -254.962
v -129.961 2.878 -221.068
v -159.435 2.878 -179.778
v -206.919 2.878 -213.672
v -177.445 8.678 -254.962
v -129.961 8.678 -221.068
v -159.435 8.678 -179.778
v -206.919 8.678 -213.672
f 280 279 278 277
f 273 274 278 277
f 274 275 279 278
f 275 276 280 279
f 276 273 277 280
v -165.189 2.366 -258.581
v -150.803 2.366 -249.153
v -158.231 2.366 -237.819
v -172.617 2.366 -247.247
v -165.189 9.166 -258.581
v -150.803 9.166 -249.153
v -158.231 9.166 -237.819
v -172.617 9.166 -247.247
f 288 287 286 285
f 281 282 286 285
f 282 283 287 286
f 283 284 288 287
f 284 281 285 288
v -116.968 2.199 -247.100
v -102.666 2.199 -237.798
v -110.092 2.199 -226.380
v -124.394 2.199 -235.682
v -116.968 8.999 -247.100
v -102.666 8.999 -237.798
v -110.092 8.999 -226.380
v -124.394 8.999 -235.682
f 296 295 294 293
f 289 290 294 293
f 290 291 295 294
f 291 292 296 295
f 292 289 293 296
v -82.298 2.421 -215.319
v -76.181 2.421 -224.713
v -70.542 2.421 -221.041
v -76.659 2.421 -211.647
v -82.298 6.321 -215.319
v -76.181 6.321 -224.713
v -70.542 6.321 -221.041
v -76.659 6.321 -211.647
f 304 303 302 301
f 297 298 302 301
f 298 299 303 302
f 299 300 304 303
f 300 297 301 304
v -40.470 2.396 -225.997
v -28.712 2.396 -206.334
v -42.110 2.396 -198.323
v -53.868 2.396 -217.986
v -40.470 6.296 -225.997
v -28.712 6.296 -206.334
v -42.110 6.296 -198.323
v -53.868 6.296 -217.986
f 312 311 310 309
f 305 306 310 309
f 306 307 311 310
f 307 308 312 311
f 308 305 309 312
v -129.043 2.633 -192.153
v -115.845 2.633 -184.571
v -123.177 2.633 -171.807
v -136.375 2.633 -179.389
v -129.043 6.533 -192.153
v -115.845 6.533 -184.571
v -123.177 6.533 -171.807
v -136.375 6.533 -179.389
f 320 319 318 317
f 313 314 318 317
f 314 315 319 318
f 315 316 320 319
f 316 313 317 320
v -62.037 2.417 -160.783
v -43.664 2.417 -156.393
v -47.003 2.417 -142.417
v -65.376 2.417 -146.807
v -62.037 9.217 -160.783
v -43.664 9.217 -156.393
v -47.003 9.217 -142.417
v -65.376 9.217 -146.807
f 328 327 326 325
f 321 322 326 325
f 322 323 327 326
f 323 324 328 327
f 324 321 325 328
v -130.788 1.720 -180.166
v -99.241 1.720 -183.277
v -96.252 1.720 -152.954
v -127.799 1.720 -149.843
v -130.788 7.520 -180.166
v -99.241 7.520 -183.277
v -96.252 7.520 -152.954
v -127.799 7.520 -149.843
f 336 335 334 333
f 329 330 334 333
f 330 331 335 334
f 331 332 336 335
f 332 329 333 336
v -78.744 1.746 -130.092
v -60.218 1.746 -118.544
v -71.136 1.746 -101.028
v -89.662 1.746 -112.576
v -78.744 5.646 -130.092
v -60.218 5.646 -118.544
v -71.136 5.646 -101.028
v -89.662 5.646 -112.576
f 344 343 342 341
f 337 338 342 341
f 338 339 343 342
f 339 340 344 343
f 340 337 341 344
v -65.956 1.239 -103.276
v -48.021 1.239 -90.954
v -54.884 1.239 -80.964
v -72.819 1.239 -93.286
v -65.956 5.139 -103.276
v -48.021 5.139 -90.954
v -54.884 5.139 -80.964
v -72.819 5.139 -93.286
f 352 351 350 349
f 345 346 350 349
f 346 347 351 350
f 347 348 352 351
f 348 345 349 352
v -153.659 1.454 -138.712
v -145.912 1.454 -150.493
v -139.061 1.454 -145.988
v -146.808 1.454 -134.207
v -153.659 5.354 -138.712
v -145.912 5.354 -150.493
v -139.061 5.354 -145.988
v -146.808 5.354 -134.207
f 360 359 358 357
f 353 354 358 357
f 354 355 359 358
f 355 356 360 359
f 356 353 357 360
v -187.356 1.086 -76.473
v -173.866 1.086 -97.675
v -155.904 1.086 -86.247
v -169.394 1.086 -65.045
v -187.356 7.886 -76.473
v -173.866 7.886 -97.675
v -155.904 7.886 -86.247
v -169.394 7.886 -65.045
f 368 367 366 365
f 361 362 366 365
f 362 363 367 366
f 363 364 368 367
f 364 361 365 368
v -166.241 0.795 -76.763
v -147.010 0.795 -66.286
v -155.339 0.795 -50.997
v -174.570 0.795 -61.474
v -166.241 4.695 -76.763
v -147.010 4.695 -66.286
v -155.339 4.695 -50.997
v -174.570 4.695 -61.474
f 376 375 374 373
f 369 370 374 373
f 370 371 375 374
f 371 372 376 375
f 372 369 373 376
v -136.977 0.856 57.604
v -126.110 0.856 64.349
v -131.663 0.856 73.296
v -142.530 0.856 66.551
v -136.977 4.756 57.604
v -126.110 4.756 64.349
v -131.663 4.756 73.296
v -142.530 4.756 66.551
f 384 383 382 381
f 377 378 382 381
f 378 379 383 382
f 379 380 384 383
f 380 377 381 384
v -227.288 0.594 94.408
v -208.855 0.594 108.823
v -216.432 0.594 118.512
v -234.865 0.594 104.097
v -227.288 4.494 94.408
v -208.855 4.494 108.823
v -216.432 4.494 118.512
v -234.865 4.494 104.097
f 392 391 390 389
f 385 386 390 389
f 386 387 391 390
f 387 388 392 391
f 388 385 389 392
v -106.362 1.114 -106.313
v -81.874 1.114 -96.998
v -88.618 1.114 -79.267
v -113.106 1.114 -88.582
v -106.362 10.414 -106.313
v -81.874 10.414 -96.998
v -88.618 10.414 -79.267
v -113.106 10.414 -88.582
f 400 399 398 397
f 393 394 398 397
f 394 395 399 398
f 395 396 400 399
f 396 393 397 400
v 225.434 2.152 -133.455
v 229.901 2.152 -130.510
v 228.486 2.152 -128.365
v 224.019 2.152 -131.310
v 225.434 6.052 -133.455
v 229.901 6.052 -130.510
v 228.486 6.052 -128.365
v 224.019 6.052 -131.310
f 408 407 406 405
f 401 402 406 405
f 402 403 407 406
f 403 404 408 407
f 404 401 405 408
v 12.347 1.001 208.477
v 28.246 1.001 199.077
v 35.793 1.001 211.843
v 19.894 1.001 221.243
v 12.347 4.901 208.477
v 28.246 4.901 199.077
v 35.793 4.901 211.843
v 19.894 4.901 221.243
f 416 415 414 413
f 409 410 414 413
f 410 411 415 414
f 411 412 416 415
f 412 409 413 416
v 48.109 0.994 191.107
v 57.200 0.994 176.624
v 66.931 0.994 182.733
v 57.840 0.994 197.216
v 48.109 4.894 191.107
v 57.200 4.894 176.624
v 66.931 4.894 182.733
v 57.840 4.894 197.216
f 424 423 422 421
f 417 418 422 421
f 418 419 423 422
f 419 420 424 423
f 420 417 421 424
v 31.883 0.868 196.517
v 46.382 0.868 189.681
v 51.957 0.868 201.503
v 37.458 0.868 208.339
v 31.883 4.768 196.517
v 46.382 4.768 189.681
v 51.957 4.768 201.503
v 37.458 4.768 208.339
f 432 431 430 429
f 425 426 430 429
f 426 427 431 430
f 427 428 432 431
f 428 425 429 432
v -48.851 1.400 158.295
v -45.477 1.400 175.874
v -55.749 1.400 177.845
v -59.123 1.400 160.266
v -48.851 5.300 158.295
v -45.477 5.300 175.874
v -55.749 5.300 177.845
v -59.123 5.300 160.266
f 440 439 438 437
f 433 434 438 437
f 434 435 439 438
f 435 436 440 439
f 436 433 437 440
v -21.051 1.521 203.546
v -20.790 1.521 221.364
v -31.089 1.521 221.514
v -31.350 1.521 203.696
v -21.051 5.421 203.546
v -20.790 5.421 221.364
v -31.089 5.421 221.514
v -31.350 5.421 203.696
f 448 447 446 445
f 441 442 446 445
f 442 443 447 446
f 443 444 448 447
f 444 441 445 448
v -58.110 1.359 160.362
v -55.867 1.359 178.071
v -65.550 1.359 179.298
v -67.793 1.359 161.589
v -58.110 5.259 160.362
v -55.867 5.259 178.071
v -65.550 5.259 179.298
v -67.793 5.259 161.589
f 456 455 454 453
f 449 450 454 453
f 450 451 455 454
f 451 452 456 455
f 452 449 453 456
v -40.558 1.531 198.736
v -38.781 1.531 216.407
v -48.502 1.531 217.384
v -50.279 1.531 199.713
v -40.558 5.431 198.736
v -38.781 5.431 216.407
v -48.502 5.431 217.384
v -50.279 5.431 199.713
f 464 463 462 461
f 457 458 462 461
f 458 459 463 462
f 459 460 464 463
f 460 457 461 464
v -30.953 1.518 199.656
v -29.759 1.518 217.336
v -39.367 1.518 217.984
v -40.561 1.518 200.304
v -30.953 5.418 199.656
v -29.759 5.418 217.336
v -39.367 5.418 217.984
v -40.561 5.418 200.304
f 472 471 470 469
f 465 466 470 469
f 466 467 471 470
f 467 468 472 471
f 468 465 469 472
v -66.952 1.376 159.590
v -65.549 1.376 177.374
v -75.388 1.376 178.150
v -76.791 1.376 160.366
v -66.952 5.276 159.590
v -65.549 5.276 177.374
v -75.388 5.276 178.150
v -76.791 5.276 160.366
f 480 479 478 477
f 473 474 478 477
f 474 475 479 478
f 475 476 480 479
f 476 473 477 480
v -88.131 1.254 204.344
v -64.915 1.254 196.705
v -59.489 1.254 213.196
v -82.705 1.254 220.835
v -88.131 5.154 204.344
v -64.915 5.154 196.705
v -59.489 5.154 213.196
v -82.705 5.154 220.835
f 488 487 486 485
f 481 482 486 485
f 482 483 487 486
f 483 484 488 487
f 484 481 485 488
v 134.952 2.430 -132.387
v 155.422 2.430 -163.017
v 171.768 2.430 -152.093
v 151.298 2.430 -121.463
v 134.952 8.230 -132.387
v 155.422 8.230 -163.017
v 171.768 8.230 -152.093
v 151.298 8.230 -121.463
f 496 495 494 493
f 489 490 494 493
f 490 491 495 494
f 491 492 496 495
f 492 489 493 496
v -91.288 1.053 2.571
v -78.247 1.053 8.726
v -83.412 1.053 19.669
v -96.453 1.053 13.514
v -91.288 4.553 2.571
v -78.247 4.553 8.726
v -83.412 4.553 19.669
v -96.453 4.553 13.514
f 504 503 502 501
f 497 498 502 501
f 498 499 503 502
f 499 500 504 503
f 500 497 501 504
v -43.469 0.951 -76.066
v -25.019 0.951 -63.083
v -36.551 0.951 -46.694
v -55.001 0.951 -59.677
v -43.469 10.251 -76.066
v -25.019 10.251 -63.083
v -36.551 10.251 -46.694
v -55.001 10.251 -59.677
f 512 511 510 509
f 505 506 510 509
f 506 507 511 510
f 507 508 512 511
f 508 505 509 512
v 143.822 1.569 209.105
v 149.499 1.569 200.764
v 154.658 1.569 204.275
v 148.981 1.569 212.616
v 143.822 5.469 209.105
v 149.499 5.469 200.764
v 154.658 5.469 204.275
v 148.981 5.469 212.616
f 520 519 518 517
f 513 514 518 517
f 514 515 519 518
f 515 516 520 519
f 516 513 517 520
v 116.053 1.173 233.589
v 119.001 1.173 229.005
v 122.307 1.173 231.131
v 119.359 1.173 235.715
v 116.053 5.073 233.589
v 119.001 5.073 229.005
v 122.307 5.073 231.131
v 119.359 5.073 235.715
f 528 527 526 525
f 521 522 526 525
f 522 523 527 526
f 523 524 528 527
f 524 521 525 528
v 89.360 1.206 227.892
v 105.735 1.206 212.301
v 114.120 1.206 221.108
v 97.745 1.206 236.699
v 89.360 5.106 227.892
v 105.735 5.106 212.301
v 114.120 5.106 221.108
v 97.745 5.106 236.699
f 536 535 534 533
f 529 530 534 533
f 530 531 535 534
f 531 532 536 535
f 532 529 533 536
v 84.538 0.970 218.228
v 88.581 0.970 212.342
v 92.002 0.970 214.692
v 87.959 0.970 220.578
v 84.538 4.870 218.228
v 88.581 4.870 212.342
v 92.002 4.870 214.692
v 87.959 4.870 220.578
f 544 543 542 541
f 537 538 542 541
f 538 539 543 542
f 539 540 544 543
f 540 537 541 544
v 77.532 1.179 219.087
v 94.294 1.179 223.975
v 88.888 1.179 242.513
v 72.126 1.179 237.625
v 77.532 5.079 219.087
v 94.294 5.079 223.975
v 88.888 5.079 242.513
v 72.126 5.079 237.625
f 552 551 550 549
f 545 546 550 549
f 546 547 551 550
f 547 548 552 551
f 548 545 549 552
v -91.529 0.827 144.383
v -88.686 0.827 146.320
v -90.251 0.827 148.617
v -93.094 0.827 146.680
v -91.529 4.727 144.383
v -88.686 4.727 146.320
v -90.251 4.727 148.617
v -93.094 4.727 146.680
f 560 559 558 557
f 553 554 558 557
f 554 555 559 558
f 555 556 560 559
f 556 553 557 560
v 164.702 1.969 109.358
v 168.473 1.969 122.060
v 160.918 1.969 124.302
v 157.147 1.969 111.600
v 164.702 5.869 109.358
v 168.473 5.869 122.060
v 160.918 5.869 124.302
v 157.147 5.869 111.600
f 568 567 566 565
f 561 562 566 565
f 562 563 567 566
f 563 564 568 567
f 564 561 565 568
v -125.266 1.849 -253.036
v -117.729 1.849 -245.913
v -124.014 1.849 -239.264
v -131.551 1.849 -246.387
v -125.266 8.649 -253.036
v -117.729 8.649 -245.913
v -124.014 8.649 -239.264
v -131.551 8.649 -246.387
f 576 575 574 573
f 569 570 574 573
f 570 571 575 574
f 571 572 576 575
f 572 569 573 576
v -134.546 1.827 -258.458
v -130.007 1.827 -255.701
v -132.654 1.827 -251.342
v -137.193 1.827 -254.099
v -134.546 5.727 -258.458
v -130.007 5.727 -255.701
v -132.654 5.727 -251.342
v -137.193 5.727 -254.099
f 584 583 582 581
f 577 578 582 581
f 578 579 583 582
f 579 580 584 583
f 580 577 581 584
v -145.284 2.930 -205.730
v -123.183 2.930 -189.032
v -128.156 2.930 -182.450
v -150.257 2.930 -199.148
v -145.284 9.730 -205.730
v -123.183 9.730 -189.032
v -128.156 9.730 -182.450
v -150.257 9.730 -199.148
f 592 591 590 589
f 585 586 590 589
f 586 587 591 590
f 587 588 592 591
f 588 585 589 592
v -31.588 1.831 -140.051
v -22.202 1.831 -154.868
v -13.932 1.831 -149.629
v -23.318 1.831 -134.812
v -31.588 5.731 -140.051
v -22.202 5.731 -154.868
v -13.932 5.731 -149.629
v -23.318 5.731 -134.812
f 600 599 598 597
f 593 594 598 597
f 594 595 599 598
f 595 596 600 599
f 596 593 597 600
v -38.258 2.090 -134.483
v -28.902 2.090 -148.050
v -23.082 2.090 -144.037
v -32.438 2.090 -130.470
v -38.258 5.990 -134.483
v -28.902 5.990 -148.050
v -23.082 5.990 -144.037
v -32.438 5.990 -130.470
f 608 607 606 605
f 601 602 606 605
f 602 603 607 606
f 603 604 608 607
f 604 601 605 608
v -35.241 2.031 -134.767
v -29.309 2.031 -130.776
v -32.379 2.031 -126.213
v -38.311 2.031 -130.204
v -35.241 5.931 -134.767
v -29.309 5.931 -130.776
v -32.379 5.931 -126.213
v -38.311 5.931 -130.204
f 616 615 614 613
f 609 610 614 613
f 610 611 615 614
f 611 612 616 615
f 612 609 613 616
v -46.303 1.364 -130.574
v -36.751 1.364 -124.134
v -40.977 1.364 -117.866
v -50.529 1.364 -124.306
v -46.303 5.264 -130.574
v -36.751 5.264 -124.134
v -40.977 5.264 -117.866
v -50.529 5.264 -124.306
f 624 623 622 621
f 617 618 622 621
f 618 619 623 622
f 619 620 624 623
f 620 617 621 624
v -49.548 1.602 -132.591
v -43.722 1.602 -128.657
v -46.212 1.602 -124.969
v -52.038 1.602 -128.903
v -49.548 5.502 -132.591
v -43.722 5.502 -128.657
v -46.212 5.502 -124.969
v -52.038 5.502 -128.903
f 632 631 630 629
f 625 626 630 629
f 626 627 631 630
f 627 628 632 631
f 628 625 629 632
v -51.701 1.723 -143.449
v -40.496 1.723 -135.849
v -44.279 1.723 -130.271
v -55.484 1.723 -137.871
v -51.701 8.523 -143.449
v -40.496 8.523 -135.849
v -44.279 8.523 -130.271
v -55.484 8.523 -137.871
f 640 639 638 637
f 633 634 638 637
f 634 635 639 638
f 635 636 640 639
f 636 633 637 640
v -95.946 1.669 -151.707
v -84.724 1.669 -144.095
v -88.754 1.669 -138.153
v -99.976 1.669 -145.765
v -95.946 5.569 -151.707
v -84.724 5.569 -144.095
v -88.754 5.569 -138.153
v -99.976 5.569 -145.765
f 648 647 646 645
f 641 642 646 645
f 642 643 647 646
f 643 644 648 647
f 644 641 645 648
v -89.533 1.706 -143.667
v -72.750 1.706 -132.480
v -81.647 1.706 -119.133
v -98.430 1.706 -130.320
v -89.533 5.606 -143.667
v -72.750 5.606 -132.480
v -81.647 5.606 -119.133
v -98.430 5.606 -130.320
f 656 655 654 653
f 649 650 654 653
f 650 651 655 654
f 651 652 656 655
f 652 649 653 656
v -47.222 0.990 -85.403
v -37.422 0.990 -78.759
v -42.658 0.990 -71.037
v -52.458 0.990 -77.681
v -47.222 4.890 -85.403
v -37.422 4.890 -78.759
v -42.658 4.890 -71.037
v -52.458 4.890 -77.681
f 664 663 662 661
f 657 658 662 661
f 658 659 663 662
f 659 660 664 663
f 660 657 661 664
v -55.599 1.045 -89.013
v -44.653 1.045 -81.476
v -47.261 1.045 -77.687
v -58.207 1.045 -85.224
v -55.599 4.945 -89.013
v -44.653 4.945 -81.476
v -47.261 4.945 -77.687
v -58.207 4.945 -85.224
f 672 671 670 669
f 665 666 670 669
f 666 667 671 670
f 667 668 672 671
f 668 665 669 672
v -28.449 1.395 -106.871
v -20.419 1.395 -102.160
v -24.871 1.395 -94.569
v -32.901 1.395 -99.280
v -28.449 8.195 -106.871
v -20.419 8.195 -102.160
v -24.871 8.195 -94.569
v -32.901 8.195 -99.280
f 680 679 678 677
f 673 674 678 677
f 674 675 679 678
f 675 676 680 679
f 676 673 677 680
v -32.371 0.936 -50.062
v -11.151 0.936 -36.378
v -17.909 0.936 -25.898
v -39.129 0.936 -39.582
v -32.371 4.836 -50.062
v -11.151 4.836 -36.378
v -17.909 4.836 -25.898
v -39.129 4.836 -39.582
f 688 687 686 685
f 681 682 686 685
f 682 683 687 686
f 683 684 688 687
f 684 681 685 688
v -34.389 0.917 -3.700
v -29.741 0.917 -10.395
v -23.671 0.917 -6.180
v -28.319 0.917 0.515
v -34.389 4.817 -3.700
v -29.741 4.817 -10.395
v -23.671 4.817 -6.180
v -28.319 4.817 0.515
f 696 695 694 693
f 689 690 694 693
f 690 691 695 694
f 691 692 696 695
f 692 689 693 696
v -18.577 0.831 -16.492
v -13.332 0.831 -35.315
v 1.117 0.831 -31.288
v -4.128 0.831 -12.465
v -18.577 4.731 -16.492
v -13.332 4.731 -35.315
v 1.117 4.731 -31.288
v -4.128 4.731 -12.465
f 704 703 702 701
f 697 698 702 701
f 698 699 703 702
f 699 700 704 703
f 700 697 701 704
v -18.569 0.774 -18.673
v 5.871 0.774 -4.868
v 1.769 0.774 2.393
v -22.671 0.774 -11.412
v -18.569 4.674 -18.673
v 5.871 4.674 -4.868
v 1.769 4.674 2.393
v -22.671 4.674 -11.412
f 712 711 710 709
f 705 706 710 709
f 706 707 711 710
f 707 708 712 711
f 708 705 709 712
v -2.814 0.854 -10.514
v 10.172 0.854 -2.125
v 6.814 0.854 3.074
v -6.172 0.854 -5.315
v -2.814 4.754 -10.514
v 10.172 4.754 -2.125
v 6.814 4.754 3.074
v -6.172 4.754 -5.315
f 720 719 718 717
f 713 714 718 717
f 714 715 719 718
f 715 716 720 719
f 716 713 717 720
v 11.286 1.117 -45.913
v 20.840 1.117 -39.785
v 16.774 1.117 -33.447
v 7.220 1.117 -39.575
v 11.286 5.017 -45.913
v 20.840 5.017 -39.785
v 16.774 5.017 -33.447
v 7.220 5.017 -39.575
f 728 727 726 725
f 721 722 726 725
f 722 723 727 726
f 723 724 728 727
f 724 721 725 728
v 17.829 0.810 -35.530
v 27.658 0.810 -29.202
v 23.891 0.810 -23.350
v 14.062 0.810 -29.678
v 17.829 7.610 -35.530
v 27.658 7.610 -29.202
v 23.891 7.610 -23.350
v 14.062 7.610 -29.678
f 736 735 734 733
f 729 730 734 733
f 730 731 735 734
f 731 732 736 735
f 732 729 733 736
v 41.999 0.820 -8.762
v 59.746 0.820 3.778
v 54.881 0.820 10.662
v 37.134 0.820 -1.878
v 41.999 4.720 -8.762
v 59.746 4.720 3.778
v 54.881 4.720 10.662
v 37.134 4.720 -1.878
f 744 743 742 741
f 737 738 742 741
f 738 739 743 742
f 739 740 744 743
f 740 737 741 744
v 57.997 0.841 18.830
v 71.645 0.841 27.651
v 68.323 0.841 32.790
v 54.675 0.841 23.969
v 57.997 4.741 18.830
v 71.645 4.741 27.651
v 68.323 4.741 32.790
v 54.675 4.741 23.969
f 752 751 750 749
f 745 746 750 749
f 746 747 751 750
f 747 748 752 751
f 748 745 749 752
v 53.056 0.767 11.816
v 67.495 0.767 19.905
v 64.044 0.767 26.064
v 49.605 0.767 17.975
v 53.056 4.667 11.816
v 67.495 4.667 19.905
v 64.044 4.667 26.064
v 49.605 4.667 17.975
f 760 759 758 757
f 753 754 758 757
f 754 755 759 758
f 755 756 760 759
f 756 753 757 760
v 162.691 1.062 156.143
v 175.862 1.062 166.652
v 167.449 1.062 177.197
v 154.278 1.062 166.688
v 162.691 4.962 156.143
v 175.862 4.962 166.652
v 167.449 4.962 177.197
v 154.278 4.962 166.688
f 768 767 766 765
f 761 762 766 765
f 762 763 767 766
f 763 764 768 767
f 764 761 765 768
v -86.487 2.340 -213.836
v -81.884 2.340 -210.718
v -83.533 2.340 -208.284
v -88.136 2.340 -211.402
v -86.487 6.240 -213.836
v -81.884 6.240 -210.718
v -83.533 6.240 -208.284
v -88.136 6.240 -211.402
f 776 775 774 773
f 769 770 774 773
f 770 771 775 774
f 771 772 776 775
f 772 769 773 776
v 13.575 1.013 13.594
v 26.092 1.013 21.603
v 20.805 1.013 29.866
v 8.288 1.013 21.857
v 13.575 4.913 13.594
v 26.092 4.913 21.603
v 20.805 4.913 29.866
v 8.288 4.913 21.857
f 784 783 782 781
f 777 778 782 781
f 778 779 783 782
f 779 780 784 783
f 780 777 781 784
v 27.910 1.104 27.652
v 38.139 1.104 40.866
v 25.890 1.104 50.348
v 15.661 1.104 37.134
v 27.910 5.004 27.652
v 38.139 5.004 40.866
v 25.890 5.004 50.348
v 15.661 5.004 37.134
f 792 791 790 789
f 785 786 790 789
f 786 787 791 790
f 787 788 792 791
f 788 785 789 792
v -72.445 2.393 -207.679
v -51.240 2.393 -204.802
v -52.855 2.393 -192.901
v -74.060 2.393 -195.778
v -72.445 6.293 -207.679
v -51.240 6.293 -204.802
v -52.855 6.293 -192.901
v -74.060 6.293 -195.778
f 800 799 798 797
f 793 794 798 797
f 794 795 799 798
f 795 796 800 799
f 796 793 797 800
v -31.917 2.382 -248.497
v -25.074 2.382 -257.249
v -18.543 2.382 -252.143
v -25.386 2.382 -243.391
v -31.917 6.282 -248.497
v -25.074 6.282 -257.249
v -18.543 6.282 -252.143
v -25.386 6.282 -243.391
f 808 807 806 805
f 801 802 806 805
f 802 803 807 806
f 803 804 808 807
f 804 801 805 808
v -35.295 2.337 -253.114
v -29.406 2.337 -249.481
v -32.525 2.337 -244.426
v -38.414 2.337 -248.059
v -35.295 6.237 -253.114
v -29.406 6.237 -249.481
v -32.525 6.237 -244.426
v -38.414 6.237 -248.059
f 816 815 814 813
f 809 810 814 813
f 810 811 815 814
f 811 812 816 815
f 812 809 813 816
v -49.764 2.324 -244.990
v -39.328 2.324 -236.099
v -48.076 2.324 -225.830
v -58.512 2.324 -234.721
v -49.764 6.224 -244.990
v -39.328 6.224 -236.099
v -48.076 6.224 -225.830
v -58.512 6.224 -234.721
f 824 823 822 821
f 817 818 822 821
f 818 819 823 822
f 819 820 824 823
f 820 817 821 824
v -45.923 2.330 -237.504
v -40.769 2.330 -248.141
v -32.957 2.330 -244.356
v -38.111 2.330 -233.719
v -45.923 6.230 -237.504
v -40.769 6.230 -248.141
v -32.957 6.230 -244.356
v -38.111 6.230 -233.719
f 832 831 830 829
f 825 826 830 829
f 826 827 831 830
f 827 828 832 831
f 828 825 829 832
v -61.022 2.279 -256.624
v -48.649 2.279 -251.052
v -53.978 2.279 -239.216
v -66.351 2.279 -244.788
v -61.022 6.179 -256.624
v -48.649 6.179 -251.052
v -53.978 6.179 -239.216
v -66.351 6.179 -244.788
f 840 839 838 837
f 833 834 838 837
f 834 835 839 838
f 835 836 840 839
f 836 833 837 840
v -91.475 2.432 -228.336
v -86.712 2.432 -242.042
v -73.365 2.432 -237.404
v -78.128 2.432 -223.698
v -91.475 6.332 -228.336
v -86.712 6.332 -242.042
v -73.365 6.332 -237.404
v -78.128 6.332 -223.698
f 848 847 846 845
f 841 842 846 845
f 842 843 847 846
f 843 844 848 847
f 844 841 845 848
v -71.985 2.352 -250.123
v -61.504 2.352 -240.841
v -70.275 2.352 -230.937
v -80.756 2.352 -240.219
v -71.985 6.252 -250.123
v -61.504 6.252 -240.841
v -70.275 6.252 -230.937
v -80.756 6.252 -240.219
f 856 855 854 853
f 849 850 854 853
f 850 851 855 854
f 851 852 856 855
f 852 849 853 856
v -65.783 2.338 -235.499
v -52.416 2.338 -229.931
v -57.517 2.338 -217.681
v -70.884 2.338 -223.249
v -65.783 6.238 -235.499
v -52.416 6.238 -229.931
v -57.517 6.238 -217.681
v -70.884 6.238 -223.249
f 864 863 862 861
f 857 858 862 861
f 858 859 863 862
f 859 860 864 863
f 860 857 861 864
v -75.441 2.374 -217.315
v -69.630 2.374 -226.252
v -64.759 2.374 -223.085
v -70.570 2.374 -214.148
v -75.441 6.274 -217.315
v -69.630 6.274 -226.252
v -64.759 6.274 -223.085
v -70.570 6.274 -214.148
f 872 871 870 869
f 865 866 870 869
f 866 867 871 870
f 867 868 872 871
f 868 865 869 872
v 67.004 2.182 -261.032
v 79.905 2.182 -252.532
v 73.116 2.182 -242.228
v 60.215 2.182 -250.728
v 67.004 6.082 -261.032
v 79.905 6.082 -252.532
v 73.116 6.082 -242.228
v 60.215 6.082 -250.728
f 880 879 878 877
f 873 874 878 877
f 874 875 879 878
f 875 876 880 879
f 876 873 877 880
v 77.913 2.263 -239.946
v 86.616 2.263 -252.493
v 96.707 2.263 -245.494
v 88.004 2.263 -232.947
v 77.913 6.163 -239.946
v 86.616 6.163 -252.493
v 96.707 6.163 -245.494
v 88.004 6.163 -232.947
f 888 887 886 885
f 881 882 886 885
f 882 883 887 886
f 883 884 888 887
f 884 881 885 888
v 99.149 2.153 -208.890
v 113.727 2.153 -199.857
v 108.691 2.153 -191.730
v 94.113 2.153 -200.763
v 99.149 6.053 -208.890
v 113.727 6.053 -199.857
v 108.691 6.053 -191.730
v 94.113 6.053 -200.763
f 896 895 894 893
f 889 890 894 893
f 890 891 895 894
f 891 892 896 895
f 892 889 893 896
v 107.693 2.326 -198.328
v 120.717 2.326 -190.280
v 115.607 2.326 -182.012
v 102.583 2.326 -190.060
v 107.693 6.226 -198.328
v 120.717 6.226 -190.280
v 115.607 6.226 -182.012
v 102.583 6.226 -190.060
f 904 903 902 901
f 897 898 902 901
f 898 899 903 902
f 899 900 904 903
f 900 897 901 904
v 176.654 2.159 -140.527
v 184.948 2.159 -152.494
v 192.106 2.159 -147.533
v 183.812 2.159 -135.566
v 176.654 6.059 -140.527
v 184.948 6.059 -152.494
v 192.106 6.059 -147.533
v 183.812 6.059 -135.566
f 912 911 910 909
f 905 906 910 909
f 906 907 911 910
f 907 908 912 911
f 908 905 909 912
v 223.752 1.554 -92.665
v 236.773 1.554 -110.830
v 246.168 1.554 -104.095
v 233.147 1.554 -85.930
v 223.752 5.454 -92.665
v 236.773 5.454 -110.830
v 246.168 5.454 -104.095
v 233.147 5.454 -85.930
f 920 919 918 917
f 913 914 918 917
f 914 915 919 918
f 915 916 920 919
f 916 913 917 920
v 211.674 1.507 -84.765
v 224.519 1.507 -102.674
v 234.026 1.507 -95.855
v 221.181 1.507 -77.946
v 211.674 5.407 -84.765
v 224.519 5.407 -102.674
v 234.026 5.407 -95.855
v 221.181 5.407 -77.946
f 928 927 926 925
f 921 922 926 925
f 922 923 927 926
f 923 924 928 927
f 924 921 925 928
v 166.261 1.637 -92.797
v 177.168 1.637 -107.839
v 188.939 1.637 -99.303
v 178.032 1.637 -84.261
v 166.261 5.537 -92.797
v 177.168 5.537 -107.839
v 188.939 5.537 -99.303
v 178.032 5.537 -84.261
f 936 935 934 933
f 929 930 934 933
f 930 931 935 934
f 931 932 936 935
f 932 929 933 936
v -256.564 0.696 159.039
v -254.038 0.696 137.648
v -234.276 0.696 139.981
v -236.802 0.696 161.372
v -256.564 4.596 159.039
v -254.038 4.596 137.648
v -234.276 4.596 139.981
v -236.802 4.596 161.372
f 944 943 942 941
f 937 938 942 941
f 938 939 943 942
f 939 940 944 943
f 940 937 941 944
v -222.289 0.754 148.452
v -206.477 0.754 164.318
v -219.531 0.754 177.328
v -235.343 0.754 161.462
v -222.289 4.654 148.452
v -206.477 4.654 164.318
v -219.531 4.654 177.328
v -235.343 4.654 161.462
f 952 951 950 949
f 945 946 950 949
f 946 947 951 950
f 947 948 952 951
f 948 945 949 952
v -211.564 0.878 171.296
v -186.196 0.878 177.126
v -190.976 0.878 197.924
v -216.344 0.878 192.094
v -211.564 4.778 171.296
v -186.196 4.778 177.126
v -190.976 4.778 197.924
v -216.344 4.778 192.094
f 960 959 958 957
f 953 954 958 957
f 954 955 959 958
f 955 956 960 959
f 956 953 957 960
v -237.392 1.024 196.765
v -233.825 1.024 224.345
v -255.088 1.024 227.095
v -258.655 1.024 199.515
v -237.392 4.924 196.765
v -233.825 4.924 224.345
v -255.088 4.924 227.095
v -258.655 4.924 199.515
f 968 967 966 965
f 961 962 966 965
f 962 963 967 966
f 963 964 968 967
f 964 961 965 968
v -183.294 0.810 183.219
v -180.553 0.810 156.841
v -161.306 0.810 158.841
v -164.047 0.810 185.219
v -183.294 4.710 183.219
v -180.553 4.710 156.841
v -161.306 4.710 158.841
v -164.047 4.710 185.219
f 976 975 974 973
f 969 970 974 973
f 970 971 975 974
f 971 972 976 975
f 972 969 973 976
v -173.116 0.930 153.264
v -156.061 0.930 126.105
v -136.744 0.930 138.236
v -153.799 0.930 165.395
v -173.116 6.730 153.264
v -156.061 6.730 126.105
v -136.744 6.730 138.236
v -153.799 6.730 165.395
f 984 983 982 981
f 977 978 982 981
f 978 979 983 982
f 979 980 984 983
f 980 977 981 984
v -115.754 0.891 121.737
v -98.177 0.891 133.714
v -103.566 0.891 141.623
v -121.143 0.891 129.646
v -115.754 4.791 121.737
v -98.177 4.791 133.714
v -103.566 4.791 141.623
v -121.143 4.791 129.646
f 992 991 990 989
f 985 986 990 989
f 986 987 991 990
f 987 988 992 991
f 988 985 989 992
v -107.202 0.892 89.473
v -90.519 0.892 101.039
v -95.738 0.892 108.567
v -112.421 0.892 97.001
v -107.202 4.792 89.473
v -90.519 4.792 101.039
v -95.738 4.792 108.567
v -112.421 4.792 97.001
f 1000 999 998 997
f 993 994 998 997
f 994 995 999 998
f 995 996 1000 999
f 996 993 997 1000
v -173.183 0.713 -25.715
v -164.341 0.713 -19.761
v -168.217 0.713 -14.005
v -177.059 0.713 -19.959
v -173.183 4.613 -25.715
v -164.341 4.613 -19.761
v -168.217 4.613 -14.005
v -177.059 4.613 -19.959
f 1008 1007 1006 1005
f 1001 1002 1006 1005
f 1002 1003 1007 1006
f 1003 1004 1008 1007
f 1004 1001 1005 1008
v -164.118 1.307 -12.261
v -154.597 1.307 -6.402
v -158.082 1.307 -0.739
v -167.603 1.307 -6.598
v -164.118 5.207 -12.261
v -154.597 5.207 -6.402
v -158.082 5.207 -0.739
v -167.603 5.207 -6.598
f 1016 1015 1014 1013
f 1009 1010 1014 1013
f 1010 1011 1015 1014
f 1011 1012 1016 1015
f 1012 1009 1013 1016
v -168.319 0.695 -18.657
v -159.161 0.695 -12.581
v -162.781 0.695 -7.123
v -171.939 0.695 -13.199
v -168.319 4.595 -18.657
v -159.161 4.595 -12.581
v -162.781 4.595 -7.123
v -171.939 4.595 -13.199
f 1024 1023 1022 1021
f 1017 1018 1022 1021
f 1018 1019 1023 1022
f 1019 1020 1024 1023
f 1020 1017 1021 1024
v -155.875 1.430 -96.993
v -149.799 1.430 -105.982
v -142.765 1.430 -101.227
v -148.841 1.430 -92.238
v -155.875 5.330 -96.993
v -149.799 5.330 -105.982
v -142.765 5.330 -101.227
v -148.841 5.330 -92.238
f 1032 1031 1030 1029
f 1025 1026 1030 1029
f 1026 1027 1031 1030
f 1027 1028 1032 1031
f 1028 1025 1029 1032
v -120.378 1.007 -46.387
v -111.357 1.007 -58.954
v -105.142 1.007 -54.493
v -114.163 1.007 -41.926
v -120.378 4.907 -46.387
v -111.357 4.907 -58.954
v -105.142 4.907 -54.493
v -114.163 4.907 -41.926
f 1040 1039 1038 1037
f 1033 1034 1038 1037
f 1034 1035 1039 1038
f 1035 1036 1040 1039
f 1036 1033 1037 1040
v -121.539 0.712 -8.824
v -112.882 0.712 -2.898
v -117.141 0.712 3.324
v -125.798 0.712 -2.602
v -121.539 4.612 -8.824
v -112.882 4.612 -2.898
v -117.141 4.612 3.324
v -125.798 4.612 -2.602
f 1048 1047 1046 1045
f 1041 1042 1046 1045
f 1042 1043 1047 1046
f 1043 1044 1048 1047
f 1044 1041 1045 1048
v -127.368 0.768 -16.080
v -117.315 0.768 -9.222
v -120.972 0.768 -3.860
v -131.025 0.768 -10.718
v -127.368 4.668 -16.080
v -117.315 4.668 -9.222
v -120.972 4.668 -3.860
v -131.025 4.668 -10.718
f 1056 1055 1054 1053
f 1049 1050 1054 1053
f 1050 1051 1055 1054
f 1051 1052 1056 1055
f 1052 1049 1053 1056
v -152.777 0.956 -0.049
v -144.743 0.956 5.598
v -149.263 0.956 12.029
v -157.297 0.956 6.382
v -152.777 4.856 -0.049
v -144.743 4.856 5.598
v -149.263 4.856 12.029
v -157.297 4.856 6.382
f 1064 1063 1062 1061
f 1057 1058 1062 1061
f 1058 1059 1063 1062
f 1059 1060 1064 1063
f 1060 1057 1061 1064
v -196.137 0.724 44.307
v -188.222 0.724 32.506
v -184.543 0.724 34.973
v -192.458 0.724 46.774
v -196.137 4.624 44.307
v -188.222 4.624 32.506
v -184.543 4.624 34.973
v -192.458 4.624 46.774
f 1072 1071 1070 1069
f 1065 1066 1070 1069
f 1066 1067 1071 1070
f 1067 1068 1072 1071
f 1068 1065 1069 1072
v -191.536 0.812 41.376
v -182.059 0.812 26.037
v -175.704 0.812 29.964
v -185.181 0.812 45.303
v -191.536 4.712 41.376
v -182.059 4.712 26.037
v -175.704 4.712 29.964
v -185.181 4.712 45.303
f 1080 1079 1078 1077
f 1073 1074 1078 1077
f 1074 1075 1079 1078
f 1075 1076 1080 1079
f 1076 1073 1077 1080
v -185.961 0.924 30.216
v -172.767 0.924 14.920
v -163.279 0.924 23.104
v -176.473 0.924 38.400
v -185.961 4.824 30.216
v -172.767 4.824 14.920
v -163.279 4.824 23.104
v -176.473 4.824 38.400
f 1088 1087 1086 1085
f 1081 1082 1086 1085
f 1082 1083 1087 1086
f 1083 1084 1088 1087
f 1084 1081 1085 1088
v -157.415 0.983 84.320
v -148.966 0.983 72.697
v -140.845 0.983 78.600
v -149.294 0.983 90.223
v -157.415 4.883 84.320
v -148.966 4.883 72.697
v -140.845 4.883 78.600
v -149.294 4.883 90.223
f 1096 1095 1094 1093
f 1089 1090 1094 1093
f 1090 1091 1095 1094
f 1091 1092 1096 1095
f 1092 1089 1093 1096
v -184.278 0.658 79.079
v -177.997 0.658 70.652
v -171.302 0.658 75.641
v -177.583 0.658 84.068
v -184.278 4.558 79.079
v -177.997 4.558 70.652
v -171.302 4.558 75.641
v -177.583 4.558 84.068
f 1104 1103 1102 1101
f 1097 1098 1102 1101
f 1098 1099 1103 1102
f 1099 1100 1104 1103
f 1100 1097 1101 1104
v -252.377 0.755 -72.999
v -245.064 0.755 -83.807
v -235.863 0.755 -77.581
v -243.176 0.755 -66.773
v -252.377 4.655 -72.999
v -245.064 4.655 -83.807
v -235.863 4.655 -77.581
v -243.176 4.655 -66.773
f 1112 1111 1110 1109
f 1105 1106 1110 1109
f 1106 1107 1111 1110
f 1107 1108 1112 1111
f 1108 1105 1109 1112
v -121.604 0.780 52.247
v -112.559 0.780 58.733
v -117.536 0.780 65.673
v -126.581 0.780 59.187
v -121.604 4.680 52.247
v -112.559 4.680 58.733
v -117.536 4.680 65.673
v -126.581 4.680 59.187
f 1120 1119 1118 1117
f 1113 1114 1118 1117
f 1114 1115 1119 1118
f 1115 1116 1120 1119
f 1116 1113 1117 1120
v -239.462 0.733 63.591
v -226.901 0.733 71.716
v -234.478 0.733 83.429
v -247.039 0.733 75.304
v -239.462 4.633 63.591
v -226.901 4.633 71.716
v -234.478 4.633 83.429
v -247.039 4.633 75.304
f 1128 1127 1126 1125
f 1121 1122 1126 1125
f 1122 1123 1127 1126
f 1123 1124 1128 1127
f 1124 1121 1125 1128
v -259.999 0.845 5.446
v -248.805 0.845 -10.508
v -239.481 0.845 -3.966
v -250.675 0.845 11.988
v -259.999 4.745 5.446
v -248.805 4.745 -10.508
v -239.481 4.745 -3.966
v -250.675 4.745 11.988
f 1136 1135 1134 1133
f 1129 1130 1134 1133
f 1130 1131 1135 1134
f 1131 1132 1136 1135
f 1132 1129 1133 1136
v -238.091 0.872 -5.959
v -231.700 0.872 -15.459
v -226.589 0.872 -12.021
v -232.980 0.872 -2.521
v -238.091 4.772 -5.959
v -231.700 4.772 -15.459
v -226.589 4.772 -12.021
v -232.980 4.772 -2.521
f 1144 1143 1142 1141
f 1137 1138 1142 1141
f 1138 1139 1143 1142
f 1139 1140 1144 1143
f 1140 1137 1141 1144
v -212.018 0.749 -33.257
v -195.867 0.749 -36.160
v -193.262 0.749 -21.663
v -209.413 0.749 -18.760
v -212.018 4.649 -33.257
v -195.867 4.649 -36.160
v -193.262 4.649 -21.663
v -209.413 4.649 -18.760
f 1152 1151 1150 1149
f 1145 1146 1150 1149
f 1146 1147 1151 1150
f 1147 1148 1152 1151
f 1148 1145 1149 1152
v -221.091 0.707 -14.770
v -210.522 0.707 -29.808
v -205.089 0.707 -25.990
v -215.658 0.707 -10.952
v -221.091 4.607 -14.770
v -210.522 4.607 -29.808
v -205.089 4.607 -25.990
v -215.658 4.607 -10.952
f 1160 1159 1158 1157
f 1153 1154 1158 1157
f 1154 1155 1159 1158
f 1155 1156 1160 1159
f 1156 1153 1157 1160
v 102.464 2.216 -226.774
v 111.527 2.216 -240.574
v 116.776 2.216 -237.126
v 107.713 2.216 -223.326
v 102.464 6.116 -226.774
v 111.527 6.116 -240.574
v 116.776 6.116 -237.126
v 107.713 6.116 -223.326
f 1168 1167 1166 1165
f 1161 1162 1166 1165
f 1162 1163 1167 1166
f 1163 1164 1168 1167
f 1164 1161 1165 1168
v 108.878 2.428 -231.577
v 117.508 2.428 -244.235
v 122.102 2.428 -241.103
v 113.472 2.428 -228.445
v 108.878 6.328 -231.577
v 117.508 6.328 -244.235
v 122.102 6.328 -241.103
v 113.472 6.328 -228.445
f 1176 1175 1174 1173
f 1169 1170 1174 1173
f 1170 1171 1175 1174
f 1171 1172 1176 1175
f 1172 1169 1173 1176
v 82.394 2.081 -258.849
v 88.322 2.081 -254.657
v 85.886 2.081 -251.211
v 79.958 2.081 -255.403
v 82.394 5.981 -258.849
v 88.322 5.981 -254.657
v 85.886 5.981 -251.211
v 79.958 5.981 -255.403
f 1184 1183 1182 1181
f 1177 1178 1182 1181
f 1178 1179 1183 1182
f 1179 1180 1184 1183
f 1180 1177 1181 1184
v 131.140 2.335 -247.006
v 139.544 2.335 -259.297
v 144.200 2.335 -256.114
v 135.796 2.335 -243.823
v 131.140 6.235 -247.006
v 139.544 6.235 -259.297
v 144.200 6.235 -256.114
v 135.796 6.235 -243.823
f 1192 1191 1190 1189
f 1185 1186 1190 1189
f 1186 1187 1191 1190
f 1187 1188 1192 1191
f 1188 1185 1189 1192
v -218.539 2.679 -242.070
v -209.210 2.679 -255.154
v -202.501 2.679 -250.370
v -211.830 2.679 -237.286
v -218.539 6.579 -242.070
v -209.210 6.579 -255.154
v -202.501 6.579 -250.370
v -211.830 6.579 -237.286
f 1200 1199 1198 1197
f 1193 1194 1198 1197
f 1194 1195 1199 1198
f 1195 1196 1200 1199
f 1196 1193 1197 1200
v -246.853 0.826 1.352
v -236.953 0.826 -13.333
v -231.107 0.826 -9.392
v -241.007 0.826 5.293
v -246.853 4.726 1.352
v -236.953 4.726 -13.333
v -231.107 4.726 -9.392
v -241.007 4.726 5.293
f 1208 1207 1206 1205
f 1201 1202 1206 1205
f 1202 1203 1207 1206
f 1203 1204 1208 1207
f 1204 1201 1205 1208
v -232.564 0.661 -5.915
v -222.853 0.661 -20.076
v -217.616 0.661 -16.485
v -227.327 0.661 -2.324
v -232.564 4.561 -5.915
v -222.853 4.561 -20.076
v -217.616 4.561 -16.485
v -227.327 4.561 -2.324
f 1216 1215 1214 1213
f 1209 1210 1214 1213
f 1210 1211 1215 1214
f 1211 1212 1216 1215
f 1212 1209 1213 1216
v -226.485 0.778 -10.394
v -215.781 0.778 -25.348
v -211.755 0.778 -22.466
v -222.459 0.778 -7.512
v -226.485 4.678 -10.394
v -215.781 4.678 -25.348
v -211.755 4.678 -22.466
v -222.459 4.678 -7.512
f 1224 1223 1222 1221
f 1217 1218 1222 1221
f 1218 1219 1223 1222
f 1219 1220 1224 1223
f 1220 1217 1221 1224
v -140.420 1.227 -115.372
v -127.441 1.227 -109.043
v -133.660 1.227 -96.288
v -146.639 1.227 -102.617
v -140.420 5.127 -115.372
v -127.441 5.127 -109.043
v -133.660 5.127 -96.288
v -146.639 5.127 -102.617
f 1232 1231 1230 1229
f 1225 1226 1230 1229
f 1226 1227 1231 1230
f 1227 1228 1232 1231
f 1228 1225 1229 1232
v -110.440 0.763 -52.984
v -102.021 0.763 -67.337
v -94.620 0.763 -62.996
v -103.039 0.763 -48.643
v -110.440 4.663 -52.984
v -102.021 4.663 -67.337
v -94.620 4.663 -62.996
v -103.039 4.663 -48.643
f 1240 1239 1238 1237
f 1233 1234 1238 1237
f 1234 1235 1239 1238
f 1235 1236 1240 1239
f 1236 1233 1237 1240
v -102.552 1.013 -59.835
v -94.786 1.013 -71.303
v -90.448 1.013 -68.365
v -98.214 1.013 -56.897
v -102.552 4.913 -59.835
v -94.786 4.913 -71.303
v -90.448 4.913 -68.365
v -98.214 4.913 -56.897
f 1248 1247 1246 1245
f 1241 1242 1246 1245
f 1242 1243 1247 1246
f 1243 1244 1248 1247
f 1244 1241 1245 1248
v -96.102 0.787 -64.980
v -88.816 0.787 -74.988
v -83.998 0.787 -71.480
v -91.284 0.787 -61.472
v -96.102 4.687 -64.980
v -88.816 4.687 -74.988
v -83.998 4.687 -71.480
v -91.284 4.687 -61.472
f 1256 1255 1254 1253
f 1249 1250 1254 1253
f 1250 1251 1255 1254
f 1251 1252 1256 1255
f 1252 1249 1253 1256
v 95.722 2.056 -224.502
v 105.474 2.056 -239.117
v 109.458 2.056 -236.458
v 99.706 2.056 -221.843
v 95.722 5.956 -224.502
v 105.474 5.956 -239.117
v 109.458 5.956 -236.458
v 99.706 5.956 -221.843
f 1264 1263 1262 1261
f 1257 1258 1262 1261
f 1258 1259 1263 1262
f 1259 1260 1264 1263
f 1260 1257 1261 1264
v 106.257 1.501 -90.270
v 110.044 1.501 -95.491
v 113.023 1.501 -93.330
v 109.236 1.501 -88.109
v 106.257 5.401 -90.270
v 110.044 5.401 -95.491
v 113.023 5.401 -93.330
v 109.236 5.401 -88.109
f 1272 1271 1270 1269
f 1265 1266 1270 1269
f 1266 1267 1271 1270
f 1267 1268 1272 1271
f 1268 1265 1269 1272
v 94.069 1.177 -87.060
v 104.582 1.177 -100.585
v 111.151 1.177 -95.480
v 100.638 1.177 -81.955
v 94.069 5.077 -87.060
v 104.582 5.077 -100.585
v 111.151 5.077 -95.480
v 100.638 5.077 -81.955
f 1280 1279 1278 1277
f 1273 1274 1278 1277
f 1274 1275 1279 1278
f 1275 1276 1280 1279
f 1276 1273 1277 1280
v 79.902 1.810 -111.111
v 91.170 1.810 -124.980
v 100.538 1.810 -117.369
v 89.270 1.810 -103.500
v 79.902 5.710 -111.111
v 91.170 5.710 -124.980
v 100.538 5.710 -117.369
v 89.270 5.710 -103.500
f 1288 1287 1286 1285
f 1281 1282 1286 1285
f 1282 1283 1287 1286
f 1283 1284 1288 1287
f 1284 1281 1285 1288
v 77.472 1.465 -104.240
v 83.512 1.465 -113.073
v 85.988 1.465 -111.380
v 79.948 1.465 -102.547
v 77.472 5.365 -104.240
v 83.512 5.365 -113.073
v 85.988 5.365 -111.380
v 79.948 5.365 -102.547
f 1296 1295 1294 1293
f 1289 1290 1294 1293
f 1290 1291 1295 1294
f 1291 1292 1296 1295
f 1292 1289 1293 1296
v 67.415 1.270 -99.533
v 75.247 1.270 -114.136
v 82.685 1.270 -110.147
v 74.853 1.270 -95.544
v 67.415 5.170 -99.533
v 75.247 5.170 -114.136
v 82.685 5.170 -110.147
v 74.853 5.170 -95.544
f 1304 1303 1302 1301
f 1297 1298 1302 1301
f 1298 1299 1303 1302
f 1299 1300 1304 1303
f 1300 1297 1301 1304
v 83.337 1.262 -78.755
v 90.924 1.262 -92.133
v 98.343 1.262 -87.925
v 90.756 1.262 -74.547
v 83.337 5.162 -78.755
v 90.924 5.162 -92.133
v 98.343 5.162 -87.925
v 90.756 5.162 -74.547
f 1312 1311 1310 1309
f 1305 1306 1310 1309
f 1306 1307 1311 1310
f 1307 1308 1312 1311
f 1308 1305 1309 1312
v 77.907 1.361 -71.403
v 85.513 1.361 -83.121
v 89.833 1.361 -80.317
v 82.227 1.361 -68.599
v 77.907 5.261 -71.403
v 85.513 5.261 -83.121
v 89.833 5.261 -80.317
v 82.227 5.261 -68.599
f 1320 1319 1318 1317
f 1313 1314 1318 1317
f 1314 1315 1319 1318
f 1315 1316 1320 1319
f 1316 1313 1317 1320
v 71.034 1.539 -67.306
v 79.211 1.539 -79.147
v 84.906 1.539 -75.214
v 76.729 1.539 -63.373
v 71.034 5.439 -67.306
v 79.211 5.439 -79.147
v 84.906 5.439 -75.214
v 76.729 5.439 -63.373
f 1328 1327 1326 1325
f 1321 1322 1326 1325
f 1322 1323 1327 1326
f 1323 1324 1328 1327
f 1324 1321 1325 1328
v 60.143 0.999 -61.968
v 67.685 0.999 -72.972
v 73.377 0.999 -69.072
v 65.835 0.999 -58.068
v 60.143 4.899 -61.968
v 67.685 4.899 -72.972
v 73.377 4.899 -69.072
v 65.835 4.899 -58.068
f 1336 1335 1334 1333
f 1329 1330 1334 1333
f 1330 1331 1335 1334
f 1331 1332 1336 1335
f 1332 1329 1333 1336
v 43.879 0.296 -57.455
v 55.754 0.296 -74.459
v 66.601 0.296 -66.885
v 54.726 0.296 -49.881
v 43.879 4.196 -57.455
v 55.754 4.196 -74.459
v 66.601 4.196 -66.885
v 54.726 4.196 -49.881
f 1344 1343 1342 1341
f 1337 1338 1342 1341
f 1338 1339 1343 1342
f 1339 1340 1344 1343
f 1340 1337 1341 1344
v 36.124 1.074 -49.406
v 46.511 1.074 -58.762
v 54.696 1.074 -49.674
v 44.309 1.074 -40.318
v 36.124 4.974 -49.406
v 46.511 4.974 -58.762
v 54.696 4.974 -49.674
v 44.309 4.974 -40.318
f 1352 1351 1350 1349
f 1345 1346 1350 1349
f 1346 1347 1351 1350
f 1347 1348 1352 1351
f 1348 1345 1349 1352
v 32.421 0.934 -55.434
v 37.161 0.934 -62.076
v 41.239 0.934 -59.166
v 36.499 0.934 -52.524
v 32.421 4.834 -55.434
v 37.161 4.834 -62.076
v 41.239 4.834 -59.166
v 36.499 4.834 -52.524
f 1360 1359 1358 1357
f 1353 1354 1358 1357
f 1354 1355 1359 1358
f 1355 1356 1360 1359
f 1356 1353 1357 1360
v 31.015 1.026 -39.066
v 37.559 1.026 -49.196
v 42.825 1.026 -45.794
v 36.281 1.026 -35.664
v 31.015 4.926 -39.066
v 37.559 4.926 -49.196
v 42.825 4.926 -45.794
v 36.281 4.926 -35.664
f 1368 1367 1366 1365
f 1361 1362 1366 1365
f 1362 1363 1367 1366
f 1363 1364 1368 1367
f 1364 1361 1365 1368
v 24.302 0.779 -35.154
v 31.222 0.779 -45.032
v 36.398 0.779 -41.406
v 29.478 0.779 -31.528
v 24.302 4.679 -35.154
v 31.222 4.679 -45.032
v 36.398 4.679 -41.406
v 29.478 4.679 -31.528
f 1376 1375 1374 1373
f 1369 1370 1374 1373
f 1370 1371 1375 1374
f 1371 1372 1376 1375
f 1372 1369 1373 1376
v 13.937 0.966 -54.438
v 19.375 0.966 -62.530
v 23.583 0.966 -59.702
v 18.145 0.966 -51.610
v 13.937 4.866 -54.438
v 19.375 4.866 -62.530
v 23.583 4.866 -59.702
v 18.145 4.866 -51.610
f 1384 1383 1382 1381
f 1377 1378 1382 1381
f 1378 1379 1383 1382
f 1379 1380 1384 1383
f 1380 1377 1381 1384
v 10.296 1.033 -64.123
v 21.871 1.033 -76.559
v 29.264 1.033 -69.677
v 17.689 1.033 -57.241
v 10.296 4.933 -64.123
v 21.871 4.933 -76.559
v 29.264 4.933 -69.677
v 17.689 4.933 -57.241
f 1392 1391 1390 1389
f 1385 1386 1390 1389
f 1386 1387 1391 1390
f 1387 1388 1392 1391
f 1388 1385 1389 1392
v 29.491 1.379 -72.062
v 38.109 1.379 -88.815
v 47.669 1.379 -83.898
v 39.051 1.379 -67.145
v 29.491 5.279 -72.062
v 38.109 5.279 -88.815
v 47.669 5.279 -83.898
v 39.051 5.279 -67.145
f 1400 1399 1398 1397
f 1393 1394 1398 1397
f 1394 1395 1399 1398
f 1395 1396 1400 1399
f 1396 1393 1397 1400
v 38.848 1.173 -80.501
v 47.630 1.173 -96.453
v 57.792 1.173 -90.859
v 49.010 1.173 -74.907
v 38.848 5.073 -80.501
v 47.630 5.073 -96.453
v 57.792 5.073 -90.859
v 49.010 5.073 -74.907
f 1408 1407 1406 1405
f 1401 1402 1406 1405
f 1402 1403 1407 1406
f 1403 1404 1408 1407
f 1404 1401 1405 1408
v 48.134 1.099 -82.370
v 59.798 1.099 -100.157
v 65.786 1.099 -96.230
v 54.122 1.099 -78.443
v 48.134 4.999 -82.370
v 59.798 4.999 -100.157
v 65.786 4.999 -96.230
v 54.122 4.999 -78.443
f 1416 1415 1414 1413
f 1409 1410 1414 1413
f 1410 1411 1415 1414
f 1411 1412 1416 1415
f 1412 1409 1413 1416
v 56.345 1.556 -94.802
v 64.316 1.556 -107.650
v 74.555 1.556 -101.298
v 66.584 1.556 -88.450
v 56.345 5.456 -94.802
v 64.316 5.456 -107.650
v 74.555 5.456 -101.298
v 66.584 5.456 -88.450
f 1424 1423 1422 1421
f 1417 1418 1422 1421
f 1418 1419 1423 1422
f 1419 1420 1424 1423
f 1420 1417 1421 1424
v 227.363 1.276 78.662
v 228.430 1.276 43.989
v 257.317 1.276 44.878
v 256.250 1.276 79.551
v 227.363 7.076 78.662
v 228.430 7.076 43.989
v 257.317 7.076 44.878
v 256.250 7.076 79.551
f 1432 1431 1430 1429
f 1425 1426 1430 1429
f 1426 1427 1431 1430
f 1427 1428 1432 1431
f 1428 1425 1429 1432
v 224.793 1.343 52.314
v 235.323 1.343 58.631
v 229.927 1.343 67.626
v 219.397 1.343 61.309
v 224.793 5.243 52.314
v 235.323 5.243 58.631
v 229.927 5.243 67.626
v 219.397 5.243 61.309
f 1440 1439 1438 1437
f 1433 1434 1438 1437
f 1434 1435 1439 1438
f 1435 1436 1440 1439
f 1436 1433 1437 1440
v 211.614 1.249 60.379
v 222.823 1.249 67.003
v 217.186 1.249 76.541
v 205.977 1.249 69.917
v 211.614 5.149 60.379
v 222.823 5.149 67.003
v 217.186 5.149 76.541
v 205.977 5.149 69.917
f 1448 1447 1446 1445
f 1441 1442 1446 1445
f 1442 1443 1447 1446
f 1443 1444 1448 1447
f 1444 1441 1445 1448
v 222.308 1.318 73.434
v 231.789 1.318 79.889
v 225.772 1.318 88.726
v 216.291 1.318 82.271
v 222.308 5.218 73.434
v 231.789 5.218 79.889
v 225.772 5.218 88.726
v 216.291 5.218 82.271
f 1456 1455 1454 1453
f 1449 1450 1454 1453
f 1450 1451 1455 1454
f 1451 1452 1456 1455
f 1452 1449 1453 1456
v 199.231 1.344 91.154
v 208.843 1.344 74.731
v 218.949 1.344 80.646
v 209.337 1.344 97.069
v 199.231 5.244 91.154
v 208.843 5.244 74.731
v 218.949 5.244 80.646
v 209.337 5.244 97.069
f 1464 1463 1462 1461
f 1457 1458 1462 1461
f 1458 1459 1463 1462
f 1459 1460 1464 1463
f 1460 1457 1461 1464
v 180.351 1.375 103.574
v 192.892 1.375 74.188
v 207.369 1.375 80.366
v 194.828 1.375 109.752
v 180.351 5.275 103.574
v 192.892 5.275 74.188
v 207.369 5.275 80.366
v 194.828 5.275 109.752
f 1472 1471 1470 1469
f 1465 1466 1470 1469
f 1466 1467 1471 1470
f 1467 1468 1472 1471
f 1468 1465 1469 1472
v 137.621 1.244 -34.861
v 147.523 1.244 -50.677
v 159.499 1.244 -43.179
v 149.597 1.244 -27.363
v 137.621 5.144 -34.861
v 147.523 5.144 -50.677
v 159.499 5.144 -43.179
v 149.597 5.144 -27.363
f 1480 1479 1478 1477
f 1473 1474 1478 1477
f 1474 1475 1479 1478
f 1475 1476 1480 1479
f 1476 1473 1477 1480
v 132.583 1.573 -50.516
v 141.235 1.573 -44.289
v 137.157 1.573 -38.624
v 128.505 1.573 -44.851
v 132.583 5.473 -50.516
v 141.235 5.473 -44.289
v 137.157 5.473 -38.624
v 128.505 5.473 -44.851
f 1488 1487 1486 1485
f 1481 1482 1486 1485
f 1482 1483 1487 1486
f 1483 1484 1488 1487
f 1484 1481 1485 1488
v 106.073 1.134 -52.750
v 117.232 1.134 -68.497
v 121.107 1.134 -65.750
v 109.948 1.134 -50.003
v 106.073 5.034 -52.750
v 117.232 5.034 -68.497
v 121.107 5.034 -65.750
v 109.948 5.034 -50.003
f 1496 1495 1494 1493
f 1489 1490 1494 1493
f 1490 1491 1495 1494
f 1491 1492 1496 1495
f 1492 1489 1493 1496
v 96.583 1.098 -50.299
v 109.173 1.098 -68.071
v 114.297 1.098 -64.441
v 101.707 1.098 -46.669
v 96.583 4.998 -50.299
v 109.173 4.998 -68.071
v 114.297 4.998 -64.441
v 101.707 4.998 -46.669
f 1504 1503 1502 1501
f 1497 1498 1502 1501
f 1498 1499 1503 1502
f 1499 1500 1504 1503
f 1500 1497 1501 1504
v 92.034 1.105 -48.028
v 101.726 1.105 -62.285
v 106.746 1.105 -58.872
v 97.054 1.105 -44.615
v 92.034 5.005 -48.028
v 101.726 5.005 -62.285
v 106.746 5.005 -58.872
v 97.054 5.005 -44.615
f 1512 1511 1510 1509
f 1505 1506 1510 1509
f 1506 1507 1511 1510
f 1507 1508 1512 1511
f 1508 1505 1509 1512
v 85.209 1.300 -42.296
v 95.308 1.300 -58.154
v 100.411 1.300 -54.904
v 90.312 1.300 -39.046
v 85.209 5.200 -42.296
v 95.308 5.200 -58.154
v 100.411 5.200 -54.904
v 90.312 5.200 -39.046
f 1520 1519 1518 1517
f 1513 1514 1518 1517
f 1514 1515 1519 1518
f 1515 1516 1520 1519
f 1516 1513 1517 1520
v 74.864 1.078 -41.190
v 82.192 1.078 -51.709
v 88.936 1.078 -47.010
v 81.608 1.078 -36.491
v 74.864 4.978 -41.190
v 82.192 4.978 -51.709
v 88.936 4.978 -47.010
v 81.608 4.978 -36.491
f 1528 1527 1526 1525
f 1521 1522 1526 1525
f 1522 1523 1527 1526
f 1523 1524 1528 1527
f 1524 1521 1525 1528
v 95.484 1.309 -34.093
v 98.972 1.309 -38.999
v 102.476 1.309 -36.507
v 98.988 1.309 -31.601
v 95.484 5.209 -34.093
v 98.972 5.209 -38.999
v 102.476 5.209 -36.507
v 98.988 5.209 -31.601
f 1536 1535 1534 1533
f 1529 1530 1534 1533
f 1530 1531 1535 1534
f 1531 1532 1536 1535
f 1532 1529 1533 1536
v 94.638 1.011 -10.332
v 103.921 1.011 -23.068
v 115.502 1.011 -14.628
v 106.219 1.011 -1.892
v 94.638 4.911 -10.332
v 103.921 4.911 -23.068
v 115.502 4.911 -14.628
v 106.219 4.911 -1.892
f 1544 1543 1542 1541
f 1537 1538 1542 1541
f 1538 1539 1543 1542
f 1539 1540 1544 1543
f 1540 1537 1541 1544
v 94.723 1.052 -28.811
v 103.252 1.052 -23.610
v 99.337 1.052 -17.189
v 90.808 1.052 -22.390
v 94.723 4.952 -28.811
v 103.252 4.952 -23.610
v 99.337 4.952 -17.189
v 90.808 4.952 -22.390
f 1552 1551 1550 1549
f 1545 1546 1550 1549
f 1546 1547 1551 1550
f 1547 1548 1552 1551
f 1548 1545 1549 1552
v 88.553 0.733 -8.263
v 92.746 0.733 -14.745
v 97.087 0.733 -11.937
v 92.894 0.733 -5.455
v 88.553 4.633 -8.263
v 92.746 4.633 -14.745
v 97.087 4.633 -11.937
v 92.894 4.633 -5.455
f 1560 1559 1558 1557
f 1553 1554 1558 1557
f 1554 1555 1559 1558
f 1555 1556 1560 1559
f 1556 1553 1557 1560
v 94.617 0.841 0.429
v 99.123 0.841 -5.529
v 103.143 0.841 -2.489
v 98.637 0.841 3.469
v 94.617 4.741 0.429
v 99.123 4.741 -5.529
v 103.143 4.741 -2.489
v 98.637 4.741 3.469
f 1568 1567 1566 1565
f 1561 1562 1566 1565
f 1562 1563 1567 1566
f 1563 1564 1568 1567
f 1564 1561 1565 1568
v 75.664 1.208 5.225
v 87.190 1.208 -8.783
v 95.136 1.208 -2.245
v 83.610 1.208 11.763
v 75.664 5.108 5.225
v 87.190 5.108 -8.783
v 95.136 5.108 -2.245
v 83.610 5.108 11.763
f 1576 1575 1574 1573
f 1569 1570 1574 1573
f 1570 1571 1575 1574
f 1571 1572 1576 1575
f 1572 1569 1573 1576
v 71.440 0.689 10.790
v 80.531 0.689 -2.328
v 85.520 0.689 1.130
v 76.429 0.689 14.248
v 71.440 4.589 10.790
v 80.531 4.589 -2.328
v 85.520 4.589 1.130
v 76.429 4.589 14.248
f 1584 1583 1582 1581
f 1577 1578 1582 1581
f 1578 1579 1583 1582
f 1579 1580 1584 1583
f 1580 1577 1581 1584
v 76.400 0.777 -15.108
v 79.989 0.777 -12.669
v 78.320 0.777 -10.212
v 74.731 0.777 -12.651
v 76.400 4.677 -15.108
v 79.989 4.677 -12.669
v 78.320 4.677 -10.212
v 74.731 4.677 -12.651
f 1592 1591 1590 1589
f 1585 1586 1590 1589
f 1586 1587 1591 1590
f 1587 1588 1592 1591
f 1588 1585 1589 1592
v 37.748 1.247 -28.430
v 52.896 1.247 -33.675
v 58.452 1.247 -17.630
v 43.304 1.247 -12.385
v 37.748 5.147 -28.430
v 52.896 5.147 -33.675
v 58.452 5.147 -17.630
v 43.304 5.147 -12.385
f 1600 1599 1598 1597
f 1593 1594 1598 1597
f 1594 1595 1599 1598
f 1595 1596 1600 1599
f 1596 1593 1597 1600
v 54.630 1.021 -13.612
v 58.266 1.021 -19.323
v 60.990 1.021 -17.588
v 57.354 1.021 -11.877
v 54.630 4.921 -13.612
v 58.266 4.921 -19.323
v 60.990 4.921 -17.588
v 57.354 4.921 -11.877
f 1608 1607 1606 1605
f 1601 1602 1606 1605
f 1602 1603 1607 1606
f 1603 1604 1608 1607
f 1604 1601 1605 1608
v 47.985 1.321 -34.698
v 61.670 1.321 -40.012
v 66.955 1.321 -26.402
v 53.270 1.321 -21.088
v 47.985 5.221 -34.698
v 61.670 5.221 -40.012
v 66.955 5.221 -26.402
v 53.270 5.221 -21.088
f 1616 1615 1614 1613
f 1609 1610 1614 1613
f 1610 1611 1615 1614
f 1611 1612 1616 1615
f 1612 1609 1613 1616
v 58.271 1.325 -11.035
v 61.689 1.325 -29.176
v 77.029 1.325 -26.285
v 73.611 1.325 -8.144
v 58.271 5.225 -11.035
v 61.689 5.225 -29.176
v 77.029 5.225 -26.285
v 73.611 5.225 -8.144
f 1624 1623 1622 1621
f 1617 1618 1622 1621
f 1618 1619 1623 1622
f 1619 1620 1624 1623
f 1620 1617 1621 1624
v 62.309 1.364 -25.413
v 73.114 1.364 -41.597
v 78.611 1.364 -37.927
v 67.806 1.364 -21.743
v 62.309 5.264 -25.413
v 73.114 5.264 -41.597
v 78.611 5.264 -37.927
v 67.806 5.264 -21.743
f 1632 1631 1630 1629
f 1625 1626 1630 1629
f 1626 1627 1631 1630
f 1627 1628 1632 1631
f 1628 1625 1629 1632
v 69.782 1.087 -32.509
v 77.704 1.087 -44.963
v 82.218 1.087 -42.091
v 74.296 1.087 -29.637
v 69.782 4.987 -32.509
v 77.704 4.987 -44.963
v 82.218 4.987 -42.091
v 74.296 4.987 -29.637
f 1640 1639 1638 1637
f 1633 1634 1638 1637
f 1634 1635 1639 1638
f 1635 1636 1640 1639
f 1636 1633 1637 1640
v 83.305 1.315 -31.326
v 86.545 1.315 -36.519
v 90.015 1.315 -34.354
v 86.775 1.315 -29.161
v 83.305 5.215 -31.326
v 86.545 5.215 -36.519
v 90.015 5.215 -34.354
v 86.775 5.215 -29.161
f 1648 1647 1646 1645
f 1641 1642 1646 1645
f 1642 1643 1647 1646
f 1643 1644 1648 1647
f 1644 1641 1645 1648
v 79.600 2.300 -174.758
v 97.709 2.300 -162.160
v 93.620 2.300 -156.282
v 75.511 2.300 -168.880
v 79.600 6.200 -174.758
v 97.709 6.200 -162.160
v 93.620 6.200 -156.282
v 75.511 6.200 -168.880
f 1656 1655 1654 1653
f 1649 1650 1654 1653
f 1650 1651 1655 1654
f 1651 1652 1656 1655
f 1652 1649 1653 1656
v 70.034 2.437 -151.120
v 75.722 2.437 -159.575
v 81.986 2.437 -155.360
v 76.298 2.437 -146.905
v 70.034 6.337 -151.120
v 75.722 6.337 -159.575
v 81.986 6.337 -155.360
v 76.298 6.337 -146.905
f 1664 1663 1662 1661
f 1657 1658 1662 1661
f 1658 1659 1663 1662
f 1659 1660 1664 1663
f 1660 1657 1661 1664
v 28.615 1.457 -107.661
v 38.457 1.457 -122.384
v 45.765 1.457 -117.499
v 35.923 1.457 -102.776
v 28.615 5.357 -107.661
v 38.457 5.357 -122.384
v 45.765 5.357 -117.499
v 35.923 5.357 -102.776
f 1672 1671 1670 1669
f 1665 1666 1670 1669
f 1666 1667 1671 1670
f 1667 1668 1672 1671
f 1668 1665 1669 1672
v 16.491 1.353 -99.831
v 26.577 1.353 -115.921
v 34.669 1.353 -110.849
v 24.583 1.353 -94.759
v 16.491 5.253 -99.831
v 26.577 5.253 -115.921
v 34.669 5.253 -110.849
v 24.583 5.253 -94.759
f 1680 1679 1678 1677
f 1673 1674 1678 1677
f 1674 1675 1679 1678
f 1675 1676 1680 1679
f 1676 1673 1677 1680
v -6.154 1.558 -102.494
v 19.263 1.558 -115.779
v 28.374 1.558 -98.346
v 2.957 1.558 -85.061
v -6.154 5.458 -102.494
v 19.263 5.458 -115.779
v 28.374 5.458 -98.346
v 2.957 5.458 -85.061
f 1688 1687 1686 1685
f 1681 1682 1686 1685
f 1682 1683 1687 1686
f 1683 1684 1688 1687
f 1684 1681 1685 1688
v 1.992 0.667 -94.142
v 14.215 0.667 -86.031
v 9.548 0.667 -78.998
v -2.675 0.667 -87.109
v 1.992 4.567 -94.142
v 14.215 4.567 -86.031
v 9.548 4.567 -78.998
v -2.675 4.567 -87.109
f 1696 1695 1694 1693
f 1689 1690 1694 1693
f 1690 1691 1695 1694
f 1691 1692 1696 1695
f 1692 1689 1693 1696
v -20.214 1.338 -106.911
v -16.823 1.338 -112.386
v -11.986 1.338 -109.389
v -15.377 1.338 -103.914
v -20.214 5.238 -106.911
v -16.823 5.238 -112.386
v -11.986 5.238 -109.389
v -15.377 5.238 -103.914
f 1704 1703 1702 1701
f 1697 1698 1702 1701
f 1698 1699 1703 1702
f 1699 1700 1704 1703
f 1700 1697 1701 1704
v -14.339 1.739 -111.161
v -9.669 1.739 -118.667
v -5.381 1.739 -115.999
v -10.051 1.739 -108.493
v -14.339 5.639 -111.161
v -9.669 5.639 -118.667
v -5.381 5.639 -115.999
v -10.051 5.639 -108.493
f 1712 1711 1710 1709
f 1705 1706 1710 1709
f 1706 1707 1711 1710
f 1707 1708 1712 1711
f 1708 1705 1709 1712
v -17.673 1.994 -120.984
v -9.593 1.994 -133.096
v -3.387 1.994 -128.956
v -11.467 1.994 -116.844
v -17.673 5.894 -120.984
v -9.593 5.894 -133.096
v -3.387 5.894 -128.956
v -11.467 5.894 -116.844
f 1720 1719 1718 1717
f 1713 1714 1718 1717
f 1714 1715 1719 1718
f 1715 1716 1720 1719
f 1716 1713 1717 1720
v -11.239 1.839 -128.226
v -2.408 1.839 -139.676
v 5.399 1.839 -133.654
v -3.432 1.839 -122.204
v -11.239 5.739 -128.226
v -2.408 5.739 -139.676
v 5.399 5.739 -133.654
v -3.432 5.739 -122.204
f 1728 1727 1726 1725
f 1721 1722 1726 1725
f 1722 1723 1727 1726
f 1723 1724 1728 1727
f 1724 1721 1725 1728
v 7.735 2.207 -146.831
v 14.401 2.207 -138.359
v 6.205 2.207 -131.909
v -0.461 2.207 -140.381
v 7.735 6.107 -146.831
v 14.401 6.107 -138.359
v 6.205 6.107 -131.909
v -0.461 6.107 -140.381
f 1736 1735 1734 1733
f 1729 1730 1734 1733
f 1730 1731 1735 1734
f 1731 1732 1736 1735
f 1732 1729 1733 1736
v 8.991 2.401 -142.621
v 16.317 2.401 -153.553
v 25.529 2.401 -147.379
v 18.203 2.401 -136.447
v 8.991 6.301 -142.621
v 16.317 6.301 -153.553
v 25.529 6.301 -147.379
v 18.203 6.301 -136.447
f 1744 1743 1742 1741
f 1737 1738 1742 1741
f 1738 1739 1743 1742
f 1739 1740 1744 1743
f 1740 1737 1741 1744
v 30.301 1.943 -125.416
v 34.607 1.943 -131.557
v 38.619 1.943 -128.744
v 34.313 1.943 -122.603
v 30.301 5.843 -125.416
v 34.607 5.843 -131.557
v 38.619 5.843 -128.744
v 34.313 5.843 -122.603
f 1752 1751 1750 1749
f 1745 1746 1750 1749
f 1746 1747 1751 1750
f 1747 1748 1752 1751
f 1748 1745 1749 1752
v -17.726 1.891 -143.098
v -13.736 1.891 -148.667
v -9.794 1.891 -145.842
v -13.784 1.891 -140.273
v -17.726 5.791 -143.098
v -13.736 5.791 -148.667
v -9.794 5.791 -145.842
v -13.784 5.791 -140.273
f 1760 1759 1758 1757
f 1753 1754 1758 1757
f 1754 1755 1759 1758
f 1755 1756 1760 1759
f 1756 1753 1757 1760
v -19.151 2.302 -152.147
v -8.677 2.302 -166.994
v 4.111 2.302 -157.973
v -6.363 2.302 -143.126
v -19.151 6.202 -152.147
v -8.677 6.202 -166.994
v 4.111 6.202 -157.973
v -6.363 6.202 -143.126
f 1768 1767 1766 1765
f 1761 1762 1766 1765
f 1762 1763 1767 1766
f 1763 1764 1768 1767
f 1764 1761 1765 1768
v -1.253 1.951 -156.043
v 3.247 1.951 -172.675
v 14.773 1.951 -169.557
v 10.273 1.951 -152.925
v -1.253 5.851 -156.043
v 3.247 5.851 -172.675
v 14.773 5.851 -169.557
v 10.273 5.851 -152.925
f 1776 1775 1774 1773
f 1769 1770 1774 1773
f 1770 1771 1775 1774
f 1771 1772 1776 1775
f 1772 1769 1773 1776
v -1.396 2.366 -183.323
v 3.159 2.366 -189.382
v 7.476 2.366 -186.137
v 2.921 2.366 -180.078
v -1.396 6.266 -183.323
v 3.159 6.266 -189.382
v 7.476 6.266 -186.137
v 2.921 6.266 -180.078
f 1784 1783 1782 1781
f 1777 1778 1782 1781
f 1778 1779 1783 1782
f 1779 1780 1784 1783
f 1780 1777 1781 1784
v -22.892 2.409 -184.316
v -12.193 2.409 -203.103
v -2.608 2.409 -197.644
v -13.307 2.409 -178.857
v -22.892 6.309 -184.316
v -12.193 6.309 -203.103
v -2.608 6.309 -197.644
v -13.307 6.309 -178.857
f 1792 1791 1790 1789
f 1785 1786 1790 1789
f 1786 1787 1791 1790
f 1787 1788 1792 1791
f 1788 1785 1789 1792
v -19.471 1.847 -177.974
v -12.628 1.847 -173.276
v -16.109 1.847 -168.206
v -22.952 1.847 -172.904
v -19.471 5.747 -177.974
v -12.628 5.747 -173.276
v -16.109 5.747 -168.206
v -22.952 5.747 -172.904
f 1800 1799 1798 1797
f 1793 1794 1798 1797
f 1794 1795 1799 1798
f 1795 1796 1800 1799
f 1796 1793 1797 1800
v -43.328 2.377 -168.647
v -30.386 2.377 -186.648
v -22.632 2.377 -181.073
v -35.574 2.377 -163.072
v -43.328 6.277 -168.647
v -30.386 6.277 -186.648
v -22.632 6.277 -181.073
v -35.574 6.277 -163.072
f 1808 1807 1806 1805
f 1801 1802 1806 1805
f 1802 1803 1807 1806
f 1803 1804 1808 1807
f 1804 1801 1805 1808
v -53.534 1.831 -164.977
v -45.469 1.831 -177.434
v -38.006 1.831 -172.603
v -46.071 1.831 -160.146
v -53.534 5.731 -164.977
v -45.469 5.731 -177.434
v -38.006 5.731 -172.603
v -46.071 5.731 -160.146
f 1816 1815 1814 1813
f 1809 1810 1814 1813
f 1810 1811 1815 1814
f 1811 1812 1816 1815
f 1812 1809 1813 1816
v -37.318 2.427 -163.285
v -26.066 2.427 -156.775
v -29.942 2.427 -150.075
v -41.194 2.427 -156.585
v -37.318 6.327 -163.285
v -26.066 6.327 -156.775
v -29.942 6.327 -150.075
v -41.194 6.327 -156.585
f 1824 1823 1822 1821
f 1817 1818 1822 1821
f 1818 1819 1823 1822
f 1819 1820 1824 1823
f 1820 1817 1821 1824
v -90.799 1.362 -63.349
v -80.346 1.362 -86.433
v -65.061 1.362 -79.511
v -75.514 1.362 -56.427
v -90.799 5.262 -63.349
v -80.346 5.262 -86.433
v -65.061 5.262 -79.511
v -75.514 5.262 -56.427
f 1832 1831 1830 1829
f 1825 1826 1830 1829
f 1826 1827 1831 1830
f 1827 1828 1832 1831
f 1828 1825 1829 1832
v -60.525 1.081 -73.724
v -53.067 1.081 -69.264
v -57.055 1.081 -62.596
v -64.513 1.081 -67.056
v -60.525 4.981 -73.724
v -53.067 4.981 -69.264
v -57.055 4.981 -62.596
v -64.513 4.981 -67.056
f 1840 1839 1838 1837
f 1833 1834 1838 1837
f 1834 1835 1839 1838
f 1835 1836 1840 1839
f 1836 1833 1837 1840
v -60.488 1.146 -45.280
v -50.561 1.146 -60.439
v -44.972 1.146 -56.780
v -54.899 1.146 -41.621
v -60.488 5.046 -45.280
v -50.561 5.046 -60.439
v -44.972 5.046 -56.780
v -54.899 5.046 -41.621
f 1848 1847 1846 1845
f 1841 1842 1846 1845
f 1842 1843 1847 1846
f 1843 1844 1848 1847
f 1844 1841 1845 1848
v -68.340 0.851 -45.440
v -59.763 0.851 -57.916
v -53.920 0.851 -53.900
v -62.497 0.851 -41.424
v -68.340 4.751 -45.440
v -59.763 4.751 -57.916
v -53.920 4.751 -53.900
v -62.497 4.751 -41.424
f 1856 1855 1854 1853
f 1849 1850 1854 1853
f 1850 1851 1855 1854
f 1851 1852 1856 1855
f 1852 1849 1853 1856
v -74.661 1.067 -37.160
v -63.566 1.067 -54.291
v -57.959 1.067 -50.660
v -69.054 1.067 -33.529
v -74.661 4.967 -37.160
v -63.566 4.967 -54.291
v -57.959 4.967 -50.660
v -69.054 4.967 -33.529
f 1864 1863 1862 1861
f 1857 1858 1862 1861
f 1858 1859 1863 1862
f 1859 1860 1864 1863
f 1860 1857 1861 1864
v -79.249 1.170 -31.818
v -71.207 1.170 -42.860
v -67.311 1.170 -40.022
v -75.353 1.170 -28.980
v -79.249 5.070 -31.818
v -71.207 5.070 -42.860
v -67.311 5.070 -40.022
v -75.353 5.070 -28.980
f 1872 1871 1870 1869
f 1865 1866 1870 1869
f 1866 1867 1871 1870
f 1867 1868 1872 1871
f 1868 1865 1869 1872
v -86.551 1.046 -24.929
v -80.381 1.046 -34.096
v -75.769 1.046 -30.991
v -81.939 1.046 -21.824
v -86.551 4.946 -24.929
v -80.381 4.946 -34.096
v -75.769 4.946 -30.991
v -81.939 4.946 -21.824
f 1880 1879 1878 1877
f 1873 1874 1878 1877
f 1874 1875 1879 1878
f 1875 1876 1880 1879
f 1876 1873 1877 1880
v -102.766 0.897 -19.273
v -91.290 0.897 -35.150
v -83.234 0.897 -29.327
v -94.710 0.897 -13.450
v -102.766 4.797 -19.273
v -91.290 4.797 -35.150
v -83.234 4.797 -29.327
v -94.710 4.797 -13.450
f 1888 1887 1886 1885
f 1881 1882 1886 1885
f 1882 1883 1887 1886
f 1883 1884 1888 1887
f 1884 1881 1885 1888
v -104.972 0.811 -39.323
v -99.087 0.811 -35.607
v -100.988 0.811 -32.597
v -106.873 0.811 -36.313
v -104.972 4.711 -39.323
v -99.087 4.711 -35.607
v -100.988 4.711 -32.597
v -106.873 4.711 -36.313
f 1896 1895 1894 1893
f 1889 1890 1894 1893
f 1890 1891 1895 1894
f 1891 1892 1896 1895
f 1892 1889 1893 1896
v -110.160 0.736 -13.119
v -100.225 0.736 -30.339
v -92.880 0.736 -26.101
v -102.815 0.736 -8.881
v -110.160 4.636 -13.119
v -100.225 4.636 -30.339
v -92.880 4.636 -26.101
v -102.815 4.636 -8.881
f 1904 1903 1902 1901
f 1897 1898 1902 1901
f 1898 1899 1903 1902
f 1899 1900 1904 1903
f 1900 1897 1901 1904
v -115.700 0.783 -10.165
v -105.639 0.783 -23.656
v -100.220 0.783 -19.615
v -110.281 0.783 -6.124
v -115.700 4.683 -10.165
v -105.639 4.683 -23.656
v -100.220 4.683 -19.615
v -110.281 4.683 -6.124
f 1912 1911 1910 1909
f 1905 1906 1910 1909
f 1906 1907 1911 1910
f 1907 1908 1912 1911
f 1908 1905 1909 1912
v -134.680 0.618 -25.093
v -121.492 0.618 -16.667
v -126.080 0.618 -9.487
v -139.268 0.618 -17.913
v -134.680 4.518 -25.093
v -121.492 4.518 -16.667
v -126.080 4.518 -9.487
v -139.268 4.518 -17.913
f 1920 1919 1918 1917
f 1913 1914 1918 1917
f 1914 1915 1919 1918
f 1915 1916 1920 1919
f 1916 1913 1917 1920
v -103.974 0.545 -45.518
v -101.543 0.545 -48.967
v -99.066 0.545 -47.222
v -101.497 0.545 -43.773
v -103.974 4.445 -45.518
v -101.543 4.445 -48.967
v -99.066 4.445 -47.222
v -101.497 4.445 -43.773
f 1928 1927 1926 1925
f 1921 1922 1926 1925
f 1922 1923 1927 1926
f 1923 1924 1928 1927
f 1924 1921 1925 1928
v -107.959 0.707 -42.261
v -105.459 0.707 -47.047
v -101.461 0.707 -44.959
v -103.961 0.707 -40.173
v -107.959 4.607 -42.261
v -105.459 4.607 -47.047
v -101.461 4.607 -44.959
v -103.961 4.607 -40.173
f 1936 1935 1934 1933
f 1929 1930 1934 1933
f 1930 1931 1935 1934
f 1931 1932 1936 1935
f 1932 1929 1933 1936
v -126.613 0.916 -43.322
v -120.925 0.916 -52.831
v -114.987 0.916 -49.278
v -120.675 0.916 -39.769
v -126.613 4.816 -43.322
v -120.925 4.816 -52.831
v -114.987 4.816 -49.278
v -120.675 4.816 -39.769
f 1944 1943 1942 1941
f 1937 1938 1942 1941
f 1938 1939 1943 1942
f 1939 1940 1944 1943
f 1940 1937 1941 1944
v -134.511 0.888 -35.316
v -123.540 0.888 -50.422
v -117.649 0.888 -46.144
v -128.620 0.888 -31.038
v -134.511 4.788 -35.316
v -123.540 4.788 -50.422
v -117.649 4.788 -46.144
v -128.620 4.788 -31.038
f 1952 1951 1950 1949
f 1945 1946 1950 1949
f 1946 1947 1951 1950
f 1947 1948 1952 1951
f 1948 1945 1949 1952
v -145.848 0.828 -41.013
v -124.537 0.828 -32.603
v -129.452 0.828 -20.147
v -150.763 0.828 -28.557
v -145.848 4.728 -41.013
v -124.537 4.728 -32.603
v -129.452 4.728 -20.147
v -150.763 4.728 -28.557
f 1960 1959 1958 1957
f 1953 1954 1958 1957
f 1954 1955 1959 1958
f 1955 1956 1960 1959
f 1956 1953 1957 1960
v -149.706 0.930 -47.756
v -133.176 0.930 -37.113
v -137.394 0.930 -30.564
v -153.924 0.930 -41.207
v -149.706 4.830 -47.756
v -133.176 4.830 -37.113
v -137.394 4.830 -30.564
v -153.924 4.830 -41.207
f 1968 1967 1966 1965
f 1961 1962 1966 1965
f 1962 1963 1967 1966
f 1963 1964 1968 1967
f 1964 1961 1965 1968
v 13.265 1.222 38.406
v 19.676 1.222 42.599
v 16.135 1.222 48.014
v 9.724 1.222 43.821
v 13.265 5.122 38.406
v 19.676 5.122 42.599
v 16.135 5.122 48.014
v 9.724 5.122 43.821
f 1976 1975 1974 1973
f 1969 1970 1974 1973
f 1970 1971 1975 1974
f 1971 1972 1976 1975
f 1972 1969 1973 1976
v 9.593 1.225 27.208
v 15.460 1.225 36.168
v 6.107 1.225 42.292
v 0.240 1.225 33.332
v 9.593 5.125 27.208
v 15.460 5.125 36.168
v 6.107 5.125 42.292
v 0.240 5.125 33.332
f 1984 1983 1982 1981
f 1977 1978 1982 1981
f 1978 1979 1983 1982
f 1979 1980 1984 1983
f 1980 1977 1981 1984
v 4.548 0.989 58.918
v 12.832 0.989 46.763
v 17.732 0.989 50.102
v 9.448 0.989 62.257
v 4.548 4.889 58.918
v 12.832 4.889 46.763
v 17.732 4.889 50.102
v 9.448 4.889 62.257
f 1992 1991 1990 1989
f 1985 1986 1990 1989
f 1986 1987 1991 1990
f 1987 1988 1992 1991
f 1988 1985 1989 1992
v -5.909 0.971 62.899
v 3.708 0.971 46.652
v 10.989 0.971 50.961
v 1.372 0.971 67.208
v -5.909 4.871 62.899
v 3.708 4.871 46.652
v 10.989 4.871 50.961
v 1.372 4.871 67.208
f 2000 1999 1998 1997
f 1993 1994 1998 1997
f 1994 1995 1999 1998
f 1995 1996 2000 1999
f 1996 1993 1997 2000
v -17.788 0.835 66.865
v -8.915 0.835 51.793
v 1.348 0.835 57.835
v -7.525 0.835 72.907
v -17.788 4.735 66.865
v -8.915 4.735 51.793
v 1.348 4.735 57.835
v -7.525 4.735 72.907
f 2008 2007 2006 2005
f 2001 2002 2006 2005
f 2002 2003 2007 2006
f 2003 2004 2008 2007
f 2004 2001 2005 2008
v -4.361 1.058 33.083
v 0.605 1.058 36.022
v -2.079 1.058 40.557
v -7.045 1.058 37.618
v -4.361 4.958 33.083
v 0.605 4.958 36.022
v -2.079 4.958 40.557
v -7.045 4.958 37.618
f 2016 2015 2014 2013
f 2009 2010 2014 2013
f 2010 2011 2015 2014
f 2011 2012 2016 2015
f 2012 2009 2013 2016
v -19.107 0.964 31.191
v -9.492 0.964 18.277
v -0.853 0.964 24.709
v -10.468 0.964 37.623
v -19.107 4.864 31.191
v -9.492 4.864 18.277
v -0.853 4.864 24.709
v -10.468 4.864 37.623
f 2024 2023 2022 2021
f 2017 2018 2022 2021
f 2018 2019 2023 2022
f 2019 2020 2024 2023
f 2020 2017 2021 2024
v -25.835 1.151 43.471
v -16.450 1.151 30.009
v -11.085 1.151 33.749
v -20.470 1.151 47.211
v -25.835 5.051 43.471
v -16.450 5.051 30.009
v -11.085 5.051 33.749
v -20.470 5.051 47.211
f 2032 2031 2030 2029
f 2025 2026 2030 2029
f 2026 2027 2031 2030
f 2027 2028 2032 2031
f 2028 2025 2029 2032
v -38.022 1.064 47.174
v -29.432 1.064 34.452
v -24.998 1.064 37.446
v -33.588 1.064 50.168
v -38.022 4.964 47.174
v -29.432 4.964 34.452
v -24.998 4.964 37.446
v -33.588 4.964 50.168
f 2040 2039 2038 2037
f 2033 2034 2038 2037
f 2034 2035 2039 2038
f 2035 2036 2040 2039
f 2036 2033 2037 2040
v -43.831 1.061 54.834
v -34.271 1.061 37.552
v -27.629 1.061 41.226
v -37.189 1.061 58.508
v -43.831 4.961 54.834
v -34.271 4.961 37.552
v -27.629 4.961 41.226
v -37.189 4.961 58.508
f 2048 2047 2046 2045
f 2041 2042 2046 2045
f 2042 2043 2047 2046
f 2043 2044 2048 2047
f 2044 2041 2045 2048
v -21.628 0.705 73.659
v -13.974 0.705 61.250
v -8.672 0.705 64.521
v -16.326 0.705 76.930
v -21.628 4.605 73.659
v -13.974 4.605 61.250
v -8.672 4.605 64.521
v -16.326 4.605 76.930
f 2056 2055 2054 2053
f 2049 2050 2054 2053
f 2050 2051 2055 2054
f 2051 2052 2056 2055
f 2052 2049 2053 2056
v -25.722 0.735 79.041
v -20.152 0.735 70.604
v -15.738 0.735 73.519
v -21.308 0.735 81.956
v -25.722 4.635 79.041
v -20.152 4.635 70.604
v -15.738 4.635 73.519
v -21.308 4.635 81.956
f 2064 2063 2062 2061
f 2057 2058 2062 2061
f 2058 2059 2063 2062
f 2059 2060 2064 2063
f 2060 2057 2061 2064
v -40.217 1.284 72.829
v -35.261 1.284 65.679
v -29.763 1.284 69.491
v -34.719 1.284 76.641
v -40.217 5.184 72.829
v -35.261 5.184 65.679
v -29.763 5.184 69.491
v -34.719 5.184 76.641
f 2072 2071 2070 2069
f 2065 2066 2070 2069
f 2066 2067 2071 2070
f 2067 2068 2072 2071
f 2068 2065 2069 2072
v -52.508 1.105 58.639
v -43.181 1.105 46.085
v -35.972 1.105 51.441
v -45.299 1.105 63.995
v -52.508 5.005 58.639
v -43.181 5.005 46.085
v -35.972 5.005 51.441
v -45.299 5.005 63.995
f 2080 2079 2078 2077
f 2073 2074 2078 2077
f 2074 2075 2079 2078
f 2075 2076 2080 2079
f 2076 2073 2077 2080
v -62.385 0.566 66.351
v -52.429 0.566 51.451
v -46.235 0.566 55.589
v -56.191 0.566 70.489
v -62.385 4.466 66.351
v -52.429 4.466 51.451
v -46.235 4.466 55.589
v -56.191 4.466 70.489
f 2088 2087 2086 2085
f 2081 2082 2086 2085
f 2082 2083 2087 2086
f 2083 2084 2088 2087
f 2084 2081 2085 2088
v -79.753 0.660 58.988
v -66.576 0.660 67.376
v -70.367 0.660 73.332
v -83.544 0.660 64.944
v -79.753 4.560 58.988
v -66.576 4.560 67.376
v -70.367 4.560 73.332
v -83.544 4.560 64.944
f 2096 2095 2094 2093
f 2089 2090 2094 2093
f 2090 2091 2095 2094
f 2091 2092 2096 2095
f 2092 2089 2093 2096
v -71.695 -0.295 66.490
v -56.429 -0.295 76.139
v -62.745 -0.295 86.130
v -78.011 -0.295 76.481
v -71.695 3.605 66.490
v -56.429 3.605 76.139
v -62.745 3.605 86.130
v -78.011 3.605 76.481
f 2104 2103 2102 2101
f 2097 2098 2102 2101
f 2098 2099 2103 2102
f 2099 2100 2104 2103
f 2100 2097 2101 2104
v -53.852 0.738 94.619
v -46.257 0.738 80.628
v -35.808 0.738 86.301
v -43.403 0.738 100.292
v -53.852 4.638 94.619
v -46.257 4.638 80.628
v -35.808 4.638 86.301
v -43.403 4.638 100.292
f 2112 2111 2110 2109
f 2105 2106 2110 2109
f 2106 2107 2111 2110
f 2107 2108 2112 2111
f 2108 2105 2109 2112
v 76.247 0.961 155.415
v 83.380 0.961 159.252
v 80.813 0.961 164.025
v 73.680 0.961 160.188
v 76.247 4.861 155.415
v 83.380 4.861 159.252
v 80.813 4.861 164.025
v 73.680 4.861 160.188
f 2120 2119 2118 2117
f 2113 2114 2118 2117
f 2114 2115 2119 2118
f 2115 2116 2120 2119
f 2116 2113 2117 2120
v 56.300 0.988 163.896
v 64.276 0.988 169.112
v 59.820 0.988 175.924
v 51.844 0.988 170.708
v 56.300 4.888 163.896
v 64.276 4.888 169.112
v 59.820 4.888 175.924
v 51.844 4.888 170.708
f 2128 2127 2126 2125
f 2121 2122 2126 2125
f 2122 2123 2127 2126
f 2123 2124 2128 2127
f 2124 2121 2125 2128
v 36.563 0.872 184.604
v 40.674 0.872 177.929
v 45.297 0.872 180.776
v 41.186 0.872 187.451
v 36.563 4.772 184.604
v 40.674 4.772 177.929
v 45.297 4.772 180.776
v 41.186 4.772 187.451
f 2136 2135 2134 2133
f 2129 2130 2134 2133
f 2130 2131 2135 2134
f 2131 2132 2136 2135
f 2132 2129 2133 2136
v 22.279 1.310 187.766
v 29.545 1.310 192.550
v 25.921 1.310 198.054
v 18.655 1.310 193.270
v 22.279 5.210 187.766
v 29.545 5.210 192.550
v 25.921 5.210 198.054
v 18.655 5.210 193.270
f 2144 2143 2142 2141
f 2137 2138 2142 2141
f 2138 2139 2143 2142
f 2139 2140 2144 2143
f 2140 2137 2141 2144
v 0.067 1.039 156.053
v 29.921 1.039 176.206
v 24.533 1.039 184.187
v -5.321 1.039 164.034
v 0.067 4.939 156.053
v 29.921 4.939 176.206
v 24.533 4.939 184.187
v -5.321 4.939 164.034
f 2152 2151 2150 2149
f 2145 2146 2150 2149
f 2146 2147 2151 2150
f 2147 2148 2152 2151
f 2148 2145 2149 2152
v -7.874 1.332 149.847
v 12.164 1.332 158.382
v 6.094 1.332 172.633
v -13.944 1.332 164.098
v -7.874 5.232 149.847
v 12.164 5.232 158.382
v 6.094 5.232 172.633
v -13.944 5.232 164.098
f 2160 2159 2158 2157
f 2153 2154 2158 2157
f 2154 2155 2159 2158
f 2155 2156 2160 2159
f 2156 2153 2157 2160
v -14.851 0.632 138.395
v 0.903 0.632 148.927
v -6.289 0.632 159.685
v -22.043 0.632 149.153
v -14.851 4.532 138.395
v 0.903 4.532 148.927
v -6.289 4.532 159.685
v -22.043 4.532 149.153
f 2168 2167 2166 2165
f 2161 2162 2166 2165
f 2162 2163 2167 2166
f 2163 2164 2168 2167
f 2164 2161 2165 2168
v -23.806 0.669 122.271
v -4.730 0.669 137.309
v -12.314 0.669 146.929
v -31.390 0.669 131.891
v -23.806 4.569 122.271
v -4.730 4.569 137.309
v -12.314 4.569 146.929
v -31.390 4.569 131.891
f 2176 2175 2174 2173
f 2169 2170 2174 2173
f 2170 2171 2175 2174
f 2171 2172 2176 2175
f 2172 2169 2173 2176
v -32.259 0.023 112.379
v -17.826 0.023 121.936
v -25.881 0.023 134.101
v -40.314 0.023 124.544
v -32.259 3.923 112.379
v -17.826 3.923 121.936
v -25.881 3.923 134.101
v -40.314 3.923 124.544
f 2184 2183 2182 2181
f 2177 2178 2182 2181
f 2178 2179 2183 2182
f 2179 2180 2184 2183
f 2180 2177 2181 2184
v -23.355 0.208 115.555
v -19.566 0.208 110.698
v -16.405 0.208 113.165
v -20.194 0.208 118.022
v -23.355 4.108 115.555
v -19.566 4.108 110.698
v -16.405 4.108 113.165
v -20.194 4.108 118.022
f 2192 2191 2190 2189
f 2185 2186 2190 2189
f 2186 2187 2191 2190
f 2187 2188 2192 2191
f 2188 2185 2189 2192
v -17.269 0.595 124.170
v -4.974 0.595 102.138
v 5.549 0.595 108.010
v -6.746 0.595 130.042
v -17.269 4.495 124.170
v -4.974 4.495 102.138
v 5.549 4.495 108.010
v -6.746 4.495 130.042
f 2200 2199 2198 2197
f 2193 2194 2198 2197
f 2194 2195 2199 2198
f 2195 2196 2200 2199
f 2196 2193 2197 2200
v -15.894 0.559 116.759
v -12.557 0.559 112.003
v -10.166 0.559 113.681
v -13.503 0.559 118.437
v -15.894 4.459 116.759
v -12.557 4.459 112.003
v -10.166 4.459 113.681
v -13.503 4.459 118.437
f 2208 2207 2206 2205
f 2201 2202 2206 2205
f 2202 2203 2207 2206
f 2203 2204 2208 2207
f 2204 2201 2205 2208
v -7.635 0.804 113.922
v 11.996 0.804 94.663
v 21.135 0.804 103.978
v 1.504 0.804 123.237
v -7.635 4.704 113.922
v 11.996 4.704 94.663
v 21.135 4.704 103.978
v 1.504 4.704 123.237
f 2216 2215 2214 2213
f 2209 2210 2214 2213
f 2210 2211 2215 2214
f 2211 2212 2216 2215
f 2212 2209 2213 2216
v 24.570 0.704 102.137
v 32.204 0.704 107.052
v 28.090 0.704 113.443
v 20.456 0.704 108.528
v 24.570 4.604 102.137
v 32.204 4.604 107.052
v 28.090 4.604 113.443
v 20.456 4.604 108.528
f 2224 2223 2222 2221
f 2217 2218 2222 2221
f 2218 2219 2223 2222
f 2219 2220 2224 2223
f 2220 2217 2221 2224
v 7.913 0.454 101.982
v 18.261 0.454 87.646
v 25.647 0.454 92.978
v 15.299 0.454 107.314
v 7.913 4.354 101.982
v 18.261 4.354 87.646
v 25.647 4.354 92.978
v 15.299 4.354 107.314
f 2232 2231 2230 2229
f 2225 2226 2230 2229
f 2226 2227 2231 2230
f 2227 2228 2232 2231
f 2228 2225 2229 2232
v -37.889 0.885 12.037
v -24.700 0.885 20.237
v -28.671 0.885 26.623
v -41.860 0.885 18.423
v -37.889 4.785 12.037
v -24.700 4.785 20.237
v -28.671 4.785 26.623
v -41.860 4.785 18.423
f 2240 2239 2238 2237
f 2233 2234 2238 2237
f 2234 2235 2239 2238
f 2235 2236 2240 2239
f 2236 2233 2237 2240
v -44.131 0.881 2.339
v -29.880 0.881 14.401
v -35.449 0.881 20.981
v -49.700 0.881 8.919
v -44.131 4.781 2.339
v -29.880 4.781 14.401
v -35.449 4.781 20.981
v -49.700 4.781 8.919
f 2248 2247 2246 2245
f 2241 2242 2246 2245
f 2242 2243 2247 2246
f 2243 2244 2248 2247
f 2244 2241 2245 2248
v -79.010 1.207 22.191
v -50.384 1.207 12.258
v -44.690 1.207 28.669
v -73.316 1.207 38.602
v -79.010 5.107 22.191
v -50.384 5.107 12.258
v -44.690 5.107 28.669
v -73.316 5.107 38.602
f 2256 2255 2254 2253
f 2249 2250 2254 2253
f 2250 2251 2255 2254
f 2251 2252 2256 2255
f 2252 2249 2253 2256
v -101.140 1.164 56.533
v -100.281 1.164 27.175
v -78.000 1.164 27.827
v -78.859 1.164 57.185
v -101.140 5.064 56.533
v -100.281 5.064 27.175
v -78.000 5.064 27.827
v -78.859 5.064 57.185
f 2264 2263 2262 2261
f 2257 2258 2262 2261
f 2258 2259 2263 2262
f 2259 2260 2264 2263
f 2260 2257 2261 2264
v -112.318 1.186 14.676
v -90.927 1.186 13.779
v -90.222 1.186 30.604
v -111.613 1.186 31.501
v -112.318 5.086 14.676
v -90.927 5.086 13.779
v -90.222 5.086 30.604
v -111.613 5.086 31.501
f 2272 2271 2270 2269
f 2265 2266 2270 2269
f 2266 2267 2271 2270
f 2267 2268 2272 2271
f 2268 2265 2269 2272
v -85.358 0.889 5.222
v -72.347 0.889 -11.185
v -63.642 0.889 -4.282
v -76.653 0.889 12.125
v -85.358 4.789 5.222
v -72.347 4.789 -11.185
v -63.642 4.789 -4.282
v -76.653 4.789 12.125
f 2280 2279 2278 2277
f 2273 2274 2278 2277
f 2274 2275 2279 2278
f 2275 2276 2280 2279
f 2276 2273 2277 2280
v -48.302 0.729 -11.850
v -40.616 0.729 -6.829
v -44.078 0.729 -1.530
v -51.764 0.729 -6.551
v -48.302 4.629 -11.850
v -40.616 4.629 -6.829
v -44.078 4.629 -1.530
v -51.764 4.629 -6.551
f 2288 2287 2286 2285
f 2281 2282 2286 2285
f 2282 2283 2287 2286
f 2283 2284 2288 2287
f 2284 2281 2285 2288
v -153.953 0.969 42.164
v -133.683 0.969 28.871
v -120.707 0.969 48.656
v -140.977 0.969 61.949
v -153.953 4.869 42.164
v -133.683 4.869 28.871
v -120.707 4.869 48.656
v -140.977 4.869 61.949
f 2296 2295 2294 2293
f 2289 2290 2294 2293
f 2290 2291 2295 2294
f 2291 2292 2296 2295
f 2292 2289 2293 2296
v -167.848 0.893 49.956
v -145.938 0.893 66.377
v -154.052 0.893 77.204
v -175.962 0.893 60.783
v -167.848 4.793 49.956
v -145.938 4.793 66.377
v -154.052 4.793 77.204
v -175.962 4.793 60.783
f 2304 2303 2302 2301
f 2297 2298 2302 2301
f 2298 2299 2303 2302
f 2299 2300 2304 2303
f 2300 2297 2301 2304
v -195.317 0.614 83.508
v -187.911 0.614 71.852
v -180.923 0.614 76.292
v -188.329 0.614 87.948
v -195.317 4.514 83.508
v -187.911 4.514 71.852
v -180.923 4.514 76.292
v -188.329 4.514 87.948
f 2312 2311 2310 2309
f 2305 2306 2310 2309
f 2306 2307 2311 2310
f 2307 2308 2312 2311
f 2308 2305 2309 2312
v -207.709 0.524 90.023
v -194.776 0.524 71.758
v -188.451 0.524 76.237
v -201.384 0.524 94.502
v -207.709 4.424 90.023
v -194.776 4.424 71.758
v -188.451 4.424 76.237
v -201.384 4.424 94.502
f 2320 2319 2318 2317
f 2313 2314 2318 2317
f 2314 2315 2319 2318
f 2315 2316 2320 2319
f 2316 2313 2317 2320
v -149.895 0.248 9.160
v -140.264 0.248 16.859
v -145.765 0.248 23.740
v -155.396 0.248 16.041
v -149.895 4.148 9.160
v -140.264 4.148 16.859
v -145.765 4.148 23.740
v -155.396 4.148 16.041
f 2328 2327 2326 2325
f 2321 2322 2326 2325
f 2322 2323 2327 2326
f 2323 2324 2328 2327
f 2324 2321 2325 2328
v -175.564 0.857 28.100
v -165.859 0.857 3.538
v -151.276 0.857 9.300
v -160.981 0.857 33.862
v -175.564 4.757 28.100
v -165.859 4.757 3.538
v -151.276 4.757 9.300
v -160.981 4.757 33.862
f 2336 2335 2334 2333
f 2329 2330 2334 2333
f 2330 2331 2335 2334
f 2331 2332 2336 2335
f 2332 2329 2333 2336
v -187.963 0.621 18.061
v -184.593 0.621 13.551
v -181.397 0.621 15.939
v -184.767 0.621 20.449
v -187.963 4.521 18.061
v -184.593 4.521 13.551
v -181.397 4.521 15.939
v -184.767 4.521 20.449
f 2344 2343 2342 2341
f 2337 2338 2342 2341
f 2338 2339 2343 2342
f 2339 2340 2344 2343
f 2340 2337 2341 2344
v -183.892 0.605 -2.324
v -173.819 0.605 -17.158
v -169.368 0.605 -14.136
v -179.441 0.605 0.698
v -183.892 4.505 -2.324
v -173.819 4.505 -17.158
v -169.368 4.505 -14.136
v -179.441 4.505 0.698
f 2352 2351 2350 2349
f 2345 2346 2350 2349
f 2346 2347 2351 2350
f 2347 2348 2352 2351
f 2348 2345 2349 2352
v -181.091 0.695 3.641
v -179.082 0.695 0.911
v -176.489 0.695 2.819
v -178.498 0.695 5.549
v -181.091 4.595 3.641
v -179.082 4.595 0.911
v -176.489 4.595 2.819
v -178.498 4.595 5.549
f 2360 2359 2358 2357
f 2353 2354 2358 2357
f 2354 2355 2359 2358
f 2355 2356 2360 2359
f 2356 2353 2357 2360
v -179.387 0.612 0.065
v -177.253 0.612 -2.859
v -175.233 0.612 -1.385
v -177.367 0.612 1.539
v -179.387 4.512 0.065
v -177.253 4.512 -2.859
v -175.233 4.512 -1.385
v -177.367 4.512 1.539
f 2368 2367 2366 2365
f 2361 2362 2366 2365
f 2362 2363 2367 2366
f 2363 2364 2368 2367
f 2364 2361 2365 2368
v -210.715 0.578 12.450
v -200.446 0.578 -2.369
v -196.205 0.578 0.570
v -206.474 0.578 15.389
v -210.715 4.478 12.450
v -200.446 4.478 -2.369
v -196.205 4.478 0.570
v -206.474 4.478 15.389
f 2376 2375 2374 2373
f 2369 2370 2374 2373
f 2370 2371 2375 2374
f 2371 2372 2376 2375
f 2372 2369 2373 2376
v -220.211 0.671 21.173
v -209.619 0.671 2.831
v -199.929 0.671 8.427
v -210.521 0.671 26.769
v -220.211 4.571 21.173
v -209.619 4.571 2.831
v -199.929 4.571 8.427
v -210.521 4.571 26.769
f 2384 2383 2382 2381
f 2377 2378 2382 2381
f 2378 2379 2383 2382
f 2379 2380 2384 2383
f 2380 2377 2381 2384
v -229.016 0.652 26.804
v -218.925 0.652 9.676
v -210.404 0.652 14.696
v -220.495 0.652 31.824
v -229.016 4.552 26.804
v -218.925 4.552 9.676
v -210.404 4.552 14.696
v -220.495 4.552 31.824
f 2392 2391 2390 2389
f 2385 2386 2390 2389
f 2386 2387 2391 2390
f 2387 2388 2392 2391
f 2388 2385 2389 2392
v -242.041 0.747 29.525
v -227.827 0.747 16.380
v -218.899 0.747 26.035
v -233.113 0.747 39.180
v -242.041 4.647 29.525
v -227.827 4.647 16.380
v -218.899 4.647 26.035
v -233.113 4.647 39.180
f 2400 2399 2398 2397
f 2393 2394 2398 2397
f 2394 2395 2399 2398
f 2395 2396 2400 2399
f 2396 2393 2397 2400
v -249.521 0.641 38.210
v -238.909 0.641 23.019
v -233.539 0.641 26.770
v -244.151 0.641 41.961
v -249.521 4.541 38.210
v -238.909 4.541 23.019
v -233.539 4.541 26.770
v -244.151 4.541 41.961
f 2408 2407 2406 2405
f 2401 2402 2406 2405
f 2402 2403 2407 2406
f 2403 2404 2408 2407
f 2404 2401 2405 2408
v -257.411 0.700 43.864
v -245.124 0.700 27.780
v -239.109 0.700 32.376
v -251.396 0.700 48.460
v -257.411 4.600 43.864
v -245.124 4.600 27.780
v -239.109 4.600 32.376
v -251.396 4.600 48.460
f 2416 2415 2414 2413
f 2409 2410 2414 2413
f 2410 2411 2415 2414
f 2411 2412 2416 2415
f 2412 2409 2413 2416
v -252.626 0.693 66.985
v -247.186 0.693 59.715
v -241.174 0.693 64.215
v -246.614 0.693 71.485
v -252.626 4.593 66.985
v -247.186 4.593 59.715
v -241.174 4.593 64.215
v -246.614 4.593 71.485
f 2424 2423 2422 2421
f 2417 2418 2422 2421
f 2418 2419 2423 2422
f 2419 2420 2424 2423
f 2420 2417 2421 2424
v -230.906 0.391 64.760
v -220.956 0.391 49.928
v -215.334 0.391 53.700
v -225.284 0.391 68.532
v -230.906 4.291 64.760
v -220.956 4.291 49.928
v -215.334 4.291 53.700
v -225.284 4.291 68.532
f 2432 2431 2430 2429
f 2425 2426 2430 2429
f 2426 2427 2431 2430
f 2427 2428 2432 2431
f 2428 2425 2429 2432
v -223.861 0.488 54.313
v -215.689 0.488 42.736
v -205.559 0.488 49.887
v -213.731 0.488 61.464
v -223.861 4.388 54.313
v -215.689 4.388 42.736
v -205.559 4.388 49.887
v -213.731 4.388 61.464
f 2440 2439 2438 2437
f 2433 2434 2438 2437
f 2434 2435 2439 2438
f 2435 2436 2440 2439
f 2436 2433 2437 2440
v -262.644 0.727 -29.261
v -255.068 0.727 -40.057
v -248.716 0.727 -35.599
v -256.292 0.727 -24.803
v -262.644 4.627 -29.261
v -255.068 4.627 -40.057
v -248.716 4.627 -35.599
v -256.292 4.627 -24.803
f 2448 2447 2446 2445
f 2441 2442 2446 2445
f 2442 2443 2447 2446
f 2443 2444 2448 2447
f 2444 2441 2445 2448
v -255.982 0.666 -32.954
v -248.432 0.666 -44.098
v -244.458 0.666 -41.406
v -252.008 0.666 -30.262
v -255.982 4.566 -32.954
v -248.432 4.566 -44.098
v -244.458 4.566 -41.406
v -252.008 4.566 -30.262
f 2456 2455 2454 2453
f 2449 2450 2454 2453
f 2450 2451 2455 2454
f 2451 2452 2456 2455
f 2452 2449 2453 2456
v -235.060 1.319 -29.983
v -230.117 1.319 -27.125
v -232.920 1.319 -22.277
v -237.863 1.319 -25.135
v -235.060 5.219 -29.983
v -230.117 5.219 -27.125
v -232.920 5.219 -22.277
v -237.863 5.219 -25.135
f 2464 2463 2462 2461
f 2457 2458 2462 2461
f 2458 2459 2463 2462
f 2459 2460 2464 2463
f 2460 2457 2461 2464
v -238.502 0.823 -42.252
v -234.922 0.823 -56.900
v -220.798 0.823 -53.448
v -224.378 0.823 -38.800
v -238.502 4.723 -42.252
v -234.922 4.723 -56.900
v -220.798 4.723 -53.448
v -224.378 4.723 -38.800
f 2472 2471 2470 2469
f 2465 2466 2470 2469
f 2466 2467 2471 2470
f 2467 2468 2472 2471
f 2468 2465 2469 2472
v -211.260 0.836 -36.588
v -208.763 0.836 -34.717
v -210.400 0.836 -32.532
v -212.897 0.836 -34.403
v -211.260 4.736 -36.588
v -208.763 4.736 -34.717
v -210.400 4.736 -32.532
v -212.897 4.736 -34.403
f 2480 2479 2478 2477
f 2473 2474 2478 2477
f 2474 2475 2479 2478
f 2475 2476 2480 2479
f 2476 2473 2477 2480
v -206.279 0.818 -38.630
v -203.871 0.818 -37.107
v -205.261 0.818 -34.910
v -207.669 0.818 -36.433
v -206.279 4.718 -38.630
v -203.871 4.718 -37.107
v -205.261 4.718 -34.910
v -207.669 4.718 -36.433
f 2488 2487 2486 2485
f 2481 2482 2486 2485
f 2482 2483 2487 2486
f 2483 2484 2488 2487
f 2484 2481 2485 2488
v -200.544 0.542 -28.135
v -190.753 0.542 -42.191
v -185.576 0.542 -38.585
v -195.367 0.542 -24.529
v -200.544 4.442 -28.135
v -190.753 4.442 -42.191
v -185.576 4.442 -38.585
v -195.367 4.442 -24.529
f 2496 2495 2494 2493
f 2489 2490 2494 2493
f 2490 2491 2495 2494
f 2491 2492 2496 2495
f 2492 2489 2493 2496
v -228.610 0.807 -41.386
v -216.932 0.807 -64.795
v -207.590 0.807 -60.134
v -219.268 0.807 -36.725
v -228.610 4.707 -41.386
v -216.932 4.707 -64.795
v -207.590 4.707 -60.134
v -219.268 4.707 -36.725
f 2504 2503 2502 2501
f 2497 2498 2502 2501
f 2498 2499 2503 2502
f 2499 2500 2504 2503
f 2500 2497 2501 2504
v -205.207 0.623 -63.429
v -189.189 0.623 -50.959
v -194.613 0.623 -43.991
v -210.631 0.623 -56.461
v -205.207 4.523 -63.429
v -189.189 4.523 -50.959
v -194.613 4.523 -43.991
v -210.631 4.523 -56.461
f 2512 2511 2510 2509
f 2505 2506 2510 2509
f 2506 2507 2511 2510
f 2507 2508 2512 2511
f 2508 2505 2509 2512
v -222.192 1.077 -70.945
v -201.982 1.077 -78.737
v -193.668 1.077 -57.175
v -213.878 1.077 -49.383
v -222.192 4.977 -70.945
v -201.982 4.977 -78.737
v -193.668 4.977 -57.175
v -213.878 4.977 -49.383
f 2520 2519 2518 2517
f 2513 2514 2518 2517
f 2514 2515 2519 2518
f 2515 2516 2520 2519
f 2516 2513 2517 2520
v -157.321 0.849 -54.573
v -151.685 0.849 -60.433
v -145.919 0.849 -54.887
v -151.555 0.849 -49.027
v -157.321 4.749 -54.573
v -151.685 4.749 -60.433
v -145.919 4.749 -54.887
v -151.555 4.749 -49.027
f 2528 2527 2526 2525
f 2521 2522 2526 2525
f 2522 2523 2527 2526
f 2523 2524 2528 2527
f 2524 2521 2525 2528
v -155.709 0.832 -61.075
v -146.213 0.832 -81.892
v -136.551 0.832 -77.485
v -146.047 0.832 -56.668
v -155.709 4.732 -61.075
v -146.213 4.732 -81.892
v -136.551 4.732 -77.485
v -146.047 4.732 -56.668
f 2536 2535 2534 2533
f 2529 2530 2534 2533
f 2530 2531 2535 2534
f 2531 2532 2536 2535
f 2532 2529 2533 2536
v -142.180 0.964 -65.838
v -136.505 0.964 -80.455
v -122.820 0.964 -75.142
v -128.495 0.964 -60.525
v -142.180 4.864 -65.838
v -136.505 4.864 -80.455
v -122.820 4.864 -75.142
v -128.495 4.864 -60.525
f 2544 2543 2542 2541
f 2537 2538 2542 2541
f 2538 2539 2543 2542
f 2539 2540 2544 2543
f 2540 2537 2541 2544
v -151.081 0.893 -84.395
v -147.543 0.893 -89.253
v -144.099 0.893 -86.745
v -147.637 0.893 -81.887
v -151.081 4.793 -84.395
v -147.543 4.793 -89.253
v -144.099 4.793 -86.745
v -147.637 4.793 -81.887
f 2552 2551 2550 2549
f 2545 2546 2550 2549
f 2546 2547 2551 2550
f 2547 2548 2552 2551
f 2548 2545 2549 2552
v -129.160 1.166 -79.195
v -121.789 1.166 -91.728
v -111.480 1.166 -85.665
v -118.851 1.166 -73.132
v -129.160 5.066 -79.195
v -121.789 5.066 -91.728
v -111.480 5.066 -85.665
v -118.851 5.066 -73.132
f 2560 2559 2558 2557
f 2553 2554 2558 2557
f 2554 2555 2559 2558
f 2555 2556 2560 2559
f 2556 2553 2557 2560
v -118.587 1.222 -81.383
v -108.509 1.222 -95.272
v -102.673 1.222 -91.037
v -112.751 1.222 -77.148
v -118.587 5.122 -81.383
v -108.509 5.122 -95.272
v -102.673 5.122 -91.037
v -112.751 5.122 -77.148
f 2568 2567 2566 2565
f 2561 2562 2566 2565
f 2562 2563 2567 2566
f 2563 2564 2568 2567
f 2564 2561 2565 2568
v -138.621 1.215 -95.479
v -131.915 1.215 -99.897
v -128.399 1.215 -94.561
v -135.105 1.215 -90.143
v -138.621 5.115 -95.479
v -131.915 5.115 -99.897
v -128.399 5.115 -94.561
v -135.105 5.115 -90.143
f 2576 2575 2574 2573
f 2569 2570 2574 2573
f 2570 2571 2575 2574
f 2571 2572 2576 2575
f 2572 2569 2573 2576
v -135.704 1.301 -110.446
v -126.972 1.301 -124.704
v -115.656 1.301 -117.774
v -124.388 1.301 -103.516
v -135.704 5.201 -110.446
v -126.972 5.201 -124.704
v -115.656 5.201 -117.774
v -124.388 5.201 -103.516
f 2584 2583 2582 2581
f 2577 2578 2582 2581
f 2578 2579 2583 2582
f 2579 2580 2584 2583
f 2580 2577 2581 2584
v -124.116 1.815 -115.601
v -113.387 1.815 -130.487
v -108.244 1.815 -126.779
v -118.973 1.815 -111.893
v -124.116 5.715 -115.601
v -113.387 5.715 -130.487
v -108.244 5.715 -126.779
v -118.973 5.715 -111.893
f 2592 2591 2590 2589
f 2585 2586 2590 2589
f 2586 2587 2591 2590
f 2587 2588 2592 2591
f 2588 2585 2589 2592
v -117.596 1.945 -124.357
v -111.221 1.945 -134.346
v -106.264 1.945 -131.183
v -112.639 1.945 -121.194
v -117.596 5.845 -124.357
v -111.221 5.845 -134.346
v -106.264 5.845 -131.183
v -112.639 5.845 -121.194
f 2600 2599 2598 2597
f 2593 2594 2598 2597
f 2594 2595 2599 2598
f 2595 2596 2600 2599
f 2596 2593 2597 2600
v 222.814 2.266 -262.364
v 234.476 2.266 -254.728
v 229.086 2.266 -246.496
v 217.424 2.266 -254.132
v 222.814 6.166 -262.364
v 234.476 6.166 -254.728
v 229.086 6.166 -246.496
v 217.424 6.166 -254.132
f 2608 2607 2606 2605
f 2601 2602 2606 2605
f 2602 2603 2607 2606
f 2603 2604 2608 2607
f 2604 2601 2605 2608
v 218.997 2.258 -235.143
v 228.825 2.258 -248.373
v 237.543 2.258 -241.897
v 227.715 2.258 -228.667
v 218.997 6.158 -235.143
v 228.825 6.158 -248.373
v 237.543 6.158 -241.897
v 227.715 6.158 -228.667
f 2616 2615 2614 2613
f 2609 2610 2614 2613
f 2610 2611 2615 2614
f 2611 2612 2616 2615
f 2612 2609 2613 2616
v 211.577 2.004 -227.082
v 218.787 2.004 -242.279
v 226.123 2.004 -238.798
v 218.913 2.004 -223.601
v 211.577 5.904 -227.082
v 218.787 5.904 -242.279
v 226.123 5.904 -238.798
v 218.913 5.904 -223.601
f 2624 2623 2622 2621
f 2617 2618 2622 2621
f 2618 2619 2623 2622
f 2619 2620 2624 2623
f 2620 2617 2621 2624
v 204.718 2.030 -242.048
v 209.225 2.030 -239.814
v 207.102 2.030 -235.532
v 202.595 2.030 -237.766
v 204.718 5.930 -242.048
v 209.225 5.930 -239.814
v 207.102 5.930 -235.532
v 202.595 5.930 -237.766
f 2632 2631 2630 2629
f 2625 2626 2630 2629
f 2626 2627 2631 2630
f 2627 2628 2632 2631
f 2628 2625 2629 2632
v 191.287 1.976 -222.231
v 202.344 1.976 -235.549
v 211.353 1.976 -228.069
v 200.296 1.976 -214.751
v 191.287 5.876 -222.231
v 202.344 5.876 -235.549
v 211.353 5.876 -228.069
v 200.296 5.876 -214.751
f 2640 2639 2638 2637
f 2633 2634 2638 2637
f 2634 2635 2639 2638
f 2635 2636 2640 2639
f 2636 2633 2637 2640
v 178.170 2.106 -213.963
v 190.677 2.106 -229.028
v 198.810 2.106 -222.277
v 186.303 2.106 -207.212
v 178.170 6.006 -213.963
v 190.677 6.006 -229.028
v 198.810 6.006 -222.277
v 186.303 6.006 -207.212
f 2648 2647 2646 2645
f 2641 2642 2646 2645
f 2642 2643 2647 2646
f 2643 2644 2648 2647
f 2644 2641 2645 2648
v 162.208 1.996 -237.533
v 169.867 1.996 -248.210
v 176.952 1.996 -243.127
v 169.293 1.996 -232.450
v 162.208 5.896 -237.533
v 169.867 5.896 -248.210
v 176.952 5.896 -243.127
v 169.293 5.896 -232.450
f 2656 2655 2654 2653
f 2649 2650 2654 2653
f 2650 2651 2655 2654
f 2651 2652 2656 2655
f 2652 2649 2653 2656
v 199.353 1.819 -259.126
v 209.855 1.819 -252.440
v 204.007 1.819 -243.254
v 193.505 1.819 -249.940
v 199.353 5.719 -259.126
v 209.855 5.719 -252.440
v 204.007 5.719 -243.254
v 193.505 5.719 -249.940
f 2664 2663 2662 2661
f 2657 2658 2662 2661
f 2658 2659 2663 2662
f 2659 2660 2664 2663
f 2660 2657 2661 2664
v 199.834 2.400 -187.868
v 214.409 2.400 -197.875
v 222.006 2.400 -186.812
v 207.431 2.400 -176.805
v 199.834 6.300 -187.868
v 214.409 6.300 -197.875
v 222.006 6.300 -186.812
v 207.431 6.300 -176.805
f 2672 2671 2670 2669
f 2665 2666 2670 2669
f 2666 2667 2671 2670
f 2667 2668 2672 2671
f 2668 2665 2669 2672
v 215.615 2.452 -206.112
v 226.044 2.452 -200.278
v 220.825 2.452 -190.948
v 210.396 2.452 -196.782
v 215.615 6.352 -206.112
v 226.044 6.352 -200.278
v 220.825 6.352 -190.948
v 210.396 6.352 -196.782
f 2680 2679 2678 2677
f 2673 2674 2678 2677
f 2674 2675 2679 2678
f 2675 2676 2680 2679
f 2676 2673 2677 2680
v 211.769 2.509 -167.032
v 213.592 2.509 -184.044
v 227.731 2.509 -182.528
v 225.908 2.509 -165.516
v 211.769 6.409 -167.032
v 213.592 6.409 -184.044
v 227.731 6.409 -182.528
v 225.908 6.409 -165.516
f 2688 2687 2686 2685
f 2681 2682 2686 2685
f 2682 2683 2687 2686
f 2683 2684 2688 2687
f 2684 2681 2685 2688
v 225.051 2.630 -183.613
v 239.906 2.630 -181.848
v 238.409 2.630 -169.247
v 223.554 2.630 -171.012
v 225.051 6.530 -183.613
v 239.906 6.530 -181.848
v 238.409 6.530 -169.247
v 223.554 6.530 -171.012
f 2696 2695 2694 2693
f 2689 2690 2694 2693
f 2690 2691 2695 2694
f 2691 2692 2696 2695
f 2692 2689 2693 2696
v 234.228 2.325 -181.704
v 241.362 2.325 -192.308
v 246.672 2.325 -188.736
v 239.538 2.325 -178.132
v 234.228 6.225 -181.704
v 241.362 6.225 -192.308
v 246.672 6.225 -188.736
v 239.538 6.225 -178.132
f 2704 2703 2702 2701
f 2697 2698 2702 2701
f 2698 2699 2703 2702
f 2699 2700 2704 2703
f 2700 2697 2701 2704
v 241.585 2.343 -186.726
v 248.912 2.343 -197.050
v 253.895 2.343 -193.514
v 246.568 2.343 -183.190
v 241.585 6.243 -186.726
v 248.912 6.243 -197.050
v 253.895 6.243 -193.514
v 246.568 6.243 -183.190
f 2712 2711 2710 2709
f 2705 2706 2710 2709
f 2706 2707 2711 2710
f 2707 2708 2712 2711
f 2708 2705 2709 2712
v 247.622 2.430 -192.162
v 254.270 2.430 -204.038
v 263.738 2.430 -198.738
v 257.090 2.430 -186.862
v 247.622 6.330 -192.162
v 254.270 6.330 -204.038
v 263.738 6.330 -198.738
v 257.090 6.330 -186.862
f 2720 2719 2718 2717
f 2713 2714 2718 2717
f 2714 2715 2719 2718
f 2715 2716 2720 2719
f 2716 2713 2717 2720
v 230.629 2.586 -214.984
v 240.349 2.586 -209.104
v 235.251 2.586 -200.676
v 225.531 2.586 -206.556
v 230.629 6.486 -214.984
v 240.349 6.486 -209.104
v 235.251 6.486 -200.676
v 225.531 6.486 -206.556
f 2728 2727 2726 2725
f 2721 2722 2726 2725
f 2722 2723 2727 2726
f 2723 2724 2728 2727
f 2724 2721 2725 2728
v 236.242 2.249 -208.776
v 243.494 2.249 -219.578
v 248.758 2.249 -216.044
v 241.506 2.249 -205.242
v 236.242 6.149 -208.776
v 243.494 6.149 -219.578
v 248.758 6.149 -216.044
v 241.506 6.149 -205.242
f 2736 2735 2734 2733
f 2729 2730 2734 2733
f 2730 2731 2735 2734
f 2731 2732 2736 2735
f 2732 2729 2733 2736
v 226.431 1.878 -138.824
v 239.612 1.878 -156.112
v 248.709 1.878 -149.176
v 235.528 1.878 -131.888
v 226.431 5.778 -138.824
v 239.612 5.778 -156.112
v 248.709 5.778 -149.176
v 235.528 5.778 -131.888
f 2744 2743 2742 2741
f 2737 2738 2742 2741
f 2738 2739 2743 2742
f 2739 2740 2744 2743
f 2740 2737 2741 2744
v 237.767 2.446 -148.251
v 250.477 2.446 -164.968
v 259.393 2.446 -158.189
v 246.683 2.446 -141.472
v 237.767 6.346 -148.251
v 250.477 6.346 -164.968
v 259.393 6.346 -158.189
v 246.683 6.346 -141.472
f 2752 2751 2750 2749
f 2745 2746 2750 2749
f 2746 2747 2751 2750
f 2747 2748 2752 2751
f 2748 2745 2749 2752
v -256.388 1.649 -151.738
v -247.604 1.649 -145.646
v -250.852 1.649 -140.962
v -259.636 1.649 -147.054
v -256.388 5.549 -151.738
v -247.604 5.549 -145.646
v -250.852 5.549 -140.962
v -259.636 5.549 -147.054
f 2760 2759 2758 2757
f 2753 2754 2758 2757
f 2754 2755 2759 2758
f 2755 2756 2760 2759
f 2756 2753 2757 2760
v -253.643 1.500 -146.320
v -242.403 1.500 -139.398
v -246.577 1.500 -132.620
v -257.817 1.500 -139.542
v -253.643 5.400 -146.320
v -242.403 5.400 -139.398
v -246.577 5.400 -132.620
v -257.817 5.400 -139.542
f 2768 2767 2766 2765
f 2761 2762 2766 2765
f 2762 2763 2767 2766
f 2763 2764 2768 2767
f 2764 2761 2765 2768
v -194.440 2.486 -182.482
v -185.330 2.486 -196.107
v -180.500 2.486 -192.878
v -189.610 2.486 -179.253
v -194.440 6.386 -182.482
v -185.330 6.386 -196.107
v -180.500 6.386 -192.878
v -189.610 6.386 -179.253
f 2776 2775 2774 2773
f 2769 2770 2774 2773
f 2770 2771 2775 2774
f 2771 2772 2776 2775
f 2772 2769 2773 2776
v -199.868 2.055 -178.363
v -191.718 2.055 -191.134
v -186.112 2.055 -187.557
v -194.262 2.055 -174.786
v -199.868 5.955 -178.363
v -191.718 5.955 -191.134
v -186.112 5.955 -187.557
v -194.262 5.955 -174.786
f 2784 2783 2782 2781
f 2777 2778 2782 2781
f 2778 2779 2783 2782
f 2779 2780 2784 2783
f 2780 2777 2781 2784
v -206.667 2.468 -195.485
v -202.674 2.468 -201.393
v -197.173 2.468 -197.675
v -201.166 2.468 -191.767
v -206.667 6.368 -195.485
v -202.674 6.368 -201.393
v -197.173 6.368 -197.675
v -201.166 6.368 -191.767
f 2792 2791 2790 2789
f 2785 2786 2790 2789
f 2786 2787 2791 2790
f 2787 2788 2792 2791
f 2788 2785 2789 2792
v -212.413 2.484 -208.215
v -202.719 2.484 -222.204
v -197.467 2.484 -218.565
v -207.161 2.484 -204.576
v -212.413 6.384 -208.215
v -202.719 6.384 -222.204
v -197.467 6.384 -218.565
v -207.161 6.384 -204.576
f 2800 2799 2798 2797
f 2793 2794 2798 2797
f 2794 2795 2799 2798
f 2795 2796 2800 2799
f 2796 2793 2797 2800
v -220.060 2.470 -204.925
v -210.441 2.470 -219.449
v -204.380 2.470 -215.435
v -213.999 2.470 -200.911
v -220.060 6.370 -204.925
v -210.441 6.370 -219.449
v -204.380 6.370 -215.435
v -213.999 6.370 -200.911
f 2808 2807 2806 2805
f 2801 2802 2806 2805
f 2802 2803 2807 2806
f 2803 2804 2808 2807
f 2804 2801 2805 2808
v -203.890 1.972 -185.408
v -195.837 1.972 -180.796
v -200.330 1.972 -172.952
v -208.383 1.972 -177.564
v -203.890 5.872 -185.408
v -195.837 5.872 -180.796
v -200.330 5.872 -172.952
v -208.383 5.872 -177.564
f 2816 2815 2814 2813
f 2809 2810 2814 2813
f 2810 2811 2815 2814
f 2811 2812 2816 2815
f 2812 2809 2813 2816
v -222.916 1.963 -169.072
v -210.445 1.963 -186.622
v -203.304 1.963 -181.548
v -215.775 1.963 -163.998
v -222.916 5.863 -169.072
v -210.445 5.863 -186.622
v -203.304 5.863 -181.548
v -215.775 5.863 -163.998
f 2824 2823 2822 2821
f 2817 2818 2822 2821
f 2818 2819 2823 2822
f 2819 2820 2824 2823
f 2820 2817 2821 2824
v -238.462 1.724 -163.979
v -217.728 1.724 -166.267
v -215.838 1.724 -149.141
v -236.572 1.724 -146.853
v -238.462 5.624 -163.979
v -217.728 5.624 -166.267
v -215.838 5.624 -149.141
v -236.572 5.624 -146.853
f 2832 2831 2830 2829
f 2825 2826 2830 2829
f 2826 2827 2831 2830
f 2827 2828 2832 2831
f 2828 2825 2829 2832
v -238.495 2.038 -172.967
v -230.209 2.038 -167.641
v -233.145 2.038 -163.073
v -241.431 2.038 -168.399
v -238.495 5.938 -172.967
v -230.209 5.938 -167.641
v -233.145 5.938 -163.073
v -241.431 5.938 -168.399
f 2840 2839 2838 2837
f 2833 2834 2838 2837
f 2834 2835 2839 2838
f 2835 2836 2840 2839
f 2836 2833 2837 2840
v -251.304 2.298 -175.400
v -241.008 2.298 -195.057
v -230.856 2.298 -189.740
v -241.152 2.298 -170.083
v -251.304 9.098 -175.400
v -241.008 9.098 -195.057
v -230.856 9.098 -189.740
v -241.152 9.098 -170.083
f 2848 2847 2846 2845
f 2841 2842 2846 2845
f 2842 2843 2847 2846
f 2843 2844 2848 2847
f 2844 2841 2845 2848
v -217.042 0.993 -86.881
v -212.209 0.993 -94.151
v -207.438 0.993 -90.979
v -212.271 0.993 -83.709
v -217.042 4.893 -86.881
v -212.209 4.893 -94.151
v -207.438 4.893 -90.979
v -212.271 4.893 -83.709
f 2856 2855 2854 2853
f 2849 2850 2854 2853
f 2850 2851 2855 2854
f 2851 2852 2856 2855
f 2852 2849 2853 2856
v -223.271 1.031 -82.632
v -218.748 1.031 -92.571
v -212.149 1.031 -89.568
v -216.672 1.031 -79.629
v -223.271 4.931 -82.632
v -218.748 4.931 -92.571
v -212.149 4.931 -89.568
v -216.672 4.931 -79.629
f 2864 2863 2862 2861
f 2857 2858 2862 2861
f 2858 2859 2863 2862
f 2859 2860 2864 2863
f 2860 2857 2861 2864
v -236.236 1.276 -86.346
v -230.732 1.276 -82.925
v -233.984 1.276 -77.694
v -239.488 1.276 -81.115
v -236.236 5.176 -86.346
v -230.732 5.176 -82.925
v -233.984 5.176 -77.694
v -239.488 5.176 -81.115
f 2872 2871 2870 2869
f 2865 2866 2870 2869
f 2866 2867 2871 2870
f 2867 2868 2872 2871
f 2868 2865 2869 2872
v -234.037 1.113 -85.469
v -229.206 1.113 -91.770
v -224.643 1.113 -88.271
v -229.474 1.113 -81.970
v -234.037 5.013 -85.469
v -229.206 5.013 -91.770
v -224.643 5.013 -88.271
v -229.474 5.013 -81.970
f 2880 2879 2878 2877
f 2873 2874 2878 2877
f 2874 2875 2879 2878
f 2875 2876 2880 2879
f 2876 2873 2877 2880
v -227.455 1.014 -95.847
v -219.279 1.014 -92.701
v -221.605 1.014 -86.653
v -229.781 1.014 -89.799
v -227.455 4.914 -95.847
v -219.279 4.914 -92.701
v -221.605 4.914 -86.653
v -229.781 4.914 -89.799
f 2888 2887 2886 2885
f 2881 2882 2886 2885
f 2882 2883 2887 2886
f 2883 2884 2888 2887
f 2884 2881 2885 2888
v -228.058 1.026 -104.175
v -216.211 1.026 -96.792
v -218.982 1.026 -92.345
v -230.829 1.026 -99.728
v -228.058 4.926 -104.175
v -216.211 4.926 -96.792
v -218.982 4.926 -92.345
v -230.829 4.926 -99.728
f 2896 2895 2894 2893
f 2889 2890 2894 2893
f 2890 2891 2895 2894
f 2891 2892 2896 2895
f 2892 2889 2893 2896
v -238.566 0.480 -91.524
v -233.798 0.480 -98.524
v -229.294 0.480 -95.456
v -234.062 0.480 -88.456
v -238.566 4.380 -91.524
v -233.798 4.380 -98.524
v -229.294 4.380 -95.456
v -234.062 4.380 -88.456
f 2904 2903 2902 2901
f 2897 2898 2902 2901
f 2898 2899 2903 2902
f 2899 2900 2904 2903
f 2900 2897 2901 2904
v -259.898 1.358 -105.645
v -250.693 1.358 -119.410
v -240.202 1.358 -112.395
v -249.407 1.358 -98.630
v -259.898 5.258 -105.645
v -250.693 5.258 -119.410
v -240.202 5.258 -112.395
v -249.407 5.258 -98.630
f 2912 2911 2910 2909
f 2905 2906 2910 2909
f 2906 2907 2911 2910
f 2907 2908 2912 2911
f 2908 2905 2909 2912
v -245.711 0.061 -86.232
v -240.199 0.061 -94.600
v -234.169 0.061 -90.628
v -239.681 0.061 -82.260
v -245.711 3.961 -86.232
v -240.199 3.961 -94.600
v -234.169 3.961 -90.628
v -239.681 3.961 -82.260
f 2920 2919 2918 2917
f 2913 2914 2918 2917
f 2914 2915 2919 2918
f 2915 2916 2920 2919
f 2916 2913 2917 2920
v -201.276 0.995 -105.737
v -196.374 0.995 -118.670
v -180.524 0.995 -112.663
v -185.426 0.995 -99.730
v -201.276 4.895 -105.737
v -196.374 4.895 -118.670
v -180.524 4.895 -112.663
v -185.426 4.895 -99.730
f 2928 2927 2926 2925
f 2921 2922 2926 2925
f 2922 2923 2927 2926
f 2923 2924 2928 2927
f 2924 2921 2925 2928
v 111.326 2.444 -242.935
v 119.879 2.444 -255.173
v 127.674 2.444 -249.725
v 119.121 2.444 -237.487
v 111.326 6.344 -242.935
v 119.879 6.344 -255.173
v 127.674 6.344 -249.725
v 119.121 6.344 -237.487
f 2936 2935 2934 2933
f 2929 2930 2934 2933
f 2930 2931 2935 2934
f 2931 2932 2936 2935
f 2932 2929 2933 2936
v 120.899 2.379 -249.078
v 129.247 2.379 -257.488
v 135.861 2.379 -250.922
v 127.513 2.379 -242.512
v 120.899 6.279 -249.078
v 129.247 6.279 -257.488
v 135.861 6.279 -250.922
v 127.513 6.279 -242.512
f 2944 2943 2942 2941
f 2937 2938 2942 2941
f 2938 2939 2943 2942
f 2939 2940 2944 2943
f 2940 2937 2941 2944
v -127.565 1.707 -154.406
v -124.842 1.707 -158.261
v -121.575 1.707 -155.954
v -124.298 1.707 -152.099
v -127.565 5.607 -154.406
v -124.842 5.607 -158.261
v -121.575 5.607 -155.954
v -124.298 5.607 -152.099
f 2952 2951 2950 2949
f 2945 2946 2950 2949
f 2946 2947 2951 2950
f 2947 2948 2952 2951
f 2948 2945 2949 2952
v -138.034 1.706 -149.236
v -130.082 1.706 -161.349
v -123.646 1.706 -157.124
v -131.598 1.706 -145.011
v -138.034 5.606 -149.236
v -130.082 5.606 -161.349
v -123.646 5.606 -157.124
v -131.598 5.606 -145.011
f 2960 2959 2958 2957
f 2953 2954 2958 2957
f 2954 2955 2959 2958
f 2955 2956 2960 2959
f 2956 2953 2957 2960
v -148.105 2.286 -178.027
v -141.886 2.286 -174.438
v -145.155 2.286 -168.773
v -151.374 2.286 -172.362
v -148.105 6.186 -178.027
v -141.886 6.186 -174.438
v -145.155 6.186 -168.773
v -151.374 6.186 -172.362
f 2968 2967 2966 2965
f 2961 2962 2966 2965
f 2962 2963 2967 2966
f 2963 2964 2968 2967
f 2964 2961 2965 2968
v -169.419 2.109 -165.285
v -160.971 2.109 -177.424
v -152.681 2.109 -171.655
v -161.129 2.109 -159.516
v -169.419 6.009 -165.285
v -160.971 6.009 -177.424
v -152.681 6.009 -171.655
v -161.129 6.009 -159.516
f 2976 2975 2974 2973
f 2969 2970 2974 2973
f 2970 2971 2975 2974
f 2971 2972 2976 2975
f 2972 2969 2973 2976
v -178.251 2.006 -159.975
v -169.122 2.006 -173.297
v -164.989 2.006 -170.465
v -174.118 2.006 -157.143
v -178.251 5.906 -159.975
v -169.122 5.906 -173.297
v -164.989 5.906 -170.465
v -174.118 5.906 -157.143
f 2984 2983 2982 2981
f 2977 2978 2982 2981
f 2978 2979 2983 2982
f 2979 2980 2984 2983
f 2980 2977 2981 2984
v -185.090 1.862 -159.214
v -178.358 1.862 -168.513
v -172.850 1.862 -164.526
v -179.582 1.862 -155.227
v -185.090 5.762 -159.214
v -178.358 5.762 -168.513
v -172.850 5.762 -164.526
v -179.582 5.762 -155.227
f 2992 2991 2990 2989
f 2985 2986 2990 2989
f 2986 2987 2991 2990
f 2987 2988 2992 2991
f 2988 2985 2989 2992
v -193.606 1.858 -151.986
v -186.903 1.858 -161.045
v -180.914 1.858 -156.614
v -187.617 1.858 -147.555
v -193.606 5.758 -151.986
v -186.903 5.758 -161.045
v -180.914 5.758 -156.614
v -187.617 5.758 -147.555
f 3000 2999 2998 2997
f 2993 2994 2998 2997
f 2994 2995 2999 2998
f 2995 2996 3000 2999
f 2996 2993 2997 3000
v -173.424 2.112 -155.017
v -168.358 2.112 -151.654
v -170.476 2.112 -148.463
v -175.542 2.112 -151.826
v -173.424 6.012 -155.017
v -168.358 6.012 -151.654
v -170.476 6.012 -148.463
v -175.542 6.012 -151.826
f 3008 3007 3006 3005
f 3001 3002 3006 3005
f 3002 3003 3007 3006
f 3003 3004 3008 3007
f 3004 3001 3005 3008
v -166.970 1.470 -128.569
v -156.294 1.470 -143.185
v -152.030 1.470 -140.071
v -162.706 1.470 -125.455
v -166.970 5.370 -128.569
v -156.294 5.370 -143.185
v -152.030 5.370 -140.071
v -162.706 5.370 -125.455
f 3016 3015 3014 3013
f 3009 3010 3014 3013
f 3010 3011 3015 3014
f 3011 3012 3016 3015
f 3012 3009 3013 3016
v -174.475 1.296 -127.149
v -165.360 1.296 -140.951
v -160.545 1.296 -137.771
v -169.660 1.296 -123.969
v -174.475 5.196 -127.149
v -165.360 5.196 -140.951
v -160.545 5.196 -137.771
v -169.660 5.196 -123.969
f 3024 3023 3022 3021
f 3017 3018 3022 3021
f 3018 3019 3023 3022
f 3019 3020 3024 3023
f 3020 3017 3021 3024
v -205.040 1.395 -142.371
v -196.912 1.395 -153.745
v -190.200 1.395 -148.949
v -198.328 1.395 -137.575
v -205.040 5.295 -142.371
v -196.912 5.295 -153.745
v -190.200 5.295 -148.949
v -198.328 5.295 -137.575
f 3032 3031 3030 3029
f 3025 3026 3030 3029
f 3026 3027 3031 3030
f 3027 3028 3032 3031
f 3028 3025 3029 3032
v -215.637 1.520 -148.224
v -205.762 1.520 -141.371
v -212.103 1.520 -132.236
v -221.978 1.520 -139.089
v -215.637 5.420 -148.224
v -205.762 5.420 -141.371
v -212.103 5.420 -132.236
v -221.978 5.420 -139.089
f 3040 3039 3038 3037
f 3033 3034 3038 3037
f 3034 3035 3039 3038
f 3035 3036 3040 3039
f 3036 3033 3037 3040
v -209.291 1.423 -137.461
v -197.939 1.423 -129.215
v -203.369 1.423 -121.739
v -214.721 1.423 -129.985
v -209.291 5.323 -137.461
v -197.939 5.323 -129.215
v -203.369 5.323 -121.739
v -214.721 5.323 -129.985
f 3048 3047 3046 3045
f 3041 3042 3046 3045
f 3042 3043 3047 3046
f 3043 3044 3048 3047
f 3044 3041 3045 3048
v -197.503 1.279 -132.863
v -183.492 1.279 -116.925
v -194.217 1.279 -107.497
v -208.228 1.279 -123.435
v -197.503 5.179 -132.863
v -183.492 5.179 -116.925
v -194.217 5.179 -107.497
v -208.228 5.179 -123.435
f 3056 3055 3054 3053
f 3049 3050 3054 3053
f 3050 3051 3055 3054
f 3051 3052 3056 3055
f 3052 3049 3053 3056
v -251.192 1.508 -117.728
v -234.923 1.508 -133.082
v -223.248 1.508 -120.712
v -239.517 1.508 -105.358
v -251.192 5.408 -117.728
v -234.923 5.408 -133.082
v -223.248 5.408 -120.712
v -239.517 5.408 -105.358
f 3064 3063 3062 3061
f 3057 3058 3062 3061
f 3058 3059 3063 3062
f 3059 3060 3064 3063
f 3060 3057 3061 3064
v -242.471 2.877 -261.865
v -230.626 2.877 -253.853
v -236.049 2.877 -245.835
v -247.894 2.877 -253.847
v -242.471 6.777 -261.865
v -230.626 6.777 -253.853
v -236.049 6.777 -245.835
v -247.894 6.777 -253.847
f 3072 3071 3070 3069
f 3065 3066 3070 3069
f 3066 3067 3071 3070
f 3067 3068 3072 3071
f 3068 3065 3069 3072
v -236.994 3.102 -252.873
v -223.417 3.102 -246.661
v -227.066 3.102 -238.687
v -240.643 3.102 -244.899
v -236.994 7.002 -252.873
v -223.417 7.002 -246.661
v -227.066 7.002 -238.687
v -240.643 7.002 -244.899
f 3080 3079 3078 3077
f 3073 3074 3078 3077
f 3074 3075 3079 3078
f 3075 3076 3080 3079
f 3076 3073 3077 3080
v -253.239 3.068 -235.539
v -248.982 3.068 -241.847
v -245.061 3.068 -239.201
v -249.318 3.068 -232.893
v -253.239 6.968 -235.539
v -248.982 6.968 -241.847
v -245.061 6.968 -239.201
v -249.318 6.968 -232.893
f 3088 3087 3086 3085
f 3081 3082 3086 3085
f 3082 3083 3087 3086
f 3083 3084 3088 3087
f 3084 3081 3085 3088
v -231.641 2.049 -237.087
v -219.113 2.049 -247.468
v -212.719 2.049 -239.753
v -225.247 2.049 -229.372
v -231.641 5.949 -237.087
v -219.113 5.949 -247.468
v -212.719 5.949 -239.753
v -225.247 5.949 -229.372
f 3096 3095 3094 3093
f 3089 3090 3094 3093
f 3090 3091 3095 3094
f 3091 3092 3096 3095
f 3092 3089 3093 3096
v -235.809 2.537 -228.999
v -228.572 2.537 -240.607
v -223.591 2.537 -237.501
v -230.828 2.537 -225.893
v -235.809 6.437 -228.999
v -228.572 6.437 -240.607
v -223.591 6.437 -237.501
v -230.828 6.437 -225.893
f 3104 3103 3102 3101
f 3097 3098 3102 3101
f 3098 3099 3103 3102
f 3099 3100 3104 3103
f 3100 3097 3101 3104
v -242.766 2.834 -223.876
v -236.195 2.834 -232.970
v -231.454 2.834 -229.544
v -238.025 2.834 -220.450
v -242.766 6.734 -223.876
v -236.195 6.734 -232.970
v -231.454 6.734 -229.544
v -238.025 6.734 -220.450
f 3112 3111 3110 3109
f 3105 3106 3110 3109
f 3106 3107 3111 3110
f 3107 3108 3112 3111
f 3108 3105 3109 3112
v -251.176 2.715 -219.121
v -243.268 2.715 -230.710
v -238.064 2.715 -227.159
v -245.972 2.715 -215.570
v -251.176 6.615 -219.121
v -243.268 6.615 -230.710
v -238.064 6.615 -227.159
v -245.972 6.615 -215.570
f 3120 3119 3118 3117
f 3113 3114 3118 3117
f 3114 3115 3119 3118
f 3115 3116 3120 3119
f 3116 3113 3117 3120
v -261.192 2.801 -215.817
v -250.911 2.801 -226.890
v -243.428 2.801 -219.943
v -253.709 2.801 -208.870
v -261.192 6.701 -215.817
v -250.911 6.701 -226.890
v -243.428 6.701 -219.943
v -253.709 6.701 -208.870
f 3128 3127 3126 3125
f 3121 3122 3126 3125
f 3122 3123 3127 3126
f 3123 3124 3128 3127
f 3124 3121 3125 3128
v -205.903 2.627 -250.827
v -198.046 2.627 -262.220
v -193.337 2.627 -258.973
v -201.194 2.627 -247.580
v -205.903 6.527 -250.827
v -198.046 6.527 -262.220
v -193.337 6.527 -258.973
v -201.194 6.527 -247.580
f 3136 3135 3134 3133
f 3129 3130 3134 3133
f 3130 3131 3135 3134
f 3131 3132 3136 3135
f 3132 3129 3133 3136
v -32.543 0.799 -67.240
v -29.619 0.799 -71.382
v -27.577 0.799 -69.940
v -30.501 0.799 -65.798
v -32.543 4.699 -67.240
v -29.619 4.699 -71.382
v -27.577 4.699 -69.940
v -30.501 4.699 -65.798
f 3144 3143 3142 3141
f 3137 3138 3142 3141
f 3138 3139 3143 3142
f 3139 3140 3144 3143
f 3140 3137 3141 3144
usemtl road
v -19.536 1.288 18.002
v -20.146 1.295 13.612
v -25.594 1.280 14.368
v -24.984 1.234 18.758
f 3145 3146 3147 3148
v -20.581 1.282 12.466
v -51.501 1.184 -33.964
v -56.079 1.197 -30.916
v -25.159 1.253 15.514
f 3149 3150 3151 3152
v -203.115 1.261 220.404
v -210.385 1.175 209.514
v -215.375 1.160 212.846
v -208.105 1.275 223.736
f 3153 3154 3155 3156
v -210.440 1.173 209.434
v -214.440 1.104 203.844
v -219.320 1.134 207.336
v -215.320 1.160 212.926
f 3157 3158 3159 3160
v -214.422 1.104 203.870
v -221.312 1.085 194.020
v -226.228 1.132 197.460
v -219.338 1.134 207.310
f 3161 3162 3163 3164
v -221.477 1.087 193.805
v -228.297 1.125 185.725
v -232.883 1.155 189.595
v -226.063 1.131 197.675
f 3165 3166 3167 3168
v -228.476 1.123 185.531
v -234.056 1.106 179.991
v -238.284 1.114 184.249
v -232.704 1.155 189.789
f 3169 3170 3171 3172
v -234.549 1.108 179.595
v -245.439 1.094 172.605
v -248.681 1.033 177.655
v -237.791 1.116 184.645
f 3173 3174 3175 3176
v -245.680 1.091 172.466
v -251.970 1.018 169.206
v -254.730 1.057 174.534
v -248.440 1.034 177.794
f 3177 3178 3179 3180
v 23.516 0.864 230.081
v 18.566 0.844 226.771
v 14.674 0.947 232.589
v 19.624 0.978 235.899
f 3181 3182 3183 3184
v 19.463 0.867 227.638
v 3.583 0.724 205.528
v -2.103 0.857 209.612
v 13.777 0.943 231.722
f 3185 3186 3187 3188
v 3.637 0.725 205.607
v -49.953 0.798 126.527
v -55.747 0.778 130.453
v -2.157 0.856 209.533
f 3189 3190 3191 3192
v -49.835 0.799 126.712
v -53.115 0.730 121.152
v -59.145 0.774 124.708
v -55.865 0.777 130.268
f 3193 3194 3195 3196
v 258.310 1.883 -100.653
v 223.800 2.327 -154.082
v 219.180 2.289 -151.098
v 253.690 1.702 -97.669
f 3197 3198 3199 3200
v 219.921 2.314 -154.848
v 216.151 2.298 -152.228
v 219.289 2.313 -147.712
v 223.059 2.282 -150.332
f 3201 3202 3203 3204
v 216.188 2.298 -152.254
v 212.328 2.271 -149.664
v 215.392 2.322 -145.096
v 219.252 2.315 -147.686
f 3205 3206 3207 3208
v 212.330 2.271 -149.665
v 207.060 2.251 -146.135
v 210.120 2.214 -141.565
v 215.390 2.322 -145.095
f 3209 3210 3211 3212
v 207.057 2.251 -146.133
v 182.377 2.080 -129.563
v 185.443 1.974 -124.997
v 210.123 2.214 -141.567
f 3213 3214 3215 3216
v 182.377 2.080 -129.563
v 154.547 1.888 -110.883
v 157.613 1.869 -106.317
v 185.443 1.974 -124.997
f 3217 3218 3219 3220
v 154.332 1.888 -110.723
v 149.682 1.940 -106.893
v 153.178 1.905 -102.647
v 157.828 1.878 -106.477
f 3221 3222 3223 3224
v 149.913 1.938 -107.064
v 143.953 1.825 -103.124
v 146.987 1.844 -98.536
v 152.947 1.909 -102.476
f 3225 3226 3227 3228
v 143.954 1.825 -103.124
v 18.774 0.953 -20.394
v 21.806 1.013 -15.806
v 146.986 1.844 -98.536
f 3229 3230 3231 3232
v 18.764 0.953 -20.388
v 12.724 1.013 -16.358
v 15.776 1.006 -11.782
v 21.816 1.013 -15.812
f 3233 3234 3235 3236
v -24.927 1.234 17.708
v -25.967 1.276 21.838
v -20.633 1.392 23.182
v -19.593 1.271 19.052
f 3237 3238 3239 3240
v -24.772 1.254 20.187
v -89.832 0.906 61.427
v -86.888 0.911 66.073
v -21.828 1.450 24.833
f 3241 3242 3243 3244
v -89.833 0.906 61.428
v -96.043 0.959 65.368
v -93.097 0.930 70.012
v -86.887 0.911 66.072
f 3245 3246 3247 3248
v -226.379 2.954 -255.008
v -212.372 2.515 -234.638
v -209.488 2.505 -236.622
v -223.495 2.917 -256.992
f 3249 3250 3251 3252
v -212.376 2.515 -234.644
v -209.676 2.543 -230.684
v -206.784 2.528 -232.656
v -209.484 2.505 -236.616
f 3253 3254 3255 3256
v 149.612 2.373 -247.843
v 117.112 2.427 -226.933
v 120.088 2.383 -222.307
v 152.588 2.285 -243.217
f 3257 3258 3259 3260
v 117.111 2.427 -226.932
v 88.381 2.308 -208.422
v 91.359 2.303 -203.798
v 120.089 2.383 -222.308
f 3261 3262 3263 3264
v 88.496 2.312 -208.492
v 82.706 2.360 -205.152
v 85.454 2.374 -200.388
v 91.244 2.298 -203.728
f 3265 3266 3267 3268
v 47.487 2.246 -252.581
v 81.147 2.314 -200.861
v 87.013 2.252 -204.679
v 53.353 2.167 -256.399
f 3269 3270 3271 3272
v 81.207 2.316 -200.771
v 117.917 2.197 -148.001
v 123.663 2.130 -151.999
v 86.953 2.251 -204.769
f 3273 3274 3275 3276
v 117.892 2.198 -148.037
v 124.112 2.142 -138.857
v 129.908 2.086 -142.783
v 123.688 2.130 -151.963
f 3277 3278 3279 3280
v 124.112 2.142 -138.857
v 143.882 1.923 -109.677
v 149.678 1.895 -113.603
v 129.908 2.086 -142.783
f 3281 3282 3283 3284
v 143.882 1.923 -109.678
v 148.532 1.890 -102.808
v 154.328 1.878 -106.732
v 149.678 1.895 -113.602
f 3285 3286 3287 3288
v 148.543 1.890 -102.791
v 184.533 1.470 -50.301
v 190.307 1.435 -54.259
v 154.317 1.879 -106.749
f 3289 3290 3291 3292
v 184.533 1.470 -50.301
v 190.023 1.535 -42.291
v 195.797 1.464 -46.249
v 190.307 1.435 -54.259
f 3293 3294 3295 3296
v -238.889 1.198 242.951
v -221.599 1.241 236.211
v -224.141 1.280 229.689
v -241.431 1.299 236.429
f 3297 3298 3299 3300
v -221.004 1.241 235.911
v -203.744 1.270 225.031
v -207.476 1.277 219.109
v -224.736 1.281 229.989
f 3301 3302 3303 3304
v -203.708 1.270 225.008
v -184.618 1.170 212.648
v -188.422 1.228 206.772
v -207.512 1.277 219.132
f 3305 3306 3307 3308
v -184.614 1.170 212.645
v -160.564 1.122 197.025
v -164.376 1.110 191.155
v -188.426 1.228 206.775
f 3309 3310 3311 3312
v -160.643 1.121 197.075
v -138.713 1.091 183.655
v -142.367 1.089 177.685
v -164.297 1.109 191.105
f 3313 3314 3315 3316
v -138.598 1.091 183.582
v -114.538 1.058 167.532
v -118.422 1.115 161.708
v -142.482 1.090 177.758
f 3317 3318 3319 3320
v -114.582 1.059 167.561
v -111.762 1.038 165.741
v -115.558 1.092 159.859
v -118.378 1.115 161.679
f 3321 3322 3323 3324
v -111.707 1.037 165.705
v -103.527 1.018 160.205
v -107.433 1.059 154.395
v -115.613 1.093 159.895
f 3325 3326 3327 3328
v 195.094 1.524 -41.535
v 200.904 1.502 -46.175
v 196.536 1.466 -51.645
v 190.726 1.484 -47.005
f 3329 3330 3331 3332
v 200.672 1.502 -46.005
v 222.852 1.592 -60.905
v 218.948 1.582 -66.715
v 196.768 1.469 -51.815
f 3333 3334 3335 3336
v 222.851 1.592 -60.904
v 257.951 1.591 -84.474
v 254.049 1.677 -90.286
v 218.949 1.582 -66.716
f 3337 3338 3339 3340
v 132.142 0.810 158.370
v 125.922 0.785 162.760
v 129.958 0.784 168.480
v 136.178 0.776 164.090
f 3341 3342 3343 3344
v 126.015 0.784 162.697
v 72.975 0.799 197.637
v 76.825 0.801 203.483
v 129.865 0.788 168.543
f 3345 3346 3347 3348
v 72.974 0.799 197.637
v 25.514 0.830 228.907
v 29.366 0.849 234.753
v 76.826 0.801 203.483
f 3349 3350 3351 3352
v 26.761 0.809 228.396
v 20.891 0.876 229.556
v 22.249 0.973 236.424
v 28.119 0.887 235.264
f 3353 3354 3355 3356
v -240.846 0.735 90.985
v -244.226 0.734 88.465
v -247.514 0.597 92.875
v -244.134 0.683 95.395
f 3357 3358 3359 3360
v -91.637 0.919 65.781
v -121.607 0.905 19.741
v -127.473 0.887 23.559
v -97.503 0.902 69.599
f 3361 3362 3363 3364
v -121.607 0.905 19.740
v -124.277 0.975 15.640
v -130.143 0.953 19.460
v -127.473 0.887 23.560
f 3365 3366 3367 3368
v -124.312 0.976 15.588
v -157.362 0.982 -33.232
v -163.158 0.925 -29.308
v -130.108 0.953 19.512
f 3369 3370 3371 3372
v -157.361 0.982 -33.231
v -160.561 1.030 -37.961
v -166.359 0.964 -34.039
v -163.159 0.925 -29.309
f 3373 3374 3375 3376
v -74.396 1.011 133.127
v -80.686 1.086 134.057
v -79.954 1.111 139.003
v -73.664 1.025 138.073
f 3377 3378 3379 3380
v -81.579 1.088 134.370
v -92.459 1.102 140.710
v -89.941 1.221 145.030
v -79.061 1.078 138.690
f 3381 3382 3383 3384
v 48.894 2.242 -256.778
v 42.524 2.190 -252.528
v 45.576 2.202 -247.952
v 51.946 2.245 -252.202
f 3385 3386 3387 3388
v 42.525 2.190 -252.529
v -11.235 2.162 -216.709
v -8.185 2.256 -212.131
v 45.575 2.202 -247.951
f 3389 3390 3391 3392
v -11.255 2.161 -216.695
v -20.165 2.137 -210.645
v -17.075 2.197 -206.095
v -8.165 2.256 -212.145
f 3393 3394 3395 3396
v -20.163 2.137 -210.646
v -79.983 1.807 -170.086
v -76.897 1.806 -165.534
v -17.077 2.197 -206.094
f 3397 3398 3399 3400
v -79.986 1.806 -170.084
v -87.356 1.830 -165.074
v -84.264 1.804 -160.526
v -76.894 1.806 -165.536
f 3401 3402 3403 3404
v -87.358 1.830 -165.073
v -92.688 1.779 -161.443
v -89.592 1.754 -156.897
v -84.262 1.804 -160.527
f 3405 3406 3407 3408
v -92.687 1.779 -161.444
v -116.347 1.913 -145.344
v -113.253 1.781 -140.796
v -89.593 1.754 -156.896
f 3409 3410 3411 3412
v -116.348 1.913 -145.343
v -193.268 1.233 -92.973
v -190.172 1.252 -88.427
v -113.252 1.781 -140.797
f 3413 3414 3415 3416
v -193.266 1.233 -92.974
v -200.166 1.276 -88.284
v -197.074 1.273 -83.736
v -190.174 1.252 -88.426
f 3417 3418 3419 3420
v -43.715 1.462 -113.146
v 15.245 2.836 -154.346
v 12.095 2.777 -158.854
v -46.865 1.415 -117.654
f 3421 3422 3423 3424
v -150.532 2.058 -254.080
v -143.967 2.056 -244.070
v -138.113 2.045 -247.910
v -144.679 2.052 -257.920
f 3425 3426 3427 3428
v -143.949 2.056 -244.044
v -123.119 1.931 -212.904
v -117.301 1.917 -216.796
v -138.131 2.045 -247.936
f 3429 3430 3431 3432
v -123.131 1.931 -212.922
v -92.841 1.768 -167.032
v -86.999 1.794 -170.888
v -117.289 1.917 -216.778
f 3433 3434 3435 3436
v -92.831 1.768 -167.017
v -88.721 1.740 -160.857
v -82.899 1.769 -164.743
v -87.009 1.794 -170.903
f 3437 3438 3439 3440
v -88.676 1.740 -160.792
v -85.376 1.732 -156.082
v -79.644 1.760 -160.098
v -82.944 1.769 -164.808
f 3441 3442 3443 3444
v -85.405 1.732 -156.123
v -53.745 1.387 -109.543
v -47.955 1.410 -113.477
v -79.615 1.760 -160.057
f 3445 3446 3447 3448
v -53.745 1.387 -109.543
v -21.455 1.095 -62.033
v -15.665 1.093 -65.967
v -47.955 1.410 -113.477
f 3449 3450 3451 3452
v -21.440 1.095 -62.011
v -17.760 1.065 -56.681
v -12.000 1.065 -60.659
v -15.680 1.093 -65.989
f 3453 3454 3455 3456
v -17.817 1.065 -56.767
v -15.497 1.054 -53.187
v -9.623 1.060 -56.993
v -11.943 1.065 -60.573
f 3457 3458 3459 3460
v -15.490 1.053 -53.175
v 11.320 0.962 -12.155
v 17.180 0.967 -15.985
v -9.630 1.060 -57.005
f 3461 3462 3463 3464
v 11.390 0.962 -12.053
v 49.360 0.934 41.797
v 55.080 0.909 37.763
v 17.110 0.967 -16.087
f 3465 3466 3467 3468
v 49.292 0.934 41.698
v 53.752 0.915 48.508
v 59.608 0.925 44.672
v 55.148 0.910 37.862
f 3469 3470 3471 3472
v 53.811 0.916 48.595
v 58.201 0.915 54.875
v 63.939 0.894 50.865
v 59.549 0.925 44.585
f 3473 3474 3475 3476
v 58.168 0.915 54.826
v 69.068 0.858 70.996
v 74.872 0.834 67.084
v 63.972 0.894 50.914
f 3477 3478 3479 3480
v 69.069 0.858 70.998
v 84.789 0.844 94.298
v 90.591 0.822 90.382
v 74.871 0.834 67.082
f 3481 3482 3483 3484
v 84.788 0.844 94.297
v 103.948 0.796 122.717
v 109.752 0.787 118.803
v 90.592 0.822 90.383
f 3485 3486 3487 3488
v 103.949 0.796 122.718
v 127.439 0.768 157.528
v 133.241 0.743 153.612
v 109.751 0.788 118.802
f 3489 3490 3491 3492
v 127.439 0.768 157.528
v 131.259 0.788 163.188
v 137.061 0.783 159.272
v 133.241 0.743 153.612
f 3493 3494 3495 3496
v 189.741 1.534 -42.785
v 193.031 1.544 -35.765
v 199.369 1.516 -38.735
v 196.079 1.465 -45.755
f 3497 3498 3499 3500
v 193.233 1.546 -35.393
v 197.783 1.522 -28.123
v 203.717 1.540 -31.837
v 199.167 1.514 -39.107
f 3501 3502 3503 3504
v 197.834 1.523 -28.044
v 226.084 1.574 14.496
v 231.916 1.612 10.624
v 203.666 1.538 -31.916
f 3505 3506 3507 3508
v 226.147 1.574 14.587
v 235.427 1.621 27.647
v 241.133 1.551 23.593
v 231.853 1.612 10.533
f 3509 3510 3511 3512
v 235.371 1.622 27.567
v 253.091 1.445 54.046
v 258.909 1.439 50.152
v 241.189 1.552 23.673
f 3513 3514 3515 3516
v 24.857 2.522 -164.474
v -4.933 2.378 -210.304
v -7.867 2.390 -208.396
v 21.923 2.519 -162.566
f 3517 3518 3519 3520
v -4.935 2.378 -210.307
v -8.245 2.241 -215.377
v -11.175 2.211 -213.463
v -7.865 2.390 -208.393
f 3521 3522 3523 3524
v -129.117 1.148 123.973
v -126.547 1.176 125.403
v -123.873 1.176 120.597
v -126.443 1.199 119.167
f 3525 3526 3527 3528
v -125.528 1.192 125.732
v -122.608 1.201 126.072
v -121.972 1.173 120.608
v -124.892 1.190 120.268
f 3529 3530 3531 3532
v -121.551 1.204 125.989
v -118.721 1.227 125.199
v -120.199 1.178 119.901
v -123.029 1.170 120.691
f 3533 3534 3535 3536
v -117.764 1.226 124.715
v -115.454 1.248 122.905
v -118.846 1.182 118.575
v -121.156 1.174 120.385
f 3537 3538 3539 3540
v -114.751 1.257 122.085
v -113.321 1.276 119.535
v -118.119 1.188 116.845
v -119.549 1.180 119.395
f 3541 3542 3543 3544
v -112.990 1.291 118.518
v -112.640 1.282 115.608
v -118.100 1.200 114.952
v -118.450 1.186 117.862
f 3545 3546 3547 3548
v -112.724 1.276 114.529
v -113.524 1.281 111.709
v -118.816 1.192 113.211
v -118.016 1.193 116.031
f 3549 3550 3551 3552
v -114.017 1.274 110.749
v -115.837 1.248 108.459
v -120.143 1.220 111.881
v -118.323 1.195 114.171
f 3553 3554 3555 3556
v -116.646 1.243 107.771
v -119.216 1.233 106.331
v -121.904 1.237 111.129
v -119.334 1.203 112.569
f 3557 3558 3559 3560
v -120.251 1.236 105.997
v -123.171 1.225 105.667
v -123.789 1.267 111.133
v -120.869 1.227 111.463
f 3561 3562 3563 3564
v -124.219 1.218 105.751
v -127.049 1.199 106.541
v -125.571 1.276 111.839
v -122.741 1.255 111.049
f 3565 3566 3567 3568
v -128.006 1.191 107.025
v -130.316 1.171 108.835
v -126.924 1.291 113.165
v -124.614 1.276 111.355
f 3569 3570 3571 3572
v -131.017 1.164 109.652
v -132.457 1.151 112.212
v -127.663 1.268 114.908
v -126.223 1.278 112.348
f 3573 3574 3575 3576
v -132.790 1.150 113.230
v -133.140 1.147 116.130
v -127.680 1.233 116.790
v -127.330 1.279 113.890
f 3577 3578 3579 3580
v -133.053 1.146 117.219
v -132.243 1.149 120.039
v -126.957 1.207 118.521
v -127.767 1.249 115.701
f 3581 3582 3583 3584
v -131.753 1.152 120.991
v -129.933 1.149 123.281
v -125.627 1.197 119.859
v -127.447 1.224 117.569
f 3585 3586 3587 3588
v -111.148 1.063 161.160
v -115.208 1.043 154.940
v -120.232 1.069 158.220
v -116.172 1.105 164.440
f 3589 3590 3591 3592
v -115.129 1.038 155.067
v -115.859 1.102 153.817
v -121.041 1.053 156.843
v -120.311 1.067 158.093
f 3593 3594 3595 3596
v -115.867 1.103 153.805
v -118.967 1.154 148.555
v -124.133 1.131 151.605
v -121.033 1.052 156.855
f 3597 3598 3599 3600
v -119.097 1.152 148.353
v -128.957 1.173 134.353
v -133.863 1.118 137.807
v -124.003 1.131 151.807
f 3601 3602 3603 3604
v -128.679 1.164 134.839
v -129.979 1.172 131.979
v -135.441 1.103 134.461
v -134.141 1.110 137.321
f 3605 3606 3607 3608
v -129.725 1.175 132.916
v -130.075 1.165 129.476
v -136.045 1.108 130.084
v -135.695 1.107 133.524
f 3609 3610 3611 3612
v -130.233 1.170 130.785
v -129.273 1.173 128.085
v -134.927 1.117 126.075
v -135.887 1.111 128.775
f 3613 3614 3615 3616
v -129.739 1.170 128.931
v -125.419 1.159 123.421
v -130.141 1.168 119.719
v -134.461 1.122 125.229
f 3617 3618 3619 3620
v -143.015 1.079 182.366
v -140.075 1.138 186.656
v -135.125 1.119 183.264
v -138.065 1.070 178.974
f 3621 3622 3623 3624
v -140.071 1.138 186.662
v -132.771 1.311 197.262
v -127.829 1.318 193.858
v -135.129 1.119 183.258
f 3625 3626 3627 3628
v -128.648 1.308 198.064
v -109.838 1.290 185.654
v -113.142 1.229 180.646
v -131.952 1.311 193.056
f 3629 3630 3631 3632
v -109.719 1.290 185.572
v -105.999 1.288 182.852
v -109.541 1.238 178.008
v -113.261 1.231 180.728
f 3633 3634 3635 3636
v -119.118 1.113 166.049
v -114.588 1.157 174.409
v -109.312 1.148 171.551
v -113.842 1.085 163.191
f 3637 3638 3639 3640
v -114.566 1.158 174.448
v -110.386 1.251 181.898
v -105.154 1.264 178.962
v -109.334 1.147 171.512
f 3641 3642 3643 3644
v -109.887 1.253 182.556
v -107.377 1.291 185.056
v -103.143 1.302 180.804
v -105.653 1.251 178.304
f 3645 3646 3647 3648
v -106.544 1.304 185.641
v -103.314 1.339 187.171
v -100.746 1.342 181.749
v -103.976 1.290 180.219
f 3649 3650 3651 3652
v -102.816 1.350 187.355
v -99.316 1.413 188.305
v -97.744 1.395 182.515
v -101.244 1.334 181.565
f 3653 3654 3655 3656
v -98.775 1.415 188.400
v -35.025 1.515 193.620
v -34.535 1.439 187.640
v -98.285 1.384 182.420
f 3657 3658 3659 3660
v -36.364 1.513 193.178
v -30.524 1.534 196.808
v -27.356 1.363 191.712
v -33.196 1.416 188.082
f 3661 3662 3663 3664
v -160.928 1.106 193.263
v -164.538 1.151 186.533
v -167.622 1.155 188.187
v -164.012 1.129 194.917
f 3665 3666 3667 3668
v -164.515 1.150 186.577
v -166.305 1.190 182.997
v -169.435 1.232 184.563
v -167.645 1.155 188.143
f 3669 3670 3671 3672
v -225.079 1.155 194.578
v -229.659 1.138 199.738
v -227.041 1.153 202.062
v -222.461 1.106 196.902
f 3673 3674 3675 3676
v -230.094 1.153 200.760
v -231.364 1.259 216.560
v -227.876 1.238 216.840
v -226.606 1.136 201.040
f 3677 3678 3679 3680
v -231.357 1.259 216.911
v -230.197 1.243 226.481
v -226.723 1.236 226.059
v -227.883 1.238 216.489
f 3681 3682 3683 3684
v -229.802 1.249 227.393
v -224.212 1.262 234.073
v -221.528 1.266 231.827
v -227.118 1.228 225.147
f 3685 3686 3687 3688
v -185.053 1.216 208.756
v -191.263 1.185 199.206
v -194.197 1.194 201.114
v -187.987 1.212 210.664
f 3689 3690 3691 3692
v -191.682 1.192 198.758
v -194.772 1.247 196.448
v -196.868 1.255 199.252
v -193.778 1.192 201.562
f 3693 3694 3695 3696
v -195.364 1.251 196.161
v -200.694 1.238 194.721
v -201.606 1.275 198.099
v -196.276 1.242 199.539
f 3697 3698 3699 3700
v -201.393 1.238 194.677
v -206.963 1.214 195.457
v -206.477 1.244 198.923
v -200.907 1.279 198.143
f 3701 3702 3703 3704
v -207.703 1.212 195.742
v -213.183 1.167 199.462
v -211.217 1.173 202.358
v -205.737 1.248 198.638
f 3705 3706 3707 3708
v -213.437 1.160 199.673
v -218.117 1.136 204.353
v -215.643 1.139 206.827
v -210.963 1.183 202.147
f 3709 3710 3711 3712
v 120.644 1.023 111.886
v 136.534 1.202 135.196
v 139.426 1.191 133.224
v 123.536 1.069 109.914
f 3713 3714 3715 3716
v 138.903 1.223 135.697
v 147.023 1.196 130.657
v 145.177 1.270 127.683
v 137.057 1.174 132.723
f 3717 3718 3719 3720
v 187.014 1.153 125.362
v 183.304 1.122 119.692
v 180.376 1.108 121.608
v 184.086 1.121 127.278
f 3721 3722 3723 3724
v 183.281 1.123 119.656
v 160.151 1.591 86.116
v 157.269 1.539 88.104
v 180.399 1.107 121.644
f 3725 3726 3727 3728
v 157.757 1.574 85.642
v 121.137 1.095 109.432
v 123.043 1.035 112.368
v 159.663 1.559 88.578
f 3729 3730 3731 3732
v 121.146 1.095 109.426
v 111.606 0.874 115.536
v 113.494 0.877 118.484
v 123.034 1.035 112.374
f 3733 3734 3735 3736
v 111.588 0.873 115.548
v 105.888 0.841 119.298
v 107.812 0.844 122.222
v 113.512 0.878 118.472
f 3737 3738 3739 3740
v 73.426 0.813 201.503
v 76.056 0.848 205.613
v 79.004 0.869 203.727
v 76.374 0.819 199.617
f 3741 3742 3743 3744
v 76.055 0.848 205.612
v 80.415 1.302 212.442
v 83.365 1.335 210.558
v 79.005 0.869 203.728
f 3745 3746 3747 3748
v 80.911 1.274 210.050
v 80.141 1.271 210.570
v 82.099 1.334 213.470
v 82.869 1.340 212.950
f 3749 3750 3751 3752
v 79.610 1.291 212.905
v 81.820 1.346 216.675
v 84.840 1.430 214.905
v 82.630 1.338 211.135
f 3753 3754 3755 3756
v 81.794 1.346 216.628
v 83.664 1.398 220.058
v 86.736 1.417 218.382
v 84.866 1.432 214.952
f 3757 3758 3759 3760
v 83.808 1.399 220.281
v 90.768 1.429 229.411
v 93.552 1.403 227.289
v 86.592 1.420 218.159
f 3761 3762 3763 3764
v 90.770 1.429 229.413
v 92.070 1.382 231.113
v 94.850 1.365 228.987
v 93.550 1.403 227.287
f 3765 3766 3767 3768
v 92.070 1.382 231.113
v 93.370 1.346 232.813
v 96.150 1.308 230.687
v 94.850 1.365 228.987
f 3769 3770 3771 3772
v -105.800 1.002 159.779
v -100.920 1.096 160.409
v -100.280 1.000 155.451
v -105.160 1.066 154.821
f 3773 3774 3775 3776
v -99.253 1.122 160.036
v -93.453 1.121 156.326
v -96.147 1.070 152.114
v -101.947 1.009 155.824
f 3777 3778 3779 3780
v -93.440 1.121 156.318
v -84.970 1.137 150.828
v -87.690 1.117 146.632
v -96.160 1.069 152.122
f 3781 3782 3783 3784
v -84.666 1.135 150.596
v -75.876 1.101 142.756
v -79.204 1.082 139.024
v -87.994 1.117 146.864
f 3785 3786 3787 3788
v -75.457 1.092 142.272
v -71.947 1.010 136.982
v -76.113 1.035 134.218
v -79.623 1.088 139.508
f 3789 3790 3791 3792
v -72.623 1.023 137.666
v -59.393 0.784 128.656
v -62.207 0.798 124.524
v -75.437 1.021 133.534
f 3793 3794 3795 3796
v -59.258 0.781 128.558
v -54.588 0.799 124.898
v -57.672 0.768 120.962
v -62.342 0.802 124.622
f 3797 3798 3799 3800
v -92.637 1.098 140.824
v -101.107 1.074 146.774
v -98.233 1.103 150.866
v -89.763 1.218 144.916
f 3801 3802 3803 3804
v -101.190 1.073 146.835
v -106.140 1.053 150.625
v -103.100 1.048 154.595
v -98.150 1.106 150.805
f 3805 3806 3807 3808
v -107.079 1.043 152.159
v -107.939 1.074 156.849
v -103.021 0.990 157.751
v -102.161 1.061 153.061
f 3809 3810 3811 3812
v -142.023 2.088 -247.438
v -147.823 2.115 -243.498
v -145.857 2.105 -240.602
v -140.057 2.094 -244.542
f 3813 3814 3815 3816
v -147.825 2.116 -243.497
v -179.705 3.085 -221.797
v -177.735 3.209 -218.903
v -145.855 2.104 -240.603
f 3817 3818 3819 3820
v -177.279 3.093 -221.343
v -188.939 2.529 -238.273
v -191.821 2.533 -236.287
v -180.161 3.164 -219.357
f 3821 3822 3823 3824
v -188.940 2.529 -238.275
v -191.910 2.405 -242.575
v -194.790 2.436 -240.585
v -191.820 2.533 -236.285
f 3825 3826 3827 3828
v -116.242 1.887 -142.078
v -106.362 2.013 -127.718
v -103.478 2.007 -129.702
v -113.358 1.870 -144.062
f 3829 3830 3831 3832
v -105.157 1.988 -126.976
v -98.437 2.020 -126.056
v -97.963 2.068 -129.524
v -104.683 2.002 -130.444
f 3833 3834 3835 3836
v -99.177 2.017 -126.338
v -63.317 1.506 -102.218
v -61.363 1.494 -105.122
v -97.223 2.072 -129.242
f 3837 3838 3839 3840
v 119.278 2.215 -152.297
v 113.368 2.165 -148.407
v 116.392 2.203 -143.813
v 122.302 2.186 -147.703
f 3841 3842 3843 3844
v 113.365 2.165 -148.405
v 79.635 2.009 -126.135
v 82.665 2.129 -121.545
v 116.395 2.203 -143.815
f 3845 3846 3847 3848
v 79.607 2.008 -126.116
v -10.713 1.099 -64.896
v -7.627 1.111 -60.344
v 82.693 2.129 -121.564
f 3849 3850 3851 3852
v -10.735 1.098 -64.882
v -16.445 1.142 -60.932
v -13.315 1.122 -56.408
v -7.605 1.112 -60.358
f 3853 3854 3855 3856
v -16.460 1.142 -60.921
v -21.320 1.037 -57.511
v -18.160 1.024 -53.009
v -13.300 1.122 -56.419
f 3857 3858 3859 3860
v -21.271 1.037 -57.544
v -55.321 1.207 -34.724
v -52.259 1.181 -30.156
v -18.209 1.024 -52.976
f 3861 3862 3863 3864
v -55.338 1.208 -34.713
v -122.798 0.963 11.227
v -119.702 1.017 15.773
v -52.242 1.181 -30.167
f 3865 3866 3867 3868
v -122.796 0.963 11.225
v -128.756 1.028 15.275
v -125.664 0.987 19.825
v -119.704 1.017 15.775
f 3869 3870 3871 3872
v -128.759 1.028 15.278
v -133.689 0.931 18.638
v -130.591 0.906 23.182
v -125.661 0.987 19.822
f 3873 3874 3875 3876
v -133.687 0.931 18.637
v -217.467 0.823 75.667
v -214.373 0.868 80.213
v -130.593 0.907 23.183
f 3877 3878 3879 3880
v -217.467 0.823 75.667
v -239.167 0.736 90.437
v -236.073 0.676 94.983
v -214.373 0.868 80.213
f 3881 3882 3883 3884
v -237.890 0.735 89.973
v -242.760 0.730 90.453
v -242.220 0.707 95.927
v -237.350 0.680 95.447
f 3885 3886 3887 3888
v 17.716 2.218 -257.471
v -30.408 2.573 -226.451
v -28.512 2.574 -223.509
v 19.613 2.278 -254.529
f 3889 3890 3891 3892
v -30.926 2.590 -224.024
v -24.036 1.970 -213.454
v -21.104 2.009 -215.366
v -27.994 2.551 -225.936
f 3893 3894 3895 3896
v -24.035 1.970 -213.452
v -20.085 2.166 -207.412
v -17.155 2.169 -209.328
v -21.105 2.009 -215.368
f 3897 3898 3899 3900
v 189.035 2.576 -198.905
v 185.325 2.567 -196.455
v 188.355 2.602 -191.865
v 192.065 2.587 -194.315
f 3901 3902 3903 3904
v 185.328 2.567 -196.457
v 150.178 2.491 -173.327
v 153.202 2.543 -168.733
v 188.352 2.602 -191.863
f 3905 3906 3907 3908
v 150.177 2.491 -173.327
v 123.787 2.168 -155.947
v 126.813 2.147 -151.353
v 153.203 2.543 -168.733
f 3909 3910 3911 3912
v 123.570 2.161 -155.788
v 119.060 2.223 -152.138
v 122.520 2.180 -147.862
v 127.030 2.152 -151.512
f 3913 3914 3915 3916
v 247.922 1.279 114.674
v 237.722 1.363 98.804
v 234.778 1.362 100.696
v 244.978 1.280 116.566
f 3917 3918 3919 3920
v 237.722 1.363 98.804
v 234.372 1.336 93.594
v 231.428 1.320 95.486
v 234.778 1.362 100.696
f 3921 3922 3923 3924
v 245.142 1.324 118.511
v 247.382 1.298 117.101
v 245.518 1.261 114.139
v 243.278 1.303 115.549
f 3925 3926 3927 3928
v 247.389 1.298 117.097
v 256.939 1.392 111.027
v 255.061 1.349 108.074
v 245.511 1.261 114.143
f 3929 3930 3931 3932
v -200.152 1.276 -88.294
v -204.312 1.211 -85.504
v -201.248 1.159 -80.936
v -197.088 1.273 -83.726
f 3933 3934 3935 3936
v 239.280 1.631 27.056
v 244.650 1.584 23.316
v 242.650 1.567 20.444
v 237.280 1.642 24.184
f 3937 3938 3939 3940
v 201.701 1.614 -28.511
v 207.511 1.592 -32.271
v 205.609 1.557 -35.209
v 199.799 1.585 -31.449
f 3941 3942 3943 3944
v 207.523 1.593 -32.279
v 256.963 1.791 -64.868
v 255.037 1.759 -67.790
v 205.597 1.556 -35.201
f 3945 3946 3947 3948
v 199.769 1.585 -31.429
v 194.419 1.541 -27.809
v 196.381 1.557 -24.911
v 201.731 1.614 -28.531
f 3949 3950 3951 3952
v 194.419 1.541 -27.809
v 125.319 1.465 18.951
v 127.281 1.470 21.849
v 196.381 1.557 -24.911
f 3953 3954 3955 3956
v 125.321 1.465 18.950
v 119.531 1.490 22.860
v 121.489 1.541 25.760
v 127.279 1.470 21.850
f 3957 3958 3959 3960
v 119.529 1.490 22.861
v 79.149 1.483 50.181
v 81.111 1.483 53.079
v 121.491 1.541 25.759
f 3961 3962 3963 3964
v 78.632 1.534 52.534
v 83.562 1.243 60.704
v 86.558 1.275 58.896
v 81.628 1.418 50.726
f 3965 3966 3967 3968
v 83.561 1.243 60.703
v 85.501 1.267 63.923
v 88.499 1.287 62.117
v 86.559 1.275 58.897
f 3969 3970 3971 3972
v 87.964 1.332 64.480
v 135.004 1.837 33.410
v 133.076 1.617 30.490
v 86.036 1.243 61.560
f 3973 3974 3975 3976
v 135.494 1.780 30.976
v 127.754 1.449 19.426
v 124.846 1.478 21.374
v 132.586 1.630 32.924
f 3977 3978 3979 3980
v 84.050 1.271 58.371
v 76.590 0.958 63.641
v 78.610 0.949 66.499
v 86.070 1.240 61.229
f 3981 3982 3983 3984
v 76.592 0.958 63.640
v 70.962 0.897 67.610
v 72.978 0.896 70.470
v 78.608 0.949 66.500
f 3985 3986 3987 3988
v 121.963 1.491 23.335
v 115.873 1.271 14.255
v 112.967 1.244 16.205
v 119.057 1.491 25.285
f 3989 3990 3991 3992
v 115.841 1.267 14.208
v 112.231 1.234 9.188
v 109.389 1.216 11.232
v 112.999 1.248 16.252
f 3993 3994 3995 3996
v 207.138 2.180 -142.874
v 221.238 2.031 -121.904
v 224.142 2.105 -123.856
v 210.042 2.202 -144.826
f 3997 3998 3999 4000
v 221.689 2.050 -124.315
v 197.679 1.822 -107.565
v 199.681 1.820 -104.695
v 223.691 2.133 -121.445
f 4001 4002 4003 4004
v 200.115 1.840 -107.132
v 185.345 2.048 -128.282
v 182.475 2.013 -126.278
v 197.245 1.804 -105.128
f 4005 4006 4007 4008
v 255.964 1.659 -94.937
v 238.614 1.898 -119.217
v 235.766 1.885 -117.183
v 253.116 1.685 -92.903
f 4009 4010 4011 4012
v 236.188 1.905 -119.635
v 204.138 1.787 -97.265
v 206.142 1.808 -94.395
v 238.192 1.910 -116.765
f 4013 4014 4015 4016
v 203.653 1.789 -94.908
v 209.033 1.676 -86.228
v 212.007 1.744 -88.072
v 206.627 1.794 -96.752
f 4017 4018 4019 4020
v 208.807 1.700 -87.506
v 207.687 1.660 -82.116
v 211.113 1.641 -81.404
v 212.233 1.724 -86.794
f 4021 4022 4023 4024
v 207.929 1.656 -80.811
v 216.179 1.519 -68.021
v 219.121 1.524 -69.919
v 210.871 1.650 -82.709
f 4025 4026 4027 4028
v 216.169 1.519 -68.037
v 219.419 1.649 -62.877
v 222.381 1.643 -64.743
v 219.131 1.524 -69.903
f 4029 4030 4031 4032
v 254.051 1.437 76.145
v 230.951 1.339 91.633
v 234.849 1.286 97.447
v 257.949 1.431 81.959
f 4033 4034 4035 4036
v 230.949 1.339 91.634
v 183.599 1.141 123.414
v 187.501 1.042 129.226
v 234.851 1.286 97.446
f 4037 4038 4039 4040
v 183.577 1.141 123.429
v 137.937 0.786 154.589
v 141.883 0.766 160.371
v 187.523 1.042 129.211
f 4041 4042 4043 4044
v 137.998 0.786 154.548
v 132.248 0.810 158.298
v 136.072 0.777 164.162
v 141.822 0.765 160.412
f 4045 4046 4047 4048
v -160.594 1.031 -38.009
v -164.624 1.036 -43.759
v -170.356 0.966 -39.741
v -166.326 0.965 -33.991
f 4049 4050 4051 4052
v -164.627 1.036 -43.764
v -191.727 1.226 -82.294
v -197.453 1.157 -78.266
v -170.353 0.966 -39.736
f 4053 4054 4055 4056
v -191.727 1.226 -82.293
v -195.757 1.250 -88.023
v -201.483 1.190 -83.997
v -197.453 1.157 -78.267
f 4057 4058 4059 4060
v -195.696 1.249 -87.933
v -199.116 1.268 -93.133
v -204.964 1.250 -89.287
v -201.544 1.191 -84.087
f 4061 4062 4063 4064
v -199.116 1.268 -93.133
v -220.916 1.660 -126.283
v -226.764 1.617 -122.437
v -204.964 1.250 -89.287
f 4065 4066 4067 4068
v -220.915 1.660 -126.281
v -230.215 1.801 -140.441
v -236.065 1.758 -136.599
v -226.765 1.617 -122.439
f 4069 4070 4071 4072
v -230.229 1.801 -140.463
v -253.089 2.171 -174.702
v -258.911 2.188 -170.815
v -236.051 1.758 -136.577
f 4073 4074 4075 4076
v -161.930 1.019 -33.715
v -155.940 1.027 -37.725
v -159.000 1.047 -42.295
v -164.990 1.051 -38.285
f 4077 4078 4079 4080
v -155.941 1.027 -37.725
v -60.811 1.521 -101.385
v -63.869 1.538 -105.955
v -158.999 1.047 -42.295
f 4081 4082 4083 4084
v -60.809 1.521 -101.386
v -54.049 1.389 -105.916
v -57.111 1.362 -110.484
v -63.871 1.538 -105.954
f 4085 4086 4087 4088
v -54.003 1.387 -105.947
v -49.273 1.442 -109.257
v -52.427 1.475 -113.763
v -57.157 1.364 -110.453
f 4089 4090 4091 4092
v 149.663 2.375 -244.531
v 161.583 2.569 -227.391
v 164.457 2.604 -229.389
v 152.537 2.325 -246.529
f 4093 4094 4095 4096
v 161.584 2.569 -227.390
v 169.044 2.852 -216.680
v 171.916 2.872 -218.680
v 164.456 2.604 -229.390
f 4097 4098 4099 4100
v 169.044 2.852 -216.680
v 175.774 2.758 -207.010
v 178.646 2.765 -209.010
v 171.916 2.872 -218.680
f 4101 4102 4103 4104
v 175.773 2.758 -207.011
v 185.403 2.626 -193.161
v 188.277 2.607 -195.159
v 178.647 2.765 -209.009
f 4105 4106 4107 4108
v 162.059 2.521 -229.853
v 129.669 2.619 -208.583
v 131.591 2.725 -205.657
v 163.981 2.659 -226.927
f 4109 4110 4111 4112
v 132.072 2.689 -208.111
v 120.042 2.409 -225.611
v 117.158 2.406 -223.629
v 129.188 2.665 -206.129
f 4113 4114 4115 4116
v 169.507 2.852 -219.135
v 134.377 2.828 -195.645
v 136.323 2.794 -192.735
v 171.453 2.875 -216.225
f 4117 4118 4119 4120
v 133.920 2.842 -193.181
v 141.920 2.725 -181.841
v 144.780 2.671 -183.859
v 136.780 2.786 -195.199
f 4121 4122 4123 4124
v 141.920 2.725 -181.841
v 150.260 2.494 -170.021
v 153.120 2.513 -172.039
v 144.780 2.671 -183.859
f 4125 4126 4127 4128
v 176.166 2.799 -209.415
v 142.306 2.715 -184.255
v 144.394 2.672 -181.445
v 178.254 2.732 -206.605
f 4129 4130 4131 4132
v 82.615 2.046 -124.797
v 79.945 2.055 -128.887
v 77.015 2.014 -126.973
v 79.685 2.024 -122.883
f 4133 4134 4135 4136
v 79.945 2.055 -128.887
v 57.965 2.632 -162.547
v 55.035 2.630 -160.633
v 77.015 2.014 -126.973
f 4137 4138 4139 4140
v 21.936 2.519 -162.546
v 32.766 2.589 -146.376
v 35.674 2.593 -148.324
v 24.844 2.522 -164.494
f 4141 4142 4143 4144
v 35.162 2.624 -145.875
v 57.442 2.690 -160.115
v 55.558 2.587 -163.065
v 33.278 2.573 -148.825
f 4145 4146 4147 4148
v 57.495 2.691 -160.151
v 85.265 2.683 -179.351
v 83.275 2.657 -182.229
v 55.505 2.587 -163.029
f 4149 4150 4151 4152
v 85.676 2.656 -181.832
v 74.186 2.503 -197.332
v 71.374 2.534 -195.248
v 82.864 2.650 -179.748
f 4153 4154 4155 4156
v -236.492 1.725 -132.941
v -231.602 1.854 -136.241
v -234.678 1.874 -140.799
v -239.568 1.715 -137.499
f 4157 4158 4159 4160
v -231.598 1.854 -136.243
v -225.988 1.814 -140.043
v -229.072 1.809 -144.597
v -234.682 1.874 -140.797
f 4161 4162 4163 4164
v -225.990 1.814 -140.042
v -124.420 2.066 -208.692
v -127.500 2.054 -213.248
v -229.070 1.809 -144.598
f 4165 4166 4167 4168
v -124.422 2.067 -208.690
v -118.672 1.948 -212.570
v -121.748 1.960 -217.130
v -127.498 2.054 -213.250
f 4169 4170 4171 4172
v -254.465 0.922 28.588
v -168.365 1.003 -29.328
v -171.435 0.924 -33.892
v -257.535 0.871 24.024
f 4173 4174 4175 4176
v -168.440 1.006 -29.280
v -166.270 0.958 -30.640
v -169.190 0.924 -35.300
v -171.360 0.924 -33.940
f 4177 4178 4179 4180
v -166.139 0.957 -30.727
v -161.869 1.020 -33.757
v -165.051 1.050 -38.243
v -169.321 0.923 -35.213
f 4181 4182 4183 4184
v -174.360 2.309 -259.737
v -195.857 2.450 -245.317
v -190.843 2.483 -237.843
v -169.346 2.432 -252.263
f 4185 4186 4187 4188
v -195.844 2.450 -245.325
v -210.724 2.502 -235.415
v -205.736 2.667 -227.925
v -190.856 2.483 -237.835
f 4189 4190 4191 4192
v -210.763 2.502 -235.390
v -258.533 2.404 -202.863
v -253.467 2.440 -195.424
v -205.697 2.666 -227.950
f 4193 4194 4195 4196
v -54.019 0.802 125.722
v -47.829 0.692 121.042
v -52.051 0.763 115.458
v -58.241 0.767 120.138
f 4197 4198 4199 4200
v -47.988 0.696 121.155
v 31.552 0.930 67.695
v 27.648 1.007 61.885
v -51.892 0.765 115.345
f 4201 4202 4203 4204
v 31.554 0.930 67.694
v 46.344 0.976 57.744
v 42.436 0.993 51.936
v 27.646 1.007 61.886
f 4205 4206 4207 4208
v 46.341 0.976 57.746
v 52.671 0.872 53.496
v 48.769 0.912 47.684
v 42.439 0.993 51.934
f 4209 4210 4211 4212
v 52.670 0.872 53.496
v 58.630 0.975 49.496
v 54.730 0.975 43.684
v 48.770 0.912 47.684
f 4213 4214 4215 4216
v 58.635 0.975 49.493
v 64.515 0.879 45.533
v 60.605 0.957 39.727
v 54.725 0.975 43.687
f 4217 4218 4219 4220
v 64.512 0.879 45.535
v 112.762 1.137 13.115
v 108.858 1.240 7.305
v 60.608 0.958 39.725
f 4221 4222 4223 4224
v 112.762 1.137 13.115
v 187.912 1.481 -37.395
v 184.008 1.531 -43.205
v 108.858 1.240 7.305
f 4225 4226 4227 4228
v 187.696 1.478 -37.261
v 194.646 1.530 -41.231
v 191.174 1.478 -47.309
v 184.224 1.533 -43.339
f 4229 4230 4231 4232
v 28.167 1.016 65.794
v 32.477 1.015 71.944
v 35.343 1.014 69.936
v 31.033 1.029 63.786
f 4233 4234 4235 4236
v 32.477 1.015 71.944
v 37.827 1.127 79.584
v 40.693 1.138 77.576
v 35.343 1.014 69.936
f 4237 4238 4239 4240
v 26.624 1.039 89.707
v 40.274 1.145 80.007
v 38.246 1.118 77.153
v 24.596 1.035 86.853
f 4241 4242 4243 4244
v 40.275 1.145 80.006
v 54.355 1.103 69.986
v 52.325 1.123 67.134
v 38.245 1.118 77.154
f 4245 4246 4247 4248
v 51.887 1.127 69.536
v 73.477 1.030 101.666
v 76.383 1.021 99.714
v 54.793 1.100 67.584
f 4249 4250 4251 4252
v 73.477 1.030 101.666
v 77.037 0.989 106.966
v 79.943 0.972 105.014
v 76.383 1.021 99.714
f 4253 4254 4255 4256
v 86.732 0.890 90.876
v 80.802 0.862 94.756
v 82.718 0.859 97.684
v 88.648 0.882 93.804
f 4257 4258 4259 4260
v 80.802 0.862 94.756
v 73.972 1.027 99.226
v 75.888 1.021 102.154
v 82.718 0.859 97.684
f 4261 4262 4263 4264
v -49.274 1.442 -109.257
v -43.714 1.462 -113.147
v -46.866 1.415 -117.653
v -52.426 1.475 -113.763
f 4265 4266 4267 4268
v -143.320 1.170 103.461
v -97.200 0.880 72.861
v -100.240 0.920 68.279
v -146.360 1.138 98.879
f 4269 4270 4271 4272
v -97.152 0.879 72.829
v -93.002 0.932 69.949
v -96.138 0.958 65.431
v -100.288 0.920 68.311
f 4273 4274 4275 4276
v -53.257 0.729 120.932
v -58.007 0.757 114.102
v -63.753 0.770 118.098
v -59.003 0.773 124.928
f 4277 4278 4279 4280
v -58.009 0.757 114.099
v -63.369 0.750 106.409
v -69.111 0.754 110.411
v -63.751 0.770 118.101
f 4281 4282 4283 4284
v -63.367 0.750 106.411
v -91.697 0.919 65.691
v -97.443 0.900 69.689
v -69.113 0.754 110.409
f 4285 4286 4287 4288
v 83.270 2.358 -204.321
v 77.140 2.355 -201.121
v 78.760 2.393 -198.019
v 84.890 2.371 -201.219
f 4289 4290 4291 4292
v 77.013 2.360 -201.048
v 71.843 2.544 -197.768
v 73.717 2.511 -194.812
v 78.887 2.388 -198.092
f 4293 4294 4295 4296
v 71.812 2.544 -197.748
v 22.422 2.524 -164.978
v 24.358 2.509 -162.062
v 73.748 2.510 -194.832
f 4297 4298 4299 4300
v 185.406 2.626 -193.158
v 216.286 2.279 -148.968
v 219.154 2.288 -150.972
v 188.274 2.607 -195.162
f 4301 4302 4303 4304
v 212.479 1.767 20.872
v 210.299 1.798 22.222
v 212.141 1.828 25.198
v 214.321 1.811 23.848
f 4305 4306 4307 4308
v 212.468 1.795 22.483
v 205.038 1.834 14.923
v 202.542 1.824 17.377
v 209.972 1.849 24.937
f 4309 4310 4311 4312
v 202.872 1.847 14.660
v 171.232 1.895 34.150
v 173.068 1.918 37.130
v 204.708 1.821 17.640
f 4313 4314 4315 4316
v 170.463 1.890 35.174
v 169.043 1.823 40.314
v 172.417 1.919 41.246
v 173.837 1.922 36.106
f 4317 4318 4319 4320
v 169.258 1.817 41.727
v 180.478 1.932 59.167
v 183.422 1.947 57.273
v 172.202 1.921 39.833
f 4321 4322 4323 4324
v 182.907 1.945 59.685
v 217.527 1.884 37.065
v 215.613 1.823 34.135
v 180.993 1.937 56.755
f 4325 4326 4327 4328
v 218.166 1.866 34.882
v 212.816 1.805 22.992
v 209.624 1.842 24.428
v 214.974 1.849 36.318
f 4329 4330 4331 4332
v 217.648 1.815 26.116
v 223.498 1.705 22.566
v 221.682 1.694 19.574
v 215.832 1.814 23.124
f 4333 4334 4335 4336
v 227.868 1.669 11.226
v 222.908 1.563 15.436
v 225.172 1.548 18.104
v 230.132 1.653 13.894
f 4337 4338 4339 4340
v 224.309 1.546 15.041
v 219.239 1.606 14.251
v 218.701 1.659 17.709
v 223.771 1.593 18.499
f 4341 4342 4343 4344
v 217.965 1.631 14.547
v 212.605 1.743 18.307
v 214.615 1.763 21.173
v 219.975 1.644 17.413
f 4345 4346 4347 4348
v 211.866 1.758 19.600
v 211.656 1.792 22.220
v 215.144 1.794 22.500
v 215.354 1.745 19.880
f 4349 4350 4351 4352
v 212.419 1.814 23.809
v 215.759 1.812 26.069
v 217.721 1.832 23.171
v 214.381 1.758 20.911
f 4353 4354 4355 4356
v 224.248 1.647 21.629
v 225.698 1.543 17.329
v 222.382 1.588 16.211
v 220.932 1.753 20.511
f 4357 4358 4359 4360
usemtl asphalt
