# Baked ultra-low Key West silhouette; generated by bake_key_west_far_city.py
mtllib far_city.mtl
usemtl massing
v 149.891 2.052 -128.306
v 170.326 2.052 -114.413
v 162.849 2.052 -103.414
v 142.414 2.052 -117.307
v 149.891 5.952 -128.306
v 170.326 5.952 -114.413
v 162.849 5.952 -103.414
v 142.414 5.952 -117.307
f 8 7 6 5
f 1 2 6 5
f 2 3 7 6
f 3 4 8 7
f 4 1 5 8
v 26.222 2.583 220.348
v 57.707 2.583 237.197
v 47.798 2.583 255.712
v 16.313 2.583 238.863
v 26.222 9.383 220.348
v 57.707 9.383 237.197
v 47.798 9.383 255.712
v 16.313 9.383 238.863
f 16 15 14 13
f 9 10 14 13
f 10 11 15 14
f 11 12 16 15
f 12 9 13 16
v -95.884 2.200 86.337
v -75.493 2.200 59.218
v -58.276 2.200 72.163
v -78.667 2.200 99.282
v -95.884 9.000 86.337
v -75.493 9.000 59.218
v -58.276 9.000 72.163
v -78.667 9.000 99.282
f 24 23 22 21
f 17 18 22 21
f 18 19 23 22
f 19 20 24 23
f 20 17 21 24
v -135.586 1.483 -15.919
v -117.519 1.483 0.599
v -128.234 1.483 12.319
v -146.301 1.483 -4.199
v -135.586 5.383 -15.919
v -117.519 5.383 0.599
v -128.234 5.383 12.319
v -146.301 5.383 -4.199
f 32 31 30 29
f 25 26 30 29
f 26 27 31 30
f 27 28 32 31
f 28 25 29 32
v -113.887 2.017 -12.804
v -74.866 2.017 9.528
v -84.433 2.017 26.244
v -123.454 2.017 3.912
v -113.887 7.817 -12.804
v -74.866 7.817 9.528
v -84.433 7.817 26.244
v -123.454 7.817 3.912
f 40 39 38 37
f 33 34 38 37
f 34 35 39 38
f 35 36 40 39
f 36 33 37 40
v -221.851 0.623 -61.472
v -192.176 0.623 -46.474
v -202.469 0.623 -26.108
v -232.144 0.623 -41.106
v -221.851 6.423 -61.472
v -192.176 6.423 -46.474
v -202.469 6.423 -26.108
v -232.144 6.423 -41.106
f 48 47 46 45
f 41 42 46 45
f 42 43 47 46
f 43 44 48 47
f 44 41 45 48
v -239.075 0.825 -60.770
v -224.736 0.825 -81.662
v -203.885 0.825 -67.350
v -218.224 0.825 -46.458
v -239.075 6.625 -60.770
v -224.736 6.625 -81.662
v -203.885 6.625 -67.350
v -218.224 6.625 -46.458
f 56 55 54 53
f 49 50 54 53
f 50 51 55 54
f 51 52 56 55
f 52 49 53 56
v -101.460 -0.300 120.871
v -49.952 -0.300 153.755
v -79.800 -0.300 200.509
v -131.308 -0.300 167.625
v -101.460 9.000 120.871
v -49.952 9.000 153.755
v -79.800 9.000 200.509
v -131.308 9.000 167.625
f 64 63 62 61
f 57 58 62 61
f 58 59 63 62
f 59 60 64 63
f 60 57 61 64
v -21.566 2.257 170.865
v -19.477 2.257 239.843
v -90.534 2.257 241.995
v -92.623 2.257 173.017
v -21.566 10.557 170.865
v -19.477 10.557 239.843
v -90.534 10.557 241.995
v -92.623 10.557 173.017
f 72 71 70 69
f 65 66 70 69
f 66 67 71 70
f 67 68 72 71
f 68 65 69 72
v -19.316 2.552 218.157
v 18.315 2.552 262.436
v -17.864 2.552 293.183
v -55.495 2.552 248.904
v -19.316 9.352 218.157
v 18.315 9.352 262.436
v -17.864 9.352 293.183
v -55.495 9.352 248.904
f 80 79 78 77
f 73 74 78 77
f 74 75 79 78
f 75 76 80 79
f 76 73 77 80
v -44.590 2.539 254.627
v -36.303 2.539 241.885
v -28.910 2.539 246.693
v -37.197 2.539 259.435
v -44.590 11.839 254.627
v -36.303 11.839 241.885
v -28.910 11.839 246.693
v -37.197 11.839 259.435
f 88 87 86 85
f 81 82 86 85
f 82 83 87 86
f 83 84 88 87
f 84 81 85 88
v -159.317 2.517 189.816
v -145.809 2.517 170.015
v -135.623 2.517 176.964
v -149.131 2.517 196.765
v -159.317 6.417 189.816
v -145.809 6.417 170.015
v -135.623 6.417 176.964
v -149.131 6.417 196.765
f 96 95 94 93
f 89 90 94 93
f 90 91 95 94
f 91 92 96 95
f 92 89 93 96
v -124.194 2.167 123.285
v -116.522 2.167 112.116
v -109.186 2.167 117.155
v -116.858 2.167 128.324
v -124.194 8.467 123.285
v -116.522 8.467 112.116
v -109.186 8.467 117.155
v -116.858 8.467 128.324
f 104 103 102 101
f 97 98 102 101
f 98 99 103 102
f 99 100 104 103
f 100 97 101 104
v 72.698 2.752 191.617
v 90.717 2.752 144.569
v 130.022 2.752 159.623
v 112.003 2.752 206.671
v 72.698 9.552 191.617
v 90.717 9.552 144.569
v 130.022 9.552 159.623
v 112.003 9.552 206.671
f 112 111 110 109
f 105 106 110 109
f 106 107 111 110
f 107 108 112 111
f 108 105 109 112
v -39.019 2.435 161.129
v -23.921 2.435 145.779
v -8.821 2.435 160.631
v -23.919 2.435 175.981
v -39.019 9.235 161.129
v -23.921 9.235 145.779
v -8.821 9.235 160.631
v -23.919 9.235 175.981
f 120 119 118 117
f 113 114 118 117
f 114 115 119 118
f 115 116 120 119
f 116 113 117 120
v 29.266 2.283 146.077
v 53.061 2.283 162.636
v 42.534 2.283 177.763
v 18.739 2.283 161.204
v 29.266 8.083 146.077
v 53.061 8.083 162.636
v 42.534 8.083 177.763
v 18.739 8.083 161.204
f 128 127 126 125
f 121 122 126 125
f 122 123 127 126
f 123 124 128 127
f 124 121 125 128
v -67.419 0.539 -234.105
v -50.956 0.539 -255.593
v -32.841 0.539 -241.715
v -49.304 0.539 -220.227
v -67.419 6.839 -234.105
v -50.956 6.839 -255.593
v -32.841 6.839 -241.715
v -49.304 6.839 -220.227
f 136 135 134 133
f 129 130 134 133
f 130 131 135 134
f 131 132 136 135
f 132 129 133 136
v 127.458 2.529 87.604
v 145.906 2.529 100.345
v 138.342 2.529 111.296
v 119.894 2.529 98.555
v 127.458 8.829 87.604
v 145.906 8.829 100.345
v 138.342 8.829 111.296
v 119.894 8.829 98.555
f 144 143 142 141
f 137 138 142 141
f 138 139 143 142
f 139 140 144 143
f 140 137 141 144
v 16.496 2.401 47.939
v 46.279 2.401 67.821
v 29.684 2.401 92.681
v -0.099 2.401 72.799
v 16.496 8.701 47.939
v 46.279 8.701 67.821
v 29.684 8.701 92.681
v -0.099 8.701 72.799
f 152 151 150 149
f 145 146 150 149
f 146 147 151 150
f 147 148 152 151
f 148 145 149 152
v -48.351 2.717 86.991
v -7.931 2.717 111.090
v -20.749 2.717 132.589
v -61.169 2.717 108.490
v -48.351 8.517 86.991
v -7.931 8.517 111.090
v -20.749 8.517 132.589
v -61.169 8.517 108.490
f 160 159 158 157
f 153 154 158 157
f 154 155 159 158
f 155 156 160 159
f 156 153 157 160
v -117.757 2.075 84.521
v -102.334 2.075 94.883
v -107.303 2.075 102.279
v -122.726 2.075 91.917
v -117.757 8.375 84.521
v -102.334 8.375 94.883
v -107.303 8.375 102.279
v -122.726 8.375 91.917
f 168 167 166 165
f 161 162 166 165
f 162 163 167 166
f 163 164 168 167
f 164 161 165 168
v 144.003 3.262 -68.959
v 162.120 3.262 -64.707
v 157.857 3.262 -46.541
v 139.740 3.262 -50.793
v 144.003 9.562 -68.959
v 162.120 9.562 -64.707
v 157.857 9.562 -46.541
v 139.740 9.562 -50.793
f 176 175 174 173
f 169 170 174 173
f 170 171 175 174
f 171 172 176 175
f 172 169 173 176
v -61.881 0.584 -228.625
v -18.692 0.584 -200.061
v -34.199 0.584 -176.615
v -77.388 0.584 -205.179
v -61.881 6.884 -228.625
v -18.692 6.884 -200.061
v -34.199 6.884 -176.615
v -77.388 6.884 -205.179
f 184 183 182 181
f 177 178 182 181
f 178 179 183 182
f 179 180 184 183
f 180 177 181 184
v -84.800 0.475 -243.599
v -51.217 0.475 -223.829
v -65.940 0.475 -198.821
v -99.523 0.475 -218.591
v -84.800 3.975 -243.599
v -51.217 3.975 -223.829
v -65.940 3.975 -198.821
v -99.523 3.975 -218.591
f 192 191 190 189
f 185 186 190 189
f 186 187 191 190
f 187 188 192 191
f 188 185 189 192
v -157.690 0.418 -209.761
v -102.303 0.418 -178.562
v -108.850 0.418 -166.939
v -164.237 0.418 -198.138
v -157.690 9.718 -209.761
v -102.303 9.718 -178.562
v -108.850 9.718 -166.939
v -164.237 9.718 -198.138
f 200 199 198 197
f 193 194 198 197
f 194 195 199 198
f 195 196 200 199
f 196 193 197 200
v -224.608 0.869 -114.455
v -179.554 0.869 -136.253
v -160.652 0.869 -97.185
v -205.706 0.869 -75.387
v -224.608 7.169 -114.455
v -179.554 7.169 -136.253
v -160.652 7.169 -97.185
v -205.706 7.169 -75.387
f 208 207 206 205
f 201 202 206 205
f 202 203 207 206
f 203 204 208 207
f 204 201 205 208
v -239.462 0.801 -0.085
v -220.592 0.801 -28.332
v -204.818 0.801 -17.795
v -223.688 0.801 10.452
v -239.462 7.101 -0.085
v -220.592 7.101 -28.332
v -204.818 7.101 -17.795
v -223.688 7.101 10.452
f 216 215 214 213
f 209 210 214 213
f 210 211 215 214
f 211 212 216 215
f 212 209 213 216
v -257.870 2.744 173.174
v -224.466 2.744 178.714
v -229.550 2.744 209.366
v -262.954 2.744 203.826
v -257.870 8.544 173.174
v -224.466 8.544 178.714
v -229.550 8.544 209.366
v -262.954 8.544 203.826
f 224 223 222 221
f 217 218 222 221
f 218 219 223 222
f 219 220 224 223
f 220 217 221 224
v 8.568 2.224 203.826
v 25.063 2.224 214.993
v 16.912 2.224 227.034
v 0.417 2.224 215.867
v 8.568 9.024 203.826
v 25.063 9.024 214.993
v 16.912 9.024 227.034
v 0.417 9.024 215.867
f 232 231 230 229
f 225 226 230 229
f 226 227 231 230
f 227 228 232 231
f 228 225 229 232
v 28.704 1.849 200.952
v 34.393 1.849 192.801
v 38.616 1.849 195.748
v 32.927 1.849 203.899
v 28.704 5.749 200.952
v 34.393 5.749 192.801
v 38.616 5.749 195.748
v 32.927 5.749 203.899
f 240 239 238 237
f 233 234 238 237
f 234 235 239 238
f 235 236 240 239
f 236 233 237 240
v 21.740 2.238 211.019
v 38.815 2.238 229.607
v 23.320 2.238 243.841
v 6.245 2.238 225.253
v 21.740 9.038 211.019
v 38.815 9.038 229.607
v 23.320 9.038 243.841
v 6.245 9.038 225.253
f 248 247 246 245
f 241 242 246 245
f 242 243 247 246
f 243 244 248 247
f 244 241 245 248
v 11.273 2.306 207.430
v 49.574 2.306 192.799
v 59.327 2.306 218.330
v 21.026 2.306 232.961
v 11.273 8.106 207.430
v 49.574 8.106 192.799
v 59.327 8.106 218.330
v 21.026 8.106 232.961
f 256 255 254 253
f 249 250 254 253
f 250 251 255 254
f 251 252 256 255
f 252 249 253 256
v 35.111 2.684 235.261
v 62.747 2.684 254.843
v 55.509 2.684 265.059
v 27.873 2.684 245.477
v 35.111 9.484 235.261
v 62.747 9.484 254.843
v 55.509 9.484 265.059
v 27.873 9.484 245.477
f 264 263 262 261
f 257 258 262 261
f 258 259 263 262
f 259 260 264 263
f 260 257 261 264
v -45.415 2.300 217.881
v -37.832 2.300 223.055
v -40.605 2.300 227.119
v -48.188 2.300 221.945
v -45.415 6.200 217.881
v -37.832 6.200 223.055
v -40.605 6.200 227.119
v -48.188 6.200 221.945
f 272 271 270 269
f 265 266 270 269
f 266 267 271 270
f 267 268 272 271
f 268 265 269 272
v -201.292 0.815 -39.110
v -185.405 0.815 -28.416
v -189.448 0.815 -22.410
v -205.335 0.815 -33.104
v -201.292 4.715 -39.110
v -185.405 4.715 -28.416
v -189.448 4.715 -22.410
v -205.335 4.715 -33.104
f 280 279 278 277
f 273 274 278 277
f 274 275 279 278
f 275 276 280 279
f 276 273 277 280
v -202.240 0.720 -12.090
v -194.389 0.720 -23.596
v -190.160 0.720 -20.710
v -198.011 0.720 -9.204
v -202.240 7.520 -12.090
v -194.389 7.520 -23.596
v -190.160 7.520 -20.710
v -198.011 7.520 -9.204
f 288 287 286 285
f 281 282 286 285
f 282 283 287 286
f 283 284 288 287
f 284 281 285 288
v -213.587 0.709 -6.759
v -205.059 0.709 -20.166
v -197.693 0.709 -15.481
v -206.221 0.709 -2.074
v -213.587 4.609 -6.759
v -205.059 4.609 -20.166
v -197.693 4.609 -15.481
v -206.221 4.609 -2.074
f 296 295 294 293
f 289 290 294 293
f 290 291 295 294
f 291 292 296 295
f 292 289 293 296
v -154.821 1.007 -6.815
v -147.850 1.007 -22.997
v -134.359 1.007 -17.185
v -141.330 1.007 -1.003
v -154.821 4.907 -6.815
v -147.850 4.907 -22.997
v -134.359 4.907 -17.185
v -141.330 4.907 -1.003
f 304 303 302 301
f 297 298 302 301
f 298 299 303 302
f 299 300 304 303
f 300 297 301 304
v -127.467 1.647 9.400
v -119.962 1.647 14.404
v -123.573 1.647 19.820
v -131.078 1.647 14.816
v -127.467 5.547 9.400
v -119.962 5.547 14.404
v -123.573 5.547 19.820
v -131.078 5.547 14.816
f 312 311 310 309
f 305 306 310 309
f 306 307 311 310
f 307 308 312 311
f 308 305 309 312
v -103.239 2.217 20.380
v -85.316 2.217 32.128
v -95.561 2.217 47.760
v -113.484 2.217 36.012
v -103.239 6.117 20.380
v -85.316 6.117 32.128
v -95.561 6.117 47.760
v -113.484 6.117 36.012
f 320 319 318 317
f 313 314 318 317
f 314 315 319 318
f 315 316 320 319
f 316 313 317 320
v -89.913 2.205 41.982
v -77.230 2.205 50.359
v -83.887 2.205 60.438
v -96.570 2.205 52.061
v -89.913 6.105 41.982
v -77.230 6.105 50.359
v -83.887 6.105 60.438
v -96.570 6.105 52.061
f 328 327 326 325
f 321 322 326 325
f 322 323 327 326
f 323 324 328 327
f 324 321 325 328
v -201.357 1.593 42.876
v -190.952 1.593 19.082
v -176.403 1.593 25.444
v -186.808 1.593 49.238
v -201.357 5.493 42.876
v -190.952 5.493 19.082
v -176.403 5.493 25.444
v -186.808 5.493 49.238
f 336 335 334 333
f 329 330 334 333
f 330 331 335 334
f 331 332 336 335
f 332 329 333 336
v -181.832 1.582 20.175
v -172.217 1.582 6.619
v -160.308 1.582 15.065
v -169.923 1.582 28.621
v -181.832 5.482 20.175
v -172.217 5.482 6.619
v -160.308 5.482 15.065
v -169.923 5.482 28.621
f 344 343 342 341
f 337 338 342 341
f 338 339 343 342
f 339 340 344 343
f 340 337 341 344
v -157.290 1.874 40.162
v -134.151 1.874 61.448
v -144.150 1.874 72.318
v -167.289 1.874 51.032
v -157.290 5.774 40.162
v -134.151 5.774 61.448
v -144.150 5.774 72.318
v -167.289 5.774 51.032
f 352 351 350 349
f 345 346 350 349
f 346 347 351 350
f 347 348 352 351
f 348 345 349 352
v -132.043 1.757 67.295
v -125.340 1.757 57.656
v -117.417 1.757 63.165
v -124.120 1.757 72.804
v -132.043 5.657 67.295
v -125.340 5.657 57.656
v -117.417 5.657 63.165
v -124.120 5.657 72.804
f 360 359 358 357
f 353 354 358 357
f 354 355 359 358
f 355 356 360 359
f 356 353 357 360
v -170.220 2.579 125.281
v -136.365 2.579 97.192
v -122.720 2.579 113.639
v -156.575 2.579 141.728
v -170.220 8.379 125.281
v -136.365 8.379 97.192
v -122.720 8.379 113.639
v -156.575 8.379 141.728
f 368 367 366 365
f 361 362 366 365
f 362 363 367 366
f 363 364 368 367
f 364 361 365 368
v -128.526 2.068 127.987
v -123.557 2.068 120.748
v -119.294 2.068 123.673
v -124.263 2.068 130.912
v -128.526 5.968 127.987
v -123.557 5.968 120.748
v -119.294 5.968 123.673
v -124.263 5.968 130.912
f 376 375 374 373
f 369 370 374 373
f 370 371 375 374
f 371 372 376 375
f 372 369 373 376
v -135.861 2.121 70.802
v -103.435 2.121 94.799
v -115.779 2.121 111.478
v -148.205 2.121 87.481
v -135.861 8.921 70.802
v -103.435 8.921 94.799
v -115.779 8.921 111.478
v -148.205 8.921 87.481
f 384 383 382 381
f 377 378 382 381
f 378 379 383 382
f 379 380 384 383
f 380 377 381 384
v -107.171 2.247 97.212
v -93.395 2.247 106.382
v -99.989 2.247 116.288
v -113.765 2.247 107.118
v -107.171 6.147 97.212
v -93.395 6.147 106.382
v -99.989 6.147 116.288
v -113.765 6.147 107.118
f 392 391 390 389
f 385 386 390 389
f 386 387 391 390
f 387 388 392 391
f 388 385 389 392
v 4.864 2.716 101.416
v 22.098 2.716 111.818
v 12.136 2.716 128.324
v -5.098 2.716 117.922
v 4.864 6.616 101.416
v 22.098 6.616 111.818
v 12.136 6.616 128.324
v -5.098 6.616 117.922
f 400 399 398 397
f 393 394 398 397
f 394 395 399 398
f 395 396 400 399
f 396 393 397 400
v 1.958 2.479 148.507
v 6.577 2.479 141.841
v 10.202 2.479 144.353
v 5.583 2.479 151.019
v 1.958 6.379 148.507
v 6.577 6.379 141.841
v 10.202 6.379 144.353
v 5.583 6.379 151.019
f 408 407 406 405
f 401 402 406 405
f 402 403 407 406
f 403 404 408 407
f 404 401 405 408
v -8.442 2.574 123.877
v 2.353 2.574 131.192
v -1.978 2.574 137.583
v -12.773 2.574 130.268
v -8.442 6.474 123.877
v 2.353 6.474 131.192
v -1.978 6.474 137.583
v -12.773 6.474 130.268
f 416 415 414 413
f 409 410 414 413
f 410 411 415 414
f 411 412 416 415
f 412 409 413 416
v -31.100 2.584 122.775
v -10.492 2.584 137.434
v -19.320 2.584 149.845
v -39.928 2.584 135.186
v -31.100 6.484 122.775
v -10.492 6.484 137.434
v -19.320 6.484 149.845
v -39.928 6.484 135.186
f 424 423 422 421
f 417 418 422 421
f 418 419 423 422
f 419 420 424 423
f 420 417 421 424
v -8.250 2.161 175.407
v 15.922 2.161 193.192
v 7.210 2.161 205.033
v -16.962 2.161 187.248
v -8.250 8.961 175.407
v 15.922 8.961 193.192
v 7.210 8.961 205.033
v -16.962 8.961 187.248
f 432 431 430 429
f 425 426 430 429
f 426 427 431 430
f 427 428 432 431
f 428 425 429 432
v 2.216 2.216 180.905
v 12.113 2.216 157.697
v 24.724 2.216 163.075
v 14.827 2.216 186.283
v 2.216 6.116 180.905
v 12.113 6.116 157.697
v 24.724 6.116 163.075
v 14.827 6.116 186.283
f 440 439 438 437
f 433 434 438 437
f 434 435 439 438
f 435 436 440 439
f 436 433 437 440
v -12.434 2.264 155.907
v 9.377 2.264 179.731
v -10.286 2.264 197.733
v -32.097 2.264 173.909
v -12.434 9.064 155.907
v 9.377 9.064 179.731
v -10.286 9.064 197.733
v -32.097 9.064 173.909
f 448 447 446 445
f 441 442 446 445
f 442 443 447 446
f 443 444 448 447
f 444 441 445 448
v 84.904 2.795 -7.719
v 135.227 2.795 12.889
v 119.276 2.795 51.839
v 68.953 2.795 31.231
v 84.904 11.095 -7.719
v 135.227 11.095 12.889
v 119.276 11.095 51.839
v 68.953 11.095 31.231
f 456 455 454 453
f 449 450 454 453
f 450 451 455 454
f 451 452 456 455
f 452 449 453 456
v -241.618 0.251 -239.926
v -231.501 0.251 -233.472
v -235.722 0.251 -226.854
v -245.839 0.251 -233.308
v -241.618 4.151 -239.926
v -231.501 4.151 -233.472
v -235.722 4.151 -226.854
v -245.839 4.151 -233.308
f 464 463 462 461
f 457 458 462 461
f 458 459 463 462
f 459 460 464 463
f 460 457 461 464
v -142.624 0.324 -155.299
v -127.034 0.324 -144.792
v -132.136 0.324 -137.221
v -147.726 0.324 -147.728
v -142.624 4.224 -155.299
v -127.034 4.224 -144.792
v -132.136 4.224 -137.221
v -147.726 4.224 -147.728
f 472 471 470 469
f 465 466 470 469
f 466 467 471 470
f 467 468 472 471
f 468 465 469 472
v -162.624 0.356 -173.603
v -146.237 0.356 -173.274
v -146.496 0.356 -160.397
v -162.883 0.356 -160.726
v -162.624 7.156 -173.603
v -146.237 7.156 -173.274
v -146.496 7.156 -160.397
v -162.883 7.156 -160.726
f 480 479 478 477
f 473 474 478 477
f 474 475 479 478
f 475 476 480 479
f 476 473 477 480
v -252.888 0.488 -82.776
v -233.860 0.488 -69.963
v -237.172 0.488 -65.044
v -256.200 0.488 -77.857
v -252.888 4.388 -82.776
v -233.860 4.388 -69.963
v -237.172 4.388 -65.044
v -256.200 4.388 -77.857
f 488 487 486 485
f 481 482 486 485
f 482 483 487 486
f 483 484 488 487
f 484 481 485 488
v -223.411 0.489 -94.783
v -220.237 0.489 -83.459
v -231.589 0.489 -80.277
v -234.763 0.489 -91.601
v -223.411 4.389 -94.783
v -220.237 4.389 -83.459
v -231.589 4.389 -80.277
v -234.763 4.389 -91.601
f 496 495 494 493
f 489 490 494 493
f 490 491 495 494
f 491 492 496 495
f 492 489 493 496
v -250.910 0.462 -146.702
v -245.011 0.462 -162.454
v -231.030 0.462 -157.218
v -236.929 0.462 -141.466
v -250.910 7.262 -146.702
v -245.011 7.262 -162.454
v -231.030 7.262 -157.218
v -236.929 7.262 -141.466
f 504 503 502 501
f 497 498 502 501
f 498 499 503 502
f 499 500 504 503
f 500 497 501 504
v -237.818 0.428 -153.747
v -231.931 0.428 -162.187
v -225.402 0.428 -157.633
v -231.289 0.428 -149.193
v -237.818 7.228 -153.747
v -231.931 7.228 -162.187
v -225.402 7.228 -157.633
v -231.289 7.228 -149.193
f 512 511 510 509
f 505 506 510 509
f 506 507 511 510
f 507 508 512 511
f 508 505 509 512
v -236.159 0.546 -159.341
v -225.346 0.546 -174.537
v -217.141 0.546 -168.699
v -227.954 0.546 -153.503
v -236.159 4.446 -159.341
v -225.346 4.446 -174.537
v -217.141 4.446 -168.699
v -227.954 4.446 -153.503
f 520 519 518 517
f 513 514 518 517
f 514 515 519 518
f 515 516 520 519
f 516 513 517 520
v -263.450 0.434 -170.511
v -243.465 0.434 -181.298
v -233.010 0.434 -161.929
v -252.995 0.434 -151.142
v -263.450 4.334 -170.511
v -243.465 4.334 -181.298
v -233.010 4.334 -161.929
v -252.995 4.334 -151.142
f 528 527 526 525
f 521 522 526 525
f 522 523 527 526
f 523 524 528 527
f 524 521 525 528
v -260.672 0.321 -198.291
v -236.896 0.321 -185.903
v -245.948 0.321 -168.529
v -269.724 0.321 -180.917
v -260.672 4.221 -198.291
v -236.896 4.221 -185.903
v -245.948 4.221 -168.529
v -269.724 4.221 -180.917
f 536 535 534 533
f 529 530 534 533
f 530 531 535 534
f 531 532 536 535
f 532 529 533 536
v -239.828 0.269 -232.647
v -169.558 0.269 -308.853
v -117.612 0.269 -260.953
v -187.882 0.269 -184.747
v -239.828 7.069 -232.647
v -169.558 7.069 -308.853
v -117.612 7.069 -260.953
v -187.882 7.069 -184.747
f 544 543 542 541
f 537 538 542 541
f 538 539 543 542
f 539 540 544 543
f 540 537 541 544
v -235.658 0.563 -170.537
v -224.994 0.563 -217.706
v -181.902 0.563 -207.963
v -192.566 0.563 -160.794
v -235.658 8.863 -170.537
v -224.994 8.863 -217.706
v -181.902 8.863 -207.963
v -192.566 8.863 -160.794
f 552 551 550 549
f 545 546 550 549
f 546 547 551 550
f 547 548 552 551
f 548 545 549 552
v -157.085 0.704 -83.741
v -128.024 0.704 -101.020
v -114.895 0.704 -78.939
v -143.956 0.704 -61.660
v -157.085 4.604 -83.741
v -128.024 4.604 -101.020
v -114.895 4.604 -78.939
v -143.956 4.604 -61.660
f 560 559 558 557
f 553 554 558 557
f 554 555 559 558
f 555 556 560 559
f 556 553 557 560
v -147.305 0.540 -114.816
v -138.484 0.540 -80.739
v -162.415 0.540 -74.544
v -171.236 0.540 -108.621
v -147.305 4.440 -114.816
v -138.484 4.440 -80.739
v -162.415 4.440 -74.544
v -171.236 4.440 -108.621
f 568 567 566 565
f 561 562 566 565
f 562 563 567 566
f 563 564 568 567
f 564 561 565 568
v -192.917 0.335 -136.648
v -175.941 0.335 -162.646
v -161.983 0.335 -153.532
v -178.959 0.335 -127.534
v -192.917 4.235 -136.648
v -175.941 4.235 -162.646
v -161.983 4.235 -153.532
v -178.959 4.235 -127.534
f 576 575 574 573
f 569 570 574 573
f 570 571 575 574
f 571 572 576 575
f 572 569 573 576
v -224.071 0.548 -149.655
v -195.137 0.548 -130.158
v -204.229 0.548 -116.665
v -233.163 0.548 -136.162
v -224.071 4.048 -149.655
v -195.137 4.048 -130.158
v -204.229 4.048 -116.665
v -233.163 4.048 -136.162
f 584 583 582 581
f 577 578 582 581
f 578 579 583 582
f 579 580 584 583
f 580 577 581 584
v -218.859 0.612 -136.222
v -189.995 0.612 -116.729
v -195.121 0.612 -109.138
v -223.985 0.612 -128.631
v -218.859 6.912 -136.222
v -189.995 6.912 -116.729
v -195.121 6.912 -109.138
v -223.985 6.912 -128.631
f 592 591 590 589
f 585 586 590 589
f 586 587 591 590
f 587 588 592 591
f 588 585 589 592
v -197.892 0.641 -97.799
v -183.415 0.641 -87.460
v -188.628 0.641 -80.161
v -203.105 0.641 -90.500
v -197.892 4.541 -97.799
v -183.415 4.541 -87.460
v -188.628 4.541 -80.161
v -203.105 4.541 -90.500
f 600 599 598 597
f 593 594 598 597
f 594 595 599 598
f 595 596 600 599
f 596 593 597 600
v -189.874 0.635 -87.220
v -179.637 0.635 -80.564
v -185.726 0.635 -71.200
v -195.963 0.635 -77.856
v -189.874 4.535 -87.220
v -179.637 4.535 -80.564
v -185.726 4.535 -71.200
v -195.963 4.535 -77.856
f 608 607 606 605
f 601 602 606 605
f 602 603 607 606
f 603 604 608 607
f 604 601 605 608
v -181.424 0.717 -84.130
v -151.880 0.717 -67.384
v -159.676 0.717 -53.630
v -189.220 0.717 -70.376
v -181.424 4.617 -84.130
v -151.880 4.617 -67.384
v -159.676 4.617 -53.630
v -189.220 4.617 -70.376
f 616 615 614 613
f 609 610 614 613
f 610 611 615 614
f 611 612 616 615
f 612 609 613 616
v -175.659 0.638 -62.318
v -163.113 0.638 -54.171
v -167.301 0.638 -47.722
v -179.847 0.638 -55.869
v -175.659 4.538 -62.318
v -163.113 4.538 -54.171
v -167.301 4.538 -47.722
v -179.847 4.538 -55.869
f 624 623 622 621
f 617 618 622 621
f 618 619 623 622
f 619 620 624 623
f 620 617 621 624
v -157.511 0.680 -65.479
v -141.602 0.680 -54.641
v -148.769 0.680 -44.121
v -164.678 0.680 -54.959
v -157.511 4.580 -65.479
v -141.602 4.580 -54.641
v -148.769 4.580 -44.121
v -164.678 4.580 -54.959
f 632 631 630 629
f 625 626 630 629
f 626 627 631 630
f 627 628 632 631
f 628 625 629 632
v -155.671 0.856 -51.472
v -139.791 0.856 -40.787
v -143.989 0.856 -34.548
v -159.869 0.856 -45.233
v -155.671 7.656 -51.472
v -139.791 7.656 -40.787
v -143.989 7.656 -34.548
v -159.869 7.656 -45.233
f 640 639 638 637
f 633 634 638 637
f 634 635 639 638
f 635 636 640 639
f 636 633 637 640
v -245.329 0.599 -65.653
v -235.289 0.599 -59.007
v -240.571 0.599 -51.027
v -250.611 0.599 -57.673
v -245.329 4.499 -65.653
v -235.289 4.499 -59.007
v -240.571 4.499 -51.027
v -250.611 4.499 -57.673
f 648 647 646 645
f 641 642 646 645
f 642 643 647 646
f 643 644 648 647
f 644 641 645 648
v -260.434 0.372 -56.917
v -248.347 0.372 -55.679
v -249.406 0.372 -45.343
v -261.493 0.372 -46.581
v -260.434 7.172 -56.917
v -248.347 7.172 -55.679
v -249.406 7.172 -45.343
v -261.493 7.172 -46.581
f 656 655 654 653
f 649 650 654 653
f 650 651 655 654
f 651 652 656 655
f 652 649 653 656
v -246.340 0.561 -42.810
v -237.099 0.561 -36.606
v -240.560 0.561 -31.450
v -249.801 0.561 -37.654
v -246.340 7.361 -42.810
v -237.099 7.361 -36.606
v -240.560 7.361 -31.450
v -249.801 7.361 -37.654
f 664 663 662 661
f 657 658 662 661
f 658 659 663 662
f 659 660 664 663
f 660 657 661 664
v -236.590 0.713 -49.449
v -228.616 0.713 -44.121
v -231.750 0.713 -39.431
v -239.724 0.713 -44.759
v -236.590 4.613 -49.449
v -228.616 4.613 -44.121
v -231.750 4.613 -39.431
v -239.724 4.613 -44.759
f 672 671 670 669
f 665 666 670 669
f 666 667 671 670
f 667 668 672 671
f 668 665 669 672
v -200.821 0.711 -47.198
v -190.284 0.711 -40.162
v -194.999 0.711 -33.102
v -205.536 0.711 -40.138
v -200.821 4.611 -47.198
v -190.284 4.611 -40.162
v -194.999 4.611 -33.102
v -205.536 4.611 -40.138
f 680 679 678 677
f 673 674 678 677
f 674 675 679 678
f 675 676 680 679
f 676 673 677 680
v -112.148 0.137 -241.111
v -106.095 0.137 -248.971
v -98.172 0.137 -242.869
v -104.225 0.137 -235.009
v -112.148 6.937 -241.111
v -106.095 6.937 -248.971
v -98.172 6.937 -242.869
v -104.225 6.937 -235.009
f 688 687 686 685
f 681 682 686 685
f 682 683 687 686
f 683 684 688 687
f 684 681 685 688
v -127.422 0.423 -226.653
v -124.641 0.423 -230.553
v -121.238 0.423 -228.127
v -124.019 0.423 -224.227
v -127.422 4.323 -226.653
v -124.641 4.323 -230.553
v -121.238 4.323 -228.127
v -124.019 4.323 -224.227
f 696 695 694 693
f 689 690 694 693
f 690 691 695 694
f 691 692 696 695
f 692 689 693 696
v 170.214 2.841 235.128
v 200.108 2.841 249.866
v 192.286 2.841 265.732
v 162.392 2.841 250.994
v 170.214 6.741 235.128
v 200.108 6.741 249.866
v 192.286 6.741 265.732
v 162.392 6.741 250.994
f 704 703 702 701
f 697 698 702 701
f 698 699 703 702
f 699 700 704 703
f 700 697 701 704
v 18.140 2.372 4.885
v 47.061 2.372 17.369
v 38.960 2.372 36.135
v 10.039 2.372 23.651
v 18.140 9.172 4.885
v 47.061 9.172 17.369
v 38.960 9.172 36.135
v 10.039 9.172 23.651
f 712 711 710 709
f 705 706 710 709
f 706 707 711 710
f 707 708 712 711
f 708 705 709 712
v -5.862 2.122 -57.878
v 12.470 2.122 -35.615
v -8.798 2.122 -18.102
v -27.130 2.122 -40.365
v -5.862 8.922 -57.878
v 12.470 8.922 -35.615
v -8.798 8.922 -18.102
v -27.130 8.922 -40.365
f 720 719 718 717
f 713 714 718 717
f 714 715 719 718
f 715 716 720 719
f 716 713 717 720
v -40.798 1.306 -66.460
v -3.907 1.306 -41.556
v -12.222 1.306 -29.240
v -49.113 1.306 -54.144
v -40.798 8.106 -66.460
v -3.907 8.106 -41.556
v -12.222 8.106 -29.240
v -49.113 8.106 -54.144
f 728 727 726 725
f 721 722 726 725
f 722 723 727 726
f 723 724 728 727
f 724 721 725 728
v -242.298 0.472 -103.734
v -226.144 0.472 -93.731
v -233.082 0.472 -82.526
v -249.236 0.472 -92.529
v -242.298 7.272 -103.734
v -226.144 7.272 -93.731
v -233.082 7.272 -82.526
v -249.236 7.272 -92.529
f 736 735 734 733
f 729 730 734 733
f 730 731 735 734
f 731 732 736 735
f 732 729 733 736
v -196.181 0.699 -20.043
v -187.067 0.699 -32.876
v -175.579 0.699 -24.717
v -184.693 0.699 -11.884
v -196.181 4.599 -20.043
v -187.067 4.599 -32.876
v -175.579 4.599 -24.717
v -184.693 4.599 -11.884
f 744 743 742 741
f 737 738 742 741
f 738 739 743 742
f 739 740 744 743
f 740 737 741 744
v 94.820 0.489 -217.681
v 103.469 0.489 -230.169
v 112.060 0.489 -224.219
v 103.411 0.489 -211.731
v 94.820 9.789 -217.681
v 103.469 9.789 -230.169
v 112.060 9.789 -224.219
v 103.411 9.789 -211.731
f 752 751 750 749
f 745 746 750 749
f 746 747 751 750
f 747 748 752 751
f 748 745 749 752
v 98.887 0.824 -191.753
v 112.219 0.824 -182.427
v 105.713 0.824 -173.127
v 92.381 0.824 -182.453
v 98.887 4.724 -191.753
v 112.219 4.724 -182.427
v 105.713 4.724 -173.127
v 92.381 4.724 -182.453
f 760 759 758 757
f 753 754 758 757
f 754 755 759 758
f 755 756 760 759
f 756 753 757 760
v -29.271 0.927 -141.647
v -15.611 0.927 -132.464
v -22.529 0.927 -122.173
v -36.189 0.927 -131.356
v -29.271 4.827 -141.647
v -15.611 4.827 -132.464
v -22.529 4.827 -122.173
v -36.189 4.827 -131.356
f 768 767 766 765
f 761 762 766 765
f 762 763 767 766
f 763 764 768 767
f 764 761 765 768
v 132.446 1.652 -146.299
v 143.660 1.652 -138.892
v 137.074 1.652 -128.921
v 125.860 1.652 -136.328
v 132.446 5.552 -146.299
v 143.660 5.552 -138.892
v 137.074 5.552 -128.921
v 125.860 5.552 -136.328
f 776 775 774 773
f 769 770 774 773
f 770 771 775 774
f 771 772 776 775
f 772 769 773 776
v -24.141 0.574 -235.617
v -13.584 0.574 -228.378
v -18.119 0.574 -221.763
v -28.676 0.574 -229.002
v -24.141 4.474 -235.617
v -13.584 4.474 -228.378
v -18.119 4.474 -221.763
v -28.676 4.474 -229.002
f 784 783 782 781
f 777 778 782 781
f 778 779 783 782
f 779 780 784 783
f 780 777 781 784
v 74.640 0.686 -208.661
v 85.972 0.686 -224.726
v 98.940 0.686 -215.579
v 87.608 0.686 -199.514
v 74.640 9.986 -208.661
v 85.972 9.986 -224.726
v 98.940 9.986 -215.579
v 87.608 9.986 -199.514
f 792 791 790 789
f 785 786 790 789
f 786 787 791 790
f 787 788 792 791
f 788 785 789 792
v -185.186 2.329 163.991
v -178.258 2.329 153.864
v -171.234 2.329 158.669
v -178.162 2.329 168.796
v -185.186 6.229 163.991
v -178.258 6.229 153.864
v -171.234 6.229 158.669
v -178.162 6.229 168.796
f 800 799 798 797
f 793 794 798 797
f 794 795 799 798
f 795 796 800 799
f 796 793 797 800
v 249.245 0.450 -227.567
v 263.112 0.450 -218.334
v 254.815 0.450 -205.873
v 240.948 0.450 -215.106
v 249.245 4.350 -227.567
v 263.112 4.350 -218.334
v 254.815 4.350 -205.873
v 240.948 4.350 -215.106
f 808 807 806 805
f 801 802 806 805
f 802 803 807 806
f 803 804 808 807
f 804 801 805 808
v 239.919 0.447 -239.379
v 253.981 0.447 -229.251
v 248.961 0.447 -222.281
v 234.899 0.447 -232.409
v 239.919 4.347 -239.379
v 253.981 4.347 -229.251
v 248.961 4.347 -222.281
v 234.899 4.347 -232.409
f 816 815 814 813
f 809 810 814 813
f 810 811 815 814
f 811 812 816 815
f 812 809 813 816
v 198.232 3.333 -53.541
v 207.182 3.333 -67.522
v 214.248 3.333 -62.999
v 205.298 3.333 -49.018
v 198.232 7.233 -53.541
v 207.182 7.233 -67.522
v 214.248 7.233 -62.999
v 205.298 7.233 -49.018
f 824 823 822 821
f 817 818 822 821
f 818 819 823 822
f 819 820 824 823
f 820 817 821 824
v 127.859 0.667 -240.722
v 137.282 0.667 -251.677
v 146.001 0.667 -244.178
v 136.578 0.667 -233.223
v 127.859 4.567 -240.722
v 137.282 4.567 -251.677
v 146.001 4.567 -244.178
v 136.578 4.567 -233.223
f 832 831 830 829
f 825 826 830 829
f 826 827 831 830
f 827 828 832 831
f 828 825 829 832
v 103.884 0.515 -260.004
v 123.422 0.515 -247.291
v 114.576 0.515 -233.696
v 95.038 0.515 -246.409
v 103.884 4.415 -260.004
v 123.422 4.415 -247.291
v 114.576 4.415 -233.696
v 95.038 4.415 -246.409
f 840 839 838 837
f 833 834 838 837
f 834 835 839 838
f 835 836 840 839
f 836 833 837 840
v 105.413 0.500 -223.968
v 115.338 0.500 -238.936
v 125.147 0.500 -232.432
v 115.222 0.500 -217.464
v 105.413 7.300 -223.968
v 115.338 7.300 -238.936
v 125.147 7.300 -232.432
v 115.222 7.300 -217.464
f 848 847 846 845
f 841 842 846 845
f 842 843 847 846
f 843 844 848 847
f 844 841 845 848
v 47.913 0.700 -254.316
v 53.363 0.700 -260.878
v 59.787 0.700 -255.544
v 54.337 0.700 -248.982
v 47.913 4.600 -254.316
v 53.363 4.600 -260.878
v 59.787 4.600 -255.544
v 54.337 4.600 -248.982
f 856 855 854 853
f 849 850 854 853
f 850 851 855 854
f 851 852 856 855
f 852 849 853 856
v 229.464 0.445 -247.744
v 239.517 0.445 -241.357
v 234.776 0.445 -233.896
v 224.723 0.445 -240.283
v 229.464 4.345 -247.744
v 239.517 4.345 -241.357
v 234.776 4.345 -233.896
v 224.723 4.345 -240.283
f 864 863 862 861
f 857 858 862 861
f 858 859 863 862
f 859 860 864 863
f 860 857 861 864
v 239.456 0.042 -260.240
v 253.754 0.042 -257.832
v 251.384 0.042 -243.760
v 237.086 0.042 -246.168
v 239.456 3.942 -260.240
v 253.754 3.942 -257.832
v 251.384 3.942 -243.760
v 237.086 3.942 -246.168
f 872 871 870 869
f 865 866 870 869
f 866 867 871 870
f 867 868 872 871
f 868 865 869 872
v -174.214 2.243 177.413
v -153.057 2.243 183.730
v -157.046 2.243 197.087
v -178.203 2.243 190.770
v -174.214 6.143 177.413
v -153.057 6.143 183.730
v -157.046 6.143 197.087
v -178.203 6.143 190.770
f 880 879 878 877
f 873 874 878 877
f 874 875 879 878
f 875 876 880 879
f 876 873 877 880
v -154.512 2.638 198.041
v -141.072 2.638 207.281
v -146.488 2.638 215.159
v -159.928 2.638 205.919
v -154.512 6.538 198.041
v -141.072 6.538 207.281
v -146.488 6.538 215.159
v -159.928 6.538 205.919
f 888 887 886 885
f 881 882 886 885
f 882 883 887 886
f 883 884 888 887
f 884 881 885 888
v -160.296 2.486 192.923
v -153.338 2.486 197.892
v -156.784 2.486 202.717
v -163.742 2.486 197.748
v -160.296 6.386 192.923
v -153.338 6.386 197.892
v -156.784 6.386 202.717
v -163.742 6.386 197.748
f 896 895 894 893
f 889 890 894 893
f 890 891 895 894
f 891 892 896 895
f 892 889 893 896
v -131.453 2.651 180.461
v -113.518 2.651 192.409
v -118.707 2.651 200.199
v -136.642 2.651 188.251
v -131.453 6.551 180.461
v -113.518 6.551 192.409
v -118.707 6.551 200.199
v -136.642 6.551 188.251
f 904 903 902 901
f 897 898 902 901
f 898 899 903 902
f 899 900 904 903
f 900 897 901 904
v -136.732 2.388 156.924
v -119.901 2.388 165.544
v -128.348 2.388 182.036
v -145.179 2.388 173.416
v -136.732 6.288 156.924
v -119.901 6.288 165.544
v -128.348 6.288 182.036
v -145.179 6.288 173.416
f 912 911 910 909
f 905 906 910 909
f 906 907 911 910
f 907 908 912 911
f 908 905 909 912
v -199.929 2.233 170.361
v -189.442 2.233 154.626
v -181.171 2.233 160.139
v -191.658 2.233 175.874
v -199.929 6.133 170.361
v -189.442 6.133 154.626
v -181.171 6.133 160.139
v -191.658 6.133 175.874
f 920 919 918 917
f 913 914 918 917
f 914 915 919 918
f 915 916 920 919
f 916 913 917 920
v -179.764 1.481 155.533
v -167.809 1.481 138.573
v -159.816 1.481 144.207
v -171.771 1.481 161.167
v -179.764 5.381 155.533
v -167.809 5.381 138.573
v -159.816 5.381 144.207
v -171.771 5.381 161.167
f 928 927 926 925
f 921 922 926 925
f 922 923 927 926
f 923 924 928 927
f 924 921 925 928
v -161.311 2.169 147.322
v -154.413 2.169 131.511
v -144.129 2.169 135.998
v -151.027 2.169 151.809
v -161.311 6.069 147.322
v -154.413 6.069 131.511
v -144.129 6.069 135.998
v -151.027 6.069 151.809
f 936 935 934 933
f 929 930 934 933
f 930 931 935 934
f 931 932 936 935
f 932 929 933 936
v -254.999 2.230 148.867
v -236.539 2.230 159.553
v -242.721 2.230 170.233
v -261.181 2.230 159.547
v -254.999 6.130 148.867
v -236.539 6.130 159.553
v -242.721 6.130 170.233
v -261.181 6.130 159.547
f 944 943 942 941
f 937 938 942 941
f 938 939 943 942
f 939 940 944 943
f 940 937 941 944
v 119.152 2.829 4.614
v 128.516 2.829 -9.969
v 141.028 2.829 -1.934
v 131.664 2.829 12.649
v 119.152 6.729 4.614
v 128.516 6.729 -9.969
v 141.028 6.729 -1.934
v 131.664 6.729 12.649
f 952 951 950 949
f 945 946 950 949
f 946 947 951 950
f 947 948 952 951
f 948 945 949 952
v 135.135 3.294 -55.144
v 144.822 3.294 -48.799
v 140.745 3.294 -42.576
v 131.058 3.294 -48.921
v 135.135 7.194 -55.144
v 144.822 7.194 -48.799
v 140.745 7.194 -42.576
v 131.058 7.194 -48.921
f 960 959 958 957
f 953 954 958 957
f 954 955 959 958
f 955 956 960 959
f 956 953 957 960
v 134.826 3.514 -75.156
v 150.076 3.514 -65.389
v 145.654 3.514 -58.484
v 130.404 3.514 -68.251
v 134.826 7.414 -75.156
v 150.076 7.414 -65.389
v 145.654 7.414 -58.484
v 130.404 7.414 -68.251
f 968 967 966 965
f 961 962 966 965
f 962 963 967 966
f 963 964 968 967
f 964 961 965 968
v 131.460 3.221 -84.604
v 146.075 3.221 -77.386
v 141.320 3.221 -67.756
v 126.705 3.221 -74.974
v 131.460 7.121 -84.604
v 146.075 7.121 -77.386
v 141.320 7.121 -67.756
v 126.705 7.121 -74.974
f 976 975 974 973
f 969 970 974 973
f 970 971 975 974
f 971 972 976 975
f 972 969 973 976
v 114.239 3.497 -39.329
v 123.420 3.497 -53.696
v 130.221 3.497 -49.351
v 121.040 3.497 -34.984
v 114.239 7.397 -39.329
v 123.420 7.397 -53.696
v 130.221 7.397 -49.351
v 121.040 7.397 -34.984
f 984 983 982 981
f 977 978 982 981
f 978 979 983 982
f 979 980 984 983
f 980 977 981 984
v 103.967 3.368 -56.669
v 109.877 3.368 -64.536
v 116.913 3.368 -59.251
v 111.003 3.368 -51.384
v 103.967 7.268 -56.669
v 109.877 7.268 -64.536
v 116.913 7.268 -59.251
v 111.003 7.268 -51.384
f 992 991 990 989
f 985 986 990 989
f 986 987 991 990
f 987 988 992 991
f 988 985 989 992
v 100.196 3.336 -34.581
v 110.815 3.336 -49.003
v 118.264 3.336 -43.519
v 107.645 3.336 -29.097
v 100.196 7.236 -34.581
v 110.815 7.236 -49.003
v 118.264 7.236 -43.519
v 107.645 7.236 -29.097
f 1000 999 998 997
f 993 994 998 997
f 994 995 999 998
f 995 996 1000 999
f 996 993 997 1000
v 83.420 3.318 -26.210
v 96.737 3.318 -46.608
v 105.680 3.318 -40.770
v 92.363 3.318 -20.372
v 83.420 7.218 -26.210
v 96.737 7.218 -46.608
v 105.680 7.218 -40.770
v 92.363 7.218 -20.372
f 1008 1007 1006 1005
f 1001 1002 1006 1005
f 1002 1003 1007 1006
f 1003 1004 1008 1007
f 1004 1001 1005 1008
v 73.652 2.931 -17.363
v 84.152 2.931 -33.054
v 91.648 2.931 -28.037
v 81.148 2.931 -12.346
v 73.652 6.831 -17.363
v 84.152 6.831 -33.054
v 91.648 6.831 -28.037
v 81.148 6.831 -12.346
f 1016 1015 1014 1013
f 1009 1010 1014 1013
f 1010 1011 1015 1014
f 1011 1012 1016 1015
f 1012 1009 1013 1016
v 49.456 2.632 -41.726
v 72.729 2.632 -23.162
v 57.264 2.632 -3.774
v 33.991 2.632 -22.338
v 49.456 8.432 -41.726
v 72.729 8.432 -23.162
v 57.264 8.432 -3.774
v 33.991 8.432 -22.338
f 1024 1023 1022 1021
f 1017 1018 1022 1021
f 1018 1019 1023 1022
f 1019 1020 1024 1023
f 1020 1017 1021 1024
v 45.142 2.096 -98.579
v 52.096 2.096 -94.140
v 48.738 2.096 -88.881
v 41.784 2.096 -93.320
v 45.142 5.996 -98.579
v 52.096 5.996 -94.140
v 48.738 5.996 -88.881
v 41.784 5.996 -93.320
f 1032 1031 1030 1029
f 1025 1026 1030 1029
f 1026 1027 1031 1030
f 1027 1028 1032 1031
f 1028 1025 1029 1032
v 66.230 2.795 -65.834
v 80.267 2.795 -54.078
v 74.110 2.795 -46.726
v 60.073 2.795 -58.482
v 66.230 6.695 -65.834
v 80.267 6.695 -54.078
v 74.110 6.695 -46.726
v 60.073 6.695 -58.482
f 1040 1039 1038 1037
f 1033 1034 1038 1037
f 1034 1035 1039 1038
f 1035 1036 1040 1039
f 1036 1033 1037 1040
v 91.519 3.286 -75.903
v 110.083 3.286 -63.172
v 104.421 3.286 -54.917
v 85.857 3.286 -67.648
v 91.519 7.186 -75.903
v 110.083 7.186 -63.172
v 104.421 7.186 -54.917
v 85.857 7.186 -67.648
f 1048 1047 1046 1045
f 1041 1042 1046 1045
f 1042 1043 1047 1046
f 1043 1044 1048 1047
f 1044 1041 1045 1048
v 114.738 3.027 -77.184
v 120.050 3.027 -73.438
v 118.102 3.027 -70.676
v 112.790 3.027 -74.422
v 114.738 6.927 -77.184
v 120.050 6.927 -73.438
v 118.102 6.927 -70.676
v 112.790 6.927 -74.422
f 1056 1055 1054 1053
f 1049 1050 1054 1053
f 1050 1051 1055 1054
f 1051 1052 1056 1055
f 1052 1049 1053 1056
v 120.974 3.033 -96.478
v 138.576 3.033 -88.611
v 133.226 3.033 -76.642
v 115.624 3.033 -84.509
v 120.974 6.933 -96.478
v 138.576 6.933 -88.611
v 133.226 6.933 -76.642
v 115.624 6.933 -84.509
f 1064 1063 1062 1061
f 1057 1058 1062 1061
f 1058 1059 1063 1062
f 1059 1060 1064 1063
f 1060 1057 1061 1064
v 83.481 2.562 -94.654
v 100.182 2.562 -81.083
v 89.979 2.562 -68.526
v 73.278 2.562 -82.097
v 83.481 6.462 -94.654
v 100.182 6.462 -81.083
v 89.979 6.462 -68.526
v 73.278 6.462 -82.097
f 1072 1071 1070 1069
f 1065 1066 1070 1069
f 1066 1067 1071 1070
f 1067 1068 1072 1071
f 1068 1065 1069 1072
v 113.554 2.582 -105.657
v 129.013 2.582 -95.604
v 125.306 2.582 -89.903
v 109.847 2.582 -99.956
v 113.554 6.482 -105.657
v 129.013 6.482 -95.604
v 125.306 6.482 -89.903
v 109.847 6.482 -99.956
f 1080 1079 1078 1077
f 1073 1074 1078 1077
f 1074 1075 1079 1078
f 1075 1076 1080 1079
f 1076 1073 1077 1080
v 110.713 2.019 -115.847
v 124.147 2.019 -108.524
v 120.107 2.019 -101.113
v 106.673 2.019 -108.436
v 110.713 5.919 -115.847
v 124.147 5.919 -108.524
v 120.107 5.919 -101.113
v 106.673 5.919 -108.436
f 1088 1087 1086 1085
f 1081 1082 1086 1085
f 1082 1083 1087 1086
f 1083 1084 1088 1087
f 1084 1081 1085 1088
v 99.943 1.714 -128.398
v 117.058 1.714 -117.463
v 110.937 1.714 -107.882
v 93.822 1.714 -118.817
v 99.943 5.614 -128.398
v 117.058 5.614 -117.463
v 110.937 5.614 -107.882
v 93.822 5.614 -118.817
f 1096 1095 1094 1093
f 1089 1090 1094 1093
f 1090 1091 1095 1094
f 1091 1092 1096 1095
f 1092 1089 1093 1096
v 69.087 2.089 -102.663
v 85.602 2.089 -95.785
v 81.493 2.089 -85.917
v 64.978 2.089 -92.795
v 69.087 5.989 -102.663
v 85.602 5.989 -95.785
v 81.493 5.989 -85.917
v 64.978 5.989 -92.795
f 1104 1103 1102 1101
f 1097 1098 1102 1101
f 1098 1099 1103 1102
f 1099 1100 1104 1103
f 1100 1097 1101 1104
v 60.315 1.751 -118.476
v 76.145 1.751 -107.176
v 71.125 1.751 -100.144
v 55.295 1.751 -111.444
v 60.315 5.651 -118.476
v 76.145 5.651 -107.176
v 71.125 5.651 -100.144
v 55.295 5.651 -111.444
f 1112 1111 1110 1109
f 1105 1106 1110 1109
f 1106 1107 1111 1110
f 1107 1108 1112 1111
f 1108 1105 1109 1112
v 31.358 1.046 -129.175
v 42.631 1.046 -146.464
v 51.862 1.046 -140.445
v 40.589 1.046 -123.156
v 31.358 4.946 -129.175
v 42.631 4.946 -146.464
v 51.862 4.946 -140.445
v 40.589 4.946 -123.156
f 1120 1119 1118 1117
f 1113 1114 1118 1117
f 1114 1115 1119 1118
f 1115 1116 1120 1119
f 1116 1113 1117 1120
v 41.355 1.264 -128.799
v 54.678 1.264 -150.788
v 61.785 1.264 -146.481
v 48.462 1.264 -124.492
v 41.355 5.164 -128.799
v 54.678 5.164 -150.788
v 61.785 5.164 -146.481
v 48.462 5.164 -124.492
f 1128 1127 1126 1125
f 1121 1122 1126 1125
f 1122 1123 1127 1126
f 1123 1124 1128 1127
f 1124 1121 1125 1128
v 50.611 0.903 -147.281
v 64.028 0.903 -165.031
v 77.669 0.903 -154.719
v 64.252 0.903 -136.969
v 50.611 4.803 -147.281
v 64.028 4.803 -165.031
v 77.669 4.803 -154.719
v 64.252 4.803 -136.969
f 1136 1135 1134 1133
f 1129 1130 1134 1133
f 1130 1131 1135 1134
f 1131 1132 1136 1135
f 1132 1129 1133 1136
v 75.376 1.214 -142.552
v 82.936 1.214 -138.558
v 79.264 1.214 -131.608
v 71.704 1.214 -135.602
v 75.376 5.114 -142.552
v 82.936 5.114 -138.558
v 79.264 5.114 -131.608
v 71.704 5.114 -135.602
f 1144 1143 1142 1141
f 1137 1138 1142 1141
f 1138 1139 1143 1142
f 1139 1140 1144 1143
f 1140 1137 1141 1144
v 85.362 1.218 -156.429
v 99.978 1.218 -147.847
v 93.158 1.218 -136.231
v 78.542 1.218 -144.813
v 85.362 5.118 -156.429
v 99.978 5.118 -147.847
v 93.158 5.118 -136.231
v 78.542 5.118 -144.813
f 1152 1151 1150 1149
f 1145 1146 1150 1149
f 1146 1147 1151 1150
f 1147 1148 1152 1151
f 1148 1145 1149 1152
v 103.008 1.213 -137.786
v 110.069 1.213 -132.965
v 106.252 1.213 -127.374
v 99.191 1.213 -132.195
v 103.008 5.113 -137.786
v 110.069 5.113 -132.965
v 106.252 5.113 -127.374
v 99.191 5.113 -132.195
f 1160 1159 1158 1157
f 1153 1154 1158 1157
f 1154 1155 1159 1158
f 1155 1156 1160 1159
f 1156 1153 1157 1160
v 65.743 0.795 -154.897
v 74.719 0.795 -169.345
v 81.837 0.795 -164.923
v 72.861 0.795 -150.475
v 65.743 4.695 -154.897
v 74.719 4.695 -169.345
v 81.837 4.695 -164.923
v 72.861 4.695 -150.475
f 1168 1167 1166 1165
f 1161 1162 1166 1165
f 1162 1163 1167 1166
f 1163 1164 1168 1167
f 1164 1161 1165 1168
v 73.796 0.719 -165.054
v 80.413 0.719 -174.980
v 87.544 0.719 -170.226
v 80.927 0.719 -160.300
v 73.796 7.519 -165.054
v 80.413 7.519 -174.980
v 87.544 7.519 -170.226
v 80.927 7.519 -160.300
f 1176 1175 1174 1173
f 1169 1170 1174 1173
f 1170 1171 1175 1174
f 1171 1172 1176 1175
f 1172 1169 1173 1176
v 245.624 2.455 90.628
v 263.502 2.455 101.473
v 257.096 2.455 112.032
v 239.218 2.455 101.187
v 245.624 6.355 90.628
v 263.502 6.355 101.473
v 257.096 6.355 112.032
v 239.218 6.355 101.187
f 1184 1183 1182 1181
f 1177 1178 1182 1181
f 1178 1179 1183 1182
f 1179 1180 1184 1183
f 1180 1177 1181 1184
v 245.104 2.729 77.781
v 255.752 2.729 84.499
v 252.396 2.729 89.819
v 241.748 2.729 83.101
v 245.104 6.629 77.781
v 255.752 6.629 84.499
v 252.396 6.629 89.819
v 241.748 6.629 83.101
f 1192 1191 1190 1189
f 1185 1186 1190 1189
f 1186 1187 1191 1190
f 1187 1188 1192 1191
f 1188 1185 1189 1192
v 238.743 2.780 67.311
v 251.308 2.780 77.898
v 244.877 2.780 85.529
v 232.312 2.780 74.942
v 238.743 6.680 67.311
v 251.308 6.680 77.898
v 244.877 6.680 85.529
v 232.312 6.680 74.942
f 1200 1199 1198 1197
f 1193 1194 1198 1197
f 1194 1195 1199 1198
f 1195 1196 1200 1199
f 1196 1193 1197 1200
v 229.502 2.827 66.782
v 235.921 2.827 57.313
v 243.098 2.827 62.178
v 236.679 2.827 71.647
v 229.502 6.727 66.782
v 235.921 6.727 57.313
v 243.098 6.727 62.178
v 236.679 6.727 71.647
f 1208 1207 1206 1205
f 1201 1202 1206 1205
f 1202 1203 1207 1206
f 1203 1204 1208 1207
f 1204 1201 1205 1208
v 214.943 2.741 80.696
v 223.891 2.741 65.784
v 233.057 2.741 71.284
v 224.109 2.741 86.196
v 214.943 6.641 80.696
v 223.891 6.641 65.784
v 233.057 6.641 71.284
v 224.109 6.641 86.196
f 1216 1215 1214 1213
f 1209 1210 1214 1213
f 1210 1211 1215 1214
f 1211 1212 1216 1215
f 1212 1209 1213 1216
v 235.976 2.632 101.235
v 240.313 2.632 104.229
v 238.824 2.632 106.385
v 234.487 2.632 103.391
v 235.976 6.532 101.235
v 240.313 6.532 104.229
v 238.824 6.532 106.385
v 234.487 6.532 103.391
f 1224 1223 1222 1221
f 1217 1218 1222 1221
f 1218 1219 1223 1222
f 1219 1220 1224 1223
f 1220 1217 1221 1224
v 228.518 2.872 106.292
v 237.505 2.872 111.760
v 232.682 2.872 119.688
v 223.695 2.872 114.220
v 228.518 6.772 106.292
v 237.505 6.772 111.760
v 232.682 6.772 119.688
v 223.695 6.772 114.220
f 1232 1231 1230 1229
f 1225 1226 1230 1229
f 1226 1227 1231 1230
f 1227 1228 1232 1231
f 1228 1225 1229 1232
v 208.891 2.403 101.267
v 227.051 2.403 90.251
v 234.089 2.403 101.853
v 215.929 2.403 112.869
v 208.891 6.303 101.267
v 227.051 6.303 90.251
v 234.089 6.303 101.853
v 215.929 6.303 112.869
f 1240 1239 1238 1237
f 1233 1234 1238 1237
f 1234 1235 1239 1238
f 1235 1236 1240 1239
f 1236 1233 1237 1240
v 205.356 2.598 87.826
v 212.703 2.598 76.763
v 216.784 2.598 79.474
v 209.437 2.598 90.537
v 205.356 6.498 87.826
v 212.703 6.498 76.763
v 216.784 6.498 79.474
v 209.437 6.498 90.537
f 1248 1247 1246 1245
f 1241 1242 1246 1245
f 1242 1243 1247 1246
f 1243 1244 1248 1247
f 1244 1241 1245 1248
v 190.404 2.438 99.172
v 198.613 2.438 85.660
v 206.296 2.438 90.328
v 198.087 2.438 103.840
v 190.404 6.338 99.172
v 198.613 6.338 85.660
v 206.296 6.338 90.328
v 198.087 6.338 103.840
f 1256 1255 1254 1253
f 1249 1250 1254 1253
f 1250 1251 1255 1254
f 1251 1252 1256 1255
f 1252 1249 1253 1256
v 229.041 2.771 119.409
v 242.328 2.771 129.040
v 235.579 2.771 138.351
v 222.292 2.771 128.720
v 229.041 6.671 119.409
v 242.328 6.671 129.040
v 235.579 6.671 138.351
v 222.292 6.671 128.720
f 1264 1263 1262 1261
f 1257 1258 1262 1261
f 1258 1259 1263 1262
f 1259 1260 1264 1263
f 1260 1257 1261 1264
v 249.060 2.735 157.128
v 253.946 2.735 148.691
v 258.680 2.735 151.432
v 253.794 2.735 159.869
v 249.060 6.635 157.128
v 253.946 6.635 148.691
v 258.680 6.635 151.432
v 253.794 6.635 159.869
f 1272 1271 1270 1269
f 1265 1266 1270 1269
f 1266 1267 1271 1270
f 1267 1268 1272 1271
f 1268 1265 1269 1272
v 235.755 3.486 203.865
v 247.772 3.486 183.647
v 259.025 3.486 190.335
v 247.008 3.486 210.553
v 235.755 7.386 203.865
v 247.772 7.386 183.647
v 259.025 7.386 190.335
v 247.008 7.386 210.553
f 1280 1279 1278 1277
f 1273 1274 1278 1277
f 1274 1275 1279 1278
f 1275 1276 1280 1279
f 1276 1273 1277 1280
v 222.855 3.474 195.733
v 234.996 3.474 184.812
v 242.205 3.474 192.827
v 230.064 3.474 203.748
v 222.855 7.374 195.733
v 234.996 7.374 184.812
v 242.205 7.374 192.827
v 230.064 7.374 203.748
f 1288 1287 1286 1285
f 1281 1282 1286 1285
f 1282 1283 1287 1286
f 1283 1284 1288 1287
f 1284 1281 1285 1288
v 217.653 3.481 208.944
v 229.242 3.481 222.638
v 216.127 3.481 233.736
v 204.538 3.481 220.042
v 217.653 7.381 208.944
v 229.242 7.381 222.638
v 216.127 7.381 233.736
v 204.538 7.381 220.042
f 1296 1295 1294 1293
f 1289 1290 1294 1293
f 1290 1291 1295 1294
f 1291 1292 1296 1295
f 1292 1289 1293 1296
v 203.933 3.409 199.276
v 218.402 3.409 213.011
v 210.967 3.409 220.844
v 196.498 3.409 207.109
v 203.933 7.309 199.276
v 218.402 7.309 213.011
v 210.967 7.309 220.844
v 196.498 7.309 207.109
f 1304 1303 1302 1301
f 1297 1298 1302 1301
f 1298 1299 1303 1302
f 1299 1300 1304 1303
f 1300 1297 1301 1304
v 180.471 3.136 177.818
v 198.000 3.136 177.603
v 198.189 3.136 193.082
v 180.660 3.136 193.297
v 180.471 7.036 177.818
v 198.000 7.036 177.603
v 198.189 7.036 193.082
v 180.660 7.036 193.297
f 1312 1311 1310 1309
f 1305 1306 1310 1309
f 1306 1307 1311 1310
f 1307 1308 1312 1311
f 1308 1305 1309 1312
v 192.454 3.518 185.251
v 209.877 3.518 196.147
v 205.386 3.518 203.329
v 187.963 3.518 192.433
v 192.454 7.418 185.251
v 209.877 7.418 196.147
v 205.386 7.418 203.329
v 187.963 7.418 192.433
f 1320 1319 1318 1317
f 1313 1314 1318 1317
f 1314 1315 1319 1318
f 1315 1316 1320 1319
f 1316 1313 1317 1320
v 220.491 3.240 178.918
v 228.411 3.240 195.847
v 216.409 3.240 201.462
v 208.489 3.240 184.533
v 220.491 7.140 178.918
v 228.411 7.140 195.847
v 216.409 7.140 201.462
v 208.489 7.140 184.533
f 1328 1327 1326 1325
f 1321 1322 1326 1325
f 1322 1323 1327 1326
f 1323 1324 1328 1327
f 1324 1321 1325 1328
v 212.987 3.389 177.786
v 222.136 3.389 153.534
v 240.213 3.389 160.354
v 231.064 3.389 184.606
v 212.987 7.289 177.786
v 222.136 7.289 153.534
v 240.213 7.289 160.354
v 231.064 7.289 184.606
f 1336 1335 1334 1333
f 1329 1330 1334 1333
f 1330 1331 1335 1334
f 1331 1332 1336 1335
f 1332 1329 1333 1336
v 176.415 2.893 151.205
v 193.767 2.893 162.473
v 186.245 2.893 174.055
v 168.893 2.893 162.787
v 176.415 6.793 151.205
v 193.767 6.793 162.473
v 186.245 6.793 174.055
v 168.893 6.793 162.787
f 1344 1343 1342 1341
f 1337 1338 1342 1341
f 1338 1339 1343 1342
f 1339 1340 1344 1343
f 1340 1337 1341 1344
v 194.484 3.073 137.257
v 214.079 3.073 150.465
v 208.836 3.073 158.243
v 189.241 3.073 145.035
v 194.484 6.973 137.257
v 214.079 6.973 150.465
v 208.836 6.973 158.243
v 189.241 6.973 145.035
f 1352 1351 1350 1349
f 1345 1346 1350 1349
f 1346 1347 1351 1350
f 1347 1348 1352 1351
f 1348 1345 1349 1352
v 161.393 2.960 143.174
v 179.008 2.960 150.765
v 173.147 2.960 164.366
v 155.532 2.960 156.775
v 161.393 6.860 143.174
v 179.008 6.860 150.765
v 173.147 6.860 164.366
v 155.532 6.860 156.775
f 1360 1359 1358 1357
f 1353 1354 1358 1357
f 1354 1355 1359 1358
f 1355 1356 1360 1359
f 1356 1353 1357 1360
v 133.994 2.153 136.758
v 154.349 2.153 105.884
v 180.706 2.153 123.262
v 160.351 2.153 154.136
v 133.994 8.953 136.758
v 154.349 8.953 105.884
v 180.706 8.953 123.262
v 160.351 8.953 154.136
f 1368 1367 1366 1365
f 1361 1362 1366 1365
f 1362 1363 1367 1366
f 1363 1364 1368 1367
f 1364 1361 1365 1368
v 166.506 2.505 112.904
v 172.945 2.505 103.484
v 179.574 2.505 108.016
v 173.135 2.505 117.436
v 166.506 6.405 112.904
v 172.945 6.405 103.484
v 179.574 6.405 108.016
v 173.135 6.405 117.436
f 1376 1375 1374 1373
f 1369 1370 1374 1373
f 1370 1371 1375 1374
f 1371 1372 1376 1375
f 1372 1369 1373 1376
v 182.836 2.862 93.661
v 193.765 2.862 100.645
v 187.584 2.862 110.319
v 176.655 2.862 103.335
v 182.836 6.762 93.661
v 193.765 6.762 100.645
v 187.584 6.762 110.319
v 176.655 6.762 103.335
f 1384 1383 1382 1381
f 1377 1378 1382 1381
f 1378 1379 1383 1382
f 1379 1380 1384 1383
f 1380 1377 1381 1384
v 208.752 2.707 126.656
v 214.278 2.707 119.313
v 219.608 2.707 123.324
v 214.082 2.707 130.667
v 208.752 6.607 126.656
v 214.278 6.607 119.313
v 219.608 6.607 123.324
v 214.082 6.607 130.667
f 1392 1391 1390 1389
f 1385 1386 1390 1389
f 1386 1387 1391 1390
f 1387 1388 1392 1391
f 1388 1385 1389 1392
v 195.470 2.472 121.631
v 201.950 2.472 114.226
v 208.490 2.472 119.949
v 202.010 2.472 127.354
v 195.470 6.372 121.631
v 201.950 6.372 114.226
v 208.490 6.372 119.949
v 202.010 6.372 127.354
f 1400 1399 1398 1397
f 1393 1394 1398 1397
f 1394 1395 1399 1398
f 1395 1396 1400 1399
f 1396 1393 1397 1400
v 121.630 2.583 84.467
v 134.579 2.583 93.273
v 131.070 2.583 98.433
v 118.121 2.583 89.627
v 121.630 6.483 84.467
v 134.579 6.483 93.273
v 131.070 6.483 98.433
v 118.121 6.483 89.627
f 1408 1407 1406 1405
f 1401 1402 1406 1405
f 1402 1403 1407 1406
f 1403 1404 1408 1407
f 1404 1401 1405 1408
v 117.622 2.476 83.584
v 123.976 2.476 87.569
v 120.698 2.476 92.796
v 114.344 2.476 88.811
v 117.622 6.376 83.584
v 123.976 6.376 87.569
v 120.698 6.376 92.796
v 114.344 6.376 88.811
f 1416 1415 1414 1413
f 1409 1410 1414 1413
f 1410 1411 1415 1414
f 1411 1412 1416 1415
f 1412 1409 1413 1416
v 109.634 2.683 67.452
v 126.750 2.683 80.046
v 122.186 2.683 86.248
v 105.070 2.683 73.654
v 109.634 6.583 67.452
v 126.750 6.583 80.046
v 122.186 6.583 86.248
v 105.070 6.583 73.654
f 1424 1423 1422 1421
f 1417 1418 1422 1421
f 1418 1419 1423 1422
f 1419 1420 1424 1423
f 1420 1417 1421 1424
v 104.542 2.620 58.548
v 117.912 2.620 66.449
v 113.278 2.620 74.292
v 99.908 2.620 66.391
v 104.542 6.520 58.548
v 117.912 6.520 66.449
v 113.278 6.520 74.292
v 99.908 6.520 66.391
f 1432 1431 1430 1429
f 1425 1426 1430 1429
f 1426 1427 1431 1430
f 1427 1428 1432 1431
f 1428 1425 1429 1432
v 98.823 3.021 42.065
v 113.326 3.021 55.025
v 104.077 3.021 65.375
v 89.574 3.021 52.415
v 98.823 6.921 42.065
v 113.326 6.921 55.025
v 104.077 6.921 65.375
v 89.574 6.921 52.415
f 1440 1439 1438 1437
f 1433 1434 1438 1437
f 1434 1435 1439 1438
f 1435 1436 1440 1439
f 1436 1433 1437 1440
v 135.308 2.460 91.095
v 146.926 2.460 73.182
v 153.252 2.460 77.285
v 141.634 2.460 95.198
v 135.308 6.360 91.095
v 146.926 6.360 73.182
v 153.252 6.360 77.285
v 141.634 6.360 95.198
f 1448 1447 1446 1445
f 1441 1442 1446 1445
f 1442 1443 1447 1446
f 1443 1444 1448 1447
f 1444 1441 1445 1448
v 144.820 2.382 84.814
v 156.640 2.382 66.699
v 162.720 2.382 70.666
v 150.900 2.382 88.781
v 144.820 6.282 84.814
v 156.640 6.282 66.699
v 162.720 6.282 70.666
v 150.900 6.282 88.781
f 1456 1455 1454 1453
f 1449 1450 1454 1453
f 1450 1451 1455 1454
f 1451 1452 1456 1455
f 1452 1449 1453 1456
v 153.273 3.121 79.317
v 162.417 3.121 55.480
v 178.327 3.121 61.583
v 169.183 3.121 85.420
v 153.273 7.021 79.317
v 162.417 7.021 55.480
v 178.327 7.021 61.583
v 169.183 7.021 85.420
f 1464 1463 1462 1461
f 1457 1458 1462 1461
f 1458 1459 1463 1462
f 1459 1460 1464 1463
f 1460 1457 1461 1464
v 186.184 2.529 59.335
v 187.112 2.529 75.889
v 171.836 2.529 76.745
v 170.908 2.529 60.191
v 186.184 6.429 59.335
v 187.112 6.429 75.889
v 171.836 6.429 76.745
v 170.908 6.429 60.191
f 1472 1471 1470 1469
f 1465 1466 1470 1469
f 1466 1467 1471 1470
f 1467 1468 1472 1471
f 1468 1465 1469 1472
v 171.220 2.562 58.635
v 174.094 2.562 54.518
v 177.800 2.562 57.105
v 174.926 2.562 61.222
v 171.220 6.462 58.635
v 174.094 6.462 54.518
v 177.800 6.462 57.105
v 174.926 6.462 61.222
f 1480 1479 1478 1477
f 1473 1474 1478 1477
f 1474 1475 1479 1478
f 1475 1476 1480 1479
f 1476 1473 1477 1480
v 184.952 2.698 62.565
v 188.857 2.698 41.921
v 202.888 2.698 44.575
v 198.983 2.698 65.219
v 184.952 6.598 62.565
v 188.857 6.598 41.921
v 202.888 6.598 44.575
v 198.983 6.598 65.219
f 1488 1487 1486 1485
f 1481 1482 1486 1485
f 1482 1483 1487 1486
f 1483 1484 1488 1487
f 1484 1481 1485 1488
v 208.567 3.111 27.280
v 227.302 3.111 34.966
v 219.813 3.111 53.220
v 201.078 3.111 45.534
v 208.567 7.011 27.280
v 227.302 7.011 34.966
v 219.813 7.011 53.220
v 201.078 7.011 45.534
f 1496 1495 1494 1493
f 1489 1490 1494 1493
f 1490 1491 1495 1494
f 1491 1492 1496 1495
f 1492 1489 1493 1496
v 192.301 3.356 13.862
v 214.047 3.356 24.182
v 208.079 3.356 36.758
v 186.333 3.356 26.438
v 192.301 7.256 13.862
v 214.047 7.256 24.182
v 208.079 7.256 36.758
v 186.333 7.256 26.438
f 1504 1503 1502 1501
f 1497 1498 1502 1501
f 1498 1499 1503 1502
f 1499 1500 1504 1503
f 1500 1497 1501 1504
v 162.241 2.780 47.132
v 171.370 2.780 47.269
v 171.219 2.780 57.368
v 162.090 2.780 57.231
v 162.241 6.680 47.132
v 171.370 6.680 47.269
v 171.219 6.680 57.368
v 162.090 6.680 57.231
f 1512 1511 1510 1509
f 1505 1506 1510 1509
f 1506 1507 1511 1510
f 1507 1508 1512 1511
f 1508 1505 1509 1512
v 161.144 2.846 36.124
v 180.755 2.846 33.051
v 183.516 2.846 50.676
v 163.905 2.846 53.749
v 161.144 6.746 36.124
v 180.755 6.746 33.051
v 183.516 6.746 50.676
v 163.905 6.746 53.749
f 1520 1519 1518 1517
f 1513 1514 1518 1517
f 1514 1515 1519 1518
f 1515 1516 1520 1519
f 1516 1513 1517 1520
v 148.662 3.007 35.488
v 153.909 3.007 27.664
v 161.018 3.007 32.432
v 155.771 3.007 40.256
v 148.662 6.907 35.488
v 153.909 6.907 27.664
v 161.018 6.907 32.432
v 155.771 6.907 40.256
f 1528 1527 1526 1525
f 1521 1522 1526 1525
f 1522 1523 1527 1526
f 1523 1524 1528 1527
f 1524 1521 1525 1528
v 169.061 3.042 29.869
v 171.934 3.042 26.011
v 175.639 3.042 28.771
v 172.766 3.042 32.629
v 169.061 6.942 29.869
v 171.934 6.942 26.011
v 175.639 6.942 28.771
v 172.766 6.942 32.629
f 1536 1535 1534 1533
f 1529 1530 1534 1533
f 1530 1531 1535 1534
f 1531 1532 1536 1535
f 1532 1529 1533 1536
v 192.167 3.306 -1.105
v 205.788 3.306 12.751
v 195.113 3.306 23.245
v 181.492 3.306 9.389
v 192.167 7.206 -1.105
v 205.788 7.206 12.751
v 195.113 7.206 23.245
v 181.492 7.206 9.389
f 1544 1543 1542 1541
f 1537 1538 1542 1541
f 1538 1539 1543 1542
f 1539 1540 1544 1543
f 1540 1537 1541 1544
v 150.588 3.029 21.008
v 153.205 3.029 16.480
v 156.512 3.029 18.392
v 153.895 3.029 22.920
v 150.588 6.929 21.008
v 153.205 6.929 16.480
v 156.512 6.929 18.392
v 153.895 6.929 22.920
f 1552 1551 1550 1549
f 1545 1546 1550 1549
f 1546 1547 1551 1550
f 1547 1548 1552 1551
f 1548 1545 1549 1552
v 161.908 3.376 8.353
v 169.882 3.376 15.168
v 164.652 3.376 21.287
v 156.678 3.376 14.472
v 161.908 7.276 8.353
v 169.882 7.276 15.168
v 164.652 7.276 21.287
v 156.678 7.276 14.472
f 1560 1559 1558 1557
f 1553 1554 1558 1557
f 1554 1555 1559 1558
f 1555 1556 1560 1559
f 1556 1553 1557 1560
v 181.101 3.344 -8.475
v 197.967 3.344 4.615
v 192.859 3.344 11.195
v 175.993 3.344 -1.895
v 181.101 7.244 -8.475
v 197.967 7.244 4.615
v 192.859 7.244 11.195
v 175.993 7.244 -1.895
f 1568 1567 1566 1565
f 1561 1562 1566 1565
f 1562 1563 1567 1566
f 1563 1564 1568 1567
f 1564 1561 1565 1568
v 175.757 3.347 -20.678
v 191.869 3.347 -4.574
v 181.923 3.347 5.378
v 165.811 3.347 -10.726
v 175.757 7.247 -20.678
v 191.869 7.247 -4.574
v 181.923 7.247 5.378
v 165.811 7.247 -10.726
f 1576 1575 1574 1573
f 1569 1570 1574 1573
f 1570 1571 1575 1574
f 1571 1572 1576 1575
f 1572 1569 1573 1576
v 131.948 3.159 -2.343
v 144.652 3.159 -25.895
v 156.032 3.159 -19.757
v 143.328 3.159 3.795
v 131.948 7.059 -2.343
v 144.652 7.059 -25.895
v 156.032 7.059 -19.757
v 143.328 7.059 3.795
f 1584 1583 1582 1581
f 1577 1578 1582 1581
f 1578 1579 1583 1582
f 1579 1580 1584 1583
f 1580 1577 1581 1584
v 151.368 3.331 1.965
v 161.743 3.331 -18.618
v 171.012 3.331 -13.945
v 160.637 3.331 6.638
v 151.368 7.231 1.965
v 161.743 7.231 -18.618
v 171.012 7.231 -13.945
v 160.637 7.231 6.638
f 1592 1591 1590 1589
f 1585 1586 1590 1589
f 1586 1587 1591 1590
f 1587 1588 1592 1591
f 1588 1585 1589 1592
v 159.381 3.872 -45.467
v 177.290 3.872 -32.809
v 167.299 3.872 -18.673
v 149.390 3.872 -31.331
v 159.381 7.772 -45.467
v 177.290 7.772 -32.809
v 167.299 7.772 -18.673
v 149.390 7.772 -31.331
f 1600 1599 1598 1597
f 1593 1594 1598 1597
f 1594 1595 1599 1598
f 1595 1596 1600 1599
f 1596 1593 1597 1600
v 115.123 2.529 129.792
v 133.389 2.529 144.970
v 121.757 2.529 158.968
v 103.491 2.529 143.790
v 115.123 9.329 129.792
v 133.389 9.329 144.970
v 121.757 9.329 158.968
v 103.491 9.329 143.790
f 1608 1607 1606 1605
f 1601 1602 1606 1605
f 1602 1603 1607 1606
f 1603 1604 1608 1607
f 1604 1601 1605 1608
v 124.503 2.770 146.384
v 138.681 2.770 155.075
v 130.637 2.770 168.196
v 116.459 2.770 159.505
v 124.503 6.670 146.384
v 138.681 6.670 155.075
v 130.637 6.670 168.196
v 116.459 6.670 159.505
f 1616 1615 1614 1613
f 1609 1610 1614 1613
f 1610 1611 1615 1614
f 1611 1612 1616 1615
f 1612 1609 1613 1616
v 126.019 2.889 164.014
v 142.041 2.889 181.802
v 131.401 2.889 191.386
v 115.379 2.889 173.598
v 126.019 6.789 164.014
v 142.041 6.789 181.802
v 131.401 6.789 191.386
v 115.379 6.789 173.598
f 1624 1623 1622 1621
f 1617 1618 1622 1621
f 1618 1619 1623 1622
f 1619 1620 1624 1623
f 1620 1617 1621 1624
v 120.432 3.147 177.637
v 152.425 3.147 199.818
v 142.688 3.147 213.863
v 110.695 3.147 191.682
v 120.432 8.947 177.637
v 152.425 8.947 199.818
v 142.688 8.947 213.863
v 110.695 8.947 191.682
f 1632 1631 1630 1629
f 1625 1626 1630 1629
f 1626 1627 1631 1630
f 1627 1628 1632 1631
f 1628 1625 1629 1632
v 133.514 3.267 211.532
v 144.571 3.267 202.495
v 152.526 3.267 212.228
v 141.469 3.267 221.265
v 133.514 7.167 211.532
v 144.571 7.167 202.495
v 152.526 7.167 212.228
v 141.469 7.167 221.265
f 1640 1639 1638 1637
f 1633 1634 1638 1637
f 1634 1635 1639 1638
f 1635 1636 1640 1639
f 1636 1633 1637 1640
v 152.310 3.275 204.036
v 158.037 3.275 196.220
v 165.030 3.275 201.344
v 159.303 3.275 209.160
v 152.310 7.175 204.036
v 158.037 7.175 196.220
v 165.030 7.175 201.344
v 159.303 7.175 209.160
f 1648 1647 1646 1645
f 1641 1642 1646 1645
f 1642 1643 1647 1646
f 1643 1644 1648 1647
f 1644 1641 1645 1648
v 95.651 2.966 204.878
v 115.822 2.966 206.981
v 114.289 2.966 221.682
v 94.118 2.966 219.579
v 95.651 6.866 204.878
v 115.822 6.866 206.981
v 114.289 6.866 221.682
v 94.118 6.866 219.579
f 1656 1655 1654 1653
f 1649 1650 1654 1653
f 1650 1651 1655 1654
f 1651 1652 1656 1655
f 1652 1649 1653 1656
v 134.805 2.633 241.430
v 153.645 2.633 257.108
v 142.675 2.633 270.290
v 123.835 2.633 254.612
v 134.805 6.533 241.430
v 153.645 6.533 257.108
v 142.675 6.533 270.290
v 123.835 6.533 254.612
f 1664 1663 1662 1661
f 1657 1658 1662 1661
f 1658 1659 1663 1662
f 1659 1660 1664 1663
f 1660 1657 1661 1664
v 171.549 2.950 223.795
v 187.450 2.950 233.093
v 179.631 2.950 246.465
v 163.730 2.950 237.167
v 171.549 6.850 223.795
v 187.450 6.850 233.093
v 179.631 6.850 246.465
v 163.730 6.850 237.167
f 1672 1671 1670 1669
f 1665 1666 1670 1669
f 1666 1667 1671 1670
f 1667 1668 1672 1671
f 1668 1665 1669 1672
v 163.372 3.139 206.335
v 176.478 3.139 217.887
v 167.208 3.139 228.405
v 154.102 3.139 216.853
v 163.372 7.039 206.335
v 176.478 7.039 217.887
v 167.208 7.039 228.405
v 154.102 7.039 216.853
f 1680 1679 1678 1677
f 1673 1674 1678 1677
f 1674 1675 1679 1678
f 1675 1676 1680 1679
f 1676 1673 1677 1680
v 89.759 2.807 243.107
v 99.773 2.807 249.809
v 95.901 2.807 255.593
v 85.887 2.807 248.891
v 89.759 6.707 243.107
v 99.773 6.707 249.809
v 95.901 6.707 255.593
v 85.887 6.707 248.891
f 1688 1687 1686 1685
f 1681 1682 1686 1685
f 1682 1683 1687 1686
f 1683 1684 1688 1687
f 1684 1681 1685 1688
v 75.844 2.907 226.358
v 93.010 2.907 239.468
v 88.676 2.907 245.142
v 71.510 2.907 232.032
v 75.844 6.807 226.358
v 93.010 6.807 239.468
v 88.676 6.807 245.142
v 71.510 6.807 232.032
f 1696 1695 1694 1693
f 1689 1690 1694 1693
f 1690 1691 1695 1694
f 1691 1692 1696 1695
f 1692 1689 1693 1696
v 53.502 2.587 230.704
v 57.977 2.587 224.536
v 62.858 2.587 228.076
v 58.383 2.587 234.244
v 53.502 6.487 230.704
v 57.977 6.487 224.536
v 62.858 6.487 228.076
v 58.383 6.487 234.244
f 1704 1703 1702 1701
f 1697 1698 1702 1701
f 1698 1699 1703 1702
f 1699 1700 1704 1703
f 1700 1697 1701 1704
v 65.266 3.009 203.575
v 77.995 3.009 211.846
v 74.514 3.009 217.205
v 61.785 3.009 208.934
v 65.266 6.909 203.575
v 77.995 6.909 211.846
v 74.514 6.909 217.205
v 61.785 6.909 208.934
f 1712 1711 1710 1709
f 1705 1706 1710 1709
f 1706 1707 1711 1710
f 1707 1708 1712 1711
f 1708 1705 1709 1712
v 72.122 3.028 210.310
v 84.428 3.028 218.386
v 79.858 3.028 225.350
v 67.552 3.028 217.274
v 72.122 6.928 210.310
v 84.428 6.928 218.386
v 79.858 6.928 225.350
v 67.552 6.928 217.274
f 1720 1719 1718 1717
f 1713 1714 1718 1717
f 1714 1715 1719 1718
f 1715 1716 1720 1719
f 1716 1713 1717 1720
v 61.116 2.939 193.906
v 73.513 2.939 201.972
v 69.204 2.939 208.594
v 56.807 2.939 200.528
v 61.116 6.839 193.906
v 73.513 6.839 201.972
v 69.204 6.839 208.594
v 56.807 6.839 200.528
f 1728 1727 1726 1725
f 1721 1722 1726 1725
f 1722 1723 1727 1726
f 1723 1724 1728 1727
f 1724 1721 1725 1728
v 56.532 2.586 186.136
v 68.098 2.586 194.059
v 64.108 2.586 199.884
v 52.542 2.586 191.961
v 56.532 6.486 186.136
v 68.098 6.486 194.059
v 64.108 6.486 199.884
v 52.542 6.486 191.961
f 1736 1735 1734 1733
f 1729 1730 1734 1733
f 1730 1731 1735 1734
f 1731 1732 1736 1735
f 1732 1729 1733 1736
v 35.566 2.384 194.626
v 41.351 2.384 186.542
v 48.214 2.384 191.454
v 42.429 2.384 199.538
v 35.566 6.284 194.626
v 41.351 6.284 186.542
v 48.214 6.284 191.454
v 42.429 6.284 199.538
f 1744 1743 1742 1741
f 1737 1738 1742 1741
f 1738 1739 1743 1742
f 1739 1740 1744 1743
f 1740 1737 1741 1744
v 50.198 2.814 173.981
v 64.650 2.814 186.637
v 56.382 2.814 196.079
v 41.930 2.814 183.423
v 50.198 6.714 173.981
v 64.650 6.714 186.637
v 56.382 6.714 196.079
v 41.930 6.714 183.423
f 1752 1751 1750 1749
f 1745 1746 1750 1749
f 1746 1747 1751 1750
f 1747 1748 1752 1751
f 1748 1745 1749 1752
v 49.026 2.432 116.388
v 64.362 2.432 128.942
v 58.034 2.432 136.672
v 42.698 2.432 124.118
v 49.026 6.332 116.388
v 64.362 6.332 128.942
v 58.034 6.332 136.672
v 42.698 6.332 124.118
f 1760 1759 1758 1757
f 1753 1754 1758 1757
f 1754 1755 1759 1758
f 1755 1756 1760 1759
f 1756 1753 1757 1760
v 65.503 2.473 122.403
v 73.507 2.473 127.703
v 68.837 2.473 134.757
v 60.833 2.473 129.457
v 65.503 6.373 122.403
v 73.507 6.373 127.703
v 68.837 6.373 134.757
v 60.833 6.373 129.457
f 1768 1767 1766 1765
f 1761 1762 1766 1765
f 1762 1763 1767 1766
f 1763 1764 1768 1767
f 1764 1761 1765 1768
v 76.959 2.385 134.370
v 85.042 2.385 122.164
v 92.421 2.385 127.050
v 84.338 2.385 139.256
v 76.959 6.285 134.370
v 85.042 6.285 122.164
v 92.421 6.285 127.050
v 84.338 6.285 139.256
f 1776 1775 1774 1773
f 1769 1770 1774 1773
f 1770 1771 1775 1774
f 1771 1772 1776 1775
f 1772 1769 1773 1776
v 71.232 2.538 112.629
v 77.271 2.538 116.420
v 74.528 2.538 120.791
v 68.489 2.538 117.000
v 71.232 6.438 112.629
v 77.271 6.438 116.420
v 74.528 6.438 120.791
v 68.489 6.438 117.000
f 1784 1783 1782 1781
f 1777 1778 1782 1781
f 1778 1779 1783 1782
f 1779 1780 1784 1783
f 1780 1777 1781 1784
v 92.719 2.530 109.795
v 109.248 2.530 121.301
v 101.741 2.530 132.085
v 85.212 2.530 120.579
v 92.719 9.330 109.795
v 109.248 9.330 121.301
v 101.741 9.330 132.085
v 85.212 9.330 120.579
f 1792 1791 1790 1789
f 1785 1786 1790 1789
f 1786 1787 1791 1790
f 1787 1788 1792 1791
f 1788 1785 1789 1792
v 64.691 2.770 82.904
v 95.955 2.770 106.897
v 86.409 2.770 119.336
v 55.145 2.770 95.343
v 64.691 9.570 82.904
v 95.955 9.570 106.897
v 86.409 9.570 119.336
v 55.145 9.570 95.343
f 1800 1799 1798 1797
f 1793 1794 1798 1797
f 1794 1795 1799 1798
f 1795 1796 1800 1799
f 1796 1793 1797 1800
v 35.704 2.825 98.518
v 49.865 2.825 107.943
v 43.676 2.825 117.242
v 29.515 2.825 107.817
v 35.704 6.725 98.518
v 49.865 6.725 107.943
v 43.676 6.725 117.242
v 29.515 6.725 107.817
f 1808 1807 1806 1805
f 1801 1802 1806 1805
f 1802 1803 1807 1806
f 1803 1804 1808 1807
f 1804 1801 1805 1808
v 64.365 2.678 75.373
v 82.610 2.678 87.985
v 76.235 2.678 97.207
v 57.990 2.678 84.595
v 64.365 6.578 75.373
v 82.610 6.578 87.985
v 76.235 6.578 97.207
v 57.990 6.578 84.595
f 1816 1815 1814 1813
f 1809 1810 1814 1813
f 1810 1811 1815 1814
f 1811 1812 1816 1815
f 1812 1809 1813 1816
v 28.473 1.543 83.147
v 42.265 1.543 92.276
v 36.707 1.543 100.673
v 22.915 1.543 91.544
v 28.473 5.443 83.147
v 42.265 5.443 92.276
v 36.707 5.443 100.673
v 22.915 5.443 91.544
f 1824 1823 1822 1821
f 1817 1818 1822 1821
f 1818 1819 1823 1822
f 1819 1820 1824 1823
f 1820 1817 1821 1824
v 63.514 2.579 63.336
v 75.610 2.579 71.001
v 69.486 2.579 80.664
v 57.390 2.579 72.999
v 63.514 6.479 63.336
v 75.610 6.479 71.001
v 69.486 6.479 80.664
v 57.390 6.479 72.999
f 1832 1831 1830 1829
f 1825 1826 1830 1829
f 1826 1827 1831 1830
f 1827 1828 1832 1831
f 1828 1825 1829 1832
v 33.196 2.654 60.694
v 43.715 2.654 40.173
v 55.524 2.654 46.226
v 45.005 2.654 66.747
v 33.196 6.554 60.694
v 43.715 6.554 40.173
v 55.524 6.554 46.226
v 45.005 6.554 66.747
f 1840 1839 1838 1837
f 1833 1834 1838 1837
f 1834 1835 1839 1838
f 1835 1836 1840 1839
f 1836 1833 1837 1840
v 44.689 2.722 53.575
v 57.051 2.722 32.840
v 66.251 2.722 38.325
v 53.889 2.722 59.060
v 44.689 6.622 53.575
v 57.051 6.622 32.840
v 66.251 6.622 38.325
v 53.889 6.622 59.060
f 1848 1847 1846 1845
f 1841 1842 1846 1845
f 1842 1843 1847 1846
f 1843 1844 1848 1847
f 1844 1841 1845 1848
v 5.010 2.326 36.197
v 11.571 2.326 26.365
v 18.250 2.326 30.823
v 11.689 2.326 40.655
v 5.010 6.226 36.197
v 11.571 6.226 26.365
v 18.250 6.226 30.823
v 11.689 6.226 40.655
f 1856 1855 1854 1853
f 1849 1850 1854 1853
f 1850 1851 1855 1854
f 1851 1852 1856 1855
f 1852 1849 1853 1856
v 22.974 2.274 -8.251
v 36.920 2.274 4.549
v 27.446 2.274 14.871
v 13.500 2.274 2.071
v 22.974 9.074 -8.251
v 36.920 9.074 4.549
v 27.446 9.074 14.871
v 13.500 9.074 2.071
f 1864 1863 1862 1861
f 1857 1858 1862 1861
f 1858 1859 1863 1862
f 1859 1860 1864 1863
f 1860 1857 1861 1864
v 3.436 2.254 13.390
v 11.715 2.254 1.559
v 21.104 2.254 8.130
v 12.825 2.254 19.961
v 3.436 6.154 13.390
v 11.715 6.154 1.559
v 21.104 6.154 8.130
v 12.825 6.154 19.961
f 1872 1871 1870 1869
f 1865 1866 1870 1869
f 1866 1867 1871 1870
f 1867 1868 1872 1871
f 1868 1865 1869 1872
v 13.818 2.288 -18.538
v 27.433 2.288 -6.748
v 18.302 2.288 3.798
v 4.687 2.288 -7.992
v 13.818 6.188 -18.538
v 27.433 6.188 -6.748
v 18.302 6.188 3.798
v 4.687 6.188 -7.992
f 1880 1879 1878 1877
f 1873 1874 1878 1877
f 1874 1875 1879 1878
f 1875 1876 1880 1879
f 1876 1873 1877 1880
v 0.078 2.307 -33.065
v 20.240 2.307 -15.928
v 9.502 2.307 -3.295
v -10.660 2.307 -20.432
v 0.078 6.207 -33.065
v 20.240 6.207 -15.928
v 9.502 6.207 -3.295
v -10.660 6.207 -20.432
f 1888 1887 1886 1885
f 1881 1882 1886 1885
f 1882 1883 1887 1886
f 1883 1884 1888 1887
f 1884 1881 1885 1888
v -21.499 2.554 -3.317
v -14.527 2.554 -13.097
v -7.801 2.554 -8.303
v -14.773 2.554 1.477
v -21.499 6.454 -3.317
v -14.527 6.454 -13.097
v -7.801 6.454 -8.303
v -14.773 6.454 1.477
f 1896 1895 1894 1893
f 1889 1890 1894 1893
f 1890 1891 1895 1894
f 1891 1892 1896 1895
f 1892 1889 1893 1896
v -27.283 2.491 0.423
v -21.770 2.491 -8.654
v -16.617 2.491 -5.523
v -22.130 2.491 3.554
v -27.283 6.391 0.423
v -21.770 6.391 -8.654
v -16.617 6.391 -5.523
v -22.130 6.391 3.554
f 1904 1903 1902 1901
f 1897 1898 1902 1901
f 1898 1899 1903 1902
f 1899 1900 1904 1903
f 1900 1897 1901 1904
v -8.090 2.410 7.754
v -4.109 2.410 2.131
v 0.290 2.410 5.246
v -3.691 2.410 10.869
v -8.090 6.310 7.754
v -4.109 6.310 2.131
v 0.290 6.310 5.246
v -3.691 6.310 10.869
f 1912 1911 1910 1909
f 1905 1906 1910 1909
f 1906 1907 1911 1910
f 1907 1908 1912 1911
f 1908 1905 1909 1912
v -17.071 2.026 13.476
v -11.217 2.026 5.919
v -7.209 2.026 9.024
v -13.063 2.026 16.581
v -17.071 5.926 13.476
v -11.217 5.926 5.919
v -7.209 5.926 9.024
v -13.063 5.926 16.581
f 1920 1919 1918 1917
f 1913 1914 1918 1917
f 1914 1915 1919 1918
f 1915 1916 1920 1919
f 1916 1913 1917 1920
v -25.276 2.106 22.736
v -22.309 2.106 9.494
v -12.804 2.106 11.624
v -15.771 2.106 24.866
v -25.276 6.006 22.736
v -22.309 6.006 9.494
v -12.804 6.006 11.624
v -15.771 6.006 24.866
f 1928 1927 1926 1925
f 1921 1922 1926 1925
f 1922 1923 1927 1926
f 1923 1924 1928 1927
f 1924 1921 1925 1928
v -37.874 2.532 8.089
v -32.334 2.532 -3.583
v -23.246 2.532 0.731
v -28.786 2.532 12.403
v -37.874 6.432 8.089
v -32.334 6.432 -3.583
v -23.246 6.432 0.731
v -28.786 6.432 12.403
f 1936 1935 1934 1933
f 1929 1930 1934 1933
f 1930 1931 1935 1934
f 1931 1932 1936 1935
f 1932 1929 1933 1936
v -63.982 2.467 -9.342
v -33.829 2.467 15.753
v -42.458 2.467 26.122
v -72.611 2.467 1.027
v -63.982 6.367 -9.342
v -33.829 6.367 15.753
v -42.458 6.367 26.122
v -72.611 6.367 1.027
f 1944 1943 1942 1941
f 1937 1938 1942 1941
f 1938 1939 1943 1942
f 1939 1940 1944 1943
f 1940 1937 1941 1944
v -53.726 1.779 -81.316
v -21.432 1.779 -88.200
v -15.034 1.779 -58.184
v -47.328 1.779 -51.300
v -53.726 7.579 -81.316
v -21.432 7.579 -88.200
v -15.034 7.579 -58.184
v -47.328 7.579 -51.300
f 1952 1951 1950 1949
f 1945 1946 1950 1949
f 1946 1947 1951 1950
f 1947 1948 1952 1951
f 1948 1945 1949 1952
v -56.028 1.850 -54.172
v -49.302 1.850 -49.768
v -52.052 1.850 -45.568
v -58.778 1.850 -49.972
v -56.028 5.750 -54.172
v -49.302 5.750 -49.768
v -52.052 5.750 -45.568
v -58.778 5.750 -49.972
f 1960 1959 1958 1957
f 1953 1954 1958 1957
f 1954 1955 1959 1958
f 1955 1956 1960 1959
f 1956 1953 1957 1960
v -90.196 1.689 -50.419
v -68.128 1.689 -65.888
v -57.664 1.689 -50.961
v -79.732 1.689 -35.492
v -90.196 5.589 -50.419
v -68.128 5.589 -65.888
v -57.664 5.589 -50.961
v -79.732 5.589 -35.492
f 1968 1967 1966 1965
f 1961 1962 1966 1965
f 1962 1963 1967 1966
f 1963 1964 1968 1967
f 1964 1961 1965 1968
v -85.392 1.768 -30.755
v -81.142 1.768 -36.279
v -77.148 1.768 -33.205
v -81.398 1.768 -27.681
v -85.392 5.668 -30.755
v -81.142 5.668 -36.279
v -77.148 5.668 -33.205
v -81.398 5.668 -27.681
f 1976 1975 1974 1973
f 1969 1970 1974 1973
f 1970 1971 1975 1974
f 1971 1972 1976 1975
f 1972 1969 1973 1976
v -96.303 1.501 -43.626
v -91.586 1.501 -24.715
v -112.117 1.501 -19.594
v -116.834 1.501 -38.505
v -96.303 8.301 -43.626
v -91.586 8.301 -24.715
v -112.117 8.301 -19.594
v -116.834 8.301 -38.505
f 1984 1983 1982 1981
f 1977 1978 1982 1981
f 1978 1979 1983 1982
f 1979 1980 1984 1983
f 1980 1977 1981 1984
v -56.508 2.351 27.477
v -48.644 2.351 15.545
v -38.632 2.351 22.143
v -46.496 2.351 34.075
v -56.508 6.251 27.477
v -48.644 6.251 15.545
v -38.632 6.251 22.143
v -46.496 6.251 34.075
f 1992 1991 1990 1989
f 1985 1986 1990 1989
f 1986 1987 1991 1990
f 1987 1988 1992 1991
f 1988 1985 1989 1992
v -28.488 2.284 30.672
v -25.754 2.284 23.090
v -18.492 2.284 25.708
v -21.226 2.284 33.290
v -28.488 6.184 30.672
v -25.754 6.184 23.090
v -18.492 6.184 25.708
v -21.226 6.184 33.290
f 2000 1999 1998 1997
f 1993 1994 1998 1997
f 1994 1995 1999 1998
f 1995 1996 2000 1999
f 1996 1993 1997 2000
v -17.744 2.308 34.366
v -13.161 2.308 27.772
v -9.416 2.308 30.374
v -13.999 2.308 36.968
v -17.744 6.208 34.366
v -13.161 6.208 27.772
v -9.416 6.208 30.374
v -13.999 6.208 36.968
f 2008 2007 2006 2005
f 2001 2002 2006 2005
f 2002 2003 2007 2006
f 2003 2004 2008 2007
f 2004 2001 2005 2008
v -28.379 2.401 49.703
v -16.540 2.401 32.686
v -8.101 2.401 38.557
v -19.940 2.401 55.574
v -28.379 6.301 49.703
v -16.540 6.301 32.686
v -8.101 6.301 38.557
v -19.940 6.301 55.574
f 2016 2015 2014 2013
f 2009 2010 2014 2013
f 2010 2011 2015 2014
f 2011 2012 2016 2015
f 2012 2009 2013 2016
v -53.730 2.421 44.912
v -47.190 2.421 35.893
v -40.770 2.421 40.548
v -47.310 2.421 49.567
v -53.730 6.321 44.912
v -47.190 6.321 35.893
v -40.770 6.321 40.548
v -47.310 6.321 49.567
f 2024 2023 2022 2021
f 2017 2018 2022 2021
f 2018 2019 2023 2022
f 2019 2020 2024 2023
f 2020 2017 2021 2024
v -38.577 2.421 58.858
v -26.752 2.421 40.698
v -18.883 2.421 45.822
v -30.708 2.421 63.982
v -38.577 6.321 58.858
v -26.752 6.321 40.698
v -18.883 6.321 45.822
v -30.708 6.321 63.982
f 2032 2031 2030 2029
f 2025 2026 2030 2029
f 2026 2027 2031 2030
f 2027 2028 2032 2031
f 2028 2025 2029 2032
v -63.125 2.428 70.517
v -44.737 2.428 48.222
v -33.435 2.428 57.543
v -51.823 2.428 79.838
v -63.125 6.328 70.517
v -44.737 6.328 48.222
v -33.435 6.328 57.543
v -51.823 6.328 79.838
f 2040 2039 2038 2037
f 2033 2034 2038 2037
f 2034 2035 2039 2038
f 2035 2036 2040 2039
f 2036 2033 2037 2040
v -53.494 2.154 -25.268
v -45.330 2.154 -35.881
v -40.066 2.154 -31.832
v -48.230 2.154 -21.219
v -53.494 6.054 -25.268
v -45.330 6.054 -35.881
v -40.066 6.054 -31.832
v -48.230 6.054 -21.219
f 2048 2047 2046 2045
f 2041 2042 2046 2045
f 2042 2043 2047 2046
f 2043 2044 2048 2047
f 2044 2041 2045 2048
v -61.319 1.886 -14.604
v -51.444 1.886 -30.778
v -45.281 1.886 -27.016
v -55.156 1.886 -10.842
v -61.319 5.786 -14.604
v -51.444 5.786 -30.778
v -45.281 5.786 -27.016
v -55.156 5.786 -10.842
f 2056 2055 2054 2053
f 2049 2050 2054 2053
f 2050 2051 2055 2054
f 2051 2052 2056 2055
f 2052 2049 2053 2056
v -68.981 2.022 -14.515
v -61.238 2.022 -24.544
v -55.619 2.022 -20.205
v -63.362 2.022 -10.176
v -68.981 5.922 -14.515
v -61.238 5.922 -24.544
v -55.619 5.922 -20.205
v -63.362 5.922 -10.176
f 2064 2063 2062 2061
f 2057 2058 2062 2061
f 2058 2059 2063 2062
f 2059 2060 2064 2063
f 2060 2057 2061 2064
v 176.967 0.733 -232.427
v 206.071 0.733 -248.444
v 218.053 0.733 -226.673
v 188.949 0.733 -210.656
v 176.967 4.633 -232.427
v 206.071 4.633 -248.444
v 218.053 4.633 -226.673
v 188.949 4.633 -210.656
f 2072 2071 2070 2069
f 2065 2066 2070 2069
f 2066 2067 2071 2070
f 2067 2068 2072 2071
f 2068 2065 2069 2072
v 142.916 0.501 -221.877
v 171.025 0.501 -229.088
v 177.004 0.501 -205.783
v 148.895 0.501 -198.572
v 142.916 4.401 -221.877
v 171.025 4.401 -229.088
v 177.004 4.401 -205.783
v 148.895 4.401 -198.572
f 2080 2079 2078 2077
f 2073 2074 2078 2077
f 2074 2075 2079 2078
f 2075 2076 2080 2079
f 2076 2073 2077 2080
v 164.243 0.412 -220.029
v 172.140 0.412 -233.978
v 180.877 0.412 -229.031
v 172.980 0.412 -215.082
v 164.243 4.312 -220.029
v 172.140 4.312 -233.978
v 180.877 4.312 -229.031
v 172.980 4.312 -215.082
f 2088 2087 2086 2085
f 2081 2082 2086 2085
f 2082 2083 2087 2086
f 2083 2084 2088 2087
f 2084 2081 2085 2088
v 174.362 0.301 -221.914
v 184.459 0.301 -236.900
v 190.298 0.301 -232.966
v 180.201 0.301 -217.980
v 174.362 4.201 -221.914
v 184.459 4.201 -236.900
v 190.298 4.201 -232.966
v 180.201 4.201 -217.980
f 2096 2095 2094 2093
f 2089 2090 2094 2093
f 2090 2091 2095 2094
f 2091 2092 2096 2095
f 2092 2089 2093 2096
v 162.765 0.476 -209.678
v 177.655 0.476 -204.365
v 174.035 0.476 -194.222
v 159.145 0.476 -199.535
v 162.765 4.376 -209.678
v 177.655 4.376 -204.365
v 174.035 4.376 -194.222
v 159.145 4.376 -199.535
f 2104 2103 2102 2101
f 2097 2098 2102 2101
f 2098 2099 2103 2102
f 2099 2100 2104 2103
f 2100 2097 2101 2104
v 181.539 0.294 -215.520
v 187.425 0.294 -211.357
v 184.301 0.294 -206.940
v 178.415 0.294 -211.103
v 181.539 4.194 -215.520
v 187.425 4.194 -211.357
v 184.301 4.194 -206.940
v 178.415 4.194 -211.103
f 2112 2111 2110 2109
f 2105 2106 2110 2109
f 2106 2107 2111 2110
f 2107 2108 2112 2111
f 2108 2105 2109 2112
v 171.910 0.437 -198.316
v 183.221 0.437 -190.874
v 178.110 0.437 -183.104
v 166.799 0.437 -190.546
v 171.910 4.337 -198.316
v 183.221 4.337 -190.874
v 178.110 4.337 -183.104
v 166.799 4.337 -190.546
f 2120 2119 2118 2117
f 2113 2114 2118 2117
f 2114 2115 2119 2118
f 2115 2116 2120 2119
f 2116 2113 2117 2120
v 210.113 0.481 -223.007
v 221.410 0.481 -215.708
v 215.327 0.481 -206.293
v 204.030 0.481 -213.592
v 210.113 4.381 -223.007
v 221.410 4.381 -215.708
v 215.327 4.381 -206.293
v 204.030 4.381 -213.592
f 2128 2127 2126 2125
f 2121 2122 2126 2125
f 2122 2123 2127 2126
f 2123 2124 2128 2127
f 2124 2121 2125 2128
v 197.778 0.503 -204.839
v 200.655 0.503 -187.404
v 185.362 0.503 -184.881
v 182.485 0.503 -202.316
v 197.778 4.403 -204.839
v 200.655 4.403 -187.404
v 185.362 4.403 -184.881
v 182.485 4.403 -202.316
f 2136 2135 2134 2133
f 2129 2130 2134 2133
f 2130 2131 2135 2134
f 2131 2132 2136 2135
f 2132 2129 2133 2136
v 192.869 0.435 -207.759
v 197.028 0.435 -212.767
v 201.851 0.435 -208.761
v 197.692 0.435 -203.753
v 192.869 4.335 -207.759
v 197.028 4.335 -212.767
v 201.851 4.335 -208.761
v 197.692 4.335 -203.753
f 2144 2143 2142 2141
f 2137 2138 2142 2141
f 2138 2139 2143 2142
f 2139 2140 2144 2143
f 2140 2137 2141 2144
v 212.115 0.446 -212.612
v 227.110 0.446 -203.133
v 223.845 0.446 -197.968
v 208.850 0.446 -207.447
v 212.115 4.346 -212.612
v 227.110 4.346 -203.133
v 223.845 4.346 -197.968
v 208.850 4.346 -207.447
f 2152 2151 2150 2149
f 2145 2146 2150 2149
f 2146 2147 2151 2150
f 2147 2148 2152 2151
f 2148 2145 2149 2152
v 216.966 0.379 -207.348
v 229.209 0.379 -198.425
v 225.074 0.379 -192.752
v 212.831 0.379 -201.675
v 216.966 4.279 -207.348
v 229.209 4.279 -198.425
v 225.074 4.279 -192.752
v 212.831 4.279 -201.675
f 2160 2159 2158 2157
f 2153 2154 2158 2157
f 2154 2155 2159 2158
f 2155 2156 2160 2159
f 2156 2153 2157 2160
v 216.933 0.602 -200.194
v 235.284 0.602 -193.058
v 231.507 0.602 -183.346
v 213.156 0.602 -190.482
v 216.933 4.502 -200.194
v 235.284 4.502 -193.058
v 231.507 4.502 -183.346
v 213.156 4.502 -190.482
f 2168 2167 2166 2165
f 2161 2162 2166 2165
f 2162 2163 2167 2166
f 2163 2164 2168 2167
f 2164 2161 2165 2168
v 206.542 0.622 -194.901
v 210.688 0.622 -192.289
v 208.438 0.622 -188.719
v 204.292 0.622 -191.331
v 206.542 4.522 -194.901
v 210.688 4.522 -192.289
v 208.438 4.522 -188.719
v 204.292 4.522 -191.331
f 2176 2175 2174 2173
f 2169 2170 2174 2173
f 2170 2171 2175 2174
f 2171 2172 2176 2175
f 2172 2169 2173 2176
v 183.793 1.006 -188.425
v 198.265 1.006 -179.148
v 192.987 1.006 -170.915
v 178.515 1.006 -180.192
v 183.793 4.906 -188.425
v 198.265 4.906 -179.148
v 192.987 4.906 -170.915
v 178.515 4.906 -180.192
f 2184 2183 2182 2181
f 2177 2178 2182 2181
f 2178 2179 2183 2182
f 2179 2180 2184 2183
f 2180 2177 2181 2184
v 188.926 1.108 -179.938
v 205.128 1.108 -169.414
v 201.054 1.108 -163.142
v 184.852 1.108 -173.666
v 188.926 5.008 -179.938
v 205.128 5.008 -169.414
v 201.054 5.008 -163.142
v 184.852 5.008 -173.666
f 2192 2191 2190 2189
f 2185 2186 2190 2189
f 2186 2187 2191 2190
f 2187 2188 2192 2191
f 2188 2185 2189 2192
v 194.660 1.206 -172.973
v 215.001 1.206 -158.908
v 209.940 1.206 -151.587
v 189.599 1.206 -165.652
v 194.660 5.106 -172.973
v 215.001 5.106 -158.908
v 209.940 5.106 -151.587
v 189.599 5.106 -165.652
f 2200 2199 2198 2197
f 2193 2194 2198 2197
f 2194 2195 2199 2198
f 2195 2196 2200 2199
f 2196 2193 2197 2200
v 219.803 0.856 -189.945
v 242.887 0.856 -182.227
v 238.477 0.856 -169.035
v 215.393 0.856 -176.753
v 219.803 4.756 -189.945
v 242.887 4.756 -182.227
v 238.477 4.756 -169.035
v 215.393 4.756 -176.753
f 2208 2207 2206 2205
f 2201 2202 2206 2205
f 2202 2203 2207 2206
f 2203 2204 2208 2207
f 2204 2201 2205 2208
v 200.394 1.033 -155.765
v 204.154 1.033 -153.186
v 202.446 1.033 -150.695
v 198.686 1.033 -153.274
v 200.394 4.933 -155.765
v 204.154 4.933 -153.186
v 202.446 4.933 -150.695
v 198.686 4.933 -153.274
f 2216 2215 2214 2213
f 2209 2210 2214 2213
f 2210 2211 2215 2214
f 2211 2212 2216 2215
f 2212 2209 2213 2216
v 200.970 1.411 -156.521
v 214.438 1.411 -147.976
v 211.330 1.411 -143.079
v 197.862 1.411 -151.624
v 200.970 5.311 -156.521
v 214.438 5.311 -147.976
v 211.330 5.311 -143.079
v 197.862 5.311 -151.624
f 2224 2223 2222 2221
f 2217 2218 2222 2221
f 2218 2219 2223 2222
f 2219 2220 2224 2223
f 2220 2217 2221 2224
v 207.999 1.561 -150.411
v 218.168 1.561 -141.730
v 211.201 1.561 -133.569
v 201.032 1.561 -142.250
v 207.999 5.461 -150.411
v 218.168 5.461 -141.730
v 211.201 5.461 -133.569
v 201.032 5.461 -142.250
f 2232 2231 2230 2229
f 2225 2226 2230 2229
f 2226 2227 2231 2230
f 2227 2228 2232 2231
f 2228 2225 2229 2232
v 233.978 1.113 -178.466
v 250.385 1.113 -163.855
v 243.402 1.113 -156.014
v 226.995 1.113 -170.625
v 233.978 5.013 -178.466
v 250.385 5.013 -163.855
v 243.402 5.013 -156.014
v 226.995 5.013 -170.625
f 2240 2239 2238 2237
f 2233 2234 2238 2237
f 2234 2235 2239 2238
f 2235 2236 2240 2239
f 2236 2233 2237 2240
v 241.361 1.243 -169.022
v 256.530 1.243 -162.256
v 252.339 1.243 -152.858
v 237.170 1.243 -159.624
v 241.361 5.143 -169.022
v 256.530 5.143 -162.256
v 252.339 5.143 -152.858
v 237.170 5.143 -159.624
f 2248 2247 2246 2245
f 2241 2242 2246 2245
f 2242 2243 2247 2246
f 2243 2244 2248 2247
f 2244 2241 2245 2248
v 243.719 1.413 -160.125
v 262.131 1.413 -153.090
v 257.501 1.413 -140.975
v 239.089 1.413 -148.010
v 243.719 5.313 -160.125
v 262.131 5.313 -153.090
v 257.501 5.313 -140.975
v 239.089 5.313 -148.010
f 2256 2255 2254 2253
f 2249 2250 2254 2253
f 2250 2251 2255 2254
f 2251 2252 2256 2255
f 2252 2249 2253 2256
v 249.048 1.962 -143.672
v 260.426 1.962 -135.515
v 252.392 1.962 -124.308
v 241.014 1.962 -132.465
v 249.048 5.862 -143.672
v 260.426 5.862 -135.515
v 252.392 5.862 -124.308
v 241.014 5.862 -132.465
f 2264 2263 2262 2261
f 2257 2258 2262 2261
f 2258 2259 2263 2262
f 2259 2260 2264 2263
f 2260 2257 2261 2264
v 224.441 1.956 -123.612
v 233.502 1.956 -142.268
v 244.539 1.956 -136.908
v 235.478 1.956 -118.252
v 224.441 5.856 -123.612
v 233.502 5.856 -142.268
v 244.539 5.856 -136.908
v 235.478 5.856 -118.252
f 2272 2271 2270 2269
f 2265 2266 2270 2269
f 2266 2267 2271 2270
f 2267 2268 2272 2271
f 2268 2265 2269 2272
v 211.817 1.579 -138.157
v 220.505 1.579 -132.605
v 215.583 1.579 -124.903
v 206.895 1.579 -130.455
v 211.817 5.479 -138.157
v 220.505 5.479 -132.605
v 215.583 5.479 -124.903
v 206.895 5.479 -130.455
f 2280 2279 2278 2277
f 2273 2274 2278 2277
f 2274 2275 2279 2278
f 2275 2276 2280 2279
f 2276 2273 2277 2280
v 217.557 2.212 -110.870
v 227.704 2.212 -125.652
v 235.603 2.212 -120.230
v 225.456 2.212 -105.448
v 217.557 6.112 -110.870
v 227.704 6.112 -125.652
v 235.603 6.112 -120.230
v 225.456 6.112 -105.448
f 2288 2287 2286 2285
f 2281 2282 2286 2285
f 2282 2283 2287 2286
f 2283 2284 2288 2287
f 2284 2281 2285 2288
v 109.921 0.621 -180.921
v 120.326 0.621 -196.507
v 126.239 0.621 -192.559
v 115.834 0.621 -176.973
v 109.921 4.521 -180.921
v 120.326 4.521 -196.507
v 126.239 4.521 -192.559
v 115.834 4.521 -176.973
f 2296 2295 2294 2293
f 2289 2290 2294 2293
f 2290 2291 2295 2294
f 2291 2292 2296 2295
f 2292 2289 2293 2296
v 116.679 0.497 -188.734
v 126.245 0.497 -203.304
v 133.401 0.497 -198.606
v 123.835 0.497 -184.036
v 116.679 4.397 -188.734
v 126.245 4.397 -203.304
v 133.401 4.397 -198.606
v 123.835 4.397 -184.036
f 2304 2303 2302 2301
f 2297 2298 2302 2301
f 2298 2299 2303 2302
f 2299 2300 2304 2303
f 2300 2297 2301 2304
v 124.670 0.522 -194.021
v 133.993 0.522 -207.756
v 141.150 0.522 -202.899
v 131.827 0.522 -189.164
v 124.670 4.422 -194.021
v 133.993 4.422 -207.756
v 141.150 4.422 -202.899
v 131.827 4.422 -189.164
f 2312 2311 2310 2309
f 2305 2306 2310 2309
f 2306 2307 2311 2310
f 2307 2308 2312 2311
f 2308 2305 2309 2312
v 130.860 0.440 -203.064
v 135.516 0.440 -217.869
v 149.100 0.440 -213.596
v 144.444 0.440 -198.791
v 130.860 4.340 -203.064
v 135.516 4.340 -217.869
v 149.100 4.340 -213.596
v 144.444 4.340 -198.791
f 2320 2319 2318 2317
f 2313 2314 2318 2317
f 2314 2315 2319 2318
f 2315 2316 2320 2319
f 2316 2313 2317 2320
v 117.221 1.165 -179.885
v 135.264 1.165 -164.672
v 124.879 1.165 -152.355
v 106.836 1.165 -167.568
v 117.221 5.065 -179.885
v 135.264 5.065 -164.672
v 124.879 5.065 -152.355
v 106.836 5.065 -167.568
f 2328 2327 2326 2325
f 2321 2322 2326 2325
f 2322 2323 2327 2326
f 2323 2324 2328 2327
f 2324 2321 2325 2328
v 109.475 0.912 -175.565
v 113.843 0.912 -173.011
v 111.425 0.912 -168.875
v 107.057 0.912 -171.429
v 109.475 4.812 -175.565
v 113.843 4.812 -173.011
v 111.425 4.812 -168.875
v 107.057 4.812 -171.429
f 2336 2335 2334 2333
f 2329 2330 2334 2333
f 2330 2331 2335 2334
f 2331 2332 2336 2335
f 2332 2329 2333 2336
v 122.461 1.127 -161.709
v 135.347 1.127 -153.167
v 130.059 1.127 -145.191
v 117.173 1.127 -153.733
v 122.461 5.027 -161.709
v 135.347 5.027 -153.167
v 130.059 5.027 -145.191
v 117.173 5.027 -153.733
f 2344 2343 2342 2341
f 2337 2338 2342 2341
f 2338 2339 2343 2342
f 2339 2340 2344 2343
f 2340 2337 2341 2344
v 140.315 0.492 -196.261
v 156.908 0.492 -184.222
v 151.465 0.492 -176.719
v 134.872 0.492 -188.758
v 140.315 4.392 -196.261
v 156.908 4.392 -184.222
v 151.465 4.392 -176.719
v 134.872 4.392 -188.758
f 2352 2351 2350 2349
f 2345 2346 2350 2349
f 2346 2347 2351 2350
f 2347 2348 2352 2351
f 2348 2345 2349 2352
v 146.469 0.689 -188.262
v 161.077 0.689 -178.681
v 158.071 0.689 -174.098
v 143.463 0.689 -183.679
v 146.469 4.589 -188.262
v 161.077 4.589 -178.681
v 158.071 4.589 -174.098
v 143.463 4.589 -183.679
f 2360 2359 2358 2357
f 2353 2354 2358 2357
f 2354 2355 2359 2358
f 2355 2356 2360 2359
f 2356 2353 2357 2360
v 132.664 1.206 -165.573
v 138.491 1.206 -161.677
v 135.756 1.206 -157.587
v 129.929 1.206 -161.483
v 132.664 5.106 -165.573
v 138.491 5.106 -161.677
v 135.756 5.106 -157.587
v 129.929 5.106 -161.483
f 2368 2367 2366 2365
f 2361 2362 2366 2365
f 2362 2363 2367 2366
f 2363 2364 2368 2367
f 2364 2361 2365 2368
v 138.698 1.160 -162.663
v 146.540 1.160 -156.988
v 142.682 1.160 -151.657
v 134.840 1.160 -157.332
v 138.698 5.060 -162.663
v 146.540 5.060 -156.988
v 142.682 5.060 -151.657
v 134.840 5.060 -157.332
f 2376 2375 2374 2373
f 2369 2370 2374 2373
f 2370 2371 2375 2374
f 2371 2372 2376 2375
f 2372 2369 2373 2376
v 147.007 0.975 -166.349
v 152.962 0.975 -162.284
v 150.413 0.975 -158.551
v 144.458 0.975 -162.616
v 147.007 4.875 -166.349
v 152.962 4.875 -162.284
v 150.413 4.875 -158.551
v 144.458 4.875 -162.616
f 2384 2383 2382 2381
f 2377 2378 2382 2381
f 2378 2379 2383 2382
f 2379 2380 2384 2383
f 2380 2377 2381 2384
v 149.399 0.721 -182.172
v 164.702 0.721 -173.724
v 160.961 0.721 -166.948
v 145.658 0.721 -175.396
v 149.399 4.621 -182.172
v 164.702 4.621 -173.724
v 160.961 4.621 -166.948
v 145.658 4.621 -175.396
f 2392 2391 2390 2389
f 2385 2386 2390 2389
f 2386 2387 2391 2390
f 2387 2388 2392 2391
f 2388 2385 2389 2392
v 159.757 0.800 -176.503
v 169.675 0.800 -169.820
v 166.803 0.800 -165.557
v 156.885 0.800 -172.240
v 159.757 4.700 -176.503
v 169.675 4.700 -169.820
v 166.803 4.700 -165.557
v 156.885 4.700 -172.240
f 2400 2399 2398 2397
f 2393 2394 2398 2397
f 2394 2395 2399 2398
f 2395 2396 2400 2399
f 2396 2393 2397 2400
v 165.924 1.158 -169.446
v 172.786 1.158 -165.013
v 169.156 1.158 -159.394
v 162.294 1.158 -163.827
v 165.924 5.058 -169.446
v 172.786 5.058 -165.013
v 169.156 5.058 -159.394
v 162.294 5.058 -163.827
f 2408 2407 2406 2405
f 2401 2402 2406 2405
f 2402 2403 2407 2406
f 2403 2404 2408 2407
f 2404 2401 2405 2408
v 162.152 1.059 -161.077
v 175.835 1.059 -152.146
v 172.348 1.059 -146.803
v 158.665 1.059 -155.734
v 162.152 4.959 -161.077
v 175.835 4.959 -152.146
v 172.348 4.959 -146.803
v 158.665 4.959 -155.734
f 2416 2415 2414 2413
f 2409 2410 2414 2413
f 2410 2411 2415 2414
f 2411 2412 2416 2415
f 2412 2409 2413 2416
v 177.157 1.404 -155.202
v 180.032 1.404 -153.425
v 178.543 1.404 -151.018
v 175.668 1.404 -152.795
v 177.157 5.304 -155.202
v 180.032 5.304 -153.425
v 178.543 5.304 -151.018
v 175.668 5.304 -152.795
f 2424 2423 2422 2421
f 2417 2418 2422 2421
f 2418 2419 2423 2422
f 2419 2420 2424 2423
f 2420 2417 2421 2424
v 174.589 1.573 -154.622
v 194.421 1.573 -135.905
v 181.051 1.573 -121.738
v 161.219 1.573 -140.455
v 174.589 5.473 -154.622
v 194.421 5.473 -135.905
v 181.051 5.473 -121.738
v 161.219 5.473 -140.455
f 2432 2431 2430 2429
f 2425 2426 2430 2429
f 2426 2427 2431 2430
f 2427 2428 2432 2431
f 2428 2425 2429 2432
v 158.926 3.071 -113.182
v 173.715 3.071 -101.558
v 166.894 3.071 -92.878
v 152.105 3.071 -104.502
v 158.926 6.971 -113.182
v 173.715 6.971 -101.558
v 166.894 6.971 -92.878
v 152.105 6.971 -104.502
f 2440 2439 2438 2437
f 2433 2434 2438 2437
f 2434 2435 2439 2438
f 2435 2436 2440 2439
f 2436 2433 2437 2440
v 191.240 1.982 -121.209
v 196.788 1.982 -129.420
v 204.320 1.982 -124.331
v 198.772 1.982 -116.120
v 191.240 5.882 -121.209
v 196.788 5.882 -129.420
v 204.320 5.882 -124.331
v 198.772 5.882 -116.120
f 2448 2447 2446 2445
f 2441 2442 2446 2445
f 2442 2443 2447 2446
f 2443 2444 2448 2447
f 2444 2441 2445 2448
v -47.257 0.293 -246.233
v -37.994 0.293 -260.536
v -29.643 0.293 -255.127
v -38.906 0.293 -240.824
v -47.257 7.093 -246.233
v -37.994 7.093 -260.536
v -29.643 7.093 -255.127
v -38.906 7.093 -240.824
f 2456 2455 2454 2453
f 2449 2450 2454 2453
f 2450 2451 2455 2454
f 2451 2452 2456 2455
f 2452 2449 2453 2456
v -28.750 0.549 -240.970
v -22.527 0.549 -237.174
v -25.750 0.549 -231.890
v -31.973 0.549 -235.686
v -28.750 4.449 -240.970
v -22.527 4.449 -237.174
v -25.750 4.449 -231.890
v -31.973 4.449 -235.686
f 2464 2463 2462 2461
f 2457 2458 2462 2461
f 2458 2459 2463 2462
f 2459 2460 2464 2463
f 2460 2457 2461 2464
v 11.737 0.742 -251.381
v 29.351 0.742 -246.960
v 26.363 0.742 -235.059
v 8.749 0.742 -239.480
v 11.737 4.642 -251.381
v 29.351 4.642 -246.960
v 26.363 4.642 -235.059
v 8.749 4.642 -239.480
f 2472 2471 2470 2469
f 2465 2466 2470 2469
f 2466 2467 2471 2470
f 2467 2468 2472 2471
f 2468 2465 2469 2472
v 6.882 0.833 -248.239
v 8.354 0.833 -230.480
v -4.422 0.833 -229.421
v -5.894 0.833 -247.180
v 6.882 4.733 -248.239
v 8.354 4.733 -230.480
v -4.422 4.733 -229.421
v -5.894 4.733 -247.180
f 2480 2479 2478 2477
f 2473 2474 2478 2477
f 2474 2475 2479 2478
f 2475 2476 2480 2479
f 2476 2473 2477 2480
v 36.465 0.744 -229.824
v 54.124 0.744 -217.859
v 42.535 0.744 -200.756
v 24.876 0.744 -212.721
v 36.465 4.644 -229.824
v 54.124 4.644 -217.859
v 42.535 4.644 -200.756
v 24.876 4.644 -212.721
f 2488 2487 2486 2485
f 2481 2482 2486 2485
f 2482 2483 2487 2486
f 2483 2484 2488 2487
f 2484 2481 2485 2488
v 7.080 0.796 -200.115
v 16.054 0.796 -213.107
v 24.800 0.796 -207.065
v 15.826 0.796 -194.073
v 7.080 4.696 -200.115
v 16.054 4.696 -213.107
v 24.800 4.696 -207.065
v 15.826 4.696 -194.073
f 2496 2495 2494 2493
f 2489 2490 2494 2493
f 2490 2491 2495 2494
f 2491 2492 2496 2495
f 2492 2489 2493 2496
v 24.305 0.852 -202.447
v 31.821 0.852 -200.253
v 29.795 0.852 -193.313
v 22.279 0.852 -195.507
v 24.305 4.752 -202.447
v 31.821 4.752 -200.253
v 29.795 4.752 -193.313
v 22.279 4.752 -195.507
f 2504 2503 2502 2501
f 2497 2498 2502 2501
f 2498 2499 2503 2502
f 2499 2500 2504 2503
f 2500 2497 2501 2504
v 54.262 0.786 -182.104
v 57.548 0.786 -200.604
v 74.818 0.786 -197.536
v 71.532 0.786 -179.036
v 54.262 4.686 -182.104
v 57.548 4.686 -200.604
v 74.818 4.686 -197.536
v 71.532 4.686 -179.036
f 2512 2511 2510 2509
f 2505 2506 2510 2509
f 2506 2507 2511 2510
f 2507 2508 2512 2511
f 2508 2505 2509 2512
v 41.707 0.601 -180.197
v 49.487 0.601 -191.523
v 56.213 0.601 -186.903
v 48.433 0.601 -175.577
v 41.707 4.501 -180.197
v 49.487 4.501 -191.523
v 56.213 4.501 -186.903
v 48.433 4.501 -175.577
f 2520 2519 2518 2517
f 2513 2514 2518 2517
f 2514 2515 2519 2518
f 2515 2516 2520 2519
f 2516 2513 2517 2520
v 22.901 0.548 -171.447
v 36.637 0.548 -189.128
v 45.719 0.548 -182.073
v 31.983 0.548 -164.392
v 22.901 4.448 -171.447
v 36.637 4.448 -189.128
v 45.719 4.448 -182.073
v 31.983 4.448 -164.392
f 2528 2527 2526 2525
f 2521 2522 2526 2525
f 2522 2523 2527 2526
f 2523 2524 2528 2527
f 2524 2521 2525 2528
v 10.848 0.739 -165.023
v 19.057 0.739 -181.378
v 31.372 0.739 -175.197
v 23.163 0.739 -158.842
v 10.848 4.639 -165.023
v 19.057 4.639 -181.378
v 31.372 4.639 -175.197
v 23.163 4.639 -158.842
f 2536 2535 2534 2533
f 2529 2530 2534 2533
f 2530 2531 2535 2534
f 2531 2532 2536 2535
f 2532 2529 2533 2536
v 3.237 0.737 -156.517
v 11.920 0.737 -169.454
v 18.163 0.737 -165.263
v 9.480 0.737 -152.326
v 3.237 10.037 -156.517
v 11.920 10.037 -169.454
v 18.163 10.037 -165.263
v 9.480 10.037 -152.326
f 2544 2543 2542 2541
f 2537 2538 2542 2541
f 2538 2539 2543 2542
f 2539 2540 2544 2543
f 2540 2537 2541 2544
v -5.495 0.682 -184.565
v 3.528 0.682 -207.170
v 16.995 0.682 -201.795
v 7.972 0.682 -179.190
v -5.495 4.582 -184.565
v 3.528 4.582 -207.170
v 16.995 4.582 -201.795
v 7.972 4.582 -179.190
f 2552 2551 2550 2549
f 2545 2546 2550 2549
f 2546 2547 2551 2550
f 2547 2548 2552 2551
f 2548 2545 2549 2552
v -4.898 0.514 -150.194
v 0.968 0.514 -162.042
v 9.078 0.514 -158.026
v 3.212 0.514 -146.178
v -4.898 4.414 -150.194
v 0.968 4.414 -162.042
v 9.078 4.414 -158.026
v 3.212 4.414 -146.178
f 2560 2559 2558 2557
f 2553 2554 2558 2557
f 2554 2555 2559 2558
f 2555 2556 2560 2559
f 2556 2553 2557 2560
v -15.224 0.570 -146.868
v -5.440 0.570 -158.787
v 1.084 0.570 -153.432
v -8.700 0.570 -141.513
v -15.224 4.470 -146.868
v -5.440 4.470 -158.787
v 1.084 4.470 -153.432
v -8.700 4.470 -141.513
f 2568 2567 2566 2565
f 2561 2562 2566 2565
f 2562 2563 2567 2566
f 2563 2564 2568 2567
f 2564 2561 2565 2568
v -38.568 0.668 -154.287
v -21.519 0.668 -143.139
v -26.532 0.668 -135.473
v -43.581 0.668 -146.621
v -38.568 4.568 -154.287
v -21.519 4.568 -143.139
v -26.532 4.568 -135.473
v -43.581 4.568 -146.621
f 2576 2575 2574 2573
f 2569 2570 2574 2573
f 2570 2571 2575 2574
f 2571 2572 2576 2575
f 2572 2569 2573 2576
v -45.258 0.531 -159.380
v -35.321 0.531 -152.943
v -40.182 0.531 -145.440
v -50.119 0.531 -151.877
v -45.258 4.431 -159.380
v -35.321 4.431 -152.943
v -40.182 4.431 -145.440
v -50.119 4.431 -151.877
f 2584 2583 2582 2581
f 2577 2578 2582 2581
f 2578 2579 2583 2582
f 2579 2580 2584 2583
f 2580 2577 2581 2584
v -54.492 0.238 -175.351
v -40.874 0.238 -166.632
v -47.048 0.238 -156.989
v -60.666 0.238 -165.708
v -54.492 4.138 -175.351
v -40.874 4.138 -166.632
v -47.048 4.138 -156.989
v -60.666 4.138 -165.708
f 2592 2591 2590 2589
f 2585 2586 2590 2589
f 2586 2587 2591 2590
f 2587 2588 2592 2591
f 2588 2585 2589 2592
v -18.770 0.881 -180.663
v -7.821 0.881 -196.810
v 3.170 0.881 -189.357
v -7.779 0.881 -173.210
v -18.770 4.781 -180.663
v -7.821 4.781 -196.810
v 3.170 4.781 -189.357
v -7.779 4.781 -173.210
f 2600 2599 2598 2597
f 2593 2594 2598 2597
f 2594 2595 2599 2598
f 2595 2596 2600 2599
f 2596 2593 2597 2600
v -137.735 0.427 -175.639
v -133.577 0.427 -173.260
v -135.385 0.427 -170.101
v -139.543 0.427 -172.480
v -137.735 4.327 -175.639
v -133.577 4.327 -173.260
v -135.385 4.327 -170.101
v -139.543 4.327 -172.480
f 2608 2607 2606 2605
f 2601 2602 2606 2605
f 2602 2603 2607 2606
f 2603 2604 2608 2607
f 2604 2601 2605 2608
v -76.671 0.559 -144.644
v -61.579 0.559 -133.433
v -69.749 0.559 -122.436
v -84.841 0.559 -133.647
v -76.671 4.459 -144.644
v -61.579 4.459 -133.433
v -69.749 4.459 -122.436
v -84.841 4.459 -133.647
f 2616 2615 2614 2613
f 2609 2610 2614 2613
f 2610 2611 2615 2614
f 2611 2612 2616 2615
f 2612 2609 2613 2616
v -69.155 0.780 -133.576
v -58.789 0.780 -125.567
v -62.825 0.780 -120.344
v -73.191 0.780 -128.353
v -69.155 4.680 -133.576
v -58.789 4.680 -125.567
v -62.825 4.680 -120.344
v -73.191 4.680 -128.353
f 2624 2623 2622 2621
f 2617 2618 2622 2621
f 2618 2619 2623 2622
f 2619 2620 2624 2623
f 2620 2617 2621 2624
v -66.781 0.785 -110.860
v -55.581 0.785 -128.303
v -45.079 0.785 -121.560
v -56.279 0.785 -104.117
v -66.781 10.085 -110.860
v -55.581 10.085 -128.303
v -45.079 10.085 -121.560
v -56.279 10.085 -104.117
f 2632 2631 2630 2629
f 2625 2626 2630 2629
f 2626 2627 2631 2630
f 2627 2628 2632 2631
f 2628 2625 2629 2632
v -86.199 0.932 -105.254
v -71.635 0.932 -122.326
v -56.701 0.932 -109.586
v -71.265 0.932 -92.514
v -86.199 10.232 -105.254
v -71.635 10.232 -122.326
v -56.701 10.232 -109.586
v -71.265 10.232 -92.514
f 2640 2639 2638 2637
f 2633 2634 2638 2637
f 2634 2635 2639 2638
f 2635 2636 2640 2639
f 2636 2633 2637 2640
v -96.144 0.982 -92.773
v -85.132 0.982 -109.433
v -75.956 0.982 -103.367
v -86.968 0.982 -86.707
v -96.144 10.282 -92.773
v -85.132 10.282 -109.433
v -75.956 10.282 -103.367
v -86.968 10.282 -86.707
f 2648 2647 2646 2645
f 2641 2642 2646 2645
f 2642 2643 2647 2646
f 2643 2644 2648 2647
f 2644 2641 2645 2648
v -108.056 0.941 -91.680
v -91.715 0.941 -96.751
v -87.044 0.941 -81.700
v -103.385 0.941 -76.629
v -108.056 4.841 -91.680
v -91.715 4.841 -96.751
v -87.044 4.841 -81.700
v -103.385 4.841 -76.629
f 2656 2655 2654 2653
f 2649 2650 2654 2653
f 2650 2651 2655 2654
f 2651 2652 2656 2655
f 2652 2649 2653 2656
v -108.320 1.381 -94.956
v -103.456 1.381 -102.241
v -97.560 1.381 -98.304
v -102.424 1.381 -91.019
v -108.320 5.281 -94.956
v -103.456 5.281 -102.241
v -97.560 5.281 -98.304
v -102.424 5.281 -91.019
f 2664 2663 2662 2661
f 2657 2658 2662 2661
f 2658 2659 2663 2662
f 2659 2660 2664 2663
f 2660 2657 2661 2664
v -115.691 0.849 -115.286
v -107.271 0.849 -109.098
v -109.729 0.849 -105.754
v -118.149 0.849 -111.942
v -115.691 4.749 -115.286
v -107.271 4.749 -109.098
v -109.729 4.749 -105.754
v -118.149 4.749 -111.942
f 2672 2671 2670 2669
f 2665 2666 2670 2669
f 2666 2667 2671 2670
f 2667 2668 2672 2671
f 2668 2665 2669 2672
v -126.311 0.714 -132.460
v -111.374 0.714 -128.208
v -115.829 0.714 -112.560
v -130.766 0.714 -116.812
v -126.311 7.514 -132.460
v -111.374 7.514 -128.208
v -115.829 7.514 -112.560
v -130.766 7.514 -116.812
f 2680 2679 2678 2677
f 2673 2674 2678 2677
f 2674 2675 2679 2678
f 2675 2676 2680 2679
f 2676 2673 2677 2680
v -136.971 0.547 -133.434
v -131.024 0.547 -141.795
v -124.489 0.547 -137.146
v -130.436 0.547 -128.785
v -136.971 4.447 -133.434
v -131.024 4.447 -141.795
v -124.489 4.447 -137.146
v -130.436 4.447 -128.785
f 2688 2687 2686 2685
f 2681 2682 2686 2685
f 2682 2683 2687 2686
f 2683 2684 2688 2687
f 2684 2681 2685 2688
v 167.670 3.578 -72.418
v 168.064 3.578 -92.634
v 186.170 3.578 -92.282
v 185.776 3.578 -72.066
v 167.670 7.478 -72.418
v 168.064 7.478 -92.634
v 186.170 7.478 -92.282
v 185.776 7.478 -72.066
f 2696 2695 2694 2693
f 2689 2690 2694 2693
f 2690 2691 2695 2694
f 2691 2692 2696 2695
f 2692 2689 2693 2696
v 177.348 2.756 -89.639
v 188.327 2.756 -106.032
v 199.752 2.756 -98.381
v 188.773 2.756 -81.988
v 177.348 6.656 -89.639
v 188.327 6.656 -106.032
v 199.752 6.656 -98.381
v 188.773 6.656 -81.988
f 2704 2703 2702 2701
f 2697 2698 2702 2701
f 2698 2699 2703 2702
f 2699 2700 2704 2703
f 2700 2697 2701 2704
v 188.156 1.525 -105.573
v 192.641 1.525 -111.547
v 195.944 1.525 -109.067
v 191.459 1.525 -103.093
v 188.156 5.425 -105.573
v 192.641 5.425 -111.547
v 195.944 5.425 -109.067
v 191.459 5.425 -103.093
f 2712 2711 2710 2709
f 2705 2706 2710 2709
f 2706 2707 2711 2710
f 2707 2708 2712 2711
f 2708 2705 2709 2712
v 190.787 2.032 -103.037
v 208.450 2.032 -119.593
v 218.113 2.032 -109.283
v 200.450 2.032 -92.727
v 190.787 5.932 -103.037
v 208.450 5.932 -119.593
v 218.113 5.932 -109.283
v 200.450 5.932 -92.727
f 2720 2719 2718 2717
f 2713 2714 2718 2717
f 2714 2715 2719 2718
f 2715 2716 2720 2719
f 2716 2713 2717 2720
v 209.231 3.143 -56.076
v 222.204 3.143 -76.018
v 233.109 3.143 -68.924
v 220.136 3.143 -48.982
v 209.231 7.043 -56.076
v 222.204 7.043 -76.018
v 233.109 7.043 -68.924
v 220.136 7.043 -48.982
f 2728 2727 2726 2725
f 2721 2722 2726 2725
f 2722 2723 2727 2726
f 2723 2724 2728 2727
f 2724 2721 2725 2728
v 223.996 3.253 -64.160
v 235.037 3.253 -80.668
v 245.784 3.253 -73.480
v 234.743 3.253 -56.972
v 223.996 7.153 -64.160
v 235.037 7.153 -80.668
v 245.784 7.153 -73.480
v 234.743 7.153 -56.972
f 2736 2735 2734 2733
f 2729 2730 2734 2733
f 2730 2731 2735 2734
f 2731 2732 2736 2735
f 2732 2729 2733 2736
v 234.317 2.828 -75.737
v 246.590 2.828 -97.460
v 259.223 2.828 -90.323
v 246.950 2.828 -68.600
v 234.317 6.728 -75.737
v 246.590 6.728 -97.460
v 259.223 6.728 -90.323
v 246.950 6.728 -68.600
f 2744 2743 2742 2741
f 2737 2738 2742 2741
f 2738 2739 2743 2742
f 2739 2740 2744 2743
f 2740 2737 2741 2744
v 241.776 3.545 15.855
v 252.188 3.545 -0.738
v 261.404 3.545 5.045
v 250.992 3.545 21.638
v 241.776 7.445 15.855
v 252.188 7.445 -0.738
v 261.404 7.445 5.045
v 250.992 7.445 21.638
f 2752 2751 2750 2749
f 2745 2746 2750 2749
f 2746 2747 2751 2750
f 2747 2748 2752 2751
f 2748 2745 2749 2752
v 237.263 3.229 5.013
v 239.751 3.229 1.014
v 242.697 3.229 2.847
v 240.209 3.229 6.846
v 237.263 7.129 5.013
v 239.751 7.129 1.014
v 242.697 7.129 2.847
v 240.209 7.129 6.846
f 2760 2759 2758 2757
f 2753 2754 2758 2757
f 2754 2755 2759 2758
f 2755 2756 2760 2759
f 2756 2753 2757 2760
v 230.262 3.504 23.093
v 240.488 3.504 5.859
v 250.378 3.504 11.727
v 240.152 3.504 28.961
v 230.262 7.404 23.093
v 240.488 7.404 5.859
v 250.378 7.404 11.727
v 240.152 7.404 28.961
f 2768 2767 2766 2765
f 2761 2762 2766 2765
f 2762 2763 2767 2766
f 2763 2764 2768 2767
f 2764 2761 2765 2768
v 222.102 3.592 -24.974
v 243.818 3.592 -13.565
v 236.558 3.592 0.254
v 214.842 3.592 -11.155
v 222.102 7.492 -24.974
v 243.818 7.492 -13.565
v 236.558 7.492 0.254
v 214.842 7.492 -11.155
f 2776 2775 2774 2773
f 2769 2770 2774 2773
f 2770 2771 2775 2774
f 2771 2772 2776 2775
f 2772 2769 2773 2776
v 245.988 3.532 -31.112
v 260.059 3.532 -23.624
v 255.272 3.532 -14.628
v 241.201 3.532 -22.116
v 245.988 7.432 -31.112
v 260.059 7.432 -23.624
v 255.272 7.432 -14.628
v 241.201 7.432 -22.116
f 2784 2783 2782 2781
f 2777 2778 2782 2781
f 2778 2779 2783 2782
f 2779 2780 2784 2783
f 2780 2777 2781 2784
v 200.055 3.715 -14.830
v 206.559 3.715 -36.088
v 221.065 3.715 -31.650
v 214.561 3.715 -10.392
v 200.055 7.615 -14.830
v 206.559 7.615 -36.088
v 221.065 7.615 -31.650
v 214.561 7.615 -10.392
f 2792 2791 2790 2789
f 2785 2786 2790 2789
f 2786 2787 2791 2790
f 2787 2788 2792 2791
f 2788 2785 2789 2792
v 219.138 3.482 -38.991
v 227.056 3.482 -33.870
v 222.282 3.482 -26.489
v 214.364 3.482 -31.610
v 219.138 7.382 -38.991
v 227.056 7.382 -33.870
v 222.282 7.382 -26.489
v 214.364 7.382 -31.610
f 2800 2799 2798 2797
f 2793 2794 2798 2797
f 2794 2795 2799 2798
f 2795 2796 2800 2799
f 2796 2793 2797 2800
v -252.544 1.578 58.714
v -231.031 1.578 73.475
v -236.156 1.578 80.946
v -257.669 1.578 66.185
v -252.544 5.478 58.714
v -231.031 5.478 73.475
v -236.156 5.478 80.946
v -257.669 5.478 66.185
f 2808 2807 2806 2805
f 2801 2802 2806 2805
f 2802 2803 2807 2806
f 2803 2804 2808 2807
f 2804 2801 2805 2808
v -240.081 1.633 69.983
v -226.572 1.633 79.370
v -230.219 1.633 84.617
v -243.728 1.633 75.230
v -240.081 5.533 69.983
v -226.572 5.533 79.370
v -230.219 5.533 84.617
v -243.728 5.533 75.230
f 2816 2815 2814 2813
f 2809 2810 2814 2813
f 2810 2811 2815 2814
f 2811 2812 2816 2815
f 2812 2809 2813 2816
v -230.298 2.039 84.188
v -202.982 2.039 95.899
v -210.902 2.039 114.372
v -238.218 2.039 102.661
v -230.298 5.939 84.188
v -202.982 5.939 95.899
v -210.902 5.939 114.372
v -238.218 5.939 102.661
f 2824 2823 2822 2821
f 2817 2818 2822 2821
f 2818 2819 2823 2822
f 2819 2820 2824 2823
f 2820 2817 2821 2824
v -209.848 2.240 109.695
v -195.421 2.240 121.670
v -202.472 2.240 130.165
v -216.899 2.240 118.190
v -209.848 6.140 109.695
v -195.421 6.140 121.670
v -202.472 6.140 130.165
v -216.899 6.140 118.190
f 2832 2831 2830 2829
f 2825 2826 2830 2829
f 2826 2827 2831 2830
f 2827 2828 2832 2831
f 2828 2825 2829 2832
v -197.638 2.263 123.360
v -180.928 2.263 134.422
v -190.302 2.263 148.580
v -207.012 2.263 137.518
v -197.638 6.163 123.360
v -180.928 6.163 134.422
v -190.302 6.163 148.580
v -207.012 6.163 137.518
f 2840 2839 2838 2837
f 2833 2834 2838 2837
f 2834 2835 2839 2838
f 2835 2836 2840 2839
f 2836 2833 2837 2840
v -182.311 2.032 77.326
v -177.407 2.032 71.006
v -171.829 2.032 75.334
v -176.733 2.032 81.654
v -182.311 5.932 77.326
v -177.407 5.932 71.006
v -171.829 5.932 75.334
v -176.733 5.932 81.654
f 2848 2847 2846 2845
f 2841 2842 2846 2845
f 2842 2843 2847 2846
f 2843 2844 2848 2847
f 2844 2841 2845 2848
v -215.472 1.593 65.578
v -203.967 1.593 72.924
v -207.708 1.593 78.782
v -219.213 1.593 71.436
v -215.472 5.493 65.578
v -203.967 5.493 72.924
v -207.708 5.493 78.782
v -219.213 5.493 71.436
f 2856 2855 2854 2853
f 2849 2850 2854 2853
f 2850 2851 2855 2854
f 2851 2852 2856 2855
f 2852 2849 2853 2856
v -202.395 1.779 67.628
v -190.851 1.779 77.639
v -196.845 1.779 84.552
v -208.389 1.779 74.541
v -202.395 5.679 67.628
v -190.851 5.679 77.639
v -196.845 5.679 84.552
v -208.389 5.679 74.541
f 2864 2863 2862 2861
f 2857 2858 2862 2861
f 2858 2859 2863 2862
f 2859 2860 2864 2863
f 2860 2857 2861 2864
v -194.730 2.061 77.058
v -187.504 2.061 83.071
v -191.290 2.061 87.622
v -198.516 2.061 81.609
v -194.730 5.961 77.058
v -187.504 5.961 83.071
v -191.290 5.961 87.622
v -198.516 5.961 81.609
f 2872 2871 2870 2869
f 2865 2866 2870 2869
f 2866 2867 2871 2870
f 2867 2868 2872 2871
f 2868 2865 2869 2872
v -216.667 1.358 34.549
v -215.044 1.358 52.737
v -235.373 1.358 54.551
v -236.996 1.358 36.363
v -216.667 5.258 34.549
v -215.044 5.258 52.737
v -235.373 5.258 54.551
v -236.996 5.258 36.363
f 2880 2879 2878 2877
f 2873 2874 2878 2877
f 2874 2875 2879 2878
f 2875 2876 2880 2879
f 2876 2873 2877 2880
v -101.778 3.030 252.730
v -94.953 3.030 244.065
v -88.142 3.030 249.430
v -94.967 3.030 258.095
v -101.778 6.930 252.730
v -94.953 6.930 244.065
v -88.142 6.930 249.430
v -94.967 6.930 258.095
f 2888 2887 2886 2885
f 2881 2882 2886 2885
f 2882 2883 2887 2886
f 2883 2884 2888 2887
f 2884 2881 2885 2888
usemtl road
v -98.219 2.535 203.287
v -74.419 2.705 239.207
v -71.501 2.781 237.273
v -95.301 2.555 201.353
f 2889 2890 2891 2892
v -74.418 2.705 239.207
v -70.068 2.856 245.767
v -67.152 2.799 243.833
v -71.502 2.781 237.273
f 2893 2894 2895 2896
v -70.069 2.856 245.767
v -66.059 2.861 251.817
v -63.141 2.857 249.883
v -67.151 2.799 243.833
f 2897 2898 2899 2900
v 170.349 3.207 188.893
v 225.449 3.585 151.123
v 223.471 3.503 148.237
v 168.371 3.179 186.007
f 2901 2902 2903 2904
v -254.414 0.786 -56.188
v -211.944 0.681 -86.184
v -215.116 0.670 -90.676
v -257.586 0.652 -60.680
f 2905 2906 2907 2908
v 223.371 0.857 -223.807
v 256.991 0.809 -246.890
v 255.009 0.826 -249.776
v 221.389 0.842 -226.693
f 2909 2910 2911 2912
v 41.920 0.743 -241.192
v 80.200 0.992 -184.442
v 84.760 0.997 -187.518
v 46.480 0.650 -244.268
f 2913 2914 2915 2916
v 214.350 3.100 242.504
v 209.580 3.096 245.564
v 213.360 2.999 251.456
v 218.130 3.036 248.396
f 2917 2918 2919 2920
v 209.520 3.097 245.603
v 202.320 2.923 250.433
v 206.220 2.874 256.247
v 213.420 2.997 251.417
f 2921 2922 2923 2924
v 212.861 3.263 7.304
v 244.281 3.932 -15.616
v 242.219 3.937 -18.444
v 210.799 3.293 4.476
f 2925 2926 2927 2928
v -232.476 0.394 -254.211
v -216.916 0.437 -230.951
v -212.344 0.395 -234.009
v -227.904 0.358 -257.269
f 2929 2930 2931 2932
v -216.811 0.441 -230.805
v -209.471 0.438 -221.245
v -205.109 0.436 -224.595
v -212.449 0.393 -234.155
f 2933 2934 2935 2936
v -209.562 0.438 -221.370
v -182.832 0.514 -182.180
v -178.288 0.474 -185.280
v -205.018 0.437 -224.470
f 2937 2938 2939 2940
v -182.884 0.513 -182.260
v -178.374 0.633 -175.130
v -173.726 0.637 -178.070
v -178.236 0.474 -185.200
f 2941 2942 2943 2944
v -178.295 0.633 -175.011
v -160.635 0.604 -150.061
v -156.145 0.664 -153.239
v -173.805 0.638 -178.189
f 2945 2946 2947 2948
v -160.635 0.604 -150.062
v -146.055 0.703 -129.452
v -141.565 0.841 -132.628
v -156.145 0.664 -153.238
f 2949 2950 2951 2952
v -146.043 0.703 -129.435
v -103.503 0.960 -70.245
v -99.037 1.232 -73.455
v -141.577 0.840 -132.645
f 2953 2954 2955 2956
v -103.539 0.959 -70.296
v -99.039 1.121 -63.726
v -94.501 1.120 -66.834
v -99.001 1.227 -73.404
f 2957 2958 2959 2960
v -9.363 2.519 66.288
v 10.607 2.628 96.468
v 15.193 2.593 93.432
v -4.777 2.512 63.252
f 2961 2962 2963 2964
v 10.607 2.628 96.468
v 31.867 2.672 128.588
v 36.453 2.644 125.552
v 15.193 2.593 93.432
f 2965 2966 2967 2968
v 31.867 2.672 128.588
v 39.147 2.617 139.588
v 43.733 2.595 136.552
v 36.453 2.644 125.552
f 2969 2970 2971 2972
v 39.147 2.617 139.588
v 57.717 2.603 167.638
v 62.303 2.619 164.602
v 43.733 2.595 136.552
f 2973 2974 2975 2976
v 57.695 2.603 167.604
v 85.105 2.895 210.374
v 89.735 2.798 207.406
v 62.325 2.619 164.636
f 2977 2978 2979 2980
v 85.105 2.895 210.374
v 102.865 2.991 238.084
v 107.495 3.035 235.116
v 89.735 2.798 207.406
f 2981 2982 2983 2984
v 102.865 2.991 238.084
v 111.755 2.893 251.954
v 116.385 2.935 248.986
v 107.495 3.035 235.116
f 2985 2986 2987 2988
v -8.689 1.789 -75.232
v -128.489 1.575 6.448
v -125.391 2.043 10.992
v -5.591 1.845 -70.688
f 2989 2990 2991 2992
v -128.446 1.576 6.419
v -143.676 1.216 16.389
v -140.664 1.270 20.991
v -125.434 2.041 11.021
f 2993 2994 2995 2996
v 42.652 0.710 -245.003
v -64.298 0.849 -172.173
v -61.202 0.827 -167.627
v 45.748 0.755 -240.457
f 2997 2998 2999 3000
v -64.298 0.849 -172.173
v -70.228 0.915 -168.133
v -67.132 0.923 -163.587
v -61.202 0.827 -167.627
f 3001 3002 3003 3004
v -216.768 0.927 19.090
v -253.708 0.812 -36.615
v -258.292 0.805 -33.576
v -221.352 0.936 22.130
f 3005 3006 3007 3008
v 135.639 2.343 -105.489
v 83.549 3.057 -70.219
v 85.511 3.111 -67.321
v 137.601 2.408 -102.591
f 3009 3010 3011 3012
v 229.360 2.783 -95.028
v 141.320 0.641 -225.568
v 136.760 0.672 -222.492
v 224.800 2.841 -91.952
f 3013 3014 3015 3016
v -139.742 3.036 252.570
v -153.172 2.800 232.000
v -160.708 2.789 236.920
v -147.278 3.002 257.490
f 3017 3018 3019 3020
v -153.282 2.799 231.839
v -174.792 2.507 201.819
v -182.108 2.422 207.061
v -160.598 2.791 237.081
f 3021 3022 3023 3024
v -115.274 0.667 -226.880
v -111.134 0.710 -221.110
v -105.446 0.754 -225.190
v -109.586 0.665 -230.960
f 3025 3026 3027 3028
v -111.133 0.710 -221.108
v -107.383 0.686 -215.888
v -101.697 0.699 -219.972
v -105.447 0.754 -225.192
f 3029 3030 3031 3032
v -107.423 0.686 -215.945
v -71.563 0.937 -163.875
v -65.797 0.853 -167.845
v -101.657 0.699 -219.915
f 3033 3034 3035 3036
v -71.582 0.937 -163.903
v -68.702 0.921 -159.633
v -62.898 0.841 -163.547
v -65.778 0.853 -167.817
f 3037 3038 3039 3040
v -68.700 0.921 -159.630
v -37.690 1.176 -113.740
v -31.890 1.104 -117.660
v -62.900 0.841 -163.550
f 3041 3042 3043 3044
v -37.830 1.173 -113.966
v -33.860 1.255 -107.006
v -27.780 1.224 -110.474
v -31.750 1.102 -117.434
f 3045 3046 3047 3048
v 80.186 0.992 -184.464
v 134.326 2.339 -102.524
v 138.914 2.366 -105.556
v 84.774 0.997 -187.496
f 3049 3050 3051 3052
v 134.346 2.340 -102.494
v 142.986 2.680 -89.784
v 147.534 2.667 -92.876
v 138.894 2.365 -105.586
f 3053 3054 3055 3056
v 142.987 2.680 -89.781
v 167.517 3.639 -53.781
v 172.063 3.620 -56.879
v 147.533 2.667 -92.879
f 3057 3058 3059 3060
v 167.523 3.639 -53.773
v 209.563 3.246 7.447
v 214.097 3.209 4.333
v 172.057 3.620 -56.887
f 3061 3062 3063 3064
v 209.520 3.247 7.381
v 220.320 3.105 24.111
v 224.940 3.129 21.129
v 214.140 3.210 4.399
f 3065 3066 3067 3068
v 220.325 3.105 24.119
v 235.105 3.100 46.849
v 239.715 3.097 43.851
v 224.935 3.129 21.121
f 3069 3070 3071 3072
v 235.134 3.101 46.893
v 236.774 3.079 49.313
v 241.326 3.084 46.227
v 239.686 3.097 43.807
f 3073 3074 3075 3076
v 236.776 3.079 49.317
v 253.726 3.095 74.234
v 258.274 3.134 71.140
v 241.324 3.084 46.223
f 3077 3078 3079 3080
v -249.122 0.580 -135.429
v -245.512 0.579 -129.889
v -239.648 0.590 -133.711
v -243.258 0.561 -139.251
f 3081 3082 3083 3084
v -245.534 0.579 -129.923
v -241.234 0.590 -123.153
v -235.326 0.580 -126.907
v -239.626 0.590 -133.677
f 3085 3086 3087 3088
v -241.179 0.589 -123.069
v -216.429 0.628 -86.469
v -210.631 0.658 -90.391
v -235.381 0.581 -126.991
f 3089 3090 3091 3092
v -216.454 0.628 -86.506
v -173.764 0.844 -21.616
v -167.916 0.843 -25.464
v -210.606 0.659 -90.354
f 3093 3094 3095 3096
v -173.645 0.842 -21.446
v -168.435 0.891 -14.466
v -162.825 0.841 -18.654
v -168.035 0.846 -25.634
f 3097 3098 3099 3100
v -168.413 0.891 -14.437
v -163.753 0.909 -8.327
v -158.187 0.881 -12.573
v -162.847 0.840 -18.683
f 3101 3102 3103 3104
v -163.911 0.908 -8.553
v -145.111 1.194 20.587
v -139.229 1.199 16.793
v -158.029 0.889 -12.347
f 3105 3106 3107 3108
v -145.066 1.192 20.656
v -87.866 2.140 104.926
v -82.074 2.117 100.994
v -139.274 1.198 16.724
f 3109 3110 3111 3112
v -87.825 2.140 104.984
v -81.615 2.253 113.744
v -75.905 2.228 109.696
v -82.115 2.118 100.936
f 3113 3114 3115 3116
v -246.371 0.583 -125.317
v -240.811 0.592 -129.377
v -244.349 0.613 -134.223
v -249.909 0.578 -130.163
f 3117 3118 3119 3120
v -240.838 0.592 -129.358
v -235.708 0.574 -133.018
v -239.192 0.559 -137.902
v -244.322 0.614 -134.242
f 3121 3122 3123 3124
v -235.779 0.573 -132.968
v -207.829 0.671 -151.708
v -211.171 0.626 -156.692
v -239.121 0.559 -137.952
f 3125 3126 3127 3128
v -207.831 0.671 -151.707
v -174.381 0.577 -174.107
v -177.719 0.621 -179.093
v -211.169 0.626 -156.693
f 3129 3130 3131 3132
v -174.350 0.578 -174.128
v -112.230 0.667 -216.868
v -115.630 0.652 -221.812
v -177.750 0.621 -179.072
f 3133 3134 3135 3136
v -112.251 0.667 -216.854
v -106.611 0.722 -220.664
v -109.969 0.734 -225.636
v -115.609 0.652 -221.826
f 3137 3138 3139 3140
v -106.856 0.728 -220.803
v -99.786 0.700 -225.123
v -102.654 0.737 -229.817
v -109.724 0.737 -225.497
f 3141 3142 3143 3144
v -99.668 0.702 -225.200
v -57.952 0.614 -253.730
v -61.057 0.684 -258.270
v -102.772 0.737 -229.740
f 3145 3146 3147 3148
v -167.345 0.875 -19.022
v -173.675 0.873 -14.612
v -170.245 0.880 -9.688
v -163.915 0.906 -14.098
f 3149 3150 3151 3152
v -173.673 0.873 -14.613
v -211.443 0.929 11.657
v -208.017 0.989 16.583
v -170.247 0.880 -9.687
f 3153 3154 3155 3156
v -211.443 0.929 11.657
v -220.773 0.963 18.147
v -217.347 1.029 23.073
v -208.017 0.989 16.583
f 3157 3158 3159 3160
v -220.711 0.963 18.105
v -227.871 0.973 22.825
v -224.569 1.031 27.835
v -217.409 1.030 23.115
f 3161 3162 3163 3164
v -227.872 0.973 22.826
v -257.652 0.966 42.470
v -254.348 1.016 47.479
v -224.568 1.031 27.834
f 3165 3166 3167 3168
v -187.785 2.369 191.348
v -182.225 2.303 187.558
v -187.295 2.254 180.122
v -192.855 2.306 183.912
f 3169 3170 3171 3172
v -182.222 2.303 187.556
v -82.012 2.248 119.126
v -87.088 2.210 111.694
v -187.298 2.254 180.124
f 3173 3174 3175 3176
v -82.132 2.250 119.205
v -76.342 2.291 115.515
v -81.178 2.258 107.925
v -86.968 2.207 111.615
f 3177 3178 3179 3180
v 127.268 2.839 125.459
v 132.348 2.767 121.569
v 128.092 2.755 116.011
v 123.012 2.825 119.901
f 3181 3182 3183 3184
v 132.198 2.769 121.677
v 239.388 3.083 48.237
v 235.432 3.054 42.463
v 128.242 2.754 115.903
f 3185 3186 3187 3188
v 239.346 3.083 48.266
v 248.806 2.920 41.986
v 244.934 2.865 36.154
v 235.474 3.054 42.434
f 3189 3190 3191 3192
v -188.037 2.287 186.097
v -192.387 2.200 179.617
v -196.953 2.260 182.683
v -192.603 2.334 189.163
f 3193 3194 3195 3196
v -192.384 2.200 179.621
v -253.714 1.281 87.922
v -258.286 1.333 90.979
v -196.956 2.260 182.679
f 3197 3198 3199 3200
v -253.160 1.905 233.428
v -218.270 2.252 209.838
v -221.350 2.209 205.282
v -256.240 1.860 228.872
f 3201 3202 3203 3204
v -218.270 2.252 209.839
v -195.480 2.307 194.439
v -198.560 2.285 189.881
v -221.350 2.209 205.281
f 3205 3206 3207 3208
v -195.480 2.307 194.438
v -188.780 2.360 189.908
v -191.860 2.318 185.352
v -198.560 2.285 189.882
f 3209 3210 3211 3212
v 238.936 2.811 97.959
v 256.936 3.151 86.571
v 255.064 3.188 83.614
v 237.064 2.767 95.001
f 3213 3214 3215 3216
v 221.687 3.153 21.146
v 184.607 2.800 44.856
v 186.493 2.937 47.804
v 223.573 3.143 24.094
f 3217 3218 3219 3220
v 144.257 2.683 -92.764
v 112.107 3.434 -70.264
v 114.113 3.404 -67.396
v 146.263 2.762 -89.896
f 3221 3222 3223 3224
v -81.679 2.253 113.652
v -71.539 2.259 128.972
v -65.701 2.253 125.108
v -75.841 2.228 109.788
f 3225 3226 3227 3228
v -71.516 2.259 129.005
v -45.386 2.316 167.515
v -39.594 2.317 163.585
v -65.724 2.253 125.075
f 3229 3230 3231 3232
v -45.386 2.316 167.516
v -20.586 2.363 204.046
v -14.794 2.369 200.114
v -39.594 2.317 163.584
f 3233 3234 3235 3236
v -20.604 2.363 204.019
v -13.064 2.451 215.349
v -7.236 2.420 211.471
v -14.776 2.370 200.141
f 3237 3238 3239 3240
v -13.026 2.450 215.405
v -6.066 2.412 225.435
v -0.314 2.362 221.445
v -7.274 2.420 211.415
f 3241 3242 3243 3244
v 122.118 2.833 124.445
v 122.988 2.806 125.935
v 129.032 2.781 122.405
v 128.162 2.807 120.915
f 3245 3246 3247 3248
v 123.133 2.800 126.163
v 126.673 2.754 131.273
v 132.427 2.782 127.287
v 128.887 2.786 122.177
f 3249 3250 3251 3252
v 126.662 2.754 131.257
v 166.472 3.100 189.427
v 172.248 3.103 185.473
v 132.438 2.782 127.303
f 3253 3254 3255 3256
v 166.481 3.100 189.440
v 204.231 3.071 244.050
v 209.989 3.086 240.070
v 172.239 3.102 185.460
f 3257 3258 3259 3260
v 204.217 3.071 244.029
v 207.647 3.053 249.069
v 213.433 3.089 245.131
v 210.003 3.086 240.091
f 3261 3262 3263 3264
v 207.618 3.053 249.027
v 208.548 3.047 250.437
v 214.392 3.077 246.583
v 213.462 3.089 245.173
f 3265 3266 3267 3268
v 208.595 3.047 250.506
v 213.793 2.916 257.996
v 219.543 3.006 254.004
v 214.345 3.078 246.514
f 3269 3270 3271 3272
v -76.239 2.290 115.447
v -67.679 2.334 109.657
v -72.721 2.265 102.203
v -81.281 2.258 107.993
f 3273 3274 3275 3276
v -67.742 2.335 109.700
v -4.612 2.374 68.540
v -9.528 2.538 61.000
v -72.658 2.266 102.160
f 3277 3278 3279 3280
v -4.496 2.375 68.461
v 50.514 2.605 30.111
v 45.366 2.593 22.729
v -9.644 2.534 61.079
f 3281 3282 3283 3284
v 50.528 2.605 30.101
v 57.598 2.659 25.131
v 52.422 2.653 17.769
v 45.352 2.593 22.739
f 3285 3286 3287 3288
v 57.540 2.658 25.172
v 64.470 2.643 20.462
v 59.410 2.573 13.018
v 52.480 2.653 17.728
f 3289 3290 3291 3292
v 64.439 2.643 20.482
v 167.619 3.567 -48.438
v 162.621 3.573 -55.922
v 59.441 2.573 12.998
f 3293 3294 3295 3296
v 167.636 3.566 -48.449
v 172.306 3.615 -51.599
v 167.274 3.596 -59.061
v 162.604 3.573 -55.911
f 3297 3298 3299 3300
v 172.211 3.614 -51.537
v 178.871 3.562 -55.787
v 174.029 3.525 -63.373
v 167.369 3.595 -59.123
f 3301 3302 3303 3304
v 178.954 3.562 -55.841
v 229.584 2.822 -89.751
v 224.576 2.762 -97.229
v 173.946 3.526 -63.319
f 3305 3306 3307 3308
v 229.610 2.822 -89.769
v 258.530 2.319 -109.432
v 253.470 2.270 -116.875
v 224.550 2.762 -97.211
f 3309 3310 3311 3312
v -231.765 0.805 -204.124
v -206.305 0.399 -221.474
v -208.275 0.386 -224.366
v -233.735 0.721 -207.016
f 3313 3314 3315 3316
v -144.575 2.801 226.118
v -123.470 3.090 256.988
v -120.581 3.097 255.012
v -141.685 2.827 224.142
f 3317 3318 3319 3320
v -126.119 2.901 221.577
v -107.689 2.959 249.377
v -104.771 2.840 247.443
v -123.201 2.885 219.643
f 3321 3322 3323 3324
v -111.936 2.755 212.281
v -91.796 2.853 242.471
v -88.884 2.689 240.529
v -109.024 2.675 210.339
f 3325 3326 3327 3328
v -91.016 2.867 243.114
v -87.006 2.834 244.794
v -85.654 2.682 241.566
v -89.664 2.679 239.886
f 3329 3330 3331 3332
v -86.478 2.835 244.924
v -82.468 2.838 245.264
v -82.172 2.698 241.776
v -86.182 2.682 241.436
f 3333 3334 3335 3336
v -81.550 2.837 245.091
v -76.960 2.776 242.841
v -78.500 2.659 239.699
v -83.090 2.701 241.949
f 3337 3338 3339 3340
v -76.792 2.776 242.747
v -72.022 2.774 239.717
v -73.898 2.685 236.763
v -78.668 2.660 239.793
f 3341 3342 3343 3344
v -43.472 2.360 164.102
v -48.442 2.362 167.472
v -46.478 2.378 170.368
v -41.508 2.362 166.998
f 3345 3346 3347 3348
v -48.442 2.361 167.471
v -97.742 2.594 200.871
v -95.778 2.529 203.769
v -46.478 2.378 170.369
f 3349 3350 3351 3352
v -97.719 2.594 200.856
v -111.439 2.752 209.846
v -109.521 2.683 212.774
v -95.801 2.528 203.784
f 3353 3354 3355 3356
v -111.440 2.752 209.847
v -125.620 2.921 219.147
v -123.700 2.846 222.073
v -109.520 2.682 212.773
f 3357 3358 3359 3360
v -124.729 2.921 218.861
v -137.229 2.947 219.351
v -137.091 2.884 222.849
v -124.591 2.861 222.359
f 3361 3362 3363 3364
v -138.139 2.935 219.650
v -144.109 2.831 223.680
v -142.151 2.795 226.580
v -136.181 2.894 222.550
f 3365 3366 3367 3368
v -144.110 2.831 223.680
v -153.480 2.819 230.010
v -151.520 2.856 232.910
v -142.150 2.795 226.580
f 3369 3370 3371 3372
v -153.480 2.819 230.010
v -157.920 2.777 233.010
v -155.960 2.802 235.910
v -151.520 2.856 232.910
f 3373 3374 3375 3376
v 21.186 2.821 153.996
v 42.426 2.587 139.516
v 40.454 2.604 136.624
v 19.214 2.827 151.104
f 3377 3378 3379 3380
v 33.174 2.643 125.624
v 9.004 2.843 142.104
v 10.976 3.126 144.996
v 35.146 2.652 128.516
f 3381 3382 3383 3384
v 11.914 2.567 93.504
v -15.876 3.024 112.454
v -13.904 2.920 115.346
v 13.886 2.594 96.396
f 3385 3386 3387 3388
v -16.331 2.959 114.894
v -9.351 3.043 125.014
v -6.469 3.038 123.026
v -13.449 2.934 112.906
f 3389 3390 3391 3392
v -231.173 0.343 -257.188
v -256.983 0.647 -239.672
v -255.017 0.625 -236.776
v -229.207 0.353 -254.292
f 3393 3394 3395 3396
v -215.617 0.369 -233.925
v -243.367 0.698 -214.975
v -241.393 0.564 -212.085
v -213.643 0.384 -231.035
f 3397 3398 3399 3400
v -242.035 0.791 -192.883
v -231.715 0.734 -177.783
v -228.825 0.789 -179.757
v -239.145 0.837 -194.857
f 3401 3402 3403 3404
v -231.029 0.764 -177.193
v -225.109 0.824 -174.343
v -223.591 0.843 -177.497
v -229.511 0.766 -180.347
f 3405 3406 3407 3408
v -225.795 0.821 -174.932
v -210.945 0.632 -153.212
v -208.055 0.629 -155.188
v -222.905 0.844 -176.908
f 3409 3410 3411 3412
v -194.615 0.832 -142.452
v -172.855 1.068 -110.622
v -169.965 1.046 -112.598
v -191.725 0.700 -144.428
f 3413 3414 3415 3416
v -170.403 1.084 -110.179
v -148.253 0.889 -125.759
v -150.267 0.878 -128.621
v -172.417 1.025 -113.041
f 3417 3418 3419 3420
v -148.250 0.889 -125.761
v -142.800 0.712 -129.611
v -144.820 0.698 -132.469
v -150.270 0.878 -128.619
f 3421 3422 3423 3424
v -255.596 2.197 253.841
v -254.296 2.223 253.533
v -255.104 2.114 250.127
v -256.404 2.080 250.436
f 3425 3426 3427 3428
v -253.795 2.230 253.328
v -251.725 2.252 252.078
v -253.535 2.144 249.082
v -255.605 2.102 250.332
f 3429 3430 3431 3432
v -251.648 2.252 252.029
v -207.188 2.718 221.899
v -209.152 2.664 219.001
v -253.612 2.142 249.131
f 3433 3434 3435 3436
v -207.640 2.720 222.118
v -204.900 2.713 221.248
v -205.960 2.689 217.912
v -208.700 2.669 218.782
f 3437 3438 3439 3440
v -205.412 2.712 221.330
v -203.432 2.707 221.310
v -203.468 2.688 217.810
v -205.448 2.690 217.830
f 3441 3442 3443 3444
v -203.430 2.707 221.310
v -202.540 2.699 221.300
v -202.580 2.685 217.800
v -203.470 2.688 217.810
f 3445 3446 3447 3448
v -203.057 2.706 221.228
v -200.287 2.651 222.048
v -199.293 2.657 218.692
v -202.063 2.683 217.872
f 3449 3450 3451 3452
v -200.755 2.665 221.830
v -198.365 2.597 223.410
v -196.435 2.646 220.490
v -198.825 2.652 218.910
f 3453 3454 3455 3456
v -198.750 2.602 223.063
v -196.920 2.561 225.283
v -194.220 2.636 223.057
v -196.050 2.646 220.837
f 3457 3458 3459 3460
v -197.051 2.562 225.102
v -177.020 3.083 256.932
v -174.058 3.140 255.068
v -194.089 2.634 223.238
f 3461 3462 3463 3464
v -242.333 3.031 200.382
v -256.983 2.575 210.334
v -255.017 2.673 213.229
v -240.367 3.044 203.278
f 3465 3466 3467 3468
v -257.477 1.850 230.044
v -256.177 1.839 232.089
v -253.223 1.854 230.211
v -254.523 1.872 228.166
f 3469 3470 3471 3472
v 22.218 1.072 -144.923
v 41.498 1.770 -116.273
v 44.402 1.810 -118.227
v 25.122 1.075 -146.877
f 3473 3474 3475 3476
v 41.376 1.760 -116.484
v 51.986 2.359 -94.674
v 55.134 2.351 -96.206
v 44.524 1.822 -118.016
f 3477 3478 3479 3480
v 51.985 2.359 -94.677
v 58.685 2.627 -80.857
v 61.835 2.748 -82.383
v 55.135 2.351 -96.203
f 3481 3482 3483 3484
v 58.699 2.627 -80.828
v 62.069 2.747 -74.188
v 65.191 2.817 -75.772
v 61.821 2.750 -82.412
f 3485 3486 3487 3488
v 62.620 2.731 -76.409
v 13.420 2.352 -41.649
v 15.440 2.388 -38.791
v 64.640 2.825 -73.551
f 3489 3490 3491 3492
v 106.144 2.970 238.061
v 131.004 3.343 221.661
v 129.076 3.377 218.739
v 104.216 2.990 235.139
f 3493 3494 3495 3496
v 128.601 3.345 221.197
v 137.621 3.194 234.217
v 140.499 3.246 232.223
v 131.479 3.367 219.203
f 3497 3498 3499 3500
v 138.066 3.225 231.780
v 113.076 2.909 249.030
v 115.064 2.887 251.910
v 140.054 3.221 234.660
f 3501 3502 3503 3504
v -157.422 0.625 -150.192
v -138.862 0.830 -162.522
v -140.798 0.804 -165.438
v -159.358 0.613 -153.108
f 3505 3506 3507 3508
v -33.762 1.252 -106.844
v -29.772 1.284 -100.654
v -23.888 1.276 -104.446
v -27.878 1.223 -110.636
f 3509 3510 3511 3512
v -29.744 1.284 -100.611
v -10.054 1.775 -71.021
v -4.226 1.764 -74.899
v -23.916 1.275 -104.489
f 3513 3514 3515 3516
v -10.063 1.774 -71.034
v 11.507 2.295 -38.294
v 17.353 2.298 -42.146
v -4.217 1.765 -74.886
f 3517 3518 3519 3520
v 11.509 2.295 -38.291
v 12.929 2.303 -36.141
v 18.771 2.309 -39.999
v 17.351 2.298 -42.149
f 3521 3522 3523 3524
v 12.927 2.303 -36.145
v 22.037 2.357 -22.315
v 27.883 2.415 -26.165
v 18.773 2.309 -39.995
f 3525 3526 3527 3528
v 22.037 2.357 -22.315
v 48.537 2.592 17.915
v 54.383 2.587 14.065
v 27.883 2.415 -26.165
f 3529 3530 3531 3532
v 48.526 2.592 17.898
v 52.076 2.685 23.358
v 57.944 2.686 19.542
v 54.394 2.588 14.082
f 3533 3534 3535 3536
v -32.765 1.223 -111.650
v -39.365 1.184 -107.240
v -35.475 1.217 -101.420
v -28.875 1.274 -105.830
f 3537 3538 3539 3540
v -39.344 1.185 -107.254
v -47.414 1.169 -101.944
v -43.566 1.243 -96.096
v -35.496 1.217 -101.406
f 3541 3542 3543 3544
v -47.414 1.169 -101.944
v -98.694 1.032 -68.204
v -94.846 1.077 -62.356
v -43.566 1.243 -96.096
f 3545 3546 3547 3548
v -98.789 1.032 -68.139
v -162.729 0.823 -22.989
v -158.691 0.867 -17.271
v -94.751 1.076 -62.421
f 3549 3550 3551 3552
v -162.766 0.822 -22.963
v -167.686 0.875 -19.393
v -163.574 0.905 -13.727
v -158.654 0.868 -17.297
f 3553 3554 3555 3556
v -218.390 2.216 206.538
v -221.140 2.222 202.718
v -223.980 2.201 204.762
v -221.230 2.208 208.582
f 3557 3558 3559 3560
v -221.139 2.222 202.718
v -225.469 2.667 196.698
v -228.311 2.671 198.742
v -223.981 2.201 204.762
f 3561 3562 3563 3564
v -225.789 2.696 196.360
v -227.889 2.785 194.660
v -230.091 2.791 197.380
v -227.991 2.644 199.080
f 3565 3566 3567 3568
v -228.775 2.797 194.283
v -231.685 2.853 193.923
v -232.115 2.933 197.397
v -229.205 2.729 197.757
f 3569 3570 3571 3572
v -232.900 2.906 194.224
v -234.250 2.990 195.164
v -232.250 2.971 198.036
v -230.900 2.836 197.096
f 3573 3574 3575 3576
v -234.199 2.986 195.130
v -242.299 3.033 200.360
v -240.401 3.043 203.300
v -232.301 2.975 198.070
f 3577 3578 3579 3580
v -28.016 2.698 -9.766
v -4.696 2.550 -22.216
v -6.344 2.536 -25.304
v -29.664 2.671 -12.854
f 3581 3582 3583 3584
v -4.546 2.550 -22.306
v 16.824 2.397 -36.616
v 14.876 2.387 -39.524
v -6.494 2.537 -25.214
f 3585 3586 3587 3588
v -62.727 2.786 253.807
v -60.517 2.754 252.407
v -64.263 2.778 246.493
v -66.473 2.792 247.893
f 3589 3590 3591 3592
v -60.421 2.755 252.343
v -15.141 2.422 221.523
v -19.079 2.402 215.737
v -64.359 2.779 246.557
f 3593 3594 3595 3596
v -15.010 2.417 221.430
v -8.050 2.440 216.210
v -12.250 2.448 210.610
v -19.210 2.404 215.830
f 3597 3598 3599 3600
v -8.063 2.440 216.220
v -2.153 2.362 211.830
v -6.327 2.383 206.210
v -12.237 2.448 210.600
f 3601 3602 3603 3604
v -2.296 2.361 211.931
v 61.954 2.494 169.031
v 58.066 2.518 163.209
v -6.184 2.382 206.109
f 3605 3606 3607 3608
v 61.964 2.493 169.024
v 67.684 2.519 165.174
v 63.776 2.507 159.366
v 58.056 2.518 163.216
f 3609 3610 3611 3612
v 67.678 2.519 165.177
v 120.978 2.675 129.457
v 117.082 2.716 123.643
v 63.782 2.507 159.363
f 3613 3614 3615 3616
v 120.903 2.676 129.507
v 127.013 2.845 125.637
v 123.267 2.824 119.723
v 117.157 2.717 123.593
f 3617 3618 3619 3620
v 52.135 2.683 23.445
v 57.735 2.599 31.515
v 63.485 2.584 27.525
v 57.885 2.686 19.455
f 3621 3622 3623 3624
v 57.733 2.599 31.513
v 118.683 2.757 119.503
v 124.437 2.744 115.517
v 63.487 2.584 27.527
f 3625 3626 3627 3628
v 118.683 2.757 119.503
v 122.263 2.833 124.673
v 128.017 2.809 120.687
v 124.437 2.744 115.517
f 3629 3630 3631 3632
v -174.791 2.507 201.821
v -182.721 2.297 190.741
v -190.039 2.339 195.979
v -182.109 2.422 207.059
f 3633 3634 3635 3636
v -182.672 2.300 190.810
v -186.612 2.267 185.080
v -194.028 2.303 190.180
v -190.088 2.338 195.910
f 3637 3638 3639 3640
v 64.247 2.614 163.200
v 91.327 2.789 206.390
v 94.293 2.784 204.530
v 67.213 2.608 161.340
f 3641 3642 3643 3644
v 88.360 2.863 210.366
v 93.750 2.851 206.936
v 91.870 2.755 203.984
v 86.480 2.817 207.414
f 3645 3646 3647 3648
v 93.793 2.852 206.908
v 99.713 2.868 202.888
v 97.747 2.747 199.992
v 91.827 2.755 204.012
f 3649 3650 3651 3652
v 80.509 0.962 -188.872
v 21.699 0.986 -148.792
v 25.641 0.987 -143.008
v 84.451 0.940 -183.088
f 3653 3654 3655 3656
v 21.698 0.986 -148.792
v -26.892 1.131 -115.662
v -22.948 1.198 -109.878
v 25.642 0.987 -143.008
f 3657 3658 3659 3660
v -26.894 1.131 -115.660
v -32.794 1.224 -111.630
v -28.846 1.274 -105.850
v -22.946 1.198 -109.880
f 3661 3662 3663 3664
v 184.575 0.531 -258.903
v 151.215 0.623 -236.443
v 155.125 0.619 -230.637
v 188.484 0.619 -253.097
f 3665 3666 3667 3668
v 151.216 0.623 -236.444
v 137.086 0.648 -226.934
v 140.994 0.624 -221.126
v 155.124 0.619 -230.636
f 3669 3670 3671 3672
v 137.086 0.648 -226.934
v 80.526 0.962 -188.884
v 84.434 0.940 -183.076
v 140.994 0.624 -221.126
f 3673 3674 3675 3676
v 200.114 0.576 -253.612
v 220.094 0.781 -223.722
v 224.666 0.784 -226.778
v 204.686 0.558 -256.668
f 3677 3678 3679 3680
v 220.098 0.781 -223.716
v 253.718 1.111 -173.688
v 258.282 1.122 -176.756
v 224.662 0.784 -226.784
f 3681 3682 3683 3684
v -224.771 0.942 24.349
v -250.231 0.992 -13.271
v -253.129 0.993 -11.309
v -227.669 0.938 26.311
f 3685 3686 3687 3688
usemtl asphalt
