# Baked ultra-low Key West silhouette; generated by bake_key_west_far_city.py
mtllib far_city.mtl
usemtl massing
v -220.172 3.026 -261.886
v -183.244 3.026 -216.295
v -231.888 3.026 -176.894
v -268.816 3.026 -222.485
v -220.172 11.326 -261.886
v -183.244 11.326 -216.295
v -231.888 11.326 -176.894
v -268.816 11.326 -222.485
f 8 7 6 5
f 1 2 6 5
f 2 3 7 6
f 3 4 8 7
f 4 1 5 8
v -163.983 3.689 -206.230
v -109.489 3.689 -185.937
v -124.157 3.689 -146.550
v -178.651 3.689 -166.843
v -163.983 11.989 -206.230
v -109.489 11.989 -185.937
v -124.157 11.989 -146.550
v -178.651 11.989 -166.843
f 16 15 14 13
f 9 10 14 13
f 10 11 15 14
f 11 12 16 15
f 12 9 13 16
v -132.302 4.259 -154.953
v -96.509 4.259 -132.636
v -113.598 4.259 -105.227
v -149.391 4.259 -127.544
v -132.302 10.059 -154.953
v -96.509 10.059 -132.636
v -113.598 10.059 -105.227
v -149.391 10.059 -127.544
f 24 23 22 21
f 17 18 22 21
f 18 19 23 22
f 19 20 24 23
f 20 17 21 24
v -103.791 2.806 -113.975
v -68.014 2.806 -89.834
v -83.189 2.806 -67.345
v -118.966 2.806 -91.486
v -103.791 8.606 -113.975
v -68.014 8.606 -89.834
v -83.189 8.606 -67.345
v -118.966 8.606 -91.486
f 32 31 30 29
f 25 26 30 29
f 26 27 31 30
f 27 28 32 31
f 28 25 29 32
v 48.134 2.469 -263.537
v 65.671 2.469 -244.559
v 50.006 2.469 -230.083
v 32.469 2.469 -249.061
v 48.134 6.369 -263.537
v 65.671 6.369 -244.559
v 50.006 6.369 -230.083
v 32.469 6.369 -249.061
f 40 39 38 37
f 33 34 38 37
f 34 35 39 38
f 35 36 40 39
f 36 33 37 40
v 218.524 3.926 223.719
v 231.375 3.926 231.949
v 223.696 3.926 243.941
v 210.845 3.926 235.711
v 218.524 7.826 223.719
v 231.375 7.826 231.949
v 223.696 7.826 243.941
v 210.845 7.826 235.711
f 48 47 46 45
f 41 42 46 45
f 42 43 47 46
f 43 44 48 47
f 44 41 45 48
v 227.687 2.901 44.829
v 239.338 2.901 30.913
v 252.833 2.901 42.211
v 241.182 2.901 56.127
v 227.687 6.801 44.829
v 239.338 6.801 30.913
v 252.833 6.801 42.211
v 241.182 6.801 56.127
f 56 55 54 53
f 49 50 54 53
f 50 51 55 54
f 51 52 56 55
f 52 49 53 56
v 210.422 2.750 49.524
v 224.854 2.750 57.015
v 218.178 2.750 69.876
v 203.746 2.750 62.385
v 210.422 6.650 49.524
v 224.854 6.650 57.015
v 218.178 6.650 69.876
v 203.746 6.650 62.385
f 64 63 62 61
f 57 58 62 61
f 58 59 63 62
f 59 60 64 63
f 60 57 61 64
v 224.952 3.130 74.007
v 236.490 3.130 81.632
v 232.868 3.130 87.113
v 221.330 3.130 79.488
v 224.952 7.030 74.007
v 236.490 7.030 81.632
v 232.868 7.030 87.113
v 221.330 7.030 79.488
f 72 71 70 69
f 65 66 70 69
f 66 67 71 70
f 67 68 72 71
f 68 65 69 72
v 233.284 3.600 99.981
v 256.949 3.600 115.628
v 249.536 3.600 126.839
v 225.871 3.600 111.192
v 233.284 7.500 99.981
v 256.949 7.500 115.628
v 249.536 7.500 126.839
v 225.871 7.500 111.192
f 80 79 78 77
f 73 74 78 77
f 74 75 79 78
f 75 76 80 79
f 76 73 77 80
v 230.045 3.269 88.751
v 242.549 3.269 97.018
v 238.495 3.269 103.149
v 225.991 3.269 94.882
v 230.045 7.169 88.751
v 242.549 7.169 97.018
v 238.495 7.169 103.149
v 225.991 7.169 94.882
f 88 87 86 85
f 81 82 86 85
f 82 83 87 86
f 83 84 88 87
f 84 81 85 88
v 243.521 3.653 113.473
v 265.826 3.653 128.509
v 258.979 3.653 138.667
v 236.674 3.653 123.631
v 243.521 7.553 113.473
v 265.826 7.553 128.509
v 258.979 7.553 138.667
v 236.674 7.553 123.631
f 96 95 94 93
f 89 90 94 93
f 90 91 95 94
f 91 92 96 95
f 92 89 93 96
v 166.563 3.024 192.337
v 171.898 3.024 185.388
v 176.737 3.024 189.103
v 171.402 3.024 196.052
v 166.563 6.924 192.337
v 171.898 6.924 185.388
v 176.737 6.924 189.103
v 171.402 6.924 196.052
f 104 103 102 101
f 97 98 102 101
f 98 99 103 102
f 99 100 104 103
f 100 97 101 104
v 116.392 1.507 131.047
v 118.699 1.507 110.244
v 133.568 1.507 111.893
v 131.261 1.507 132.696
v 116.392 5.407 131.047
v 118.699 5.407 110.244
v 133.568 5.407 111.893
v 131.261 5.407 132.696
f 112 111 110 109
f 105 106 110 109
f 106 107 111 110
f 107 108 112 111
f 108 105 109 112
v -26.433 2.007 227.172
v -19.291 2.007 216.130
v -10.667 2.007 221.708
v -17.809 2.007 232.750
v -26.433 5.907 227.172
v -19.291 5.907 216.130
v -10.667 5.907 221.708
v -17.809 5.907 232.750
f 120 119 118 117
f 113 114 118 117
f 114 115 119 118
f 115 116 120 119
f 116 113 117 120
v 11.502 2.016 183.957
v 26.196 2.016 193.202
v 19.198 2.016 204.323
v 4.504 2.016 195.078
v 11.502 5.916 183.957
v 26.196 5.916 193.202
v 19.198 5.916 204.323
v 4.504 5.916 195.078
f 128 127 126 125
f 121 122 126 125
f 122 123 127 126
f 123 124 128 127
f 124 121 125 128
v -113.708 1.867 236.675
v -95.560 1.867 248.498
v -101.832 1.867 258.125
v -119.980 1.867 246.302
v -113.708 5.767 236.675
v -95.560 5.767 248.498
v -101.832 5.767 258.125
v -119.980 5.767 246.302
f 136 135 134 133
f 129 130 134 133
f 130 131 135 134
f 131 132 136 135
f 132 129 133 136
v -54.314 1.919 211.354
v -45.394 1.919 197.545
v -37.406 1.919 202.706
v -46.326 1.919 216.515
v -54.314 5.819 211.354
v -45.394 5.819 197.545
v -37.406 5.819 202.706
v -46.326 5.819 216.515
f 144 143 142 141
f 137 138 142 141
f 138 139 143 142
f 139 140 144 143
f 140 137 141 144
v 3.121 1.960 157.489
v 19.213 1.960 177.656
v 1.899 1.960 191.471
v -14.193 1.960 171.304
v 3.121 5.860 157.489
v 19.213 5.860 177.656
v 1.899 5.860 191.471
v -14.193 5.860 171.304
f 152 151 150 149
f 145 146 150 149
f 146 147 151 150
f 147 148 152 151
f 148 145 149 152
v 27.858 1.404 37.289
v 50.106 1.404 50.214
v 42.822 1.404 62.751
v 20.574 1.404 49.826
v 27.858 5.304 37.289
v 50.106 5.304 50.214
v 42.822 5.304 62.751
v 20.574 5.304 49.826
f 160 159 158 157
f 153 154 158 157
f 154 155 159 158
f 155 156 160 159
f 156 153 157 160
v 56.146 1.763 23.641
v 69.918 1.763 2.884
v 85.434 1.763 13.179
v 71.662 1.763 33.936
v 56.146 5.663 23.641
v 69.918 5.663 2.884
v 85.434 5.663 13.179
v 71.662 5.663 33.936
f 168 167 166 165
f 161 162 166 165
f 162 163 167 166
f 163 164 168 167
f 164 161 165 168
v 191.223 2.479 33.455
v 213.184 2.479 49.146
v 207.597 2.479 56.965
v 185.636 2.479 41.274
v 191.223 6.379 33.455
v 213.184 6.379 49.146
v 207.597 6.379 56.965
v 185.636 6.379 41.274
f 176 175 174 173
f 169 170 174 173
f 170 171 175 174
f 171 172 176 175
f 172 169 173 176
v 185.686 2.483 19.617
v 206.141 2.483 32.512
v 195.694 2.483 49.083
v 175.239 2.483 36.188
v 185.686 8.283 19.617
v 206.141 8.283 32.512
v 195.694 8.283 49.083
v 175.239 8.283 36.188
f 184 183 182 181
f 177 178 182 181
f 178 179 183 182
f 179 180 184 183
f 180 177 181 184
v 123.977 2.432 -49.080
v 147.576 2.432 -23.395
v 131.103 2.432 -8.260
v 107.504 2.432 -33.945
v 123.977 8.232 -49.080
v 147.576 8.232 -23.395
v 131.103 8.232 -8.260
v 107.504 8.232 -33.945
f 192 191 190 189
f 185 186 190 189
f 186 187 191 190
f 187 188 192 191
f 188 185 189 192
v 201.346 2.608 -19.209
v 229.302 2.608 -1.487
v 223.674 2.608 7.389
v 195.718 2.608 -10.333
v 201.346 6.508 -19.209
v 229.302 6.508 -1.487
v 223.674 6.508 7.389
v 195.718 6.508 -10.333
f 200 199 198 197
f 193 194 198 197
f 194 195 199 198
f 195 196 200 199
f 196 193 197 200
v 208.110 2.422 -60.047
v 219.222 2.422 -49.822
v 210.710 2.422 -40.573
v 199.598 2.422 -50.798
v 208.110 6.322 -60.047
v 219.222 6.322 -49.822
v 210.710 6.322 -40.573
v 199.598 6.322 -50.798
f 208 207 206 205
f 201 202 206 205
f 202 203 207 206
f 203 204 208 207
f 204 201 205 208
v 199.885 2.476 -29.020
v 222.561 2.476 -14.455
v 217.195 2.476 -6.100
v 194.519 2.476 -20.665
v 199.885 6.376 -29.020
v 222.561 6.376 -14.455
v 217.195 6.376 -6.100
v 194.519 6.376 -20.665
f 216 215 214 213
f 209 210 214 213
f 210 211 215 214
f 211 212 216 215
f 212 209 213 216
v 181.800 2.474 -50.741
v 205.401 2.474 -37.897
v 198.360 2.474 -24.959
v 174.759 2.474 -37.803
v 181.800 6.374 -50.741
v 205.401 6.374 -37.897
v 198.360 6.374 -24.959
v 174.759 6.374 -37.803
f 224 223 222 221
f 217 218 222 221
f 218 219 223 222
f 219 220 224 223
f 220 217 221 224
v 172.285 2.424 -48.343
v 188.488 2.424 -78.574
v 203.295 2.424 -70.637
v 187.092 2.424 -40.406
v 172.285 6.324 -48.343
v 188.488 6.324 -78.574
v 203.295 6.324 -70.637
v 187.092 6.324 -40.406
f 232 231 230 229
f 225 226 230 229
f 226 227 231 230
f 227 228 232 231
f 228 225 229 232
v 159.531 2.536 -45.443
v 175.380 2.536 -69.681
v 188.629 2.536 -61.017
v 172.780 2.536 -36.779
v 159.531 8.336 -45.443
v 175.380 8.336 -69.681
v 188.629 8.336 -61.017
v 172.780 8.336 -36.779
f 240 239 238 237
f 233 234 238 237
f 234 235 239 238
f 235 236 240 239
f 236 233 237 240
v 199.115 2.132 -69.140
v 213.456 2.132 -90.213
v 222.145 2.132 -84.300
v 207.804 2.132 -63.227
v 199.115 6.032 -69.140
v 213.456 6.032 -90.213
v 222.145 6.032 -84.300
v 207.804 6.032 -63.227
f 248 247 246 245
f 241 242 246 245
f 242 243 247 246
f 243 244 248 247
f 244 241 245 248
v 243.818 2.313 -99.768
v 247.983 2.313 -120.219
v 263.142 2.313 -117.132
v 258.977 2.313 -96.681
v 243.818 6.213 -99.768
v 247.983 6.213 -120.219
v 263.142 6.213 -117.132
v 258.977 6.213 -96.681
f 256 255 254 253
f 249 250 254 253
f 250 251 255 254
f 251 252 256 255
f 252 249 253 256
v 221.959 3.011 -242.800
v 241.663 3.011 -265.792
v 256.941 3.011 -252.700
v 237.237 3.011 -229.708
v 221.959 6.911 -242.800
v 241.663 6.911 -265.792
v 256.941 6.911 -252.700
v 237.237 6.911 -229.708
f 264 263 262 261
f 257 258 262 261
f 258 259 263 262
f 259 260 264 263
f 260 257 261 264
v 194.992 2.530 -253.595
v 228.911 2.530 -236.642
v 212.288 2.530 -203.385
v 178.369 2.530 -220.338
v 194.992 8.330 -253.595
v 228.911 8.330 -236.642
v 212.288 8.330 -203.385
v 178.369 8.330 -220.338
f 272 271 270 269
f 265 266 270 269
f 266 267 271 270
f 267 268 272 271
f 268 265 269 272
v 167.450 3.254 -214.380
v 178.792 3.254 -230.950
v 187.250 3.254 -225.160
v 175.908 3.254 -208.590
v 167.450 7.154 -214.380
v 178.792 7.154 -230.950
v 187.250 7.154 -225.160
v 175.908 7.154 -208.590
f 280 279 278 277
f 273 274 278 277
f 274 275 279 278
f 275 276 280 279
f 276 273 277 280
v 146.578 2.586 -228.455
v 184.346 2.586 -197.632
v 164.802 2.586 -173.685
v 127.034 2.586 -204.508
v 146.578 10.886 -228.455
v 184.346 10.886 -197.632
v 164.802 10.886 -173.685
v 127.034 10.886 -204.508
f 288 287 286 285
f 281 282 286 285
f 282 283 287 286
f 283 284 288 287
f 284 281 285 288
v 109.487 2.372 -151.201
v 122.484 2.372 -142.466
v 118.273 2.372 -136.199
v 105.276 2.372 -144.934
v 109.487 6.272 -151.201
v 122.484 6.272 -142.466
v 118.273 6.272 -136.199
v 105.276 6.272 -144.934
f 296 295 294 293
f 289 290 294 293
f 290 291 295 294
f 291 292 296 295
f 292 289 293 296
v 120.855 2.443 -156.927
v 167.820 2.443 -127.092
v 162.485 2.443 -118.693
v 115.520 2.443 -148.528
v 120.855 8.243 -156.927
v 167.820 8.243 -127.092
v 162.485 8.243 -118.693
v 115.520 8.243 -148.528
f 304 303 302 301
f 297 298 302 301
f 298 299 303 302
f 299 300 304 303
f 300 297 301 304
v 140.979 2.370 -105.048
v 157.485 2.370 -93.931
v 154.401 2.370 -89.352
v 137.895 2.370 -100.469
v 140.979 6.270 -105.048
v 157.485 6.270 -93.931
v 154.401 6.270 -89.352
v 137.895 6.270 -100.469
f 312 311 310 309
f 305 306 310 309
f 306 307 311 310
f 307 308 312 311
f 308 305 309 312
v -55.084 2.812 -249.249
v -45.701 2.812 -263.366
v -38.156 2.812 -258.351
v -47.539 2.812 -244.234
v -55.084 12.112 -249.249
v -45.701 12.112 -263.366
v -38.156 12.112 -258.351
v -47.539 12.112 -244.234
f 320 319 318 317
f 313 314 318 317
f 314 315 319 318
f 315 316 320 319
f 316 313 317 320
v -83.111 3.065 -226.132
v -72.172 3.065 -241.643
v -64.409 3.065 -236.168
v -75.348 3.065 -220.657
v -83.111 12.365 -226.132
v -72.172 12.365 -241.643
v -64.409 12.365 -236.168
v -75.348 12.365 -220.657
f 328 327 326 325
f 321 322 326 325
f 322 323 327 326
f 323 324 328 327
f 324 321 325 328
v 64.404 2.834 -233.342
v 96.348 2.834 -210.261
v 86.896 2.834 -197.178
v 54.952 2.834 -220.259
v 64.404 8.634 -233.342
v 96.348 8.634 -210.261
v 86.896 8.634 -197.178
v 54.952 8.634 -220.259
f 336 335 334 333
f 329 330 334 333
f 330 331 335 334
f 331 332 336 335
f 332 329 333 336
v 81.266 2.471 -211.544
v 102.356 2.471 -190.406
v 88.254 2.471 -176.336
v 67.164 2.471 -197.474
v 81.266 6.371 -211.544
v 102.356 6.371 -190.406
v 88.254 6.371 -176.336
v 67.164 6.371 -197.474
f 344 343 342 341
f 337 338 342 341
f 338 339 343 342
f 339 340 344 343
f 340 337 341 344
v 97.071 3.553 -208.009
v 106.575 3.553 -221.728
v 116.069 3.553 -215.151
v 106.565 3.553 -201.432
v 97.071 7.453 -208.009
v 106.575 7.453 -221.728
v 116.069 7.453 -215.151
v 106.565 7.453 -201.432
f 352 351 350 349
f 345 346 350 349
f 346 347 351 350
f 347 348 352 351
f 348 345 349 352
v 117.541 2.452 -233.798
v 132.630 2.452 -223.892
v 124.299 2.452 -211.202
v 109.210 2.452 -221.108
v 117.541 6.352 -233.798
v 132.630 6.352 -223.892
v 124.299 6.352 -211.202
v 109.210 6.352 -221.108
f 360 359 358 357
f 353 354 358 357
f 354 355 359 358
f 355 356 360 359
f 356 353 357 360
v -237.292 2.121 0.359
v -213.785 2.121 15.330
v -219.168 2.121 23.781
v -242.675 2.121 8.810
v -237.292 6.021 0.359
v -213.785 6.021 15.330
v -219.168 6.021 23.781
v -242.675 6.021 8.810
f 368 367 366 365
f 361 362 366 365
f 362 363 367 366
f 363 364 368 367
f 364 361 365 368
v -186.612 2.665 24.387
v -138.130 2.665 54.248
v -146.128 2.665 67.233
v -194.610 2.665 37.372
v -186.612 8.465 24.387
v -138.130 8.465 54.248
v -146.128 8.465 67.233
v -194.610 8.465 37.372
f 376 375 374 373
f 369 370 374 373
f 370 371 375 374
f 371 372 376 375
f 372 369 373 376
v -150.718 2.826 53.480
v -126.704 2.826 70.074
v -133.162 2.826 79.420
v -157.176 2.826 62.826
v -150.718 6.726 53.480
v -126.704 6.726 70.074
v -133.162 6.726 79.420
v -157.176 6.726 62.826
f 384 383 382 381
f 377 378 382 381
f 378 379 383 382
f 379 380 384 383
f 380 377 381 384
v -31.118 1.482 115.073
v -13.900 1.482 126.255
v -19.362 1.482 134.667
v -36.580 1.482 123.485
v -31.118 5.382 115.073
v -13.900 5.382 126.255
v -19.362 5.382 134.667
v -36.580 5.382 123.485
f 392 391 390 389
f 385 386 390 389
f 386 387 391 390
f 387 388 392 391
f 388 385 389 392
v -28.410 1.536 103.758
v -11.242 1.536 73.741
v -0.330 1.536 79.982
v -17.498 1.536 109.999
v -28.410 13.836 103.758
v -11.242 13.836 73.741
v -0.330 13.836 79.982
v -17.498 13.836 109.999
f 400 399 398 397
f 393 394 398 397
f 394 395 399 398
f 395 396 400 399
f 396 393 397 400
v -0.265 1.896 85.589
v 21.157 1.896 54.579
v 31.105 1.896 61.451
v 9.683 1.896 92.461
v -0.265 14.196 85.589
v 21.157 14.196 54.579
v 31.105 14.196 61.451
v 9.683 14.196 92.461
f 408 407 406 405
f 401 402 406 405
f 402 403 407 406
f 403 404 408 407
f 404 401 405 408
v 44.871 1.672 94.559
v 60.334 1.672 70.607
v 69.029 1.672 76.221
v 53.566 1.672 100.173
v 44.871 16.972 94.559
v 60.334 16.972 70.607
v 69.029 16.972 76.221
v 53.566 16.972 100.173
f 416 415 414 413
f 409 410 414 413
f 410 411 415 414
f 411 412 416 415
f 412 409 413 416
v 64.591 1.807 121.432
v 77.381 1.807 100.289
v 87.529 1.807 106.428
v 74.739 1.807 127.571
v 64.591 11.107 121.432
v 77.381 11.107 100.289
v 87.529 11.107 106.428
v 74.739 11.107 127.571
f 424 423 422 421
f 417 418 422 421
f 418 419 423 422
f 419 420 424 423
f 420 417 421 424
v 23.378 1.537 98.065
v 51.218 1.537 115.708
v 45.142 1.537 125.295
v 17.302 1.537 107.652
v 23.378 7.837 98.065
v 51.218 7.837 115.708
v 45.142 7.837 125.295
v 17.302 7.837 107.652
f 432 431 430 429
f 425 426 430 429
f 426 427 431 430
f 427 428 432 431
f 428 425 429 432
v -210.379 2.602 -12.063
v -194.351 2.602 -1.204
v -200.521 2.602 7.903
v -216.549 2.602 -2.956
v -210.379 6.502 -12.063
v -194.351 6.502 -1.204
v -200.521 6.502 7.903
v -216.549 6.502 -2.956
f 440 439 438 437
f 433 434 438 437
f 434 435 439 438
f 435 436 440 439
f 436 433 437 440
v -193.241 2.900 -23.610
v -177.382 2.900 -13.090
v -183.219 2.900 -4.290
v -199.078 2.900 -14.810
v -193.241 6.800 -23.610
v -177.382 6.800 -13.090
v -183.219 6.800 -4.290
v -199.078 6.800 -14.810
f 448 447 446 445
f 441 442 446 445
f 442 443 447 446
f 443 444 448 447
f 444 441 445 448
v -264.626 2.043 16.151
v -240.024 2.043 28.662
v -245.754 2.043 39.929
v -270.356 2.043 27.418
v -264.626 5.943 16.151
v -240.024 5.943 28.662
v -245.754 5.943 39.929
v -270.356 5.943 27.418
f 456 455 454 453
f 449 450 454 453
f 450 451 455 454
f 451 452 456 455
f 452 449 453 456
v -203.185 1.822 177.435
v -187.094 1.822 188.074
v -194.375 1.822 199.085
v -210.466 1.822 188.446
v -203.185 5.722 177.435
v -187.094 5.722 188.074
v -194.375 5.722 199.085
v -210.466 5.722 188.446
f 464 463 462 461
f 457 458 462 461
f 458 459 463 462
f 459 460 464 463
f 460 457 461 464
v -259.217 2.251 -52.278
v -244.578 2.251 -71.384
v -235.283 2.251 -64.262
v -249.922 2.251 -45.156
v -259.217 11.551 -52.278
v -244.578 11.551 -71.384
v -235.283 11.551 -64.262
v -249.922 11.551 -45.156
f 472 471 470 469
f 465 466 470 469
f 466 467 471 470
f 467 468 472 471
f 468 465 469 472
v -243.077 2.213 -13.914
v -220.797 2.213 -48.463
v -210.443 2.213 -41.786
v -232.723 2.213 -7.237
v -243.077 11.513 -13.914
v -220.797 11.513 -48.463
v -210.443 11.513 -41.786
v -232.723 11.513 -7.237
f 480 479 478 477
f 473 474 478 477
f 474 475 479 478
f 475 476 480 479
f 476 473 477 480
v -257.939 2.188 -17.803
v -245.368 2.188 -38.224
v -235.481 2.188 -32.137
v -248.052 2.188 -11.716
v -257.939 11.488 -17.803
v -245.368 11.488 -38.224
v -235.481 11.488 -32.137
v -248.052 11.488 -11.716
f 488 487 486 485
f 481 482 486 485
f 482 483 487 486
f 483 484 488 487
f 484 481 485 488
v 208.113 2.754 23.853
v 222.145 2.754 -0.505
v 240.567 2.754 10.107
v 226.535 2.754 34.465
v 208.113 8.554 23.853
v 222.145 8.554 -0.505
v 240.567 8.554 10.107
v 226.535 8.554 34.465
f 496 495 494 493
f 489 490 494 493
f 490 491 495 494
f 491 492 496 495
f 492 489 493 496
v 150.086 1.719 37.508
v 160.349 1.719 44.086
v 157.294 1.719 48.852
v 147.031 1.719 42.274
v 150.086 5.619 37.508
v 160.349 5.619 44.086
v 157.294 5.619 48.852
v 147.031 5.619 42.274
f 504 503 502 501
f 497 498 502 501
f 498 499 503 502
f 499 500 504 503
f 500 497 501 504
v 103.943 2.137 31.707
v 114.683 2.137 38.614
v 111.957 2.137 42.853
v 101.217 2.137 35.946
v 103.943 6.037 31.707
v 114.683 6.037 38.614
v 111.957 6.037 42.853
v 101.217 6.037 35.946
f 512 511 510 509
f 505 506 510 509
f 506 507 511 510
f 507 508 512 511
f 508 505 509 512
v 137.295 1.805 49.350
v 143.420 1.805 53.001
v 140.005 1.805 58.730
v 133.880 1.805 55.079
v 137.295 5.705 49.350
v 143.420 5.705 53.001
v 140.005 5.705 58.730
v 133.880 5.705 55.079
f 520 519 518 517
f 513 514 518 517
f 514 515 519 518
f 515 516 520 519
f 516 513 517 520
v 121.527 2.462 41.102
v 126.239 2.462 34.077
v 132.293 2.462 38.138
v 127.581 2.462 45.163
v 121.527 6.362 41.102
v 126.239 6.362 34.077
v 132.293 6.362 38.138
v 127.581 6.362 45.163
f 528 527 526 525
f 521 522 526 525
f 522 523 527 526
f 523 524 528 527
f 524 521 525 528
v 115.913 1.107 56.989
v 121.433 1.107 49.703
v 126.407 1.107 53.471
v 120.887 1.107 60.757
v 115.913 5.007 56.989
v 121.433 5.007 49.703
v 126.407 5.007 53.471
v 120.887 5.007 60.757
f 536 535 534 533
f 529 530 534 533
f 530 531 535 534
f 531 532 536 535
f 532 529 533 536
v 134.877 2.086 74.459
v 141.976 2.086 78.819
v 137.983 2.086 85.321
v 130.884 2.086 80.961
v 134.877 5.986 74.459
v 141.976 5.986 78.819
v 137.983 5.986 85.321
v 130.884 5.986 80.961
f 544 543 542 541
f 537 538 542 541
f 538 539 543 542
f 539 540 544 543
f 540 537 541 544
v 123.227 1.735 87.848
v 127.900 1.735 90.673
v 125.313 1.735 94.952
v 120.640 1.735 92.127
v 123.227 5.635 87.848
v 127.900 5.635 90.673
v 125.313 5.635 94.952
v 120.640 5.635 92.127
f 552 551 550 549
f 545 546 550 549
f 546 547 551 550
f 547 548 552 551
f 548 545 549 552
v 126.995 2.005 92.048
v 132.904 2.005 83.020
v 138.485 2.005 86.672
v 132.576 2.005 95.700
v 126.995 5.905 92.048
v 132.904 5.905 83.020
v 138.485 5.905 86.672
v 132.576 5.905 95.700
f 560 559 558 557
f 553 554 558 557
f 554 555 559 558
f 555 556 560 559
f 556 553 557 560
v 111.086 1.854 93.043
v 122.809 1.854 100.093
v 116.914 1.854 109.897
v 105.191 1.854 102.847
v 111.086 5.754 93.043
v 122.809 5.754 100.093
v 116.914 5.754 109.897
v 105.191 5.754 102.847
f 568 567 566 565
f 561 562 566 565
f 562 563 567 566
f 563 564 568 567
f 564 561 565 568
v 103.665 1.851 82.196
v 116.394 1.851 90.339
v 111.555 1.851 97.904
v 98.826 1.851 89.761
v 103.665 5.751 82.196
v 116.394 5.751 90.339
v 111.555 5.751 97.904
v 98.826 5.751 89.761
f 576 575 574 573
f 569 570 574 573
f 570 571 575 574
f 571 572 576 575
f 572 569 573 576
v 91.445 1.557 64.626
v 108.196 1.557 75.406
v 105.295 1.557 79.914
v 88.544 1.557 69.134
v 91.445 5.457 64.626
v 108.196 5.457 75.406
v 105.295 5.457 79.914
v 88.544 5.457 69.134
f 584 583 582 581
f 577 578 582 581
f 578 579 583 582
f 579 580 584 583
f 580 577 581 584
v 84.329 1.793 37.102
v 99.426 1.793 41.301
v 95.811 1.793 54.298
v 80.714 1.793 50.099
v 84.329 5.693 37.102
v 99.426 5.693 41.301
v 95.811 5.693 54.298
v 80.714 5.693 50.099
f 592 591 590 589
f 585 586 590 589
f 586 587 591 590
f 587 588 592 591
f 588 585 589 592
v 72.299 1.727 31.100
v 85.610 1.727 39.612
v 80.541 1.727 47.540
v 67.230 1.727 39.028
v 72.299 5.627 31.100
v 85.610 5.627 39.612
v 80.541 5.627 47.540
v 67.230 5.627 39.028
f 600 599 598 597
f 593 594 598 597
f 594 595 599 598
f 595 596 600 599
f 596 593 597 600
v 100.756 2.198 7.575
v 121.885 2.198 21.030
v 112.464 2.198 35.825
v 91.335 2.198 22.370
v 100.756 6.098 7.575
v 121.885 6.098 21.030
v 112.464 6.098 35.825
v 91.335 6.098 22.370
f 608 607 606 605
f 601 602 606 605
f 602 603 607 606
f 603 604 608 607
f 604 601 605 608
v 85.483 1.898 -4.977
v 93.149 1.898 -16.331
v 102.937 1.898 -9.723
v 95.271 1.898 1.631
v 85.483 5.798 -4.977
v 93.149 5.798 -16.331
v 102.937 5.798 -9.723
v 95.271 5.798 1.631
f 616 615 614 613
f 609 610 614 613
f 610 611 615 614
f 611 612 616 615
f 612 609 613 616
v 166.726 2.618 11.554
v 195.637 2.618 31.352
v 190.094 2.618 39.446
v 161.183 2.618 19.648
v 166.726 6.518 11.554
v 195.637 6.518 31.352
v 190.094 6.518 39.446
v 161.183 6.518 19.648
f 624 623 622 621
f 617 618 622 621
f 618 619 623 622
f 619 620 624 623
f 620 617 621 624
v 169.308 2.628 5.005
v 190.106 2.628 18.384
v 185.892 2.628 24.935
v 165.094 2.628 11.556
v 169.308 6.528 5.005
v 190.106 6.528 18.384
v 185.892 6.528 24.935
v 165.094 6.528 11.556
f 632 631 630 629
f 625 626 630 629
f 626 627 631 630
f 627 628 632 631
f 628 625 629 632
v 141.576 1.751 25.950
v 152.481 1.751 32.933
v 148.744 1.751 38.770
v 137.839 1.751 31.787
v 141.576 5.651 25.950
v 152.481 5.651 32.933
v 148.744 5.651 38.770
v 137.839 5.651 31.787
f 640 639 638 637
f 633 634 638 637
f 634 635 639 638
f 635 636 640 639
f 636 633 637 640
v 136.354 2.623 18.840
v 148.503 2.623 26.626
v 144.726 2.623 32.520
v 132.577 2.623 24.734
v 136.354 6.523 18.840
v 148.503 6.523 26.626
v 144.726 6.523 32.520
v 132.577 6.523 24.734
f 648 647 646 645
f 641 642 646 645
f 642 643 647 646
f 643 644 648 647
f 644 641 645 648
v 166.042 2.543 -4.965
v 184.353 2.543 6.791
v 179.118 2.543 14.945
v 160.807 2.543 3.189
v 166.042 6.443 -4.965
v 184.353 6.443 6.791
v 179.118 6.443 14.945
v 160.807 6.443 3.189
f 656 655 654 653
f 649 650 654 653
f 650 651 655 654
f 651 652 656 655
f 652 649 653 656
v 150.853 2.570 -40.041
v 160.279 2.570 -34.028
v 156.127 2.570 -27.519
v 146.701 2.570 -33.532
v 150.853 6.470 -40.041
v 160.279 6.470 -34.028
v 156.127 6.470 -27.519
v 146.701 6.470 -33.532
f 664 663 662 661
f 657 658 662 661
f 658 659 663 662
f 659 660 664 663
f 660 657 661 664
v 139.124 2.701 -33.984
v 164.918 2.701 -16.789
v 159.976 2.701 -9.376
v 134.182 2.701 -26.571
v 139.124 6.601 -33.984
v 164.918 6.601 -16.789
v 159.976 6.601 -9.376
v 134.182 6.601 -26.571
f 672 671 670 669
f 665 666 670 669
f 666 667 671 670
f 667 668 672 671
f 668 665 669 672
v -68.010 3.215 -236.585
v -57.318 3.215 -253.048
v -50.030 3.215 -248.315
v -60.722 3.215 -231.852
v -68.010 7.115 -236.585
v -57.318 7.115 -253.048
v -50.030 7.115 -248.315
v -60.722 7.115 -231.852
f 680 679 678 677
f 673 674 678 677
f 674 675 679 678
f 675 676 680 679
f 676 673 677 680
v 48.981 2.540 -252.737
v 74.838 2.540 -233.379
v 70.079 2.540 -227.023
v 44.222 2.540 -246.381
v 48.981 6.440 -252.737
v 74.838 6.440 -233.379
v 70.079 6.440 -227.023
v 44.222 6.440 -246.381
f 688 687 686 685
f 681 682 686 685
f 682 683 687 686
f 683 684 688 687
f 684 681 685 688
v 0.539 2.327 -254.258
v 16.108 2.327 -243.900
v 10.841 2.327 -235.982
v -4.728 2.327 -246.340
v 0.539 9.127 -254.258
v 16.108 9.127 -243.900
v 10.841 9.127 -235.982
v -4.728 9.127 -246.340
f 696 695 694 693
f 689 690 694 693
f 690 691 695 694
f 691 692 696 695
f 692 689 693 696
v -22.484 3.183 -235.035
v -8.255 3.183 -225.462
v -12.196 3.183 -219.605
v -26.425 3.183 -229.178
v -22.484 7.083 -235.035
v -8.255 7.083 -225.462
v -12.196 7.083 -219.605
v -26.425 7.083 -229.178
f 704 703 702 701
f 697 698 702 701
f 698 699 703 702
f 699 700 704 703
f 700 697 701 704
v 6.111 2.349 -244.662
v 27.260 2.349 -233.636
v 19.129 2.349 -218.038
v -2.020 2.349 -229.064
v 6.111 6.249 -244.662
v 27.260 6.249 -233.636
v 19.129 6.249 -218.038
v -2.020 6.249 -229.064
f 712 711 710 709
f 705 706 710 709
f 706 707 711 710
f 707 708 712 711
f 708 705 709 712
v 28.317 2.314 -212.875
v 43.491 2.314 -202.682
v 38.723 2.314 -195.585
v 23.549 2.314 -205.778
v 28.317 6.214 -212.875
v 43.491 6.214 -202.682
v 38.723 6.214 -195.585
v 23.549 6.214 -205.778
f 720 719 718 717
f 713 714 718 717
f 714 715 719 718
f 715 716 720 719
f 716 713 717 720
v 23.545 2.282 -217.947
v 38.682 2.282 -207.751
v 35.235 2.282 -202.633
v 20.098 2.282 -212.829
v 23.545 6.182 -217.947
v 38.682 6.182 -207.751
v 35.235 6.182 -202.633
v 20.098 6.182 -212.829
f 728 727 726 725
f 721 722 726 725
f 722 723 727 726
f 723 724 728 727
f 724 721 725 728
v -13.523 2.779 -231.988
v 7.785 2.779 -216.503
v -1.657 2.779 -203.512
v -22.965 2.779 -218.997
v -13.523 6.679 -231.988
v 7.785 6.679 -216.503
v -1.657 6.679 -203.512
v -22.965 6.679 -218.997
f 736 735 734 733
f 729 730 734 733
f 730 731 735 734
f 731 732 736 735
f 732 729 733 736
v 10.458 2.487 -231.957
v 36.286 2.487 -217.294
v 27.242 2.487 -201.363
v 1.414 2.487 -216.026
v 10.458 9.287 -231.957
v 36.286 9.287 -217.294
v 27.242 9.287 -201.363
v 1.414 9.287 -216.026
f 744 743 742 741
f 737 738 742 741
f 738 739 743 742
f 739 740 744 743
f 740 737 741 744
v 42.961 2.156 -204.205
v 63.540 2.156 -181.276
v 43.259 2.156 -163.075
v 22.680 2.156 -186.004
v 42.961 7.956 -204.205
v 63.540 7.956 -181.276
v 43.259 7.956 -163.075
v 22.680 7.956 -186.004
f 752 751 750 749
f 745 746 750 749
f 746 747 751 750
f 747 748 752 751
f 748 745 749 752
v 46.310 2.082 -182.101
v 65.605 2.082 -170.644
v 60.270 2.082 -161.659
v 40.975 2.082 -173.116
v 46.310 8.882 -182.101
v 65.605 8.882 -170.644
v 60.270 8.882 -161.659
v 40.975 8.882 -173.116
f 760 759 758 757
f 753 754 758 757
f 754 755 759 758
f 755 756 760 759
f 756 753 757 760
v 94.696 2.842 -201.253
v 100.014 2.842 -208.932
v 105.884 2.842 -204.867
v 100.566 2.842 -197.188
v 94.696 6.742 -201.253
v 100.014 6.742 -208.932
v 105.884 6.742 -204.867
v 100.566 6.742 -197.188
f 768 767 766 765
f 761 762 766 765
f 762 763 767 766
f 763 764 768 767
f 764 761 765 768
v 225.015 2.343 -188.434
v 255.399 2.343 -171.944
v 244.165 2.343 -151.246
v 213.781 2.343 -167.736
v 225.015 8.643 -188.434
v 255.399 8.643 -171.944
v 244.165 8.643 -151.246
v 213.781 8.643 -167.736
f 776 775 774 773
f 769 770 774 773
f 770 771 775 774
f 771 772 776 775
f 772 769 773 776
v 121.840 2.474 -158.596
v 150.012 2.474 -199.309
v 157.100 2.474 -194.404
v 128.928 2.474 -153.691
v 121.840 6.374 -158.596
v 150.012 6.374 -199.309
v 157.100 6.374 -194.404
v 128.928 6.374 -153.691
f 784 783 782 781
f 777 778 782 781
f 778 779 783 782
f 779 780 784 783
f 780 777 781 784
v 100.029 3.064 -171.485
v 118.279 3.064 -159.236
v 111.351 3.064 -148.915
v 93.101 3.064 -161.164
v 100.029 6.964 -171.485
v 118.279 6.964 -159.236
v 111.351 6.964 -148.915
v 93.101 6.964 -161.164
f 792 791 790 789
f 785 786 790 789
f 786 787 791 790
f 787 788 792 791
f 788 785 789 792
v 112.354 2.444 -182.175
v 118.284 2.444 -190.828
v 123.366 2.444 -187.345
v 117.436 2.444 -178.692
v 112.354 6.344 -182.175
v 118.284 6.344 -190.828
v 123.366 6.344 -187.345
v 117.436 6.344 -178.692
f 800 799 798 797
f 793 794 798 797
f 794 795 799 798
f 795 796 800 799
f 796 793 797 800
v 92.593 2.974 -187.622
v 119.536 2.974 -171.110
v 112.027 2.974 -158.858
v 85.084 2.974 -175.370
v 92.593 6.874 -187.622
v 119.536 6.874 -171.110
v 112.027 6.874 -158.858
v 85.084 6.874 -175.370
f 808 807 806 805
f 801 802 806 805
f 802 803 807 806
f 803 804 808 807
f 804 801 805 808
v 115.384 2.505 -150.418
v 135.465 2.505 -136.122
v 129.456 2.505 -127.682
v 109.375 2.505 -141.978
v 115.384 6.405 -150.418
v 135.465 6.405 -136.122
v 129.456 6.405 -127.682
v 109.375 6.405 -141.978
f 816 815 814 813
f 809 810 814 813
f 810 811 815 814
f 811 812 816 815
f 812 809 813 816
v 172.622 2.542 -98.094
v 180.074 2.542 -93.471
v 175.778 2.542 -86.546
v 168.326 2.542 -91.169
v 172.622 6.442 -98.094
v 180.074 6.442 -93.471
v 175.778 6.442 -86.546
v 168.326 6.442 -91.169
f 824 823 822 821
f 817 818 822 821
f 818 819 823 822
f 819 820 824 823
f 820 817 821 824
v 182.802 2.478 -99.406
v 187.897 2.478 -114.299
v 199.838 2.478 -110.214
v 194.743 2.478 -95.321
v 182.802 6.378 -99.406
v 187.897 6.378 -114.299
v 199.838 6.378 -110.214
v 194.743 6.378 -95.321
f 832 831 830 829
f 825 826 830 829
f 826 827 831 830
f 827 828 832 831
f 828 825 829 832
v 124.662 2.394 -136.870
v 151.408 2.394 -118.850
v 147.838 2.394 -113.550
v 121.092 2.394 -131.570
v 124.662 6.294 -136.870
v 151.408 6.294 -118.850
v 147.838 6.294 -113.550
v 121.092 6.294 -131.570
f 840 839 838 837
f 833 834 838 837
f 834 835 839 838
f 835 836 840 839
f 836 833 837 840
v 131.007 2.525 -132.501
v 157.299 2.525 -113.395
v 150.733 2.525 -104.359
v 124.441 2.525 -123.465
v 131.007 6.425 -132.501
v 157.299 6.425 -113.395
v 150.733 6.425 -104.359
v 124.441 6.425 -123.465
f 848 847 846 845
f 841 842 846 845
f 842 843 847 846
f 843 844 848 847
f 844 841 845 848
v 138.739 2.500 -135.441
v 178.697 2.500 -106.683
v 168.661 2.500 -92.739
v 128.703 2.500 -121.497
v 138.739 8.300 -135.441
v 178.697 8.300 -106.683
v 168.661 8.300 -92.739
v 128.703 8.300 -121.497
f 856 855 854 853
f 849 850 854 853
f 850 851 855 854
f 851 852 856 855
f 852 849 853 856
v 29.326 2.161 -133.647
v 53.316 2.161 -152.351
v 71.854 2.161 -128.573
v 47.864 2.161 -109.869
v 29.326 8.961 -133.647
v 53.316 8.961 -152.351
v 71.854 8.961 -128.573
v 47.864 8.961 -109.869
f 864 863 862 861
f 857 858 862 861
f 858 859 863 862
f 859 860 864 863
f 860 857 861 864
v 106.231 2.538 -85.286
v 129.279 2.538 -70.102
v 125.269 2.538 -64.014
v 102.221 2.538 -79.198
v 106.231 6.438 -85.286
v 129.279 6.438 -70.102
v 125.269 6.438 -64.014
v 102.221 6.438 -79.198
f 872 871 870 869
f 865 866 870 869
f 866 867 871 870
f 867 868 872 871
f 868 865 869 872
v 110.091 2.360 -79.935
v 132.705 2.360 -63.937
v 128.749 2.360 -58.345
v 106.135 2.360 -74.343
v 110.091 9.160 -79.935
v 132.705 9.160 -63.937
v 128.749 9.160 -58.345
v 106.135 9.160 -74.343
f 880 879 878 877
f 873 874 878 877
f 874 875 879 878
f 875 876 880 879
f 876 873 877 880
v 96.798 2.287 -104.719
v 117.383 2.287 -92.812
v 112.842 2.287 -84.961
v 92.257 2.287 -96.868
v 96.798 9.087 -104.719
v 117.383 9.087 -92.812
v 112.842 9.087 -84.961
v 92.257 9.087 -96.868
f 888 887 886 885
f 881 882 886 885
f 882 883 887 886
f 883 884 888 887
f 884 881 885 888
v 93.342 2.385 -111.306
v 113.105 2.385 -99.956
v 108.498 2.385 -91.934
v 88.735 2.385 -103.284
v 93.342 9.185 -111.306
v 113.105 9.185 -99.956
v 108.498 9.185 -91.934
v 88.735 9.185 -103.284
f 896 895 894 893
f 889 890 894 893
f 890 891 895 894
f 891 892 896 895
f 892 889 893 896
v 90.715 2.236 -116.853
v 108.038 2.236 -105.448
v 104.205 2.236 -99.627
v 86.882 2.236 -111.032
v 90.715 9.036 -116.853
v 108.038 9.036 -105.448
v 104.205 9.036 -99.627
v 86.882 9.036 -111.032
f 904 903 902 901
f 897 898 902 901
f 898 899 903 902
f 899 900 904 903
f 900 897 901 904
v 84.645 2.190 -123.698
v 104.181 2.190 -110.836
v 99.655 2.190 -103.962
v 80.119 2.190 -116.824
v 84.645 8.990 -123.698
v 104.181 8.990 -110.836
v 99.655 8.990 -103.962
v 80.119 8.990 -116.824
f 912 911 910 909
f 905 906 910 909
f 906 907 911 910
f 907 908 912 911
f 908 905 909 912
v 79.192 2.309 -131.994
v 99.644 2.309 -118.540
v 94.148 2.309 -110.186
v 73.696 2.309 -123.640
v 79.192 9.109 -131.994
v 99.644 9.109 -118.540
v 94.148 9.109 -110.186
v 73.696 9.109 -123.640
f 920 919 918 917
f 913 914 918 917
f 914 915 919 918
f 915 916 920 919
f 916 913 917 920
v 74.593 2.290 -135.405
v 94.086 2.290 -122.551
v 91.807 2.290 -119.095
v 72.314 2.290 -131.949
v 74.593 9.090 -135.405
v 94.086 9.090 -122.551
v 91.807 9.090 -119.095
v 72.314 9.090 -131.949
f 928 927 926 925
f 921 922 926 925
f 922 923 927 926
f 923 924 928 927
f 924 921 925 928
v 72.275 2.186 -141.297
v 91.800 2.186 -128.436
v 87.905 2.186 -122.523
v 68.380 2.186 -135.384
v 72.275 8.986 -141.297
v 91.800 8.986 -128.436
v 87.905 8.986 -122.523
v 68.380 8.986 -135.384
f 936 935 934 933
f 929 930 934 933
f 930 931 935 934
f 931 932 936 935
f 932 929 933 936
v 68.354 2.163 -149.222
v 87.888 2.163 -136.357
v 82.646 2.163 -128.398
v 63.112 2.163 -141.263
v 68.354 8.963 -149.222
v 87.888 8.963 -136.357
v 82.646 8.963 -128.398
v 63.112 8.963 -141.263
f 944 943 942 941
f 937 938 942 941
f 938 939 943 942
f 939 940 944 943
f 940 937 941 944
v 63.078 2.335 -155.630
v 82.613 2.335 -142.767
v 78.362 2.335 -136.310
v 58.827 2.335 -149.173
v 63.078 6.235 -155.630
v 82.613 6.235 -142.767
v 78.362 6.235 -136.310
v 58.827 6.235 -149.173
f 952 951 950 949
f 945 946 950 949
f 946 947 951 950
f 947 948 952 951
f 948 945 949 952
v 58.792 2.190 -162.223
v 78.328 2.190 -149.361
v 73.968 2.190 -142.737
v 54.432 2.190 -155.599
v 58.792 8.990 -162.223
v 78.328 8.990 -149.361
v 73.968 8.990 -142.737
v 54.432 8.990 -155.599
f 960 959 958 957
f 953 954 958 957
f 954 955 959 958
f 955 956 960 959
f 956 953 957 960
v 86.719 2.351 -98.239
v 125.489 2.351 -73.574
v 116.981 2.351 -60.201
v 78.211 2.351 -84.866
v 86.719 9.151 -98.239
v 125.489 9.151 -73.574
v 116.981 9.151 -60.201
v 78.211 9.151 -84.866
f 968 967 966 965
f 961 962 966 965
f 962 963 967 966
f 963 964 968 967
f 964 961 965 968
v 93.498 2.309 -70.676
v 105.523 2.309 -63.048
v 99.582 2.309 -53.684
v 87.557 2.309 -61.312
v 93.498 6.209 -70.676
v 105.523 6.209 -63.048
v 99.582 6.209 -53.684
v 87.557 6.209 -61.312
f 976 975 974 973
f 969 970 974 973
f 970 971 975 974
f 971 972 976 975
f 972 969 973 976
v 92.333 2.089 -39.917
v 101.816 2.089 -54.435
v 108.907 2.089 -49.803
v 99.424 2.089 -35.285
v 92.333 5.989 -39.917
v 101.816 5.989 -54.435
v 108.907 5.989 -49.803
v 99.424 5.989 -35.285
f 984 983 982 981
f 977 978 982 981
f 978 979 983 982
f 979 980 984 983
f 980 977 981 984
v 121.465 2.372 -75.504
v 142.385 2.372 -59.764
v 131.635 2.372 -45.476
v 110.715 2.372 -61.216
v 121.465 9.172 -75.504
v 142.385 9.172 -59.764
v 131.635 9.172 -45.476
v 110.715 9.172 -61.216
f 992 991 990 989
f 985 986 990 989
f 986 987 991 990
f 987 988 992 991
f 988 985 989 992
v -153.218 3.154 -234.620
v -138.569 3.154 -231.844
v -141.082 3.154 -218.580
v -155.731 3.154 -221.356
v -153.218 7.054 -234.620
v -138.569 7.054 -231.844
v -141.082 7.054 -218.580
v -155.731 7.054 -221.356
f 1000 999 998 997
f 993 994 998 997
f 994 995 999 998
f 995 996 1000 999
f 996 993 997 1000
v -176.406 3.155 -227.590
v -163.265 3.155 -218.691
v -171.934 3.155 -205.890
v -185.075 3.155 -214.789
v -176.406 7.055 -227.590
v -163.265 7.055 -218.691
v -171.934 7.055 -205.890
v -185.075 7.055 -214.789
f 1008 1007 1006 1005
f 1001 1002 1006 1005
f 1002 1003 1007 1006
f 1003 1004 1008 1007
f 1004 1001 1005 1008
v -192.809 3.440 -202.005
v -184.737 3.440 -213.554
v -175.811 3.440 -207.315
v -183.883 3.440 -195.766
v -192.809 7.340 -202.005
v -184.737 7.340 -213.554
v -175.811 7.340 -207.315
v -183.883 7.340 -195.766
f 1016 1015 1014 1013
f 1009 1010 1014 1013
f 1010 1011 1015 1014
f 1011 1012 1016 1015
f 1012 1009 1013 1016
v -250.459 1.970 -182.280
v -239.295 1.970 -175.181
v -245.921 1.970 -164.760
v -257.085 1.970 -171.859
v -250.459 5.870 -182.280
v -239.295 5.870 -175.181
v -245.921 5.870 -164.760
v -257.085 5.870 -171.859
f 1024 1023 1022 1021
f 1017 1018 1022 1021
f 1018 1019 1023 1022
f 1019 1020 1024 1023
f 1020 1017 1021 1024
v -199.682 7.991 -144.880
v -162.464 7.991 -120.432
v -173.258 7.991 -104.000
v -210.476 7.991 -128.448
v -199.682 13.791 -144.880
v -162.464 13.791 -120.432
v -173.258 13.791 -104.000
v -210.476 13.791 -128.448
f 1032 1031 1030 1029
f 1025 1026 1030 1029
f 1026 1027 1031 1030
f 1027 1028 1032 1031
f 1028 1025 1029 1032
v -215.298 10.596 -167.979
v -178.389 10.596 -143.137
v -189.182 10.596 -127.101
v -226.091 10.596 -151.943
v -215.298 16.396 -167.979
v -178.389 16.396 -143.137
v -189.182 16.396 -127.101
v -226.091 16.396 -151.943
f 1040 1039 1038 1037
f 1033 1034 1038 1037
f 1034 1035 1039 1038
f 1035 1036 1040 1039
f 1036 1033 1037 1040
v -210.154 14.074 -152.096
v -173.501 14.074 -127.216
v -178.506 14.074 -119.844
v -215.159 14.074 -144.724
v -210.154 17.974 -152.096
v -173.501 17.974 -127.216
v -178.506 17.974 -119.844
v -215.159 17.974 -144.724
f 1048 1047 1046 1045
f 1041 1042 1046 1045
f 1042 1043 1047 1046
f 1043 1044 1048 1047
f 1044 1041 1045 1048
v 245.506 2.894 -222.967
v 247.091 2.894 -243.706
v 263.234 2.894 -242.473
v 261.649 2.894 -221.734
v 245.506 6.794 -222.967
v 247.091 6.794 -243.706
v 263.234 6.794 -242.473
v 261.649 6.794 -221.734
f 1056 1055 1054 1053
f 1049 1050 1054 1053
f 1050 1051 1055 1054
f 1051 1052 1056 1055
f 1052 1049 1053 1056
v 155.987 2.677 -247.966
v 162.603 2.677 -257.700
v 168.673 2.677 -253.574
v 162.057 2.677 -243.840
v 155.987 6.577 -247.966
v 162.603 6.577 -257.700
v 168.673 6.577 -253.574
v 162.057 6.577 -243.840
f 1064 1063 1062 1061
f 1057 1058 1062 1061
f 1058 1059 1063 1062
f 1059 1060 1064 1063
f 1060 1057 1061 1064
v 240.379 3.250 127.383
v 278.464 3.250 149.417
v 269.821 3.250 164.357
v 231.736 3.250 142.323
v 240.379 9.050 127.383
v 278.464 9.050 149.417
v 269.821 9.050 164.357
v 231.736 9.050 142.323
f 1072 1071 1070 1069
f 1065 1066 1070 1069
f 1066 1067 1071 1070
f 1067 1068 1072 1071
f 1068 1065 1069 1072
v 229.423 3.571 93.393
v 249.256 3.571 106.531
v 245.257 3.571 112.567
v 225.424 3.571 99.429
v 229.423 7.471 93.393
v 249.256 7.471 106.531
v 245.257 7.471 112.567
v 225.424 7.471 99.429
f 1080 1079 1078 1077
f 1073 1074 1078 1077
f 1074 1075 1079 1078
f 1075 1076 1080 1079
f 1076 1073 1077 1080
v 213.202 3.070 85.527
v 222.341 3.070 91.523
v 218.358 3.070 97.593
v 209.219 3.070 91.597
v 213.202 6.970 85.527
v 222.341 6.970 91.523
v 218.358 6.970 97.593
v 209.219 6.970 91.597
f 1088 1087 1086 1085
f 1081 1082 1086 1085
f 1082 1083 1087 1086
f 1083 1084 1088 1087
f 1084 1081 1085 1088
v 229.206 3.128 81.313
v 239.885 3.128 88.370
v 236.014 3.128 94.227
v 225.335 3.128 87.170
v 229.206 7.028 81.313
v 239.885 7.028 88.370
v 236.014 7.028 94.227
v 225.335 7.028 87.170
f 1096 1095 1094 1093
f 1089 1090 1094 1093
f 1090 1091 1095 1094
f 1091 1092 1096 1095
f 1092 1089 1093 1096
v 213.234 3.315 66.142
v 231.810 3.315 78.445
v 227.006 3.315 85.698
v 208.430 3.315 73.395
v 213.234 7.215 66.142
v 231.810 7.215 78.445
v 227.006 7.215 85.698
v 208.430 7.215 73.395
f 1104 1103 1102 1101
f 1097 1098 1102 1101
f 1098 1099 1103 1102
f 1099 1100 1104 1103
f 1100 1097 1101 1104
v 244.896 3.107 39.913
v 252.551 3.107 28.914
v 260.184 3.107 34.227
v 252.529 3.107 45.226
v 244.896 7.007 39.913
v 252.551 7.007 28.914
v 260.184 7.007 34.227
v 252.529 7.007 45.226
f 1112 1111 1110 1109
f 1105 1106 1110 1109
f 1106 1107 1111 1110
f 1107 1108 1112 1111
f 1108 1105 1109 1112
v 198.101 2.486 65.623
v 209.541 2.486 60.735
v 214.319 2.486 71.917
v 202.879 2.486 76.805
v 198.101 6.386 65.623
v 209.541 6.386 60.735
v 214.319 6.386 71.917
v 202.879 6.386 76.805
f 1120 1119 1118 1117
f 1113 1114 1118 1117
f 1114 1115 1119 1118
f 1115 1116 1120 1119
f 1116 1113 1117 1120
v 57.187 2.742 -239.485
v 77.412 2.742 -227.996
v 68.333 2.742 -212.015
v 48.108 2.742 -223.504
v 57.187 6.642 -239.485
v 77.412 6.642 -227.996
v 68.333 6.642 -212.015
v 48.108 6.642 -223.504
f 1128 1127 1126 1125
f 1121 1122 1126 1125
f 1122 1123 1127 1126
f 1123 1124 1128 1127
f 1124 1121 1125 1128
v 146.645 2.580 -107.682
v 173.027 2.580 -89.309
v 167.295 2.580 -81.078
v 140.913 2.580 -99.451
v 146.645 6.480 -107.682
v 173.027 6.480 -89.309
v 167.295 6.480 -81.078
v 140.913 6.480 -99.451
f 1136 1135 1134 1133
f 1129 1130 1134 1133
f 1130 1131 1135 1134
f 1131 1132 1136 1135
f 1132 1129 1133 1136
v 150.190 2.361 -71.015
v 155.041 2.361 -77.364
v 157.290 2.361 -75.645
v 152.439 2.361 -69.296
v 150.190 6.261 -71.015
v 155.041 6.261 -77.364
v 157.290 6.261 -75.645
v 152.439 6.261 -69.296
f 1144 1143 1142 1141
f 1137 1138 1142 1141
f 1138 1139 1143 1142
f 1139 1140 1144 1143
f 1140 1137 1141 1144
v 208.726 2.450 -2.858
v 219.234 2.450 4.185
v 214.574 2.450 11.138
v 204.066 2.450 4.095
v 208.726 6.350 -2.858
v 219.234 6.350 4.185
v 214.574 6.350 11.138
v 204.066 6.350 4.095
f 1152 1151 1150 1149
f 1145 1146 1150 1149
f 1146 1147 1151 1150
f 1147 1148 1152 1151
f 1148 1145 1149 1152
v -155.265 2.908 9.428
v -147.463 2.908 1.645
v -139.815 2.908 9.312
v -147.617 2.908 17.095
v -155.265 6.808 9.428
v -147.463 6.808 1.645
v -139.815 6.808 9.312
v -147.617 6.808 17.095
f 1160 1159 1158 1157
f 1153 1154 1158 1157
f 1154 1155 1159 1158
f 1155 1156 1160 1159
f 1156 1153 1157 1160
v -132.759 1.460 232.662
v -123.955 1.460 238.795
v -127.161 1.460 243.398
v -135.965 1.460 237.265
v -132.759 5.360 232.662
v -123.955 5.360 238.795
v -127.161 5.360 243.398
v -135.965 5.360 237.265
f 1168 1167 1166 1165
f 1161 1162 1166 1165
f 1162 1163 1167 1166
f 1163 1164 1168 1167
f 1164 1161 1165 1168
v -127.208 1.594 241.475
v -118.347 1.594 247.633
v -121.372 1.594 251.985
v -130.233 1.594 245.827
v -127.208 5.494 241.475
v -118.347 5.494 247.633
v -121.372 5.494 251.985
v -130.233 5.494 245.827
f 1176 1175 1174 1173
f 1169 1170 1174 1173
f 1170 1171 1175 1174
f 1171 1172 1176 1175
f 1172 1169 1173 1176
v -52.622 3.021 -179.270
v -41.643 3.021 -171.640
v -47.738 3.021 -162.870
v -58.717 3.021 -170.500
v -52.622 12.321 -179.270
v -41.643 12.321 -171.640
v -47.738 12.321 -162.870
v -58.717 12.321 -170.500
f 1184 1183 1182 1181
f 1177 1178 1182 1181
f 1178 1179 1183 1182
f 1179 1180 1184 1183
f 1180 1177 1181 1184
v -222.545 1.255 228.692
v -214.998 1.255 217.826
v -209.955 1.255 221.328
v -217.502 1.255 232.194
v -222.545 5.155 228.692
v -214.998 5.155 217.826
v -209.955 5.155 221.328
v -217.502 5.155 232.194
f 1192 1191 1190 1189
f 1185 1186 1190 1189
f 1186 1187 1191 1190
f 1187 1188 1192 1191
f 1188 1185 1189 1192
v -93.341 3.127 -210.638
v -80.879 3.127 -202.006
v -84.899 3.127 -196.202
v -97.361 3.127 -204.834
v -93.341 9.427 -210.638
v -80.879 9.427 -202.006
v -84.899 9.427 -196.202
v -97.361 9.427 -204.834
f 1200 1199 1198 1197
f 1193 1194 1198 1197
f 1194 1195 1199 1198
f 1195 1196 1200 1199
f 1196 1193 1197 1200
v -70.951 2.961 -181.155
v -60.949 2.961 -174.561
v -66.629 2.961 -165.945
v -76.631 2.961 -172.539
v -70.951 9.261 -181.155
v -60.949 9.261 -174.561
v -66.629 9.261 -165.945
v -76.631 9.261 -172.539
f 1208 1207 1206 1205
f 1201 1202 1206 1205
f 1202 1203 1207 1206
f 1203 1204 1208 1207
f 1204 1201 1205 1208
v -55.869 2.578 -156.921
v -44.562 2.578 -149.381
v -50.631 2.578 -140.279
v -61.938 2.578 -147.819
v -55.869 11.878 -156.921
v -44.562 11.878 -149.381
v -50.631 11.878 -140.279
v -61.938 11.878 -147.819
f 1216 1215 1214 1213
f 1209 1210 1214 1213
f 1210 1211 1215 1214
f 1211 1212 1216 1215
f 1212 1209 1213 1216
v -45.930 2.164 -138.057
v -35.323 2.164 -131.200
v -41.230 2.164 -122.063
v -51.837 2.164 -128.920
v -45.930 8.964 -138.057
v -35.323 8.964 -131.200
v -41.230 8.964 -122.063
v -51.837 8.964 -128.920
f 1224 1223 1222 1221
f 1217 1218 1222 1221
f 1218 1219 1223 1222
f 1219 1220 1224 1223
f 1220 1217 1221 1224
v -133.303 2.869 -26.052
v -118.663 2.869 -16.265
v -124.277 2.869 -7.868
v -138.917 2.869 -17.655
v -133.303 6.769 -26.052
v -118.663 6.769 -16.265
v -124.277 6.769 -7.868
v -138.917 6.769 -17.655
f 1232 1231 1230 1229
f 1225 1226 1230 1229
f 1226 1227 1231 1230
f 1227 1228 1232 1231
f 1228 1225 1229 1232
v -125.467 3.034 -243.628
v -115.972 3.034 -257.123
v -104.473 3.034 -249.032
v -113.968 3.034 -235.537
v -125.467 6.934 -243.628
v -115.972 6.934 -257.123
v -104.473 6.934 -249.032
v -113.968 6.934 -235.537
f 1240 1239 1238 1237
f 1233 1234 1238 1237
f 1234 1235 1239 1238
f 1235 1236 1240 1239
f 1236 1233 1237 1240
v -109.824 3.160 -230.055
v -89.591 3.160 -225.497
v -92.996 3.160 -210.385
v -113.229 3.160 -214.943
v -109.824 7.060 -230.055
v -89.591 7.060 -225.497
v -92.996 7.060 -210.385
v -113.229 7.060 -214.943
f 1248 1247 1246 1245
f 1241 1242 1246 1245
f 1242 1243 1247 1246
f 1243 1244 1248 1247
f 1244 1241 1245 1248
v -98.035 3.288 -217.003
v -85.650 3.288 -208.828
v -89.445 3.288 -203.077
v -101.830 3.288 -211.252
v -98.035 7.188 -217.003
v -85.650 7.188 -208.828
v -89.445 7.188 -203.077
v -101.830 7.188 -211.252
f 1256 1255 1254 1253
f 1249 1250 1254 1253
f 1250 1251 1255 1254
f 1251 1252 1256 1255
f 1252 1249 1253 1256
v -86.320 3.587 -203.696
v -74.375 3.587 -196.607
v -79.540 3.587 -187.904
v -91.485 3.587 -194.993
v -86.320 9.887 -203.696
v -74.375 9.887 -196.607
v -79.540 9.887 -187.904
v -91.485 9.887 -194.993
f 1264 1263 1262 1261
f 1257 1258 1262 1261
f 1258 1259 1263 1262
f 1259 1260 1264 1263
f 1260 1257 1261 1264
v -78.734 3.322 -192.715
v -64.669 3.322 -185.384
v -69.286 3.322 -176.525
v -83.351 3.322 -183.856
v -78.734 7.222 -192.715
v -64.669 7.222 -185.384
v -69.286 7.222 -176.525
v -83.351 7.222 -183.856
f 1272 1271 1270 1269
f 1265 1266 1270 1269
f 1266 1267 1271 1270
f 1267 1268 1272 1271
f 1268 1265 1269 1272
v 12.932 2.012 -172.579
v 16.467 2.012 -177.817
v 19.128 2.012 -176.021
v 15.593 2.012 -170.783
v 12.932 5.912 -172.579
v 16.467 5.912 -177.817
v 19.128 5.912 -176.021
v 15.593 5.912 -170.783
f 1280 1279 1278 1277
f 1273 1274 1278 1277
f 1274 1275 1279 1278
f 1275 1276 1280 1279
f 1276 1273 1277 1280
v 8.780 2.014 -168.972
v 12.419 2.014 -173.943
v 17.220 2.014 -170.428
v 13.581 2.014 -165.457
v 8.780 5.914 -168.972
v 12.419 5.914 -173.943
v 17.220 5.914 -170.428
v 13.581 5.914 -165.457
f 1288 1287 1286 1285
f 1281 1282 1286 1285
f 1282 1283 1287 1286
f 1283 1284 1288 1287
f 1284 1281 1285 1288
v 15.925 2.101 -176.362
v 21.220 2.101 -182.597
v 27.295 2.101 -177.438
v 22.000 2.101 -171.203
v 15.925 6.001 -176.362
v 21.220 6.001 -182.597
v 27.295 6.001 -177.438
v 22.000 6.001 -171.203
f 1296 1295 1294 1293
f 1289 1290 1294 1293
f 1290 1291 1295 1294
f 1291 1292 1296 1295
f 1292 1289 1293 1296
v 0.962 2.026 -162.997
v 6.629 2.026 -171.430
v 12.978 2.026 -167.163
v 7.311 2.026 -158.730
v 0.962 5.926 -162.997
v 6.629 5.926 -171.430
v 12.978 5.926 -167.163
v 7.311 5.926 -158.730
f 1304 1303 1302 1301
f 1297 1298 1302 1301
f 1298 1299 1303 1302
f 1299 1300 1304 1303
f 1300 1297 1301 1304
v -26.834 2.219 -152.864
v -13.538 2.219 -144.254
v -20.686 2.219 -133.216
v -33.982 2.219 -141.826
v -26.834 6.119 -152.864
v -13.538 6.119 -144.254
v -20.686 6.119 -133.216
v -33.982 6.119 -141.826
f 1312 1311 1310 1309
f 1305 1306 1310 1309
f 1306 1307 1311 1310
f 1307 1308 1312 1311
f 1308 1305 1309 1312
v -32.589 2.993 -176.138
v -22.073 2.993 -168.060
v -28.231 2.993 -160.042
v -38.747 2.993 -168.120
v -32.589 6.893 -176.138
v -22.073 6.893 -168.060
v -28.231 6.893 -160.042
v -38.747 6.893 -168.120
f 1320 1319 1318 1317
f 1313 1314 1318 1317
f 1314 1315 1319 1318
f 1315 1316 1320 1319
f 1316 1313 1317 1320
v -15.528 2.449 -174.646
v -11.345 2.449 -180.432
v -7.252 2.449 -177.474
v -11.435 2.449 -171.688
v -15.528 11.749 -174.646
v -11.345 11.749 -180.432
v -7.252 11.749 -177.474
v -11.435 11.749 -171.688
f 1328 1327 1326 1325
f 1321 1322 1326 1325
f 1322 1323 1327 1326
f 1323 1324 1328 1327
f 1324 1321 1325 1328
v -29.997 3.039 -195.093
v -15.270 3.039 -189.917
v -18.963 3.039 -179.407
v -33.690 3.039 -184.583
v -29.997 12.339 -195.093
v -15.270 12.339 -189.917
v -18.963 12.339 -179.407
v -33.690 12.339 -184.583
f 1336 1335 1334 1333
f 1329 1330 1334 1333
f 1330 1331 1335 1334
f 1331 1332 1336 1335
f 1332 1329 1333 1336
v -127.040 2.651 91.139
v -105.565 2.651 105.474
v -113.460 2.651 117.301
v -134.935 2.651 102.966
v -127.040 6.551 91.139
v -105.565 6.551 105.474
v -113.460 6.551 117.301
v -134.935 6.551 102.966
f 1344 1343 1342 1341
f 1337 1338 1342 1341
f 1338 1339 1343 1342
f 1339 1340 1344 1343
f 1340 1337 1341 1344
v -106.478 2.670 77.298
v -84.881 2.670 85.351
v -91.582 2.670 103.322
v -113.179 2.670 95.269
v -106.478 6.570 77.298
v -84.881 6.570 85.351
v -91.582 6.570 103.322
v -113.179 6.570 95.269
f 1352 1351 1350 1349
f 1345 1346 1350 1349
f 1346 1347 1351 1350
f 1347 1348 1352 1351
f 1348 1345 1349 1352
v -115.352 2.878 76.247
v -106.766 2.878 65.481
v -96.368 2.878 73.773
v -104.954 2.878 84.539
v -115.352 6.778 76.247
v -106.766 6.778 65.481
v -96.368 6.778 73.773
v -104.954 6.778 84.539
f 1360 1359 1358 1357
f 1353 1354 1358 1357
f 1354 1355 1359 1358
f 1355 1356 1360 1359
f 1356 1353 1357 1360
v -138.639 2.754 71.397
v -113.101 2.754 88.934
v -120.001 2.754 98.983
v -145.539 2.754 81.446
v -138.639 6.654 71.397
v -113.101 6.654 88.934
v -120.001 6.654 98.983
v -145.539 6.654 81.446
f 1368 1367 1366 1365
f 1361 1362 1366 1365
f 1362 1363 1367 1366
f 1363 1364 1368 1367
f 1364 1361 1365 1368
v -119.998 2.707 49.894
v -107.382 2.707 55.026
v -112.442 2.707 67.466
v -125.058 2.707 62.334
v -119.998 6.607 49.894
v -107.382 6.607 55.026
v -112.442 6.607 67.466
v -125.058 6.607 62.334
f 1376 1375 1374 1373
f 1369 1370 1374 1373
f 1370 1371 1375 1374
f 1371 1372 1376 1375
f 1372 1369 1373 1376
v -144.665 2.716 27.668
v -137.622 2.716 16.717
v -129.295 2.716 22.072
v -136.338 2.716 33.023
v -144.665 6.616 27.668
v -137.622 6.616 16.717
v -129.295 6.616 22.072
v -136.338 6.616 33.023
f 1384 1383 1382 1381
f 1377 1378 1382 1381
f 1378 1379 1383 1382
f 1379 1380 1384 1383
f 1380 1377 1381 1384
v -126.726 2.755 44.879
v -120.523 2.755 48.915
v -123.234 2.755 53.081
v -129.437 2.755 49.045
v -126.726 6.655 44.879
v -120.523 6.655 48.915
v -123.234 6.655 53.081
v -129.437 6.655 49.045
f 1392 1391 1390 1389
f 1385 1386 1390 1389
f 1386 1387 1391 1390
f 1387 1388 1392 1391
f 1388 1385 1389 1392
v -209.204 2.429 104.942
v -195.922 2.429 83.233
v -183.656 2.429 90.738
v -196.938 2.429 112.447
v -209.204 6.329 104.942
v -195.922 6.329 83.233
v -183.656 6.329 90.738
v -196.938 6.329 112.447
f 1400 1399 1398 1397
f 1393 1394 1398 1397
f 1394 1395 1399 1398
f 1395 1396 1400 1399
f 1396 1393 1397 1400
v -198.197 2.235 111.056
v -169.242 2.235 127.342
v -176.983 2.235 141.104
v -205.938 2.235 124.818
v -198.197 6.135 111.056
v -169.242 6.135 127.342
v -176.983 6.135 141.104
v -205.938 6.135 124.818
f 1408 1407 1406 1405
f 1401 1402 1406 1405
f 1402 1403 1407 1406
f 1403 1404 1408 1407
f 1404 1401 1405 1408
v -228.345 2.230 130.832
v -200.534 2.230 146.942
v -208.995 2.230 161.548
v -236.806 2.230 145.438
v -228.345 6.130 130.832
v -200.534 6.130 146.942
v -208.995 6.130 161.548
v -236.806 6.130 145.438
f 1416 1415 1414 1413
f 1409 1410 1414 1413
f 1410 1411 1415 1414
f 1411 1412 1416 1415
f 1412 1409 1413 1416
v -245.820 2.106 135.990
v -235.145 2.106 120.044
v -224.500 2.106 127.170
v -235.175 2.106 143.116
v -245.820 6.006 135.990
v -235.145 6.006 120.044
v -224.500 6.006 127.170
v -235.175 6.006 143.116
f 1424 1423 1422 1421
f 1417 1418 1422 1421
f 1418 1419 1423 1422
f 1419 1420 1424 1423
f 1420 1417 1421 1424
v -219.560 2.366 54.865
v -189.248 2.366 78.715
v -200.280 2.366 92.735
v -230.592 2.366 68.885
v -219.560 8.166 54.865
v -189.248 8.166 78.715
v -200.280 8.166 92.735
v -230.592 8.166 68.885
f 1432 1431 1430 1429
f 1425 1426 1430 1429
f 1426 1427 1431 1430
f 1427 1428 1432 1431
f 1428 1425 1429 1432
v -223.574 2.249 110.171
v -219.139 2.249 113.321
v -221.246 2.249 116.289
v -225.681 2.249 113.139
v -223.574 6.149 110.171
v -219.139 6.149 113.321
v -221.246 6.149 116.289
v -225.681 6.149 113.139
f 1440 1439 1438 1437
f 1433 1434 1438 1437
f 1434 1435 1439 1438
f 1435 1436 1440 1439
f 1436 1433 1437 1440
v -265.104 2.174 167.327
v -240.169 2.174 130.554
v -229.376 2.174 137.873
v -254.311 2.174 174.646
v -265.104 7.974 167.327
v -240.169 7.974 130.554
v -229.376 7.974 137.873
v -254.311 7.974 174.646
f 1448 1447 1446 1445
f 1441 1442 1446 1445
f 1442 1443 1447 1446
f 1443 1444 1448 1447
f 1444 1441 1445 1448
v -234.482 2.394 30.978
v -198.881 2.394 56.868
v -208.738 2.394 70.422
v -244.339 2.394 44.532
v -234.482 8.194 30.978
v -198.881 8.194 56.868
v -208.738 8.194 70.422
v -244.339 8.194 44.532
f 1456 1455 1454 1453
f 1449 1450 1454 1453
f 1450 1451 1455 1454
f 1451 1452 1456 1455
f 1452 1449 1453 1456
v -193.283 2.604 0.135
v -153.098 2.604 31.229
v -163.617 2.604 44.825
v -203.802 2.604 13.731
v -193.283 8.404 0.135
v -153.098 8.404 31.229
v -163.617 8.404 44.825
v -203.802 8.404 13.731
f 1464 1463 1462 1461
f 1457 1458 1462 1461
f 1458 1459 1463 1462
f 1459 1460 1464 1463
f 1460 1457 1461 1464
v 231.600 3.727 218.886
v 238.217 3.727 213.346
v 243.700 3.727 219.894
v 237.083 3.727 225.434
v 231.600 7.627 218.886
v 238.217 7.627 213.346
v 243.700 7.627 219.894
v 237.083 7.627 225.434
f 1472 1471 1470 1469
f 1465 1466 1470 1469
f 1466 1467 1471 1470
f 1467 1468 1472 1471
f 1468 1465 1469 1472
v 240.397 3.568 220.868
v 246.374 3.568 212.223
v 249.943 3.568 214.692
v 243.966 3.568 223.337
v 240.397 7.468 220.868
v 246.374 7.468 212.223
v 249.943 7.468 214.692
v 243.966 7.468 223.337
f 1480 1479 1478 1477
f 1473 1474 1478 1477
f 1474 1475 1479 1478
f 1475 1476 1480 1479
f 1476 1473 1477 1480
v 166.950 3.274 240.292
v 179.610 3.274 248.954
v 175.810 3.274 254.508
v 163.150 3.274 245.846
v 166.950 7.174 240.292
v 179.610 7.174 248.954
v 175.810 7.174 254.508
v 163.150 7.174 245.846
f 1488 1487 1486 1485
f 1481 1482 1486 1485
f 1482 1483 1487 1486
f 1483 1484 1488 1487
f 1484 1481 1485 1488
v 153.734 3.027 232.009
v 176.816 3.027 247.611
v 170.286 3.027 257.271
v 147.204 3.027 241.669
v 153.734 6.927 232.009
v 176.816 6.927 247.611
v 170.286 6.927 257.271
v 147.204 6.927 241.669
f 1496 1495 1494 1493
f 1489 1490 1494 1493
f 1490 1491 1495 1494
f 1491 1492 1496 1495
f 1492 1489 1493 1496
v -51.626 1.988 238.661
v -36.385 1.988 238.119
v -35.794 1.988 254.739
v -51.035 1.988 255.281
v -51.626 5.888 238.661
v -36.385 5.888 238.119
v -35.794 5.888 254.739
v -51.035 5.888 255.281
f 1504 1503 1502 1501
f 1497 1498 1502 1501
f 1498 1499 1503 1502
f 1499 1500 1504 1503
f 1500 1497 1501 1504
v -37.671 1.710 220.881
v -30.063 1.710 225.303
v -34.269 1.710 232.539
v -41.877 1.710 228.117
v -37.671 5.610 220.881
v -30.063 5.610 225.303
v -34.269 5.610 232.539
v -41.877 5.610 228.117
f 1512 1511 1510 1509
f 1505 1506 1510 1509
f 1506 1507 1511 1510
f 1507 1508 1512 1511
f 1508 1505 1509 1512
v -27.695 2.259 232.263
v -2.642 2.259 240.299
v -8.665 2.259 259.077
v -33.718 2.259 251.041
v -27.695 6.159 232.263
v -2.642 6.159 240.299
v -8.665 6.159 259.077
v -33.718 6.159 251.041
f 1520 1519 1518 1517
f 1513 1514 1518 1517
f 1514 1515 1519 1518
f 1515 1516 1520 1519
f 1516 1513 1517 1520
v -18.306 1.994 217.804
v -8.045 1.994 202.845
v 2.206 1.994 209.876
v -8.055 1.994 224.835
v -18.306 8.794 217.804
v -8.045 8.794 202.845
v 2.206 8.794 209.876
v -8.055 8.794 224.835
f 1528 1527 1526 1525
f 1521 1522 1526 1525
f 1522 1523 1527 1526
f 1523 1524 1528 1527
f 1524 1521 1525 1528
v -3.687 2.404 218.054
v 10.699 2.404 231.629
v 0.247 2.404 242.706
v -14.139 2.404 229.131
v -3.687 6.304 218.054
v 10.699 6.304 231.629
v 0.247 6.304 242.706
v -14.139 6.304 229.131
f 1536 1535 1534 1533
f 1529 1530 1534 1533
f 1530 1531 1535 1534
f 1531 1532 1536 1535
f 1532 1529 1533 1536
v -0.646 2.676 236.054
v 17.021 2.676 246.571
v 12.786 2.676 253.686
v -4.881 2.676 243.169
v -0.646 6.576 236.054
v 17.021 6.576 246.571
v 12.786 6.576 253.686
v -4.881 6.576 243.169
f 1544 1543 1542 1541
f 1537 1538 1542 1541
f 1538 1539 1543 1542
f 1539 1540 1544 1543
f 1540 1537 1541 1544
v 101.163 2.485 256.902
v 108.354 2.485 246.072
v 114.477 2.485 250.138
v 107.286 2.485 260.968
v 101.163 6.385 256.902
v 108.354 6.385 246.072
v 114.477 6.385 250.138
v 107.286 6.385 260.968
f 1552 1551 1550 1549
f 1545 1546 1550 1549
f 1546 1547 1551 1550
f 1547 1548 1552 1551
f 1548 1545 1549 1552
v 71.821 2.340 252.130
v 82.392 2.340 242.322
v 89.099 2.340 249.550
v 78.528 2.340 259.358
v 71.821 6.240 252.130
v 82.392 6.240 242.322
v 89.099 6.240 249.550
v 78.528 6.240 259.358
f 1560 1559 1558 1557
f 1553 1554 1558 1557
f 1554 1555 1559 1558
f 1555 1556 1560 1559
f 1556 1553 1557 1560
v 87.605 2.418 233.026
v 99.036 2.418 242.411
v 95.635 2.418 246.554
v 84.204 2.418 237.169
v 87.605 6.318 233.026
v 99.036 6.318 242.411
v 95.635 6.318 246.554
v 84.204 6.318 237.169
f 1568 1567 1566 1565
f 1561 1562 1566 1565
f 1562 1563 1567 1566
f 1563 1564 1568 1567
f 1564 1561 1565 1568
v 82.659 2.820 227.497
v 96.673 2.820 237.173
v 93.241 2.820 242.143
v 79.227 2.820 232.467
v 82.659 6.720 227.497
v 96.673 6.720 237.173
v 93.241 6.720 242.143
v 79.227 6.720 232.467
f 1576 1575 1574 1573
f 1569 1570 1574 1573
f 1570 1571 1575 1574
f 1571 1572 1576 1575
f 1572 1569 1573 1576
v 78.441 2.995 223.309
v 92.925 2.995 233.776
v 90.559 2.995 237.051
v 76.075 2.995 226.584
v 78.441 6.895 223.309
v 92.925 6.895 233.776
v 90.559 6.895 237.051
v 76.075 6.895 226.584
f 1584 1583 1582 1581
f 1577 1578 1582 1581
f 1578 1579 1583 1582
f 1579 1580 1584 1583
f 1580 1577 1581 1584
v 75.106 2.729 224.978
v 82.819 2.729 229.276
v 80.954 2.729 232.622
v 73.241 2.729 228.324
v 75.106 6.629 224.978
v 82.819 6.629 229.276
v 80.954 6.629 232.622
v 73.241 6.629 228.324
f 1592 1591 1590 1589
f 1585 1586 1590 1589
f 1586 1587 1591 1590
f 1587 1588 1592 1591
f 1588 1585 1589 1592
v 67.512 2.682 212.343
v 87.295 2.682 224.501
v 83.708 2.682 230.337
v 63.925 2.682 218.179
v 67.512 6.582 212.343
v 87.295 6.582 224.501
v 83.708 6.582 230.337
v 63.925 6.582 218.179
f 1600 1599 1598 1597
f 1593 1594 1598 1597
f 1594 1595 1599 1598
f 1595 1596 1600 1599
f 1596 1593 1597 1600
v 62.345 2.537 206.237
v 77.781 2.537 216.288
v 73.955 2.537 222.163
v 58.519 2.537 212.112
v 62.345 6.437 206.237
v 77.781 6.437 216.288
v 73.955 6.437 222.163
v 58.519 6.437 212.112
f 1608 1607 1606 1605
f 1601 1602 1606 1605
f 1602 1603 1607 1606
f 1603 1604 1608 1607
f 1604 1601 1605 1608
v 58.244 2.612 198.093
v 72.775 2.612 207.610
v 68.676 2.612 213.867
v 54.145 2.612 204.350
v 58.244 6.512 198.093
v 72.775 6.512 207.610
v 68.676 6.512 213.867
v 54.145 6.512 204.350
f 1616 1615 1614 1613
f 1609 1610 1614 1613
f 1610 1611 1615 1614
f 1611 1612 1616 1615
f 1612 1609 1613 1616
v 59.458 2.182 187.610
v 72.378 2.182 196.299
v 67.462 2.182 203.610
v 54.542 2.182 194.921
v 59.458 6.082 187.610
v 72.378 6.082 196.299
v 67.462 6.082 203.610
v 54.542 6.082 194.921
f 1624 1623 1622 1621
f 1617 1618 1622 1621
f 1618 1619 1623 1622
f 1619 1620 1624 1623
f 1620 1617 1621 1624
v 43.566 1.947 160.334
v 57.982 1.947 175.287
v 47.154 1.947 185.726
v 32.738 1.947 170.773
v 43.566 5.847 160.334
v 57.982 5.847 175.287
v 47.154 5.847 185.726
v 32.738 5.847 170.773
f 1632 1631 1630 1629
f 1625 1626 1630 1629
f 1626 1627 1631 1630
f 1627 1628 1632 1631
f 1628 1625 1629 1632
v 22.707 2.103 190.175
v 30.000 2.103 179.986
v 36.733 2.103 184.805
v 29.440 2.103 194.994
v 22.707 6.003 190.175
v 30.000 6.003 179.986
v 36.733 6.003 184.805
v 29.440 6.003 194.994
f 1640 1639 1638 1637
f 1633 1634 1638 1637
f 1634 1635 1639 1638
f 1635 1636 1640 1639
f 1636 1633 1637 1640
v 31.218 2.004 202.877
v 35.016 2.004 198.206
v 39.562 2.004 201.903
v 35.764 2.004 206.574
v 31.218 5.904 202.877
v 35.016 5.904 198.206
v 39.562 5.904 201.903
v 35.764 5.904 206.574
f 1648 1647 1646 1645
f 1641 1642 1646 1645
f 1642 1643 1647 1646
f 1643 1644 1648 1647
f 1644 1641 1645 1648
v 21.109 2.041 205.082
v 30.047 2.041 210.910
v 26.611 2.041 216.178
v 17.673 2.041 210.350
v 21.109 5.941 205.082
v 30.047 5.941 210.910
v 26.611 5.941 216.178
v 17.673 5.941 210.350
f 1656 1655 1654 1653
f 1649 1650 1654 1653
f 1650 1651 1655 1654
f 1651 1652 1656 1655
f 1652 1649 1653 1656
v 25.873 2.190 210.587
v 38.266 2.190 219.019
v 33.507 2.190 226.013
v 21.114 2.190 217.581
v 25.873 6.090 210.587
v 38.266 6.090 219.019
v 33.507 6.090 226.013
v 21.114 6.090 217.581
f 1664 1663 1662 1661
f 1657 1658 1662 1661
f 1658 1659 1663 1662
f 1659 1660 1664 1663
f 1660 1657 1661 1664
v 34.447 2.279 218.804
v 47.660 2.279 227.133
v 40.333 2.279 238.756
v 27.120 2.279 230.427
v 34.447 6.179 218.804
v 47.660 6.179 227.133
v 40.333 6.179 238.756
v 27.120 6.179 230.427
f 1672 1671 1670 1669
f 1665 1666 1670 1669
f 1666 1667 1671 1670
f 1667 1668 1672 1671
f 1668 1665 1669 1672
v 13.592 1.833 161.694
v 22.014 1.833 148.957
v 31.948 1.833 155.526
v 23.526 1.833 168.263
v 13.592 5.733 161.694
v 22.014 5.733 148.957
v 31.948 5.733 155.526
v 23.526 5.733 168.263
f 1680 1679 1678 1677
f 1673 1674 1678 1677
f 1674 1675 1679 1678
f 1675 1676 1680 1679
f 1676 1673 1677 1680
v -21.912 1.674 144.230
v -7.281 1.674 154.385
v -10.588 1.674 159.150
v -25.219 1.674 148.995
v -21.912 5.574 144.230
v -7.281 5.574 154.385
v -10.588 5.574 159.150
v -25.219 5.574 148.995
f 1688 1687 1686 1685
f 1681 1682 1686 1685
f 1682 1683 1687 1686
f 1683 1684 1688 1687
f 1684 1681 1685 1688
v -15.775 1.792 151.669
v -6.231 1.792 159.009
v -9.725 1.792 163.551
v -19.269 1.792 156.211
v -15.775 5.692 151.669
v -6.231 5.692 159.009
v -9.725 5.692 163.551
v -19.269 5.692 156.211
f 1696 1695 1694 1693
f 1689 1690 1694 1693
f 1690 1691 1695 1694
f 1691 1692 1696 1695
f 1692 1689 1693 1696
v 28.568 1.782 152.760
v 40.471 1.782 134.928
v 46.992 1.782 139.280
v 35.089 1.782 157.112
v 28.568 5.682 152.760
v 40.471 5.682 134.928
v 46.992 5.682 139.280
v 35.089 5.682 157.112
f 1704 1703 1702 1701
f 1697 1698 1702 1701
f 1698 1699 1703 1702
f 1699 1700 1704 1703
f 1700 1697 1701 1704
v 55.598 1.912 170.352
v 68.412 1.912 152.090
v 79.782 1.912 160.068
v 66.968 1.912 178.330
v 55.598 5.812 170.352
v 68.412 5.812 152.090
v 79.782 5.812 160.068
v 66.968 5.812 178.330
f 1712 1711 1710 1709
f 1705 1706 1710 1709
f 1706 1707 1711 1710
f 1707 1708 1712 1711
f 1708 1705 1709 1712
v 76.747 1.997 141.510
v 86.474 1.997 149.830
v 79.733 1.997 157.710
v 70.006 1.997 149.390
v 76.747 5.897 141.510
v 86.474 5.897 149.830
v 79.733 5.897 157.710
v 70.006 5.897 149.390
f 1720 1719 1718 1717
f 1713 1714 1718 1717
f 1714 1715 1719 1718
f 1715 1716 1720 1719
f 1716 1713 1717 1720
v 64.557 1.696 135.956
v 69.340 1.696 129.833
v 74.423 1.696 133.804
v 69.640 1.696 139.927
v 64.557 5.596 135.956
v 69.340 5.596 129.833
v 74.423 5.596 133.804
v 69.640 5.596 139.927
f 1728 1727 1726 1725
f 1721 1722 1726 1725
f 1722 1723 1727 1726
f 1723 1724 1728 1727
f 1724 1721 1725 1728
v 93.015 2.136 133.243
v 110.829 2.136 148.814
v 99.305 2.136 161.997
v 81.491 2.136 146.426
v 93.015 6.036 133.243
v 110.829 6.036 148.814
v 99.305 6.036 161.997
v 81.491 6.036 146.426
f 1736 1735 1734 1733
f 1729 1730 1734 1733
f 1730 1731 1735 1734
f 1731 1732 1736 1735
f 1732 1729 1733 1736
v 32.821 1.372 67.969
v 37.816 1.372 71.400
v 34.759 1.372 75.851
v 29.764 1.372 72.420
v 32.821 5.272 67.969
v 37.816 5.272 71.400
v 34.759 5.272 75.851
v 29.764 5.272 72.420
f 1744 1743 1742 1741
f 1737 1738 1742 1741
f 1738 1739 1743 1742
f 1739 1740 1744 1743
f 1740 1737 1741 1744
v -2.084 1.524 132.755
v 11.635 1.524 112.132
v 20.344 1.524 117.925
v 6.625 1.524 138.548
v -2.084 5.424 132.755
v 11.635 5.424 112.132
v 20.344 5.424 117.925
v 6.625 5.424 138.548
f 1752 1751 1750 1749
f 1745 1746 1750 1749
f 1746 1747 1751 1750
f 1747 1748 1752 1751
f 1748 1745 1749 1752
v 50.671 1.598 127.516
v 60.689 1.598 113.498
v 67.889 1.598 118.644
v 57.871 1.598 132.662
v 50.671 5.498 127.516
v 60.689 5.498 113.498
v 67.889 5.498 118.644
v 57.871 5.498 132.662
f 1760 1759 1758 1757
f 1753 1754 1758 1757
f 1754 1755 1759 1758
f 1755 1756 1760 1759
f 1756 1753 1757 1760
v 44.961 1.637 124.664
v 57.122 1.637 133.134
v 51.939 1.637 140.576
v 39.778 1.637 132.106
v 44.961 5.537 124.664
v 57.122 5.537 133.134
v 51.939 5.537 140.576
v 39.778 5.537 132.106
f 1768 1767 1766 1765
f 1761 1762 1766 1765
f 1762 1763 1767 1766
f 1763 1764 1768 1767
f 1764 1761 1765 1768
v 122.305 2.794 223.000
v 144.810 2.794 240.471
v 137.335 2.794 250.100
v 114.830 2.794 232.629
v 122.305 6.694 223.000
v 144.810 6.694 240.471
v 137.335 6.694 250.100
v 114.830 6.694 232.629
f 1776 1775 1774 1773
f 1769 1770 1774 1773
f 1770 1771 1775 1774
f 1771 1772 1776 1775
f 1772 1769 1773 1776
v 134.755 2.881 220.539
v 153.246 2.881 197.093
v 163.045 2.881 204.821
v 144.554 2.881 228.267
v 134.755 6.781 220.539
v 153.246 6.781 197.093
v 163.045 6.781 204.821
v 144.554 6.781 228.267
f 1784 1783 1782 1781
f 1777 1778 1782 1781
f 1778 1779 1783 1782
f 1779 1780 1784 1783
f 1780 1777 1781 1784
v 127.027 2.485 213.128
v 131.383 2.485 215.762
v 128.873 2.485 219.912
v 124.517 2.485 217.278
v 127.027 6.385 213.128
v 131.383 6.385 215.762
v 128.873 6.385 219.912
v 124.517 6.385 217.278
f 1792 1791 1790 1789
f 1785 1786 1790 1789
f 1786 1787 1791 1790
f 1787 1788 1792 1791
f 1788 1785 1789 1792
v 14.727 1.565 95.744
v 19.681 1.565 103.413
v 12.213 1.565 108.236
v 7.259 1.565 100.567
v 14.727 5.465 95.744
v 19.681 5.465 103.413
v 12.213 5.465 108.236
v 7.259 5.465 100.567
f 1800 1799 1798 1797
f 1793 1794 1798 1797
f 1794 1795 1799 1798
f 1795 1796 1800 1799
f 1796 1793 1797 1800
v -37.786 1.454 102.566
v -23.155 1.454 112.041
v -28.694 1.454 120.594
v -43.325 1.454 111.119
v -37.786 5.354 102.566
v -23.155 5.354 112.041
v -28.694 5.354 120.594
v -43.325 5.354 111.119
f 1808 1807 1806 1805
f 1801 1802 1806 1805
f 1802 1803 1807 1806
f 1803 1804 1808 1807
f 1804 1801 1805 1808
v -33.583 1.554 94.593
v -28.338 1.554 98.365
v -31.217 1.554 102.367
v -36.462 1.554 98.595
v -33.583 5.454 94.593
v -28.338 5.454 98.365
v -31.217 5.454 102.367
v -36.462 5.454 98.595
f 1816 1815 1814 1813
f 1809 1810 1814 1813
f 1810 1811 1815 1814
f 1811 1812 1816 1815
f 1812 1809 1813 1816
v -63.366 1.927 81.129
v -45.976 1.927 88.931
v -52.194 1.927 102.791
v -69.584 1.927 94.989
v -63.366 5.827 81.129
v -45.976 5.827 88.931
v -52.194 5.827 102.791
v -69.584 5.827 94.989
f 1824 1823 1822 1821
f 1817 1818 1822 1821
f 1818 1819 1823 1822
f 1819 1820 1824 1823
f 1820 1817 1821 1824
v -51.694 1.798 96.227
v -43.893 1.798 100.951
v -48.326 1.798 108.273
v -56.127 1.798 103.549
v -51.694 5.698 96.227
v -43.893 5.698 100.951
v -48.326 5.698 108.273
v -56.127 5.698 103.549
f 1832 1831 1830 1829
f 1825 1826 1830 1829
f 1826 1827 1831 1830
f 1827 1828 1832 1831
f 1828 1825 1829 1832
v -213.638 2.451 -28.170
v -210.926 2.451 -32.118
v -207.102 2.451 -29.490
v -209.814 2.451 -25.542
v -213.638 6.351 -28.170
v -210.926 6.351 -32.118
v -207.102 6.351 -29.490
v -209.814 6.351 -25.542
f 1840 1839 1838 1837
f 1833 1834 1838 1837
f 1834 1835 1839 1838
f 1835 1836 1840 1839
f 1836 1833 1837 1840
v -182.307 3.113 -15.821
v -180.732 3.113 -36.160
v -163.413 3.113 -34.819
v -164.988 3.113 -14.480
v -182.307 7.013 -15.821
v -180.732 7.013 -36.160
v -163.413 7.013 -34.819
v -164.988 7.013 -14.480
f 1848 1847 1846 1845
f 1841 1842 1846 1845
f 1842 1843 1847 1846
f 1843 1844 1848 1847
f 1844 1841 1845 1848
v -196.839 3.102 -34.113
v -187.954 3.102 -46.335
v -178.781 3.102 -39.667
v -187.666 3.102 -27.445
v -196.839 7.002 -34.113
v -187.954 7.002 -46.335
v -178.781 7.002 -39.667
v -187.666 7.002 -27.445
f 1856 1855 1854 1853
f 1849 1850 1854 1853
f 1850 1851 1855 1854
f 1851 1852 1856 1855
f 1852 1849 1853 1856
v -255.947 2.001 -132.908
v -245.150 2.001 -126.279
v -251.073 2.001 -116.632
v -261.870 2.001 -123.261
v -255.947 5.901 -132.908
v -245.150 5.901 -126.279
v -251.073 5.901 -116.632
v -261.870 5.901 -123.261
f 1864 1863 1862 1861
f 1857 1858 1862 1861
f 1858 1859 1863 1862
f 1859 1860 1864 1863
f 1860 1857 1861 1864
v -240.590 2.245 -116.334
v -234.090 2.245 -125.602
v -229.390 2.245 -122.306
v -235.890 2.245 -113.038
v -240.590 6.145 -116.334
v -234.090 6.145 -125.602
v -229.390 6.145 -122.306
v -235.890 6.145 -113.038
f 1872 1871 1870 1869
f 1865 1866 1870 1869
f 1866 1867 1871 1870
f 1867 1868 1872 1871
f 1868 1865 1869 1872
v -247.774 2.335 -111.981
v -241.511 2.335 -121.146
v -236.086 2.335 -117.439
v -242.349 2.335 -108.274
v -247.774 6.235 -111.981
v -241.511 6.235 -121.146
v -236.086 6.235 -117.439
v -242.349 6.235 -108.274
f 1880 1879 1878 1877
f 1873 1874 1878 1877
f 1874 1875 1879 1878
f 1875 1876 1880 1879
f 1876 1873 1877 1880
v -255.069 2.195 -105.936
v -248.143 2.195 -116.088
v -243.211 2.195 -112.724
v -250.137 2.195 -102.572
v -255.069 6.095 -105.936
v -248.143 6.095 -116.088
v -243.211 6.095 -112.724
v -250.137 6.095 -102.572
f 1888 1887 1886 1885
f 1881 1882 1886 1885
f 1882 1883 1887 1886
f 1883 1884 1888 1887
f 1884 1881 1885 1888
v -34.764 2.763 -197.433
v -30.321 2.763 -194.890
v -32.716 2.763 -190.707
v -37.159 2.763 -193.250
v -34.764 6.663 -197.433
v -30.321 6.663 -194.890
v -32.716 6.663 -190.707
v -37.159 6.663 -193.250
f 1896 1895 1894 1893
f 1889 1890 1894 1893
f 1890 1891 1895 1894
f 1891 1892 1896 1895
f 1892 1889 1893 1896
v -71.717 2.690 -156.228
v -68.725 2.690 -170.211
v -55.083 2.690 -167.292
v -58.075 2.690 -153.309
v -71.717 6.590 -156.228
v -68.725 6.590 -170.211
v -55.083 6.590 -167.292
v -58.075 6.590 -153.309
f 1904 1903 1902 1901
f 1897 1898 1902 1901
f 1898 1899 1903 1902
f 1899 1900 1904 1903
f 1900 1897 1901 1904
v -58.529 2.746 -159.725
v -52.892 2.746 -155.834
v -55.431 2.746 -152.155
v -61.068 2.746 -156.046
v -58.529 12.046 -159.725
v -52.892 12.046 -155.834
v -55.431 12.046 -152.155
v -61.068 12.046 -156.046
f 1912 1911 1910 1909
f 1905 1906 1910 1909
f 1906 1907 1911 1910
f 1907 1908 1912 1911
f 1908 1905 1909 1912
v -18.467 2.633 -181.096
v -15.505 2.633 -185.321
v -12.173 2.633 -182.984
v -15.135 2.633 -178.759
v -18.467 11.933 -181.096
v -15.505 11.933 -185.321
v -12.173 11.933 -182.984
v -15.135 11.933 -178.759
f 1920 1919 1918 1917
f 1913 1914 1918 1917
f 1914 1915 1919 1918
f 1915 1916 1920 1919
f 1916 1913 1917 1920
v -48.451 1.938 -87.567
v -28.953 1.938 -80.950
v -35.509 1.938 -61.633
v -55.007 1.938 -68.250
v -48.451 8.738 -87.567
v -28.953 8.738 -80.950
v -35.509 8.738 -61.633
v -55.007 8.738 -68.250
f 1928 1927 1926 1925
f 1921 1922 1926 1925
f 1922 1923 1927 1926
f 1923 1924 1928 1927
f 1924 1921 1925 1928
v -27.088 1.810 -86.698
v -17.096 1.810 -102.208
v -5.352 1.810 -94.642
v -15.344 1.810 -79.132
v -27.088 8.610 -86.698
v -17.096 8.610 -102.208
v -5.352 8.610 -94.642
v -15.344 8.610 -79.132
f 1936 1935 1934 1933
f 1929 1930 1934 1933
f 1930 1931 1935 1934
f 1931 1932 1936 1935
f 1932 1929 1933 1936
v -14.672 1.939 -89.691
v -2.053 1.939 -108.549
v 7.272 1.939 -102.309
v -5.347 1.939 -83.451
v -14.672 8.739 -89.691
v -2.053 8.739 -108.549
v 7.272 8.739 -102.309
v -5.347 8.739 -83.451
f 1944 1943 1942 1941
f 1937 1938 1942 1941
f 1938 1939 1943 1942
f 1939 1940 1944 1943
f 1940 1937 1941 1944
v -5.267 1.972 -102.077
v 3.346 1.972 -116.443
v 14.487 1.972 -109.763
v 5.874 1.972 -95.397
v -5.267 8.772 -102.077
v 3.346 8.772 -116.443
v 14.487 8.772 -109.763
v 5.874 8.772 -95.397
f 1952 1951 1950 1949
f 1945 1946 1950 1949
f 1946 1947 1951 1950
f 1947 1948 1952 1951
f 1948 1945 1949 1952
v -24.907 1.927 -118.364
v -20.307 1.927 -125.224
v -17.193 1.927 -123.136
v -21.793 1.927 -116.276
v -24.907 5.827 -118.364
v -20.307 5.827 -125.224
v -17.193 5.827 -123.136
v -21.793 5.827 -116.276
f 1960 1959 1958 1957
f 1953 1954 1958 1957
f 1954 1955 1959 1958
f 1955 1956 1960 1959
f 1956 1953 1957 1960
v -44.341 2.068 -118.570
v -34.829 2.068 -130.834
v -23.039 2.068 -121.690
v -32.551 2.068 -109.426
v -44.341 5.968 -118.570
v -34.829 5.968 -130.834
v -23.039 5.968 -121.690
v -32.551 5.968 -109.426
f 1968 1967 1966 1965
f 1961 1962 1966 1965
f 1962 1963 1967 1966
f 1963 1964 1968 1967
f 1964 1961 1965 1968
v 18.955 2.059 -153.548
v 27.223 2.059 -165.106
v 33.225 2.059 -160.812
v 24.957 2.059 -149.254
v 18.955 5.959 -153.548
v 27.223 5.959 -165.106
v 33.225 5.959 -160.812
v 24.957 5.959 -149.254
f 1976 1975 1974 1973
f 1969 1970 1974 1973
f 1970 1971 1975 1974
f 1971 1972 1976 1975
f 1972 1969 1973 1976
v 5.117 1.961 -155.612
v 26.984 1.961 -141.344
v 21.623 1.961 -133.128
v -0.244 1.961 -147.396
v 5.117 8.761 -155.612
v 26.984 8.761 -141.344
v 21.623 8.761 -133.128
v -0.244 8.761 -147.396
f 1984 1983 1982 1981
f 1977 1978 1982 1981
f 1978 1979 1983 1982
f 1979 1980 1984 1983
f 1980 1977 1981 1984
v -1.345 2.104 -161.284
v 2.107 2.104 -166.446
v 4.185 2.104 -165.056
v 0.733 2.104 -159.894
v -1.345 6.004 -161.284
v 2.107 6.004 -166.446
v 4.185 6.004 -165.056
v 0.733 6.004 -159.894
f 1992 1991 1990 1989
f 1985 1986 1990 1989
f 1986 1987 1991 1990
f 1987 1988 1992 1991
f 1988 1985 1989 1992
v -7.782 2.292 -159.930
v -3.740 2.292 -165.020
v 0.982 2.292 -161.270
v -3.060 2.292 -156.180
v -7.782 6.192 -159.930
v -3.740 6.192 -165.020
v 0.982 6.192 -161.270
v -3.060 6.192 -156.180
f 2000 1999 1998 1997
f 1993 1994 1998 1997
f 1994 1995 1999 1998
f 1995 1996 2000 1999
f 1996 1993 1997 2000
v -16.087 2.311 -154.427
v -11.033 2.311 -151.287
v -13.613 2.311 -147.133
v -18.667 2.311 -150.273
v -16.087 6.211 -154.427
v -11.033 6.211 -151.287
v -13.613 6.211 -147.133
v -18.667 6.211 -150.273
f 2008 2007 2006 2005
f 2001 2002 2006 2005
f 2002 2003 2007 2006
f 2003 2004 2008 2007
f 2004 2001 2005 2008
v -14.626 2.256 -153.825
v -10.839 2.256 -159.534
v -7.614 2.256 -157.395
v -11.401 2.256 -151.686
v -14.626 6.156 -153.825
v -10.839 6.156 -159.534
v -7.614 6.156 -157.395
v -11.401 6.156 -151.686
f 2016 2015 2014 2013
f 2009 2010 2014 2013
f 2010 2011 2015 2014
f 2011 2012 2016 2015
f 2012 2009 2013 2016
v -184.692 1.349 250.924
v -176.176 1.349 241.314
v -169.448 1.349 247.276
v -177.964 1.349 256.886
v -184.692 5.249 250.924
v -176.176 5.249 241.314
v -169.448 5.249 247.276
v -177.964 5.249 256.886
f 2024 2023 2022 2021
f 2017 2018 2022 2021
f 2018 2019 2023 2022
f 2019 2020 2024 2023
f 2020 2017 2021 2024
v -171.054 1.370 251.490
v -158.735 1.370 229.805
v -145.206 1.370 237.490
v -157.525 1.370 259.175
v -171.054 5.270 251.490
v -158.735 5.270 229.805
v -145.206 5.270 237.490
v -157.525 5.270 259.175
f 2032 2031 2030 2029
f 2025 2026 2030 2029
f 2026 2027 2031 2030
f 2027 2028 2032 2031
f 2028 2025 2029 2032
v -177.737 1.405 250.271
v -169.259 1.405 237.200
v -163.663 1.405 240.829
v -172.141 1.405 253.900
v -177.737 5.305 250.271
v -169.259 5.305 237.200
v -163.663 5.305 240.829
v -172.141 5.305 253.900
f 2040 2039 2038 2037
f 2033 2034 2038 2037
f 2034 2035 2039 2038
f 2035 2036 2040 2039
f 2036 2033 2037 2040
v -205.579 1.243 216.366
v -194.849 1.243 223.811
v -198.321 1.243 228.814
v -209.051 1.243 221.369
v -205.579 5.143 216.366
v -194.849 5.143 223.811
v -198.321 5.143 228.814
v -209.051 5.143 221.369
f 2048 2047 2046 2045
f 2041 2042 2046 2045
f 2042 2043 2047 2046
f 2043 2044 2048 2047
f 2044 2041 2045 2048
v -181.569 1.375 212.841
v -163.711 1.375 225.569
v -169.591 1.375 233.819
v -187.449 1.375 221.091
v -181.569 5.275 212.841
v -163.711 5.275 225.569
v -169.591 5.275 233.819
v -187.449 5.275 221.091
f 2056 2055 2054 2053
f 2049 2050 2054 2053
f 2050 2051 2055 2054
f 2051 2052 2056 2055
f 2052 2049 2053 2056
v -176.468 1.623 198.075
v -172.158 1.623 218.414
v -192.692 1.623 222.765
v -197.002 1.623 202.426
v -176.468 5.523 198.075
v -172.158 5.523 218.414
v -192.692 5.523 222.765
v -197.002 5.523 202.426
f 2064 2063 2062 2061
f 2057 2058 2062 2061
f 2058 2059 2063 2062
f 2059 2060 2064 2063
f 2060 2057 2061 2064
v -193.723 1.398 217.832
v -191.501 1.398 214.823
v -188.677 1.398 216.908
v -190.899 1.398 219.917
v -193.723 5.298 217.832
v -191.501 5.298 214.823
v -188.677 5.298 216.908
v -190.899 5.298 219.917
f 2072 2071 2070 2069
f 2065 2066 2070 2069
f 2066 2067 2071 2070
f 2067 2068 2072 2071
f 2068 2065 2069 2072
v -214.284 1.061 189.927
v -205.713 1.061 199.094
v -213.456 1.061 206.333
v -222.027 1.061 197.166
v -214.284 4.961 189.927
v -205.713 4.961 199.094
v -213.456 4.961 206.333
v -222.027 4.961 197.166
f 2080 2079 2078 2077
f 2073 2074 2078 2077
f 2074 2075 2079 2078
f 2075 2076 2080 2079
f 2076 2073 2077 2080
v -191.430 1.244 195.072
v -187.221 1.244 188.961
v -181.810 1.244 192.688
v -186.019 1.244 198.799
v -191.430 5.144 195.072
v -187.221 5.144 188.961
v -181.810 5.144 192.688
v -186.019 5.144 198.799
f 2088 2087 2086 2085
f 2081 2082 2086 2085
f 2082 2083 2087 2086
f 2083 2084 2088 2087
f 2084 2081 2085 2088
v -172.542 1.768 159.238
v -153.963 1.768 171.751
v -162.538 1.768 184.482
v -181.117 1.768 171.969
v -172.542 5.668 159.238
v -153.963 5.668 171.751
v -162.538 5.668 184.482
v -181.117 5.668 171.969
f 2096 2095 2094 2093
f 2089 2090 2094 2093
f 2090 2091 2095 2094
f 2091 2092 2096 2095
f 2092 2089 2093 2096
v -158.324 1.872 164.016
v -150.945 1.872 152.071
v -144.836 1.872 155.844
v -152.215 1.872 167.789
v -158.324 5.772 164.016
v -150.945 5.772 152.071
v -144.836 5.772 155.844
v -152.215 5.772 167.789
f 2104 2103 2102 2101
f 2097 2098 2102 2101
f 2098 2099 2103 2102
f 2099 2100 2104 2103
f 2100 2097 2101 2104
v -149.720 1.978 157.663
v -141.919 1.978 146.316
v -135.400 1.978 150.797
v -143.201 1.978 162.144
v -149.720 5.878 157.663
v -141.919 5.878 146.316
v -135.400 5.878 150.797
v -143.201 5.878 162.144
f 2112 2111 2110 2109
f 2105 2106 2110 2109
f 2106 2107 2111 2110
f 2107 2108 2112 2111
f 2108 2105 2109 2112
v -139.448 2.105 148.653
v -134.180 2.105 141.049
v -128.812 2.105 144.767
v -134.080 2.105 152.371
v -139.448 6.005 148.653
v -134.180 6.005 141.049
v -128.812 6.005 144.767
v -134.080 6.005 152.371
f 2120 2119 2118 2117
f 2113 2114 2118 2117
f 2114 2115 2119 2118
f 2115 2116 2120 2119
f 2116 2113 2117 2120
v -140.931 1.904 165.092
v -137.371 1.904 159.416
v -132.729 1.904 162.328
v -136.289 1.904 168.004
v -140.931 5.804 165.092
v -137.371 5.804 159.416
v -132.729 5.804 162.328
v -136.289 5.804 168.004
f 2128 2127 2126 2125
f 2121 2122 2126 2125
f 2122 2123 2127 2126
f 2123 2124 2128 2127
f 2124 2121 2125 2128
v -131.846 2.089 152.992
v -123.058 2.089 158.739
v -127.054 2.089 164.848
v -135.842 2.089 159.101
v -131.846 5.989 152.992
v -123.058 5.989 158.739
v -127.054 5.989 164.848
v -135.842 5.989 159.101
f 2136 2135 2134 2133
f 2129 2130 2134 2133
f 2130 2131 2135 2134
f 2131 2132 2136 2135
f 2132 2129 2133 2136
v -160.882 1.610 183.121
v -153.496 1.610 188.229
v -156.698 1.610 192.859
v -164.084 1.610 187.751
v -160.882 5.510 183.121
v -153.496 5.510 188.229
v -156.698 5.510 192.859
v -164.084 5.510 187.751
f 2144 2143 2142 2141
f 2137 2138 2142 2141
f 2138 2139 2143 2142
f 2139 2140 2144 2143
f 2140 2137 2141 2144
v -153.153 1.868 177.973
v -145.467 1.868 182.863
v -148.307 1.868 187.327
v -155.993 1.868 182.437
v -153.153 5.768 177.973
v -145.467 5.768 182.863
v -148.307 5.768 187.327
v -155.993 5.768 182.437
f 2152 2151 2150 2149
f 2145 2146 2150 2149
f 2146 2147 2151 2150
f 2147 2148 2152 2151
f 2148 2145 2149 2152
v -156.722 1.616 189.895
v -149.199 1.616 194.706
v -152.178 1.616 199.365
v -159.701 1.616 194.554
v -156.722 5.516 189.895
v -149.199 5.516 194.706
v -152.178 5.516 199.365
v -159.701 5.516 194.554
f 2160 2159 2158 2157
f 2153 2154 2158 2157
f 2154 2155 2159 2158
f 2155 2156 2160 2159
f 2156 2153 2157 2160
v -148.606 1.649 183.958
v -139.724 1.649 189.558
v -142.614 1.649 194.142
v -151.496 1.649 188.542
v -148.606 5.549 183.958
v -139.724 5.549 189.558
v -142.614 5.549 194.142
v -151.496 5.549 188.542
f 2168 2167 2166 2165
f 2161 2162 2166 2165
f 2162 2163 2167 2166
f 2163 2164 2168 2167
f 2164 2161 2165 2168
v -149.703 0.485 190.261
v -130.954 0.485 201.520
v -135.397 0.485 208.919
v -154.146 0.485 197.660
v -149.703 4.385 190.261
v -130.954 4.385 201.520
v -135.397 4.385 208.919
v -154.146 4.385 197.660
f 2176 2175 2174 2173
f 2169 2170 2174 2173
f 2170 2171 2175 2174
f 2171 2172 2176 2175
f 2172 2169 2173 2176
v -143.561 1.630 197.645
v -126.042 1.630 210.057
v -130.759 1.630 216.715
v -148.278 1.630 204.303
v -143.561 5.530 197.645
v -126.042 5.530 210.057
v -130.759 5.530 216.715
v -148.278 5.530 204.303
f 2184 2183 2182 2181
f 2177 2178 2182 2181
f 2178 2179 2183 2182
f 2179 2180 2184 2183
f 2180 2177 2181 2184
v -151.963 1.514 208.472
v -147.553 1.514 206.906
v -145.997 1.514 211.288
v -150.407 1.514 212.854
v -151.963 5.414 208.472
v -147.553 5.414 206.906
v -145.997 5.414 211.288
v -150.407 5.414 212.854
f 2192 2191 2190 2189
f 2185 2186 2190 2189
f 2186 2187 2191 2190
f 2187 2188 2192 2191
f 2188 2185 2189 2192
v -130.897 2.037 196.283
v -127.837 2.037 191.822
v -124.143 2.037 194.357
v -127.203 2.037 198.818
v -130.897 5.937 196.283
v -127.837 5.937 191.822
v -124.143 5.937 194.357
v -127.203 5.937 198.818
f 2200 2199 2198 2197
f 2193 2194 2198 2197
f 2194 2195 2199 2198
f 2195 2196 2200 2199
f 2196 2193 2197 2200
v -145.631 1.904 222.240
v -130.350 1.904 211.324
v -120.509 1.904 225.100
v -135.790 1.904 236.016
v -145.631 5.804 222.240
v -130.350 5.804 211.324
v -120.509 5.804 225.100
v -135.790 5.804 236.016
f 2208 2207 2206 2205
f 2201 2202 2206 2205
f 2202 2203 2207 2206
f 2203 2204 2208 2207
f 2204 2201 2205 2208
v -109.200 1.847 229.570
v -103.779 1.847 232.760
v -106.680 1.847 237.690
v -112.101 1.847 234.500
v -109.200 5.747 229.570
v -103.779 5.747 232.760
v -106.680 5.747 237.690
v -112.101 5.747 234.500
f 2216 2215 2214 2213
f 2209 2210 2214 2213
f 2210 2211 2215 2214
f 2211 2212 2216 2215
f 2212 2209 2213 2216
v -99.805 1.832 246.185
v -95.272 1.832 234.837
v -87.815 1.832 237.815
v -92.348 1.832 249.163
v -99.805 5.732 246.185
v -95.272 5.732 234.837
v -87.815 5.732 237.815
v -92.348 5.732 249.163
f 2224 2223 2222 2221
f 2217 2218 2222 2221
f 2218 2219 2223 2222
f 2219 2220 2224 2223
f 2220 2217 2221 2224
v -94.879 1.892 240.353
v -86.857 1.892 229.972
v -82.101 1.892 233.647
v -90.123 1.892 244.028
v -94.879 5.792 240.353
v -86.857 5.792 229.972
v -82.101 5.792 233.647
v -90.123 5.792 244.028
f 2232 2231 2230 2229
f 2225 2226 2230 2229
f 2226 2227 2231 2230
f 2227 2228 2232 2231
f 2228 2225 2229 2232
v -84.994 1.893 236.421
v -80.976 1.893 230.458
v -76.166 1.893 233.699
v -80.184 1.893 239.662
v -84.994 5.793 236.421
v -80.976 5.793 230.458
v -76.166 5.793 233.699
v -80.184 5.793 239.662
f 2240 2239 2238 2237
f 2233 2234 2238 2237
f 2234 2235 2239 2238
f 2235 2236 2240 2239
f 2236 2233 2237 2240
v -108.687 1.632 229.261
v -102.685 1.632 215.557
v -92.133 1.632 220.179
v -98.135 1.632 233.883
v -108.687 5.532 229.261
v -102.685 5.532 215.557
v -92.133 5.532 220.179
v -98.135 5.532 233.883
f 2248 2247 2246 2245
f 2241 2242 2246 2245
f 2242 2243 2247 2246
f 2243 2244 2248 2247
f 2244 2241 2245 2248
v -90.474 2.025 218.075
v -83.973 2.025 210.346
v -78.386 2.025 215.045
v -84.887 2.025 222.774
v -90.474 5.925 218.075
v -83.973 5.925 210.346
v -78.386 5.925 215.045
v -84.887 5.925 222.774
f 2256 2255 2254 2253
f 2249 2250 2254 2253
f 2250 2251 2255 2254
f 2251 2252 2256 2255
f 2252 2249 2253 2256
v -108.852 2.048 210.178
v -100.893 2.048 217.073
v -104.488 2.048 221.222
v -112.447 2.048 214.327
v -108.852 5.948 210.178
v -100.893 5.948 217.073
v -104.488 5.948 221.222
v -112.447 5.948 214.327
f 2264 2263 2262 2261
f 2257 2258 2262 2261
f 2258 2259 2263 2262
f 2259 2260 2264 2263
f 2260 2257 2261 2264
v -99.183 2.140 198.938
v -86.991 2.140 208.510
v -92.277 2.140 215.242
v -104.469 2.140 205.670
v -99.183 6.040 198.938
v -86.991 6.040 208.510
v -92.277 6.040 215.242
v -104.469 6.040 205.670
f 2272 2271 2270 2269
f 2265 2266 2270 2269
f 2266 2267 2271 2270
f 2267 2268 2272 2271
f 2268 2265 2269 2272
v -108.206 2.069 192.463
v -93.927 2.069 201.559
v -96.474 2.069 205.557
v -110.753 2.069 196.461
v -108.206 5.969 192.463
v -93.927 5.969 201.559
v -96.474 5.969 205.557
v -110.753 5.969 196.461
f 2280 2279 2278 2277
f 2273 2274 2278 2277
f 2274 2275 2279 2278
f 2275 2276 2280 2279
f 2276 2273 2277 2280
v -114.089 2.021 187.544
v -99.047 2.021 197.701
v -102.691 2.021 203.096
v -117.733 2.021 192.939
v -114.089 5.921 187.544
v -99.047 5.921 197.701
v -102.691 5.921 203.096
v -117.733 5.921 192.939
f 2288 2287 2286 2285
f 2281 2282 2286 2285
f 2282 2283 2287 2286
f 2283 2284 2288 2287
f 2284 2281 2285 2288
v -118.847 1.916 179.996
v -104.035 1.916 190.153
v -107.773 1.916 195.604
v -122.585 1.916 185.447
v -118.847 5.816 179.996
v -104.035 5.816 190.153
v -107.773 5.816 195.604
v -122.585 5.816 185.447
f 2296 2295 2294 2293
f 2289 2290 2294 2293
f 2290 2291 2295 2294
f 2291 2292 2296 2295
f 2292 2289 2293 2296
v -127.656 2.050 172.922
v -109.179 2.050 185.047
v -112.624 2.050 190.298
v -131.101 2.050 178.173
v -127.656 5.950 172.922
v -109.179 5.950 185.047
v -112.624 5.950 190.298
v -131.101 5.950 178.173
f 2304 2303 2302 2301
f 2297 2298 2302 2301
f 2298 2299 2303 2302
f 2299 2300 2304 2303
f 2300 2297 2301 2304
v -130.372 1.980 168.903
v -116.460 1.980 178.356
v -119.708 1.980 183.137
v -133.620 1.980 173.684
v -130.372 5.880 168.903
v -116.460 5.880 178.356
v -119.708 5.880 183.137
v -133.620 5.880 173.684
f 2312 2311 2310 2309
f 2305 2306 2310 2309
f 2306 2307 2311 2310
f 2307 2308 2312 2311
f 2308 2305 2309 2312
v -131.590 2.040 160.850
v -119.333 2.040 169.145
v -123.330 2.040 175.050
v -135.587 2.040 166.755
v -131.590 5.940 160.850
v -119.333 5.940 169.145
v -123.330 5.940 175.050
v -135.587 5.940 166.755
f 2320 2319 2318 2317
f 2313 2314 2318 2317
f 2314 2315 2319 2318
f 2315 2316 2320 2319
f 2316 2313 2317 2320
v -61.753 1.863 215.606
v -55.378 1.863 205.582
v -49.007 1.863 209.634
v -55.382 1.863 219.658
v -61.753 5.763 215.606
v -55.378 5.763 205.582
v -49.007 5.763 209.634
v -55.382 5.763 219.658
f 2328 2327 2326 2325
f 2321 2322 2326 2325
f 2322 2323 2327 2326
f 2323 2324 2328 2327
f 2324 2321 2325 2328
v -69.721 2.114 196.628
v -54.175 2.114 206.730
v -57.439 2.114 211.752
v -72.985 2.114 201.650
v -69.721 6.014 196.628
v -54.175 6.014 206.730
v -57.439 6.014 211.752
v -72.985 6.014 201.650
f 2336 2335 2334 2333
f 2329 2330 2334 2333
f 2330 2331 2335 2334
f 2331 2332 2336 2335
f 2332 2329 2333 2336
v -74.365 2.092 187.904
v -56.559 2.092 199.093
v -60.055 2.092 204.656
v -77.861 2.092 193.467
v -74.365 5.992 187.904
v -56.559 5.992 199.093
v -60.055 5.992 204.656
v -77.861 5.992 193.467
f 2344 2343 2342 2341
f 2337 2338 2342 2341
f 2338 2339 2343 2342
f 2339 2340 2344 2343
f 2340 2337 2341 2344
v -75.092 2.034 178.671
v -58.582 2.034 190.466
v -62.628 2.034 196.129
v -79.138 2.034 184.334
v -75.092 5.934 178.671
v -58.582 5.934 190.466
v -62.628 5.934 196.129
v -79.138 5.934 184.334
f 2352 2351 2350 2349
f 2345 2346 2350 2349
f 2346 2347 2351 2350
f 2347 2348 2352 2351
f 2348 2345 2349 2352
v -82.791 1.999 177.968
v -70.278 1.999 185.908
v -73.949 1.999 191.692
v -86.462 1.999 183.752
v -82.791 5.899 177.968
v -70.278 5.899 185.908
v -73.949 5.899 191.692
v -86.462 5.899 183.752
f 2360 2359 2358 2357
f 2353 2354 2358 2357
f 2354 2355 2359 2358
f 2355 2356 2360 2359
f 2356 2353 2357 2360
v -87.254 2.121 170.733
v -74.364 2.121 179.214
v -77.926 2.121 184.627
v -90.816 2.121 176.146
v -87.254 6.021 170.733
v -74.364 6.021 179.214
v -77.926 6.021 184.627
v -90.816 6.021 176.146
f 2368 2367 2366 2365
f 2361 2362 2366 2365
f 2362 2363 2367 2366
f 2363 2364 2368 2367
f 2364 2361 2365 2368
v -92.140 2.159 160.595
v -74.428 2.159 171.989
v -78.080 2.159 177.665
v -95.792 2.159 166.271
v -92.140 6.059 160.595
v -74.428 6.059 171.989
v -78.080 6.059 177.665
v -95.792 6.059 166.271
f 2376 2375 2374 2373
f 2369 2370 2374 2373
f 2370 2371 2375 2374
f 2371 2372 2376 2375
f 2372 2369 2373 2376
v -97.215 2.159 152.895
v -77.715 2.159 165.648
v -81.585 2.159 171.565
v -101.085 2.159 158.812
v -97.215 6.059 152.895
v -77.715 6.059 165.648
v -81.585 6.059 171.565
v -101.085 6.059 158.812
f 2384 2383 2382 2381
f 2377 2378 2382 2381
f 2378 2379 2383 2382
f 2379 2380 2384 2383
f 2380 2377 2381 2384
v -99.984 2.242 147.636
v -86.995 2.242 157.583
v -93.276 2.242 165.784
v -106.265 2.242 155.837
v -99.984 6.142 147.636
v -86.995 6.142 157.583
v -93.276 6.142 165.784
v -106.265 6.142 155.837
f 2392 2391 2390 2389
f 2385 2386 2390 2389
f 2386 2387 2391 2390
f 2387 2388 2392 2391
f 2388 2385 2389 2392
v -103.541 2.213 134.606
v -89.807 2.213 150.546
v -100.239 2.213 159.534
v -113.973 2.213 143.594
v -103.541 6.113 134.606
v -89.807 6.113 150.546
v -100.239 6.113 159.534
v -113.973 6.113 143.594
f 2400 2399 2398 2397
f 2393 2394 2398 2397
f 2394 2395 2399 2398
f 2395 2396 2400 2399
f 2396 2393 2397 2400
v -116.870 2.466 123.318
v -101.855 2.466 132.953
v -107.790 2.466 142.202
v -122.805 2.466 132.567
v -116.870 6.366 123.318
v -101.855 6.366 132.953
v -107.790 6.366 142.202
v -122.805 6.366 132.567
f 2408 2407 2406 2405
f 2401 2402 2406 2405
f 2402 2403 2407 2406
f 2403 2404 2408 2407
f 2404 2401 2405 2408
v -101.067 2.372 125.225
v -93.020 2.372 112.637
v -87.173 2.372 116.375
v -95.220 2.372 128.963
v -101.067 6.272 125.225
v -93.020 6.272 112.637
v -87.173 6.272 116.375
v -95.220 6.272 128.963
f 2416 2415 2414 2413
f 2409 2410 2414 2413
f 2410 2411 2415 2414
f 2411 2412 2416 2415
f 2412 2409 2413 2416
v -94.236 2.309 120.608
v -85.856 2.309 108.047
v -79.884 2.309 112.032
v -88.264 2.309 124.593
v -94.236 6.209 120.608
v -85.856 6.209 108.047
v -79.884 6.209 112.032
v -88.264 6.209 124.593
f 2424 2423 2422 2421
f 2417 2418 2422 2421
f 2418 2419 2423 2422
f 2419 2420 2424 2423
f 2420 2417 2421 2424
v -76.753 2.088 109.098
v -67.315 2.088 114.826
v -72.727 2.088 123.742
v -82.165 2.088 118.014
v -76.753 5.988 109.098
v -67.315 5.988 114.826
v -72.727 5.988 123.742
v -82.165 5.988 118.014
f 2432 2431 2430 2429
f 2425 2426 2430 2429
f 2426 2427 2431 2430
f 2427 2428 2432 2431
f 2428 2425 2429 2432
v -74.969 2.068 140.032
v -70.778 2.068 134.325
v -65.491 2.068 138.208
v -69.682 2.068 143.915
v -74.969 5.968 140.032
v -70.778 5.968 134.325
v -65.491 5.968 138.208
v -69.682 5.968 143.915
f 2440 2439 2438 2437
f 2433 2434 2438 2437
f 2434 2435 2439 2438
f 2435 2436 2440 2439
f 2436 2433 2437 2440
v -58.676 1.864 134.288
v -49.689 1.864 140.473
v -53.844 1.864 146.512
v -62.831 1.864 140.327
v -58.676 5.764 134.288
v -49.689 5.764 140.473
v -53.844 5.764 146.512
v -62.831 5.764 140.327
f 2448 2447 2446 2445
f 2441 2442 2446 2445
f 2442 2443 2447 2446
f 2443 2444 2448 2447
f 2444 2441 2445 2448
v -54.460 1.855 142.694
v -46.418 1.855 148.330
v -50.900 1.855 154.726
v -58.942 1.855 149.090
v -54.460 5.755 142.694
v -46.418 5.755 148.330
v -50.900 5.755 154.726
v -58.942 5.755 149.090
f 2456 2455 2454 2453
f 2449 2450 2454 2453
f 2450 2451 2455 2454
f 2451 2452 2456 2455
f 2452 2449 2453 2456
v -48.004 1.895 149.749
v -40.421 1.895 154.870
v -43.096 1.895 158.831
v -50.679 1.895 153.710
v -48.004 5.795 149.749
v -40.421 5.795 154.870
v -43.096 5.795 158.831
v -50.679 5.795 153.710
f 2464 2463 2462 2461
f 2457 2458 2462 2461
f 2458 2459 2463 2462
f 2459 2460 2464 2463
f 2460 2457 2461 2464
v -51.169 1.924 157.599
v -35.111 1.924 168.143
v -40.271 1.924 176.001
v -56.329 1.924 165.457
v -51.169 5.824 157.599
v -35.111 5.824 168.143
v -40.271 5.824 176.001
v -56.329 5.824 165.457
f 2472 2471 2470 2469
f 2465 2466 2470 2469
f 2466 2467 2471 2470
f 2467 2468 2472 2471
f 2468 2465 2469 2472
v -63.675 2.075 160.681
v -56.548 2.075 165.012
v -59.165 2.075 169.319
v -66.292 2.075 164.988
v -63.675 5.975 160.681
v -56.548 5.975 165.012
v -59.165 5.975 169.319
v -66.292 5.975 164.988
f 2480 2479 2478 2477
f 2473 2474 2478 2477
f 2474 2475 2479 2478
f 2475 2476 2480 2479
f 2476 2473 2477 2480
v -63.534 2.026 172.941
v -59.339 2.026 167.139
v -54.526 2.026 170.619
v -58.721 2.026 176.421
v -63.534 5.926 172.941
v -59.339 5.926 167.139
v -54.526 5.926 170.619
v -58.721 5.926 176.421
f 2488 2487 2486 2485
f 2481 2482 2486 2485
f 2482 2483 2487 2486
f 2483 2484 2488 2487
f 2484 2481 2485 2488
v -38.680 1.882 170.093
v -26.899 1.882 176.928
v -31.400 1.882 184.687
v -43.181 1.882 177.852
v -38.680 5.782 170.093
v -26.899 5.782 176.928
v -31.400 5.782 184.687
v -43.181 5.782 177.852
f 2496 2495 2494 2493
f 2489 2490 2494 2493
f 2490 2491 2495 2494
f 2491 2492 2496 2495
f 2492 2489 2493 2496
v -37.032 2.088 183.632
v -13.066 2.088 199.960
v -20.048 2.088 210.208
v -44.014 2.088 193.880
v -37.032 5.988 183.632
v -13.066 5.988 199.960
v -20.048 5.988 210.208
v -44.014 5.988 193.880
f 2504 2503 2502 2501
f 2497 2498 2502 2501
f 2498 2499 2503 2502
f 2499 2500 2504 2503
f 2500 2497 2501 2504
v -81.771 2.126 49.092
v -67.489 2.126 58.201
v -74.049 2.126 68.488
v -88.331 2.126 59.379
v -81.771 6.026 49.092
v -67.489 6.026 58.201
v -74.049 6.026 68.488
v -88.331 6.026 59.379
f 2512 2511 2510 2509
f 2505 2506 2510 2509
f 2506 2507 2511 2510
f 2507 2508 2512 2511
f 2508 2505 2509 2512
v -95.665 2.292 50.762
v -89.902 2.292 42.407
v -82.115 2.292 47.778
v -87.878 2.292 56.133
v -95.665 6.192 50.762
v -89.902 6.192 42.407
v -82.115 6.192 47.778
v -87.878 6.192 56.133
f 2520 2519 2518 2517
f 2513 2514 2518 2517
f 2514 2515 2519 2518
f 2515 2516 2520 2519
f 2516 2513 2517 2520
v -87.888 2.222 44.884
v -80.863 2.222 35.615
v -72.312 2.222 42.096
v -79.337 2.222 51.365
v -87.888 6.122 44.884
v -80.863 6.122 35.615
v -72.312 6.122 42.096
v -79.337 6.122 51.365
f 2528 2527 2526 2525
f 2521 2522 2526 2525
f 2522 2523 2527 2526
f 2523 2524 2528 2527
f 2524 2521 2525 2528
v -94.708 2.296 24.924
v -88.628 2.296 28.799
v -90.832 2.296 32.256
v -96.912 2.296 28.381
v -94.708 6.196 24.924
v -88.628 6.196 28.799
v -90.832 6.196 32.256
v -96.912 6.196 28.381
f 2536 2535 2534 2533
f 2529 2530 2534 2533
f 2530 2531 2535 2534
f 2531 2532 2536 2535
f 2532 2529 2533 2536
v -107.489 2.504 0.594
v -93.351 2.504 9.500
v -99.251 2.504 18.866
v -113.389 2.504 9.960
v -107.489 6.404 0.594
v -93.351 6.404 9.500
v -99.251 6.404 18.866
v -113.389 6.404 9.960
f 2544 2543 2542 2541
f 2537 2538 2542 2541
f 2538 2539 2543 2542
f 2539 2540 2544 2543
f 2540 2537 2541 2544
v -128.157 2.715 -10.494
v -117.850 2.715 -4.176
v -121.043 2.715 1.034
v -131.350 2.715 -5.284
v -128.157 6.615 -10.494
v -117.850 6.615 -4.176
v -121.043 6.615 1.034
v -131.350 6.615 -5.284
f 2552 2551 2550 2549
f 2545 2546 2550 2549
f 2546 2547 2551 2550
f 2547 2548 2552 2551
f 2548 2545 2549 2552
v -76.140 1.967 -3.115
v -57.073 1.967 5.047
v -61.520 1.967 15.435
v -80.587 1.967 7.273
v -76.140 5.867 -3.115
v -57.073 5.867 5.047
v -61.520 5.867 15.435
v -80.587 5.867 7.273
f 2560 2559 2558 2557
f 2553 2554 2558 2557
f 2554 2555 2559 2558
f 2555 2556 2560 2559
f 2556 2553 2557 2560
v -72.793 1.990 -12.478
v -60.708 1.990 -3.662
v -66.967 1.990 4.918
v -79.052 1.990 -3.898
v -72.793 5.890 -12.478
v -60.708 5.890 -3.662
v -66.967 5.890 4.918
v -79.052 5.890 -3.898
f 2568 2567 2566 2565
f 2561 2562 2566 2565
f 2562 2563 2567 2566
f 2563 2564 2568 2567
f 2564 2561 2565 2568
v -97.291 1.841 -48.113
v -69.500 1.841 -59.357
v -60.149 1.841 -36.247
v -87.940 1.841 -25.003
v -97.291 5.741 -48.113
v -69.500 5.741 -59.357
v -60.149 5.741 -36.247
v -87.940 5.741 -25.003
f 2576 2575 2574 2573
f 2569 2570 2574 2573
f 2570 2571 2575 2574
f 2571 2572 2576 2575
f 2572 2569 2573 2576
v -72.925 1.854 -44.134
v -58.159 1.854 -66.018
v -50.375 1.854 -60.766
v -65.141 1.854 -38.882
v -72.925 5.754 -44.134
v -58.159 5.754 -66.018
v -50.375 5.754 -60.766
v -65.141 5.754 -38.882
f 2584 2583 2582 2581
f 2577 2578 2582 2581
f 2578 2579 2583 2582
f 2579 2580 2584 2583
f 2580 2577 2581 2584
v -39.691 1.943 -53.506
v -25.751 1.943 -44.622
v -31.109 1.943 -36.214
v -45.049 1.943 -45.098
v -39.691 5.843 -53.506
v -25.751 5.843 -44.622
v -31.109 5.843 -36.214
v -45.049 5.843 -45.098
f 2592 2591 2590 2589
f 2585 2586 2590 2589
f 2586 2587 2591 2590
f 2587 2588 2592 2591
f 2588 2585 2589 2592
v -51.031 2.271 -40.347
v -42.596 2.271 -34.559
v -47.349 2.271 -27.633
v -55.784 2.271 -33.421
v -51.031 6.171 -40.347
v -42.596 6.171 -34.559
v -47.349 6.171 -27.633
v -55.784 6.171 -33.421
f 2600 2599 2598 2597
f 2593 2594 2598 2597
f 2594 2595 2599 2598
f 2595 2596 2600 2599
f 2596 2593 2597 2600
v -16.057 1.750 -32.141
v -7.317 1.750 -34.371
v -5.103 1.750 -25.699
v -13.843 1.750 -23.469
v -16.057 5.650 -32.141
v -7.317 5.650 -34.371
v -5.103 5.650 -25.699
v -13.843 5.650 -23.469
f 2608 2607 2606 2605
f 2601 2602 2606 2605
f 2602 2603 2607 2606
f 2603 2604 2608 2607
f 2604 2601 2605 2608
v -10.698 1.741 -31.147
v 4.668 1.741 -20.437
v -1.942 1.741 -10.953
v -17.308 1.741 -21.663
v -10.698 5.641 -31.147
v 4.668 5.641 -20.437
v -1.942 5.641 -10.953
v -17.308 5.641 -21.663
f 2616 2615 2614 2613
f 2609 2610 2614 2613
f 2610 2611 2615 2614
f 2611 2612 2616 2615
f 2612 2609 2613 2616
v -63.188 1.853 -13.146
v -49.102 1.853 -23.831
v -40.352 1.853 -12.294
v -54.438 1.853 -1.609
v -63.188 5.753 -13.146
v -49.102 5.753 -23.831
v -40.352 5.753 -12.294
v -54.438 5.753 -1.609
f 2624 2623 2622 2621
f 2617 2618 2622 2621
f 2618 2619 2623 2622
f 2619 2620 2624 2623
f 2620 2617 2621 2624
v -48.311 1.691 -2.843
v -46.026 1.691 -6.985
v -43.329 1.691 -5.497
v -45.614 1.691 -1.355
v -48.311 5.591 -2.843
v -46.026 5.591 -6.985
v -43.329 5.591 -5.497
v -45.614 5.591 -1.355
f 2632 2631 2630 2629
f 2625 2626 2630 2629
f 2626 2627 2631 2630
f 2627 2628 2632 2631
f 2628 2625 2629 2632
v -37.114 1.554 -4.348
v -29.808 1.554 -15.113
v -22.526 1.554 -10.172
v -29.832 1.554 0.593
v -37.114 5.454 -4.348
v -29.808 5.454 -15.113
v -22.526 5.454 -10.172
v -29.832 5.454 0.593
f 2640 2639 2638 2637
f 2633 2634 2638 2637
f 2634 2635 2639 2638
f 2635 2636 2640 2639
f 2636 2633 2637 2640
v -40.818 1.544 -7.429
v -29.322 1.544 2.667
v -36.402 1.544 10.729
v -47.898 1.544 0.633
v -40.818 5.444 -7.429
v -29.322 5.444 2.667
v -36.402 5.444 10.729
v -47.898 5.444 0.633
f 2648 2647 2646 2645
f 2641 2642 2646 2645
f 2642 2643 2647 2646
f 2643 2644 2648 2647
f 2644 2641 2645 2648
v -15.041 1.606 33.421
v -7.539 1.606 22.816
v 2.021 1.606 29.579
v -5.481 1.606 40.184
v -15.041 5.506 33.421
v -7.539 5.506 22.816
v 2.021 5.506 29.579
v -5.481 5.506 40.184
f 2656 2655 2654 2653
f 2649 2650 2654 2653
f 2650 2651 2655 2654
f 2651 2652 2656 2655
f 2652 2649 2653 2656
v 37.469 1.535 -18.508
v 53.146 1.535 -8.516
v 47.191 1.535 0.828
v 31.514 1.535 -9.164
v 37.469 5.435 -18.508
v 53.146 5.435 -8.516
v 47.191 5.435 0.828
v 31.514 5.435 -9.164
f 2664 2663 2662 2661
f 2657 2658 2662 2661
f 2658 2659 2663 2662
f 2659 2660 2664 2663
f 2660 2657 2661 2664
v 25.846 1.868 -37.117
v 44.607 1.868 -24.357
v 39.714 1.868 -17.163
v 20.953 1.868 -29.923
v 25.846 5.768 -37.117
v 44.607 5.768 -24.357
v 39.714 5.768 -17.163
v 20.953 5.768 -29.923
f 2672 2671 2670 2669
f 2665 2666 2670 2669
f 2666 2667 2671 2670
f 2667 2668 2672 2671
f 2668 2665 2669 2672
v 31.818 1.606 -27.748
v 47.642 1.606 -17.214
v 42.622 1.606 -9.672
v 26.798 1.606 -20.206
v 31.818 5.506 -27.748
v 47.642 5.506 -17.214
v 42.622 5.506 -9.672
v 26.798 5.506 -20.206
f 2680 2679 2678 2677
f 2673 2674 2678 2677
f 2674 2675 2679 2678
f 2675 2676 2680 2679
f 2676 2673 2677 2680
v 36.918 1.892 -27.819
v 49.390 1.892 -43.645
v 55.462 1.892 -38.861
v 42.990 1.892 -23.035
v 36.918 5.792 -27.819
v 49.390 5.792 -43.645
v 55.462 5.792 -38.861
v 42.990 5.792 -23.035
f 2688 2687 2686 2685
f 2681 2682 2686 2685
f 2682 2683 2687 2686
f 2683 2684 2688 2687
f 2684 2681 2685 2688
v 46.482 1.551 -34.357
v 57.099 1.551 -50.222
v 62.418 1.551 -46.663
v 51.801 1.551 -30.798
v 46.482 5.451 -34.357
v 57.099 5.451 -50.222
v 62.418 5.451 -46.663
v 51.801 5.451 -30.798
f 2696 2695 2694 2693
f 2689 2690 2694 2693
f 2690 2691 2695 2694
f 2691 2692 2696 2695
f 2692 2689 2693 2696
v 53.325 1.266 -39.724
v 64.028 1.266 -55.203
v 70.575 1.266 -50.676
v 59.872 1.266 -35.197
v 53.325 5.166 -39.724
v 64.028 5.166 -55.203
v 70.575 5.166 -50.676
v 59.872 5.166 -35.197
f 2704 2703 2702 2701
f 2697 2698 2702 2701
f 2698 2699 2703 2702
f 2699 2700 2704 2703
f 2700 2697 2701 2704
v 62.132 1.476 -44.975
v 73.105 1.476 -60.338
v 78.248 1.476 -56.665
v 67.275 1.476 -41.302
v 62.132 5.376 -44.975
v 73.105 5.376 -60.338
v 78.248 5.376 -56.665
v 67.275 5.376 -41.302
f 2712 2711 2710 2709
f 2705 2706 2710 2709
f 2706 2707 2711 2710
f 2707 2708 2712 2711
f 2708 2705 2709 2712
v 68.499 1.605 -47.853
v 79.258 1.605 -63.877
v 83.741 1.605 -60.867
v 72.982 1.605 -44.843
v 68.499 5.505 -47.853
v 79.258 5.505 -63.877
v 83.741 5.505 -60.867
v 72.982 5.505 -44.843
f 2720 2719 2718 2717
f 2713 2714 2718 2717
f 2714 2715 2719 2718
f 2715 2716 2720 2719
f 2716 2713 2717 2720
v 83.297 1.929 -32.053
v 91.714 1.929 -44.469
v 96.763 1.929 -41.047
v 88.346 1.929 -28.631
v 83.297 5.829 -32.053
v 91.714 5.829 -44.469
v 96.763 5.829 -41.047
v 88.346 5.829 -28.631
f 2728 2727 2726 2725
f 2721 2722 2726 2725
f 2722 2723 2727 2726
f 2723 2724 2728 2727
f 2724 2721 2725 2728
v 15.338 1.493 -52.558
v 31.733 1.493 -41.545
v 27.902 1.493 -35.842
v 11.507 1.493 -46.855
v 15.338 5.393 -52.558
v 31.733 5.393 -41.545
v 27.902 5.393 -35.842
v 11.507 5.393 -46.855
f 2736 2735 2734 2733
f 2729 2730 2734 2733
f 2730 2731 2735 2734
f 2731 2732 2736 2735
f 2732 2729 2733 2736
v 30.046 1.388 -48.654
v 32.581 1.388 -52.552
v 35.574 1.388 -50.606
v 33.039 1.388 -46.708
v 30.046 5.288 -48.654
v 32.581 5.288 -52.552
v 35.574 5.288 -50.606
v 33.039 5.288 -46.708
f 2744 2743 2742 2741
f 2737 2738 2742 2741
f 2738 2739 2743 2742
f 2739 2740 2744 2743
f 2740 2737 2741 2744
v 10.776 1.755 -57.372
v 25.600 1.755 -47.810
v 22.244 1.755 -42.608
v 7.420 1.755 -52.170
v 10.776 5.655 -57.372
v 25.600 5.655 -47.810
v 22.244 5.655 -42.608
v 7.420 5.655 -52.170
f 2752 2751 2750 2749
f 2745 2746 2750 2749
f 2746 2747 2751 2750
f 2747 2748 2752 2751
f 2748 2745 2749 2752
v 7.415 1.872 -67.532
v 24.175 1.872 -58.454
v 19.265 1.872 -49.388
v 2.505 1.872 -58.466
v 7.415 5.772 -67.532
v 24.175 5.772 -58.454
v 19.265 5.772 -49.388
v 2.505 5.772 -58.466
f 2760 2759 2758 2757
f 2753 2754 2758 2757
f 2754 2755 2759 2758
f 2755 2756 2760 2759
f 2756 2753 2757 2760
v -1.168 1.757 -79.936
v 14.251 1.757 -70.456
v 9.128 1.757 -62.124
v -6.291 1.757 -71.604
v -1.168 5.657 -79.936
v 14.251 5.657 -70.456
v 9.128 5.657 -62.124
v -6.291 5.657 -71.604
f 2768 2767 2766 2765
f 2761 2762 2766 2765
f 2762 2763 2767 2766
f 2763 2764 2768 2767
f 2764 2761 2765 2768
v -7.251 1.965 -86.916
v 10.266 1.965 -75.607
v 6.611 1.965 -69.944
v -10.906 1.965 -81.253
v -7.251 5.865 -86.916
v 10.266 5.865 -75.607
v 6.611 5.865 -69.944
v -10.906 5.865 -81.253
f 2776 2775 2774 2773
f 2769 2770 2774 2773
f 2770 2771 2775 2774
f 2771 2772 2776 2775
f 2772 2769 2773 2776
v -11.871 2.189 -84.724
v -3.622 2.189 -79.322
v -6.049 2.189 -75.616
v -14.298 2.189 -81.018
v -11.871 6.089 -84.724
v -3.622 6.089 -79.322
v -6.049 6.089 -75.616
v -14.298 6.089 -81.018
f 2784 2783 2782 2781
f 2777 2778 2782 2781
f 2778 2779 2783 2782
f 2779 2780 2784 2783
f 2780 2777 2781 2784
v 9.078 2.050 -102.310
v 17.269 2.050 -95.118
v 11.502 2.050 -88.550
v 3.311 2.050 -95.742
v 9.078 5.950 -102.310
v 17.269 5.950 -95.118
v 11.502 5.950 -88.550
v 3.311 5.950 -95.742
f 2792 2791 2790 2789
f 2785 2786 2790 2789
f 2786 2787 2791 2790
f 2787 2788 2792 2791
f 2788 2785 2789 2792
v 16.303 1.776 -80.754
v 19.483 1.776 -85.363
v 22.117 1.776 -83.546
v 18.937 1.776 -78.937
v 16.303 5.676 -80.754
v 19.483 5.676 -85.363
v 22.117 5.676 -83.546
v 18.937 5.676 -78.937
f 2800 2799 2798 2797
f 2793 2794 2798 2797
f 2794 2795 2799 2798
f 2795 2796 2800 2799
f 2796 2793 2797 2800
v 36.837 1.139 -64.748
v 44.009 1.139 -76.221
v 50.903 1.139 -71.912
v 43.731 1.139 -60.439
v 36.837 5.039 -64.748
v 44.009 5.039 -76.221
v 50.903 5.039 -71.912
v 43.731 5.039 -60.439
f 2808 2807 2806 2805
f 2801 2802 2806 2805
f 2802 2803 2807 2806
f 2803 2804 2808 2807
f 2804 2801 2805 2808
v 45.183 1.256 -67.696
v 52.791 1.256 -81.028
v 58.897 1.256 -77.544
v 51.289 1.256 -64.212
v 45.183 5.156 -67.696
v 52.791 5.156 -81.028
v 58.897 5.156 -77.544
v 51.289 5.156 -64.212
f 2816 2815 2814 2813
f 2809 2810 2814 2813
f 2810 2811 2815 2814
f 2811 2812 2816 2815
f 2812 2809 2813 2816
v 50.703 1.680 -70.211
v 60.759 1.680 -87.221
v 65.717 1.680 -84.289
v 55.661 1.680 -67.279
v 50.703 5.580 -70.211
v 60.759 5.580 -87.221
v 65.717 5.580 -84.289
v 55.661 5.580 -67.279
f 2824 2823 2822 2821
f 2817 2818 2822 2821
f 2818 2819 2823 2822
f 2819 2820 2824 2823
f 2820 2817 2821 2824
v 62.341 2.017 -75.346
v 66.824 2.017 -82.474
v 72.199 2.017 -79.094
v 67.716 2.017 -71.966
v 62.341 5.917 -75.346
v 66.824 5.917 -82.474
v 72.199 5.917 -79.094
v 67.716 5.917 -71.966
f 2832 2831 2830 2829
f 2825 2826 2830 2829
f 2826 2827 2831 2830
f 2827 2828 2832 2831
f 2828 2825 2829 2832
v 91.162 2.733 -263.060
v 109.817 2.733 -254.729
v 104.418 2.733 -242.640
v 85.763 2.733 -250.971
v 91.162 6.633 -263.060
v 109.817 6.633 -254.729
v 104.418 6.633 -242.640
v 85.763 6.633 -250.971
f 2840 2839 2838 2837
f 2833 2834 2838 2837
f 2834 2835 2839 2838
f 2835 2836 2840 2839
f 2836 2833 2837 2840
v 104.561 2.452 -250.292
v 109.835 2.452 -246.667
v 108.159 2.452 -244.228
v 102.885 2.452 -247.853
v 104.561 6.352 -250.292
v 109.835 6.352 -246.667
v 108.159 6.352 -244.228
v 102.885 6.352 -247.853
f 2848 2847 2846 2845
f 2841 2842 2846 2845
f 2842 2843 2847 2846
f 2843 2844 2848 2847
f 2844 2841 2845 2848
v 232.952 3.370 189.208
v 241.994 3.370 194.911
v 237.188 3.370 202.532
v 228.146 3.370 196.829
v 232.952 7.270 189.208
v 241.994 7.270 194.911
v 237.188 7.270 202.532
v 228.146 7.270 196.829
f 2856 2855 2854 2853
f 2849 2850 2854 2853
f 2850 2851 2855 2854
f 2851 2852 2856 2855
f 2852 2849 2853 2856
v 237.592 3.266 193.884
v 244.712 3.266 184.462
v 250.288 3.266 188.676
v 243.168 3.266 198.098
v 237.592 7.166 193.884
v 244.712 7.166 184.462
v 250.288 7.166 188.676
v 243.168 7.166 198.098
f 2864 2863 2862 2861
f 2857 2858 2862 2861
f 2858 2859 2863 2862
f 2859 2860 2864 2863
f 2860 2857 2861 2864
v 247.308 3.367 191.985
v 254.137 3.367 182.547
v 259.152 3.367 186.175
v 252.323 3.367 195.613
v 247.308 7.267 191.985
v 254.137 7.267 182.547
v 259.152 7.267 186.175
v 252.323 7.267 195.613
f 2872 2871 2870 2869
f 2865 2866 2870 2869
f 2866 2867 2871 2870
f 2867 2868 2872 2871
f 2868 2865 2869 2872
v 184.467 2.989 201.185
v 191.339 2.989 188.678
v 197.413 2.989 192.015
v 190.541 2.989 204.522
v 184.467 6.889 201.185
v 191.339 6.889 188.678
v 197.413 6.889 192.015
v 190.541 6.889 204.522
f 2880 2879 2878 2877
f 2873 2874 2878 2877
f 2874 2875 2879 2878
f 2875 2876 2880 2879
f 2876 2873 2877 2880
v 185.953 1.927 191.980
v 194.036 1.927 180.464
v 199.987 1.927 184.640
v 191.904 1.927 196.156
v 185.953 5.827 191.980
v 194.036 5.827 180.464
v 199.987 5.827 184.640
v 191.904 5.827 196.156
f 2888 2887 2886 2885
f 2881 2882 2886 2885
f 2882 2883 2887 2886
f 2883 2884 2888 2887
f 2884 2881 2885 2888
v 196.090 2.851 191.357
v 204.528 2.851 181.746
v 210.630 2.851 187.103
v 202.192 2.851 196.714
v 196.090 6.751 191.357
v 204.528 6.751 181.746
v 210.630 6.751 187.103
v 202.192 6.751 196.714
f 2896 2895 2894 2893
f 2889 2890 2894 2893
f 2890 2891 2895 2894
f 2891 2892 2896 2895
f 2892 2889 2893 2896
v 198.058 3.102 168.719
v 220.948 3.102 164.816
v 224.322 3.102 184.601
v 201.432 3.102 188.504
v 198.058 7.002 168.719
v 220.948 7.002 164.816
v 224.322 7.002 184.601
v 201.432 7.002 188.504
f 2904 2903 2902 2901
f 2897 2898 2902 2901
f 2898 2899 2903 2902
f 2899 2900 2904 2903
f 2900 2897 2901 2904
v 170.751 2.898 168.079
v 184.395 2.898 181.244
v 175.869 2.898 190.081
v 162.225 2.898 176.916
v 170.751 6.798 168.079
v 184.395 6.798 181.244
v 175.869 6.798 190.081
v 162.225 6.798 176.916
f 2912 2911 2910 2909
f 2905 2906 2910 2909
f 2906 2907 2911 2910
f 2907 2908 2912 2911
f 2908 2905 2909 2912
v 162.795 2.719 165.296
v 175.442 2.719 174.834
v 170.245 2.719 181.724
v 157.598 2.719 172.186
v 162.795 6.619 165.296
v 175.442 6.619 174.834
v 170.245 6.619 181.724
v 157.598 6.619 172.186
f 2920 2919 2918 2917
f 2913 2914 2918 2917
f 2914 2915 2919 2918
f 2915 2916 2920 2919
f 2916 2913 2917 2920
v 157.459 2.714 157.365
v 171.700 2.714 167.259
v 167.381 2.714 173.475
v 153.140 2.714 163.581
v 157.459 6.614 157.365
v 171.700 6.614 167.259
v 167.381 6.614 173.475
v 153.140 6.614 163.581
f 2928 2927 2926 2925
f 2921 2922 2926 2925
f 2922 2923 2927 2926
f 2923 2924 2928 2927
f 2924 2921 2925 2928
v 152.472 2.708 152.677
v 163.882 2.708 160.278
v 159.868 2.708 166.303
v 148.458 2.708 158.702
v 152.472 6.608 152.677
v 163.882 6.608 160.278
v 159.868 6.608 166.303
v 148.458 6.608 158.702
f 2936 2935 2934 2933
f 2929 2930 2934 2933
f 2930 2931 2935 2934
f 2931 2932 2936 2935
f 2932 2929 2933 2936
v 148.309 2.453 143.215
v 162.468 2.453 153.447
v 157.671 2.453 160.085
v 143.512 2.453 149.853
v 148.309 6.353 143.215
v 162.468 6.353 153.447
v 157.671 6.353 160.085
v 143.512 6.353 149.853
f 2944 2943 2942 2941
f 2937 2938 2942 2941
f 2938 2939 2943 2942
f 2939 2940 2944 2943
f 2940 2937 2941 2944
v 143.062 2.496 138.727
v 154.183 2.496 146.058
v 150.298 2.496 151.953
v 139.177 2.496 144.622
v 143.062 6.396 138.727
v 154.183 6.396 146.058
v 150.298 6.396 151.953
v 139.177 6.396 144.622
f 2952 2951 2950 2949
f 2945 2946 2950 2949
f 2946 2947 2951 2950
f 2947 2948 2952 2951
f 2948 2945 2949 2952
v 138.310 2.234 127.956
v 155.320 2.234 138.962
v 151.230 2.234 145.284
v 134.220 2.234 134.278
v 138.310 6.134 127.956
v 155.320 6.134 138.962
v 151.230 6.134 145.284
v 134.220 6.134 134.278
f 2960 2959 2958 2957
f 2953 2954 2958 2957
f 2954 2955 2959 2958
f 2955 2956 2960 2959
f 2956 2953 2957 2960
v 132.535 2.021 120.735
v 149.588 2.021 132.662
v 145.725 2.021 138.185
v 128.672 2.021 126.258
v 132.535 5.921 120.735
v 149.588 5.921 132.662
v 145.725 5.921 138.185
v 128.672 5.921 126.258
f 2968 2967 2966 2965
f 2961 2962 2966 2965
f 2962 2963 2967 2966
f 2963 2964 2968 2967
f 2964 2961 2965 2968
v 131.030 1.653 117.795
v 140.157 1.653 102.969
v 148.110 1.653 107.865
v 138.983 1.653 122.691
v 131.030 5.553 117.795
v 140.157 5.553 102.969
v 148.110 5.553 107.865
v 138.983 5.553 122.691
f 2976 2975 2974 2973
f 2969 2970 2974 2973
f 2970 2971 2975 2974
f 2971 2972 2976 2975
f 2972 2969 2973 2976
v 142.976 2.147 113.650
v 148.059 2.147 105.589
v 154.564 2.147 109.690
v 149.481 2.147 117.751
v 142.976 6.047 113.650
v 148.059 6.047 105.589
v 154.564 6.047 109.690
v 149.481 6.047 117.751
f 2984 2983 2982 2981
f 2977 2978 2982 2981
f 2978 2979 2983 2982
f 2979 2980 2984 2983
f 2980 2977 2981 2984
v 146.497 2.010 105.437
v 152.696 2.010 96.326
v 157.483 2.010 99.583
v 151.284 2.010 108.694
v 146.497 5.910 105.437
v 152.696 5.910 96.326
v 157.483 5.910 99.583
v 151.284 5.910 108.694
f 2992 2991 2990 2989
f 2985 2986 2990 2989
f 2986 2987 2991 2990
f 2987 2988 2992 2991
f 2988 2985 2989 2992
v 150.530 2.123 85.267
v 173.919 2.123 85.094
v 174.090 2.123 108.353
v 150.701 2.123 108.526
v 150.530 6.023 85.267
v 173.919 6.023 85.094
v 174.090 6.023 108.353
v 150.701 6.023 108.526
f 3000 2999 2998 2997
f 2993 2994 2998 2997
f 2994 2995 2999 2998
f 2995 2996 3000 2999
f 2996 2993 2997 3000
v 161.302 2.370 104.710
v 172.360 2.370 111.937
v 168.678 2.370 117.570
v 157.620 2.370 110.343
v 161.302 6.270 104.710
v 172.360 6.270 111.937
v 168.678 6.270 117.570
v 157.620 6.270 110.343
f 3008 3007 3006 3005
f 3001 3002 3006 3005
f 3002 3003 3007 3006
f 3003 3004 3008 3007
f 3004 3001 3005 3008
v 163.410 2.500 111.476
v 176.383 2.500 119.792
v 172.670 2.500 125.584
v 159.697 2.500 117.268
v 163.410 6.400 111.476
v 176.383 6.400 119.792
v 172.670 6.400 125.584
v 159.697 6.400 117.268
f 3016 3015 3014 3013
f 3009 3010 3014 3013
f 3010 3011 3015 3014
f 3011 3012 3016 3015
f 3012 3009 3013 3016
v 168.136 2.571 118.592
v 181.610 2.571 126.434
v 178.064 2.571 132.528
v 164.590 2.571 124.686
v 168.136 6.471 118.592
v 181.610 6.471 126.434
v 178.064 6.471 132.528
v 164.590 6.471 124.686
f 3024 3023 3022 3021
f 3017 3018 3022 3021
f 3018 3019 3023 3022
f 3019 3020 3024 3023
f 3020 3017 3021 3024
v 180.587 2.807 123.761
v 194.619 2.807 132.153
v 190.513 2.807 139.019
v 176.481 2.807 130.627
v 180.587 6.707 123.761
v 194.619 6.707 132.153
v 190.513 6.707 139.019
v 176.481 6.707 130.627
f 3032 3031 3030 3029
f 3025 3026 3030 3029
f 3026 3027 3031 3030
f 3027 3028 3032 3031
f 3028 3025 3029 3032
v 187.726 3.011 136.284
v 202.517 3.011 144.165
v 196.554 3.011 155.356
v 181.763 3.011 147.475
v 187.726 6.911 136.284
v 202.517 6.911 144.165
v 196.554 6.911 155.356
v 181.763 6.911 147.475
f 3040 3039 3038 3037
f 3033 3034 3038 3037
f 3034 3035 3039 3038
f 3035 3036 3040 3039
f 3036 3033 3037 3040
v 224.124 2.733 169.971
v 233.134 2.733 156.592
v 238.476 2.733 160.189
v 229.466 2.733 173.568
v 224.124 6.633 169.971
v 233.134 6.633 156.592
v 238.476 6.633 160.189
v 229.466 6.633 173.568
f 3048 3047 3046 3045
f 3041 3042 3046 3045
f 3042 3043 3047 3046
f 3043 3044 3048 3047
f 3044 3041 3045 3048
v 209.232 3.014 127.985
v 220.571 3.014 134.585
v 215.268 3.014 143.695
v 203.929 3.014 137.095
v 209.232 6.914 127.985
v 220.571 6.914 134.585
v 215.268 6.914 143.695
v 203.929 6.914 137.095
f 3056 3055 3054 3053
f 3049 3050 3054 3053
f 3050 3051 3055 3054
f 3051 3052 3056 3055
f 3052 3049 3053 3056
v 197.429 3.130 111.605
v 214.620 3.130 110.066
v 215.991 3.130 125.375
v 198.800 3.130 126.914
v 197.429 7.030 111.605
v 214.620 7.030 110.066
v 215.991 7.030 125.375
v 198.800 7.030 126.914
f 3064 3063 3062 3061
f 3057 3058 3062 3061
f 3058 3059 3063 3062
f 3059 3060 3064 3063
f 3060 3057 3061 3064
v 192.589 2.779 101.073
v 201.715 2.779 107.803
v 198.231 2.779 112.527
v 189.105 2.779 105.797
v 192.589 6.679 101.073
v 201.715 6.679 107.803
v 198.231 6.679 112.527
v 189.105 6.679 105.797
f 3072 3071 3070 3069
f 3065 3066 3070 3069
f 3066 3067 3071 3070
f 3067 3068 3072 3071
f 3068 3065 3069 3072
v 183.581 2.881 87.880
v 197.428 2.881 96.498
v 194.179 2.881 101.720
v 180.332 2.881 93.102
v 183.581 6.781 87.880
v 197.428 6.781 96.498
v 194.179 6.781 101.720
v 180.332 6.781 93.102
f 3080 3079 3078 3077
f 3073 3074 3078 3077
f 3074 3075 3079 3078
f 3075 3076 3080 3079
f 3076 3073 3077 3080
v 240.104 2.828 -12.019
v 247.620 2.828 -21.038
v 256.616 2.828 -13.541
v 249.100 2.828 -4.522
v 240.104 6.728 -12.019
v 247.620 6.728 -21.038
v 256.616 6.728 -13.541
v 249.100 6.728 -4.522
f 3088 3087 3086 3085
f 3081 3082 3086 3085
f 3082 3083 3087 3086
f 3083 3084 3088 3087
f 3084 3081 3085 3088
v 237.528 2.807 -45.279
v 253.550 2.807 -32.587
v 244.832 2.807 -21.581
v 228.810 2.807 -34.273
v 237.528 6.707 -45.279
v 253.550 6.707 -32.587
v 244.832 6.707 -21.581
v 228.810 6.707 -34.273
f 3096 3095 3094 3093
f 3089 3090 3094 3093
f 3090 3091 3095 3094
f 3091 3092 3096 3095
f 3092 3089 3093 3096
v 220.513 2.355 -66.281
v 250.153 2.355 -45.031
v 243.907 2.355 -36.319
v 214.267 2.355 -57.569
v 220.513 6.255 -66.281
v 250.153 6.255 -45.031
v 243.907 6.255 -36.319
v 214.267 6.255 -57.569
f 3104 3103 3102 3101
f 3097 3098 3102 3101
f 3098 3099 3103 3102
f 3099 3100 3104 3103
f 3100 3097 3101 3104
v 178.915 2.634 -124.231
v 189.462 2.634 -117.264
v 184.485 2.634 -109.729
v 173.938 2.634 -116.696
v 178.915 6.534 -124.231
v 189.462 6.534 -117.264
v 184.485 6.534 -109.729
v 173.938 6.534 -116.696
f 3112 3111 3110 3109
f 3105 3106 3110 3109
f 3106 3107 3111 3110
f 3107 3108 3112 3111
f 3108 3105 3109 3112
v 211.669 1.892 -84.706
v 222.285 1.892 -100.860
v 231.971 1.892 -94.494
v 221.355 1.892 -78.340
v 211.669 5.792 -84.706
v 222.285 5.792 -100.860
v 231.971 5.792 -94.494
v 221.355 5.792 -78.340
f 3120 3119 3118 3117
f 3113 3114 3118 3117
f 3114 3115 3119 3118
f 3115 3116 3120 3119
f 3116 3113 3117 3120
v 227.941 2.120 -77.495
v 232.036 2.120 -83.695
v 237.259 2.120 -80.245
v 233.164 2.120 -74.045
v 227.941 6.020 -77.495
v 232.036 6.020 -83.695
v 237.259 6.020 -80.245
v 233.164 6.020 -74.045
f 3128 3127 3126 3125
f 3121 3122 3126 3125
f 3122 3123 3127 3126
f 3123 3124 3128 3127
f 3124 3121 3125 3128
v 218.581 1.778 -67.579
v 229.825 1.778 -60.722
v 226.019 1.778 -54.481
v 214.775 1.778 -61.338
v 218.581 5.678 -67.579
v 229.825 5.678 -60.722
v 226.019 5.678 -54.481
v 214.775 5.678 -61.338
f 3136 3135 3134 3133
f 3129 3130 3134 3133
f 3130 3131 3135 3134
f 3131 3132 3136 3135
f 3132 3129 3133 3136
v 228.272 1.723 -87.698
v 236.836 1.723 -100.509
v 246.928 1.723 -93.762
v 238.364 1.723 -80.951
v 228.272 5.623 -87.698
v 236.836 5.623 -100.509
v 246.928 5.623 -93.762
v 238.364 5.623 -80.951
f 3144 3143 3142 3141
f 3137 3138 3142 3141
f 3138 3139 3143 3142
f 3139 3140 3144 3143
f 3140 3137 3141 3144
v 247.823 2.090 -97.390
v 251.289 2.090 -102.699
v 253.877 2.090 -101.010
v 250.411 2.090 -95.701
v 247.823 5.990 -97.390
v 251.289 5.990 -102.699
v 253.877 5.990 -101.010
v 250.411 5.990 -95.701
f 3152 3151 3150 3149
f 3145 3146 3150 3149
f 3146 3147 3151 3150
f 3147 3148 3152 3151
f 3148 3145 3149 3152
v 131.006 2.664 186.625
v 146.641 2.664 196.993
v 143.894 2.664 201.135
v 128.259 2.664 190.767
v 131.006 6.564 186.625
v 146.641 6.564 196.993
v 143.894 6.564 201.135
v 128.259 6.564 190.767
f 3160 3159 3158 3157
f 3153 3154 3158 3157
f 3154 3155 3159 3158
f 3155 3156 3160 3159
f 3156 3153 3157 3160
v 134.022 2.626 181.486
v 143.261 2.626 188.697
v 139.938 2.626 192.954
v 130.699 2.626 185.743
v 134.022 6.526 181.486
v 143.261 6.526 188.697
v 139.938 6.526 192.954
v 130.699 6.526 185.743
f 3168 3167 3166 3165
f 3161 3162 3166 3165
f 3162 3163 3167 3166
f 3163 3164 3168 3167
f 3164 3161 3165 3168
v 129.402 2.430 175.960
v 139.674 2.430 183.171
v 136.538 2.430 187.640
v 126.266 2.430 180.429
v 129.402 6.330 175.960
v 139.674 6.330 183.171
v 136.538 6.330 187.640
v 126.266 6.330 180.429
f 3176 3175 3174 3173
f 3169 3170 3174 3173
f 3170 3171 3175 3174
f 3171 3172 3176 3175
f 3172 3169 3173 3176
v 112.085 2.627 172.819
v 132.115 2.627 186.327
v 128.855 2.627 191.161
v 108.825 2.627 177.653
v 112.085 6.527 172.819
v 132.115 6.527 186.327
v 128.855 6.527 191.161
v 108.825 6.527 177.653
f 3184 3183 3182 3181
f 3177 3178 3182 3181
f 3178 3179 3183 3182
f 3179 3180 3184 3183
f 3180 3177 3181 3184
v 117.681 2.597 193.330
v 124.041 2.597 184.112
v 131.779 2.597 189.450
v 125.419 2.597 198.668
v 117.681 6.497 193.330
v 124.041 6.497 184.112
v 131.779 6.497 189.450
v 125.419 6.497 198.668
f 3192 3191 3190 3189
f 3185 3186 3190 3189
f 3186 3187 3191 3190
f 3187 3188 3192 3191
f 3188 3185 3189 3192
v 101.298 2.477 209.561
v 110.143 2.477 215.456
v 106.982 2.477 220.199
v 98.137 2.477 214.304
v 101.298 6.377 209.561
v 110.143 6.377 215.456
v 106.982 6.377 220.199
v 98.137 6.377 214.304
f 3200 3199 3198 3197
f 3193 3194 3198 3197
f 3194 3195 3199 3198
f 3195 3196 3200 3199
f 3196 3193 3197 3200
v 96.494 2.457 202.045
v 110.163 2.457 211.517
v 107.406 2.457 215.495
v 93.737 2.457 206.023
v 96.494 6.357 202.045
v 110.163 6.357 211.517
v 107.406 6.357 215.495
v 93.737 6.357 206.023
f 3208 3207 3206 3205
f 3201 3202 3206 3205
f 3202 3203 3207 3206
f 3203 3204 3208 3207
f 3204 3201 3205 3208
v 93.374 2.511 198.053
v 105.646 2.511 207.072
v 102.886 2.511 210.827
v 90.614 2.511 201.808
v 93.374 6.411 198.053
v 105.646 6.411 207.072
v 102.886 6.411 210.827
v 90.614 6.411 201.808
f 3216 3215 3214 3213
f 3209 3210 3214 3213
f 3210 3211 3215 3214
f 3211 3212 3216 3215
f 3212 3209 3213 3216
v 97.987 2.597 184.996
v 108.770 2.597 192.238
v 103.473 2.597 200.124
v 92.690 2.597 192.882
v 97.987 6.497 184.996
v 108.770 6.497 192.238
v 103.473 6.497 200.124
v 92.690 6.497 192.882
f 3224 3223 3222 3221
f 3217 3218 3222 3221
f 3218 3219 3223 3222
f 3219 3220 3224 3223
f 3220 3217 3221 3224
v 84.453 2.615 190.582
v 93.126 2.615 196.394
v 89.947 2.615 201.138
v 81.274 2.615 195.326
v 84.453 6.515 190.582
v 93.126 6.515 196.394
v 89.947 6.515 201.138
v 81.274 6.515 195.326
f 3232 3231 3230 3229
f 3225 3226 3230 3229
f 3226 3227 3231 3230
f 3227 3228 3232 3231
f 3228 3225 3229 3232
v 117.768 2.501 166.241
v 130.573 2.501 174.688
v 127.412 2.501 179.479
v 114.607 2.501 171.032
v 117.768 6.401 166.241
v 130.573 6.401 174.688
v 127.412 6.401 179.479
v 114.607 6.401 171.032
f 3240 3239 3238 3237
f 3233 3234 3238 3237
f 3234 3235 3239 3238
f 3235 3236 3240 3239
f 3236 3233 3237 3240
v 114.698 2.503 161.138
v 125.814 2.503 168.312
v 122.762 2.503 173.042
v 111.646 2.503 165.868
v 114.698 6.403 161.138
v 125.814 6.403 168.312
v 122.762 6.403 173.042
v 111.646 6.403 165.868
f 3248 3247 3246 3245
f 3241 3242 3246 3245
f 3242 3243 3247 3246
f 3243 3244 3248 3247
f 3244 3241 3245 3248
v 113.566 2.208 151.293
v 125.150 2.208 158.665
v 120.554 2.208 165.887
v 108.970 2.208 158.515
v 113.566 6.108 151.293
v 125.150 6.108 158.665
v 120.554 6.108 165.887
v 108.970 6.108 158.515
f 3256 3255 3254 3253
f 3249 3250 3254 3253
f 3250 3251 3255 3254
f 3251 3252 3256 3255
f 3252 3249 3253 3256
v 87.276 2.070 165.360
v 91.717 2.070 168.433
v 89.304 2.070 171.920
v 84.863 2.070 168.847
v 87.276 5.970 165.360
v 91.717 5.970 168.433
v 89.304 5.970 171.920
v 84.863 5.970 168.847
f 3264 3263 3262 3261
f 3257 3258 3262 3261
f 3258 3259 3263 3262
f 3259 3260 3264 3263
f 3260 3257 3261 3264
v -272.099 1.054 257.556
v -236.453 1.054 215.711
v -215.801 1.054 233.304
v -251.447 1.054 275.149
v -272.099 6.854 257.556
v -236.453 6.854 215.711
v -215.801 6.854 233.304
v -251.447 6.854 275.149
f 3272 3271 3270 3269
f 3265 3266 3270 3269
f 3266 3267 3271 3270
f 3267 3268 3272 3271
f 3268 3265 3269 3272
v -107.055 2.515 12.132
v -88.978 2.515 21.566
v -93.905 2.515 31.008
v -111.982 2.515 21.574
v -107.055 6.415 12.132
v -88.978 6.415 21.566
v -93.905 6.415 31.008
v -111.982 6.415 21.574
f 3280 3279 3278 3277
f 3273 3274 3278 3277
f 3274 3275 3279 3278
f 3275 3276 3280 3279
f 3276 3273 3277 3280
v -67.347 1.898 7.926
v -51.837 1.898 19.463
v -57.513 1.898 27.094
v -73.023 1.898 15.557
v -67.347 5.798 7.926
v -51.837 5.798 19.463
v -57.513 5.798 27.094
v -73.023 5.798 15.557
f 3288 3287 3286 3285
f 3281 3282 3286 3285
f 3282 3283 3287 3286
f 3283 3284 3288 3287
f 3284 3281 3285 3288
v -41.640 1.961 -69.355
v -26.697 1.961 -62.870
v -30.960 1.961 -53.045
v -45.903 1.961 -59.530
v -41.640 5.861 -69.355
v -26.697 5.861 -62.870
v -30.960 5.861 -53.045
v -45.903 5.861 -59.530
f 3296 3295 3294 3293
f 3289 3290 3294 3293
f 3290 3291 3295 3294
f 3291 3292 3296 3295
f 3292 3289 3293 3296
v -39.893 1.775 -23.410
v -32.707 1.775 -18.417
v -36.867 1.775 -12.430
v -44.053 1.775 -17.423
v -39.893 5.675 -23.410
v -32.707 5.675 -18.417
v -36.867 5.675 -12.430
v -44.053 5.675 -17.423
f 3304 3303 3302 3301
f 3297 3298 3302 3301
f 3298 3299 3303 3302
f 3299 3300 3304 3303
f 3300 3297 3301 3304
v 6.644 1.647 10.783
v 22.879 1.647 1.323
v 31.896 1.647 16.797
v 15.661 1.647 26.257
v 6.644 5.547 10.783
v 22.879 5.547 1.323
v 31.896 5.547 16.797
v 15.661 5.547 26.257
f 3312 3311 3310 3309
f 3305 3306 3310 3309
f 3306 3307 3311 3310
f 3307 3308 3312 3311
f 3308 3305 3309 3312
v 4.515 1.612 -0.801
v 18.487 1.612 8.814
v 15.165 1.612 13.641
v 1.193 1.612 4.026
v 4.515 5.512 -0.801
v 18.487 5.512 8.814
v 15.165 5.512 13.641
v 1.193 5.512 4.026
f 3320 3319 3318 3317
f 3313 3314 3318 3317
f 3314 3315 3319 3318
f 3315 3316 3320 3319
f 3316 3313 3317 3320
v 3.243 1.580 -6.911
v 15.140 1.580 0.082
v 11.537 1.580 6.211
v -0.360 1.580 -0.782
v 3.243 5.480 -6.911
v 15.140 5.480 0.082
v 11.537 5.480 6.211
v -0.360 5.480 -0.782
f 3328 3327 3326 3325
f 3321 3322 3326 3325
f 3322 3323 3327 3326
f 3323 3324 3328 3327
f 3324 3321 3325 3328
v -69.934 2.215 61.634
v -55.005 2.215 71.974
v -61.206 2.215 80.926
v -76.135 2.215 70.586
v -69.934 6.115 61.634
v -55.005 6.115 71.974
v -61.206 6.115 80.926
v -76.135 6.115 70.586
f 3336 3335 3334 3333
f 3329 3330 3334 3333
f 3330 3331 3335 3334
f 3331 3332 3336 3335
f 3332 3329 3333 3336
v -95.846 2.277 27.214
v -81.791 2.277 36.309
v -86.474 2.277 43.546
v -100.529 2.277 34.451
v -95.846 6.177 27.214
v -81.791 6.177 36.309
v -86.474 6.177 43.546
v -100.529 6.177 34.451
f 3344 3343 3342 3341
f 3337 3338 3342 3341
f 3338 3339 3343 3342
f 3339 3340 3344 3343
f 3340 3337 3341 3344
v -77.937 2.027 9.920
v -65.560 2.027 17.683
v -68.143 2.027 21.800
v -80.520 2.027 14.037
v -77.937 5.927 9.920
v -65.560 5.927 17.683
v -68.143 5.927 21.800
v -80.520 5.927 14.037
f 3352 3351 3350 3349
f 3345 3346 3350 3349
f 3346 3347 3351 3350
f 3347 3348 3352 3351
f 3348 3345 3349 3352
v -60.848 1.535 24.439
v -45.294 1.535 35.069
v -48.652 1.535 39.981
v -64.206 1.535 29.351
v -60.848 5.435 24.439
v -45.294 5.435 35.069
v -48.652 5.435 39.981
v -64.206 5.435 29.351
f 3360 3359 3358 3357
f 3353 3354 3358 3357
f 3354 3355 3359 3358
f 3355 3356 3360 3359
f 3356 3353 3357 3360
v -124.119 2.584 -16.749
v -112.038 2.584 -35.015
v -100.661 2.584 -27.491
v -112.742 2.584 -9.225
v -124.119 6.484 -16.749
v -112.038 6.484 -35.015
v -100.661 6.484 -27.491
v -112.742 6.484 -9.225
f 3368 3367 3366 3365
f 3361 3362 3366 3365
f 3362 3363 3367 3366
f 3363 3364 3368 3367
f 3364 3361 3365 3368
v -63.815 2.161 -62.613
v -59.505 2.161 -69.269
v -55.425 2.161 -66.627
v -59.735 2.161 -59.971
v -63.815 6.061 -62.613
v -59.505 6.061 -69.269
v -55.425 6.061 -66.627
v -59.735 6.061 -59.971
f 3376 3375 3374 3373
f 3369 3370 3374 3373
f 3370 3371 3375 3374
f 3371 3372 3376 3375
f 3372 3369 3373 3376
v -60.766 2.142 -63.236
v -51.746 2.142 -76.403
v -45.674 2.142 -72.244
v -54.694 2.142 -59.077
v -60.766 6.042 -63.236
v -51.746 6.042 -76.403
v -45.674 6.042 -72.244
v -54.694 6.042 -59.077
f 3384 3383 3382 3381
f 3377 3378 3382 3381
f 3378 3379 3383 3382
f 3379 3380 3384 3383
f 3380 3377 3381 3384
v -21.911 1.996 -43.783
v -12.621 1.996 -37.089
v -18.409 1.996 -29.057
v -27.699 1.996 -35.751
v -21.911 5.896 -43.783
v -12.621 5.896 -37.089
v -18.409 5.896 -29.057
v -27.699 5.896 -35.751
f 3392 3391 3390 3389
f 3385 3386 3390 3389
f 3386 3387 3391 3390
f 3387 3388 3392 3391
f 3388 3385 3389 3392
v -37.492 2.037 -23.475
v -29.063 2.037 -37.926
v -19.768 2.037 -32.505
v -28.197 2.037 -18.054
v -37.492 5.937 -23.475
v -29.063 5.937 -37.926
v -19.768 5.937 -32.505
v -28.197 5.937 -18.054
f 3400 3399 3398 3397
f 3393 3394 3398 3397
f 3394 3395 3399 3398
f 3395 3396 3400 3399
f 3396 3393 3397 3400
v -110.383 3.106 -251.421
v -103.514 3.106 -260.368
v -96.677 3.106 -255.119
v -103.546 3.106 -246.172
v -110.383 7.006 -251.421
v -103.514 7.006 -260.368
v -96.677 7.006 -255.119
v -103.546 7.006 -246.172
f 3408 3407 3406 3405
f 3401 3402 3406 3405
f 3402 3403 3407 3406
f 3403 3404 3408 3407
f 3404 3401 3405 3408
v 94.320 1.604 71.087
v 110.379 1.604 80.804
v 107.760 1.604 85.133
v 91.701 1.604 75.416
v 94.320 5.504 71.087
v 110.379 5.504 80.804
v 107.760 5.504 85.133
v 91.701 5.504 75.416
f 3416 3415 3414 3413
f 3409 3410 3414 3413
f 3410 3411 3415 3414
f 3411 3412 3416 3415
f 3412 3409 3413 3416
v 36.638 1.598 50.157
v 56.484 1.598 62.269
v 50.982 1.598 71.283
v 31.136 1.598 59.171
v 36.638 5.498 50.157
v 56.484 5.498 62.269
v 50.982 5.498 71.283
v 31.136 5.498 59.171
f 3424 3423 3422 3421
f 3417 3418 3422 3421
f 3418 3419 3423 3422
f 3419 3420 3424 3423
f 3420 3417 3421 3424
v -166.912 3.553 -42.230
v -151.541 3.553 -64.937
v -140.568 3.553 -57.510
v -155.939 3.553 -34.803
v -166.912 7.453 -42.230
v -151.541 7.453 -64.937
v -140.568 7.453 -57.510
v -155.939 7.453 -34.803
f 3432 3431 3430 3429
f 3425 3426 3430 3429
f 3426 3427 3431 3430
f 3427 3428 3432 3431
f 3428 3425 3429 3432
v -138.970 3.647 -62.637
v -123.385 3.647 -95.686
v -109.510 3.647 -89.143
v -125.095 3.647 -56.094
v -138.970 7.547 -62.637
v -123.385 7.547 -95.686
v -109.510 7.547 -89.143
v -125.095 7.547 -56.094
f 3440 3439 3438 3437
f 3433 3434 3438 3437
f 3434 3435 3439 3438
f 3435 3436 3440 3439
f 3436 3433 3437 3440
v -140.494 3.489 -95.744
v -136.043 3.489 -102.416
v -131.426 3.489 -99.336
v -135.877 3.489 -92.664
v -140.494 7.389 -95.744
v -136.043 7.389 -102.416
v -131.426 7.389 -99.336
v -135.877 7.389 -92.664
f 3448 3447 3446 3445
f 3441 3442 3446 3445
f 3442 3443 3447 3446
f 3443 3444 3448 3447
f 3444 3441 3445 3448
v -149.905 3.562 -86.593
v -143.613 3.562 -83.736
v -145.515 3.562 -79.547
v -151.807 3.562 -82.404
v -149.905 7.462 -86.593
v -143.613 7.462 -83.736
v -145.515 7.462 -79.547
v -151.807 7.462 -82.404
f 3456 3455 3454 3453
f 3449 3450 3454 3453
f 3450 3451 3455 3454
f 3451 3452 3456 3455
f 3452 3449 3453 3456
v 3.872 1.750 27.736
v 3.998 1.750 11.087
v 16.828 1.750 11.184
v 16.702 1.750 27.833
v 3.872 5.650 27.736
v 3.998 5.650 11.087
v 16.828 5.650 11.184
v 16.702 5.650 27.833
f 3464 3463 3462 3461
f 3457 3458 3462 3461
f 3458 3459 3463 3462
f 3459 3460 3464 3463
f 3460 3457 3461 3464
v -29.070 1.241 43.587
v -20.603 1.241 22.871
v -9.930 1.241 27.233
v -18.397 1.241 47.949
v -29.070 5.141 43.587
v -20.603 5.141 22.871
v -9.930 5.141 27.233
v -18.397 5.141 47.949
f 3472 3471 3470 3469
f 3465 3466 3470 3469
f 3466 3467 3471 3470
f 3467 3468 3472 3471
f 3468 3465 3469 3472
v -66.943 1.581 17.892
v -49.128 1.581 29.729
v -52.277 1.581 34.468
v -70.092 1.581 22.631
v -66.943 5.481 17.892
v -49.128 5.481 29.729
v -52.277 5.481 34.468
v -70.092 5.481 22.631
f 3480 3479 3478 3477
f 3473 3474 3478 3477
f 3474 3475 3479 3478
f 3475 3476 3480 3479
f 3476 3473 3477 3480
v -25.759 1.356 130.027
v -5.799 1.356 139.721
v -10.661 1.356 149.733
v -30.621 1.356 140.039
v -25.759 5.256 130.027
v -5.799 5.256 139.721
v -10.661 5.256 149.733
v -30.621 5.256 140.039
f 3488 3487 3486 3485
f 3481 3482 3486 3485
f 3482 3483 3487 3486
f 3483 3484 3488 3487
f 3484 3481 3485 3488
v 190.540 3.067 150.916
v 209.739 3.067 164.362
v 202.580 3.067 174.584
v 183.381 3.067 161.138
v 190.540 6.967 150.916
v 209.739 6.967 164.362
v 202.580 6.967 174.584
v 183.381 6.967 161.138
f 3496 3495 3494 3493
f 3489 3490 3494 3493
f 3490 3491 3495 3494
f 3491 3492 3496 3495
f 3492 3489 3493 3496
usemtl road
v -16.523 1.767 54.203
v -50.453 2.085 4.803
v -54.987 2.116 7.917
v -21.057 1.833 57.317
f 3497 3498 3499 3500
v -253.033 2.136 -133.058
v -235.293 2.290 -144.138
v -238.207 2.246 -148.802
v -255.947 1.956 -137.722
f 3501 3502 3503 3504
v 222.320 2.784 -32.530
v 254.550 3.192 15.151
v 257.450 3.200 13.191
v 225.220 2.811 -34.490
f 3505 3506 3507 3508
v 48.441 2.196 159.828
v 49.871 2.205 161.888
v 54.389 2.218 158.752
v 52.959 2.182 156.692
f 3509 3510 3511 3512
v 49.867 2.205 161.883
v 115.944 2.780 257.563
v 120.470 2.816 254.437
v 54.393 2.218 158.757
f 3513 3514 3515 3516
v 198.391 2.905 -258.894
v 140.781 2.793 -219.704
v 144.719 2.683 -213.916
v 202.328 2.862 -253.106
f 3517 3518 3519 3520
v 140.808 2.793 -219.721
v 114.578 2.691 -202.221
v 118.462 2.614 -196.399
v 144.692 2.683 -213.899
f 3521 3522 3523 3524
v 114.629 2.691 -202.255
v 79.129 2.474 -179.455
v 82.911 2.502 -173.565
v 118.411 2.615 -196.365
f 3525 3526 3527 3528
v 78.838 2.469 -179.247
v 74.008 2.537 -175.397
v 78.372 2.505 -169.923
v 83.202 2.509 -173.773
f 3529 3530 3531 3532
v 74.224 2.534 -175.556
v 68.304 2.483 -171.536
v 72.236 2.469 -165.744
v 78.156 2.506 -169.764
f 3533 3534 3535 3536
v 68.295 2.483 -171.529
v 26.265 2.326 -142.799
v 30.215 2.203 -137.021
v 72.245 2.469 -165.751
f 3537 3538 3539 3540
v 26.261 2.326 -142.797
v -27.099 2.104 -106.227
v -23.141 2.178 -100.453
v 30.219 2.203 -137.023
f 3541 3542 3543 3544
v -27.045 2.104 -106.263
v -33.375 2.156 -102.093
v -29.525 2.135 -96.247
v -23.195 2.178 -100.417
f 3545 3546 3547 3548
v -33.379 2.156 -102.090
v -36.649 2.191 -99.930
v -32.791 2.144 -94.090
v -29.521 2.135 -96.250
f 3549 3550 3551 3552
v 163.042 2.309 80.855
v 169.802 2.509 91.295
v 174.418 2.533 88.305
v 167.658 2.349 77.865
f 3553 3554 3555 3556
v 169.801 2.509 91.294
v 230.891 3.357 185.674
v 235.509 3.376 182.686
v 174.419 2.533 88.306
f 3557 3558 3559 3560
v 115.302 2.841 -254.515
v 139.265 2.808 -217.155
v 143.895 2.827 -220.125
v 119.932 2.916 -257.485
f 3561 3562 3563 3564
v 139.263 2.808 -217.159
v 140.433 2.775 -215.329
v 145.067 2.791 -218.291
v 143.897 2.827 -220.121
f 3565 3566 3567 3568
v -135.861 2.367 133.986
v -66.071 1.751 237.646
v -61.509 1.822 234.574
v -131.299 2.467 130.914
f 3569 3570 3571 3572
v 50.941 2.462 -209.835
v 15.891 2.493 -185.715
v 19.009 2.555 -181.185
v 54.059 2.464 -205.305
f 3573 3574 3575 3576
v 15.922 2.493 -185.736
v -56.998 2.495 -136.996
v -53.942 2.523 -132.424
v 18.978 2.555 -181.164
f 3577 3578 3579 3580
v -57.021 2.496 -136.981
v -61.181 2.572 -134.141
v -58.079 2.524 -129.599
v -53.919 2.523 -132.439
f 3581 3582 3583 3584
v 72.592 1.938 -68.669
v 101.942 2.217 -27.219
v 104.798 2.247 -29.241
v 75.448 1.994 -70.691
f 3585 3586 3587 3588
v 94.900 2.159 -22.347
v 107.160 2.506 -2.897
v 110.120 2.525 -4.763
v 97.860 2.175 -24.213
f 3589 3590 3591 3592
v 107.160 2.506 -2.897
v 122.200 2.664 20.963
v 125.160 2.708 19.097
v 110.120 2.525 -4.763
f 3593 3594 3595 3596
v 121.934 2.665 20.152
v 122.324 2.724 25.722
v 125.816 2.796 25.478
v 125.426 2.713 19.908
f 3597 3598 3599 3600
v 122.625 2.709 24.613
v 119.095 2.706 29.783
v 121.985 2.745 31.757
v 125.515 2.814 26.587
f 3601 3602 3603 3604
v 119.142 2.707 29.718
v 116.952 2.583 32.628
v 119.748 2.531 34.732
v 121.938 2.743 31.822
f 3605 3606 3607 3608
v 117.272 2.613 32.301
v 77.522 1.737 63.371
v 79.678 1.779 66.129
v 119.428 2.486 35.059
f 3609 3610 3611 3612
v 77.646 1.745 63.283
v 72.666 1.695 66.523
v 74.574 1.706 69.457
v 79.554 1.771 66.217
f 3613 3614 3615 3616
v -73.948 2.267 95.367
v -17.278 1.847 58.057
v -20.302 1.803 53.463
v -76.972 2.298 90.773
f 3617 3618 3619 3620
v -17.260 1.846 58.045
v 12.270 1.899 38.265
v 9.210 1.769 33.695
v -20.320 1.803 53.475
f 3621 3622 3623 3624
v -31.067 2.147 -99.638
v -39.227 2.387 -110.978
v -46.533 2.280 -105.722
v -38.373 2.166 -94.382
f 3625 3626 3627 3628
v -39.215 2.386 -110.960
v -55.965 2.495 -134.480
v -63.295 2.562 -129.260
v -46.545 2.280 -105.740
f 3629 3630 3631 3632
v -55.903 2.494 -134.392
v -61.013 2.708 -141.942
v -68.467 2.584 -136.898
v -63.357 2.564 -129.348
f 3633 3634 3635 3636
v -61.014 2.708 -141.943
v -72.544 2.904 -158.973
v -79.996 2.823 -153.927
v -68.466 2.584 -136.897
f 3637 3638 3639 3640
v -72.543 2.904 -158.972
v -88.733 3.248 -182.902
v -96.187 3.027 -177.858
v -79.997 2.823 -153.928
f 3641 3642 3643 3644
v -88.738 3.248 -182.909
v -114.428 3.321 -220.709
v -121.872 3.281 -215.651
v -96.182 3.027 -177.851
f 3645 3646 3647 3648
v -114.350 3.323 -220.591
v -117.230 3.286 -225.131
v -124.830 3.342 -220.309
v -121.950 3.284 -215.769
f 3649 3650 3651 3652
v -117.358 3.289 -225.321
v -122.768 3.265 -232.961
v -130.112 3.259 -227.759
v -124.702 3.340 -220.119
f 3653 3654 3655 3656
v -122.652 3.265 -232.790
v -139.100 3.073 -258.430
v -146.675 3.003 -253.570
v -130.228 3.256 -227.930
f 3657 3658 3659 3660
v -239.036 2.253 -144.941
v -235.436 2.297 -139.561
v -230.864 2.338 -142.619
v -234.464 2.272 -147.999
f 3661 3662 3663 3664
v -235.436 2.297 -139.561
v -195.736 2.783 -80.221
v -191.164 2.800 -83.279
v -230.864 2.338 -142.619
f 3665 3666 3667 3668
v -195.735 2.783 -80.220
v -183.285 2.876 -61.620
v -178.715 2.915 -64.680
v -191.165 2.800 -83.280
f 3669 3670 3671 3672
v -183.285 2.876 -61.619
v -160.355 3.140 -27.399
v -155.785 3.150 -30.461
v -178.715 2.915 -64.681
f 3673 3674 3675 3676
v -160.357 3.140 -27.402
v -157.457 3.181 -23.062
v -152.883 3.186 -26.118
v -155.783 3.150 -30.458
f 3677 3678 3679 3680
v -157.456 3.181 -23.061
v -152.466 3.182 -15.601
v -147.894 3.199 -18.659
v -152.884 3.186 -26.119
f 3681 3682 3683 3684
v -152.454 3.182 -15.584
v -149.504 3.133 -11.244
v -144.956 3.146 -14.336
v -147.906 3.199 -18.676
f 3685 3686 3687 3688
v -149.504 3.133 -11.244
v -117.934 2.769 35.186
v -113.386 2.782 32.094
v -144.956 3.146 -14.336
f 3689 3690 3691 3692
v -117.938 2.769 35.181
v -77.738 2.282 94.611
v -73.182 2.253 91.529
v -113.382 2.782 32.099
f 3693 3694 3695 3696
v -77.730 2.282 94.623
v -6.940 2.166 198.113
v -2.400 2.192 195.007
v -73.190 2.253 91.517
f 3697 3698 3699 3700
v -6.947 2.166 198.102
v 33.298 2.547 257.542
v 37.852 2.554 254.458
v -2.393 2.192 195.018
f 3701 3702 3703 3704
v 254.428 3.207 16.810
v 233.748 2.961 31.213
v 236.892 3.083 35.727
v 257.572 3.334 21.324
f 3705 3706 3707 3708
v 233.805 2.963 31.175
v 225.045 2.768 36.955
v 228.075 2.850 41.545
v 236.835 3.081 35.765
f 3709 3710 3711 3712
v 225.042 2.768 36.957
v 219.182 2.778 40.837
v 222.218 2.778 45.423
v 228.078 2.850 41.543
f 3713 3714 3715 3716
v 219.194 2.778 40.829
v 213.314 2.690 44.679
v 216.326 2.803 49.281
v 222.206 2.778 45.431
f 3717 3718 3719 3720
v 213.314 2.690 44.679
v 163.844 2.324 77.059
v 166.856 2.381 81.661
v 216.326 2.803 49.281
f 3721 3722 3723 3724
v 163.789 2.324 77.096
v 107.239 1.858 116.076
v 110.361 1.869 120.604
v 166.911 2.383 81.624
f 3725 3726 3727 3728
v 126.896 2.832 258.317
v 178.981 3.078 225.017
v 176.019 3.001 220.383
v 123.934 2.848 253.683
f 3729 3730 3731 3732
v 179.063 3.078 224.963
v 183.463 3.070 221.923
v 180.337 2.986 217.397
v 175.937 3.000 220.437
f 3733 3734 3735 3736
v 183.464 3.070 221.922
v 234.764 3.428 186.442
v 231.636 3.370 181.918
v 180.336 2.986 217.398
f 3737 3738 3739 3740
v -189.821 2.707 3.796
v -257.561 1.597 50.516
v -254.439 1.662 55.044
v -186.699 2.674 8.324
f 3741 3742 3743 3744
v -36.808 2.193 -99.819
v -43.118 2.135 -95.129
v -38.942 2.109 -89.511
v -32.632 2.141 -94.201
f 3745 3746 3747 3748
v -43.015 2.136 -95.202
v -115.565 2.855 -45.232
v -111.595 2.756 -39.468
v -39.045 2.108 -89.438
f 3749 3750 3751 3752
v -115.566 2.855 -45.232
v -152.166 3.225 -20.012
v -148.194 3.169 -14.248
v -111.594 2.756 -39.468
f 3753 3754 3755 3756
v 41.897 1.815 19.440
v 46.097 1.824 16.050
v 42.643 1.794 11.770
v 38.443 1.835 15.160
f 3757 3758 3759 3760
v 45.977 1.823 16.142
v 76.817 1.959 -6.068
v 73.603 1.959 -10.532
v 42.763 1.793 11.678
f 3761 3762 3763 3764
v 76.798 1.959 -6.055
v 97.968 2.142 -21.035
v 94.792 2.125 -25.525
v 73.622 1.959 -10.545
f 3765 3766 3767 3768
v 97.969 2.142 -21.036
v 104.959 2.204 -25.986
v 101.781 2.205 -30.474
v 94.791 2.125 -25.524
f 3769 3770 3771 3772
v 104.866 2.203 -25.923
v 149.656 2.577 -54.973
v 146.664 2.608 -59.587
v 101.874 2.206 -30.537
f 3773 3774 3775 3776
v 149.651 2.577 -54.969
v 153.571 2.619 -57.499
v 150.589 2.635 -62.121
v 146.669 2.608 -59.591
f 3777 3778 3779 3780
v -151.610 3.228 -19.479
v -189.690 2.707 3.711
v -186.830 2.673 8.409
v -148.750 3.180 -14.781
f 3781 3782 3783 3784
v 12.272 1.951 -25.278
v 16.402 2.022 -28.118
v 14.418 2.003 -31.002
v 10.288 1.959 -28.162
f 3785 3786 3787 3788
v 16.399 2.022 -28.116
v 75.009 1.956 -68.236
v 73.031 1.967 -71.124
v 14.421 2.004 -31.004
f 3789 3790 3791 3792
v -59.431 2.916 -255.023
v -31.972 3.203 -214.243
v -29.068 3.291 -216.197
v -56.528 2.950 -256.977
f 3793 3794 3795 3796
v -31.971 3.203 -214.241
v -25.951 3.132 -205.321
v -23.049 3.215 -207.279
v -29.069 3.291 -216.199
f 3797 3798 3799 3800
v -25.897 3.131 -205.246
v -21.187 3.011 -199.006
v -18.393 2.951 -201.114
v -23.103 3.216 -207.354
f 3801 3802 3803 3804
v -234.847 2.296 -143.532
v -189.597 2.849 -172.842
v -193.403 2.884 -178.718
v -238.653 2.251 -149.408
f 3805 3806 3807 3808
v -189.569 2.848 -172.861
v -183.989 2.900 -176.551
v -187.851 3.017 -182.389
v -193.431 2.884 -178.699
f 3809 3810 3811 3812
v -183.992 2.900 -176.549
v -148.272 3.233 -200.119
v -152.128 3.269 -205.961
v -187.848 3.017 -182.391
f 3813 3814 3815 3816
v -148.243 3.233 -200.138
v -126.443 3.274 -214.838
v -130.357 3.276 -220.642
v -152.157 3.269 -205.942
f 3817 3818 3819 3820
v -126.440 3.274 -214.840
v -119.070 3.328 -219.820
v -122.990 3.327 -225.620
v -130.360 3.276 -220.640
f 3821 3822 3823 3824
v 153.500 2.618 -57.752
v 191.910 2.357 -84.252
v 189.070 2.414 -88.368
v 150.660 2.635 -61.868
f 3825 3826 3827 3828
v 191.909 2.357 -84.252
v 218.919 2.032 -102.872
v 216.081 2.012 -106.988
v 189.071 2.414 -88.368
f 3829 3830 3831 3832
v 218.919 2.032 -102.872
v 257.419 2.010 -129.419
v 254.581 2.028 -133.535
v 216.081 2.012 -106.988
f 3833 3834 3835 3836
v 16.315 2.440 -254.017
v 49.616 2.443 -205.587
v 55.384 2.464 -209.553
v 22.083 2.386 -257.983
f 3837 3838 3839 3840
v 49.597 2.443 -205.614
v 69.397 2.480 -176.224
v 75.203 2.457 -180.136
v 55.403 2.464 -209.526
f 3841 3842 3843 3844
v 69.449 2.480 -176.150
v 72.169 2.528 -172.330
v 77.871 2.510 -176.390
v 75.151 2.458 -180.210
f 3845 3846 3847 3848
v 72.137 2.528 -172.376
v 73.307 2.527 -170.676
v 79.073 2.515 -174.644
v 77.903 2.511 -176.344
f 3849 3850 3851 3852
v 73.274 2.527 -170.724
v 78.194 2.484 -163.314
v 84.026 2.477 -167.186
v 79.106 2.515 -174.596
f 3853 3854 3855 3856
v 78.185 2.484 -163.328
v 93.875 2.508 -139.448
v 99.725 2.521 -143.292
v 84.035 2.477 -167.172
f 3857 3858 3859 3860
v 93.873 2.508 -139.451
v 106.413 2.551 -120.321
v 112.267 2.536 -124.159
v 99.727 2.521 -143.289
f 3861 3862 3863 3864
v 106.452 2.551 -120.263
v 149.192 2.594 -57.833
v 154.968 2.574 -61.787
v 112.228 2.536 -124.217
f 3865 3866 3867 3868
v 149.168 2.595 -57.869
v 188.658 2.649 1.371
v 194.482 2.691 -2.511
v 154.992 2.574 -61.751
f 3869 3870 3871 3872
v 188.658 2.649 1.372
v 214.628 2.719 40.322
v 220.452 2.711 36.438
v 194.482 2.691 -2.512
f 3873 3874 3875 3876
v 214.626 2.719 40.319
v 217.786 2.731 45.069
v 223.614 2.721 41.191
v 220.454 2.711 36.441
f 3877 3878 3879 3880
v 217.804 2.731 45.096
v 220.614 2.763 49.236
v 226.406 2.736 45.304
v 223.596 2.720 41.164
f 3881 3882 3883 3884
v 220.611 2.763 49.231
v 253.101 3.161 97.256
v 258.899 3.166 93.334
v 226.409 2.736 45.309
f 3885 3886 3887 3888
v 214.876 2.902 -252.448
v 238.446 2.444 -215.768
v 244.334 2.429 -219.552
v 220.764 2.997 -256.232
f 3889 3890 3891 3892
v 238.447 2.444 -215.766
v 243.227 2.381 -208.336
v 249.113 2.320 -212.124
v 244.333 2.429 -219.554
f 3893 3894 3895 3896
v 190.608 2.690 -2.032
v 187.128 2.622 0.258
v 189.052 2.641 3.182
v 192.532 2.694 0.892
f 3897 3898 3899 3900
v 187.153 2.623 0.242
v 158.683 2.918 18.302
v 160.557 2.810 21.258
v 189.027 2.641 3.198
f 3901 3902 3903 3904
v -31.490 3.255 -216.677
v -57.080 3.294 -199.637
v -55.140 3.261 -196.723
v -29.550 3.254 -213.763
f 3905 3906 3907 3908
v -57.586 3.315 -197.239
v -55.176 3.314 -193.459
v -52.224 3.234 -195.341
v -54.634 3.260 -199.121
f 3909 3910 3911 3912
v -55.133 3.312 -193.396
v -51.533 3.255 -188.256
v -48.667 3.234 -190.264
v -52.267 3.234 -195.404
f 3913 3914 3915 3916
v -49.130 3.250 -187.803
v -23.530 3.135 -204.843
v -25.470 3.176 -207.757
v -51.070 3.249 -190.717
f 3917 3918 3919 3920
v 189.023 2.418 -85.355
v 206.603 2.642 -58.345
v 209.537 2.684 -60.255
v 191.957 2.371 -87.265
f 3921 3922 3923 3924
v 73.743 1.983 -7.345
v 85.653 2.146 10.955
v 88.587 2.152 9.045
v 76.677 2.013 -9.255
f 3925 3926 3927 3928
v 88.066 2.155 11.472
v 109.586 2.532 -2.358
v 107.694 2.491 -5.302
v 86.174 2.132 8.528
f 3929 3930 3931 3932
v 144.915 2.802 3.463
v 122.695 2.683 18.583
v 124.665 2.699 21.477
v 146.885 2.829 6.357
f 3933 3934 3935 3936
v 174.194 2.252 -166.106
v 177.254 2.304 -161.396
v 182.286 2.059 -164.664
v 179.226 2.162 -169.374
f 3937 3938 3939 3940
v 177.254 2.304 -161.396
v 203.174 2.257 -121.496
v 208.206 2.100 -124.764
v 182.286 2.059 -164.664
f 3941 3942 3943 3944
v 203.173 2.257 -121.497
v 214.983 2.039 -103.297
v 220.017 2.016 -106.563
v 208.207 2.100 -124.763
f 3945 3946 3947 3948
v -65.733 2.635 -140.861
v -123.353 3.613 -101.151
v -121.367 3.595 -98.269
v -63.747 2.605 -137.979
f 3949 3950 3951 3952
v -121.941 3.577 -101.409
v -129.001 3.741 -103.149
v -129.839 3.753 -99.751
v -122.779 3.618 -98.011
f 3953 3954 3955 3956
v -128.682 3.735 -103.037
v -134.852 3.693 -105.907
v -136.328 3.677 -102.733
v -130.158 3.753 -99.863
f 3957 3958 3959 3960
v -134.399 3.695 -105.603
v -138.859 3.745 -109.743
v -141.241 3.699 -107.177
v -136.781 3.669 -103.037
f 3961 3962 3963 3964
v -138.613 3.739 -109.458
v -153.693 4.159 -131.168
v -156.567 4.172 -129.172
v -141.487 3.709 -107.462
f 3965 3966 3967 3968
v -153.512 4.153 -130.836
v -155.652 4.134 -136.036
v -158.888 4.136 -134.704
v -156.748 4.177 -129.504
f 3969 3970 3971 3972
v -155.567 4.156 -134.966
v -154.877 4.105 -137.876
v -158.283 4.073 -138.684
v -158.973 4.121 -135.774
f 3973 3974 3975 3976
v -155.356 4.120 -137.029
v -153.026 4.081 -139.309
v -155.474 4.032 -141.811
v -157.804 4.059 -139.531
f 3977 3978 3979 3980
v -153.606 4.089 -138.933
v -150.066 4.053 -140.333
v -151.354 3.978 -143.587
v -154.894 4.025 -142.187
f 3981 3982 3983 3984
v -150.527 4.053 -140.220
v -146.247 4.110 -140.670
v -146.613 3.938 -144.150
v -150.893 3.976 -143.700
f 3985 3986 3987 3988
v -145.731 4.122 -140.806
v -141.781 4.112 -142.526
v -143.179 3.927 -145.734
v -147.129 3.938 -144.014
f 3989 3990 3991 3992
v -141.453 4.113 -142.713
v -91.433 3.079 -178.963
v -93.487 3.106 -181.797
v -143.507 3.928 -145.547
f 3993 3994 3995 3996
v -187.416 2.970 -178.563
v -184.396 2.926 -173.583
v -181.404 2.987 -175.397
v -184.424 3.008 -180.377
f 3997 3998 3999 4000
v -184.397 2.926 -173.584
v -168.807 3.328 -147.834
v -165.813 3.530 -149.646
v -181.403 2.987 -175.396
f 4001 4002 4003 4004
v -197.919 3.168 -194.844
v -196.439 2.929 -181.724
v -192.961 2.918 -182.116
v -194.441 3.163 -195.236
f 4005 4006 4007 4008
v -196.252 2.913 -181.111
v -193.052 2.899 -174.971
v -189.948 2.930 -176.589
v -193.148 2.930 -182.729
f 4009 4010 4011 4012
v -235.340 2.269 -147.506
v -239.500 2.316 -153.166
v -242.320 2.258 -151.094
v -238.160 2.261 -145.434
f 4013 4014 4015 4016
v -239.501 2.316 -153.168
v -245.601 2.202 -161.448
v -248.419 2.120 -159.372
v -242.319 2.257 -151.092
f 4017 4018 4019 4020
v -255.085 1.959 -153.401
v -246.095 2.157 -158.919
v -247.925 2.182 -161.901
v -256.915 1.912 -156.384
f 4021 4022 4023 4024
v -246.052 2.158 -158.945
v -223.442 2.853 -173.725
v -225.358 2.872 -176.655
v -247.968 2.181 -161.875
f 4025 4026 4027 4028
v -222.652 2.889 -175.277
v -223.102 3.046 -184.277
v -226.598 2.996 -184.103
v -226.148 2.824 -175.103
f 4029 4030 4031 4032
v -224.505 3.061 -185.906
v -255.655 2.305 -192.171
v -256.345 2.235 -188.740
v -225.195 2.980 -182.474
f 4033 4034 4035 4036
v -170.372 3.379 -244.534
v -167.562 3.546 -238.374
v -164.378 3.546 -239.826
v -167.188 3.382 -245.986
f 4037 4038 4039 4040
v -167.678 3.543 -238.717
v -165.868 3.520 -230.637
v -162.452 3.653 -231.403
v -164.262 3.555 -239.483
f 4041 4042 4043 4044
v -145.516 3.035 -256.627
v -148.684 3.108 -248.377
v -145.416 3.059 -247.123
v -142.249 3.033 -255.373
f 4045 4046 4047 4048
v -148.684 3.108 -248.377
v -149.014 3.131 -247.517
v -145.746 3.095 -246.263
v -145.416 3.059 -247.123
f 4049 4050 4051 4052
v -148.699 3.114 -248.041
v -151.919 3.151 -244.351
v -149.281 3.281 -242.049
v -146.061 3.121 -245.739
f 4053 4054 4055 4056
v -151.456 3.139 -244.726
v -160.996 3.560 -239.376
v -159.284 3.515 -236.324
v -149.744 3.279 -241.674
f 4057 4058 4059 4060
v -161.473 3.568 -238.984
v -164.083 3.558 -235.914
v -161.417 3.665 -233.646
v -158.807 3.500 -236.716
f 4061 4062 4063 4064
v -164.389 3.560 -235.394
v -165.799 3.529 -231.634
v -162.521 3.635 -230.406
v -161.111 3.652 -234.166
f 4065 4066 4067 4068
v -165.910 3.524 -231.051
v -165.980 3.466 -227.041
v -162.480 3.503 -226.979
v -162.410 3.661 -230.989
f 4069 4070 4071 4072
v -165.887 3.461 -226.447
v -164.597 3.417 -222.647
v -161.283 3.419 -223.773
v -162.573 3.525 -227.573
f 4073 4074 4075 4076
v -164.420 3.414 -222.275
v -151.680 3.253 -202.105
v -148.720 3.280 -203.975
v -161.460 3.429 -224.145
f 4077 4078 4079 4080
v 58.902 2.200 -97.379
v 30.552 2.393 -141.399
v 25.928 2.381 -138.421
v 54.278 2.141 -94.401
f 4081 4082 4083 4084
v 173.054 2.523 91.274
v 195.814 2.716 76.704
v 193.926 2.710 73.756
v 171.166 2.460 88.326
f 4085 4086 4087 4088
v -20.624 2.967 -198.521
v -17.764 2.881 -196.971
v -16.096 2.879 -200.049
v -18.956 2.983 -201.599
f 4089 4090 4091 4092
v -17.253 2.881 -196.790
v -11.563 2.829 -195.720
v -10.917 2.818 -199.160
v -16.607 2.890 -200.230
f 4093 4094 4095 4096
v -11.938 2.830 -195.835
v 12.752 2.516 -185.105
v 14.148 2.610 -188.315
v -10.542 2.820 -199.045
f 4097 4098 4099 4100
v 12.344 2.529 -185.353
v 16.344 2.489 -182.093
v 18.556 2.471 -184.807
v 14.556 2.597 -188.067
f 4101 4102 4103 4104
v -181.942 2.899 -64.625
v -197.402 3.281 -54.755
v -195.518 3.286 -51.805
v -180.058 2.920 -61.675
f 4105 4106 4107 4108
v -197.402 3.281 -54.755
v -213.412 3.148 -44.535
v -211.528 3.142 -41.585
v -195.518 3.286 -51.805
f 4109 4110 4111 4112
v -210.998 3.159 -44.006
v -241.388 2.922 -91.306
v -244.332 2.922 -89.414
v -213.942 3.129 -42.114
f 4113 4114 4115 4116
v -241.938 2.937 -88.872
v -225.928 2.997 -98.792
v -227.772 2.970 -101.768
v -243.782 2.894 -91.848
f 4117 4118 4119 4120
v -228.320 2.996 -99.330
v -197.930 3.282 -52.330
v -194.990 3.284 -54.230
v -225.380 2.959 -101.230
f 4121 4122 4123 4124
v -115.023 2.829 -41.360
v -112.363 2.800 -37.480
v -109.477 2.775 -39.460
v -112.137 2.800 -43.340
f 4125 4126 4127 4128
v -112.376 2.800 -37.499
v -91.236 2.544 -5.819
v -88.324 2.504 -7.761
v -109.464 2.776 -39.441
f 4129 4130 4131 4132
v -88.830 2.504 -5.320
v -76.300 2.339 -13.420
v -78.200 2.368 -16.360
v -90.730 2.554 -8.260
f 4133 4134 4135 4136
v 240.431 2.532 -219.124
v 226.141 2.271 -209.764
v 228.059 2.166 -206.836
v 242.349 2.488 -216.196
f 4137 4138 4139 4140
v 226.161 2.271 -209.777
v 206.501 2.296 -197.277
v 208.379 2.240 -194.323
v 228.039 2.166 -206.823
f 4141 4142 4143 4144
v 205.975 2.332 -194.843
v 212.345 2.195 -185.093
v 215.275 2.169 -187.007
v 208.905 2.234 -196.757
f 4145 4146 4147 4148
v 214.757 2.171 -184.578
v 234.327 2.122 -197.168
v 232.433 2.116 -200.112
v 212.863 2.186 -187.522
f 4149 4150 4151 4152
v 234.847 2.135 -199.594
v 228.567 2.223 -209.254
v 225.633 2.196 -207.346
v 231.913 2.106 -197.686
f 4153 4154 4155 4156
v 212.830 2.186 -187.500
v 193.120 2.135 -174.180
v 195.080 2.068 -171.280
v 214.790 2.171 -184.600
f 4157 4158 4159 4160
v 193.119 2.135 -174.179
v 178.789 2.107 -164.479
v 180.751 2.088 -161.581
v 195.081 2.068 -171.281
f 4161 4162 4163 4164
v 192.639 2.101 -171.767
v 214.549 2.478 -138.527
v 217.471 2.496 -140.453
v 195.561 2.088 -173.693
f 4165 4166 4167 4168
v 214.549 2.478 -138.526
v 218.799 2.620 -132.086
v 221.721 2.669 -134.014
v 217.471 2.496 -140.454
f 4169 4170 4171 4172
v 218.799 2.620 -132.086
v 223.069 2.629 -125.616
v 225.991 2.645 -127.544
v 221.721 2.669 -134.014
f 4173 4174 4175 4176
v 225.471 2.665 -125.105
v 256.001 2.802 -144.585
v 254.119 2.790 -147.535
v 223.589 2.607 -128.055
f 4177 4178 4179 4180
v 256.773 2.868 -145.704
v 257.543 2.917 -149.414
v 254.117 2.826 -150.126
v 253.347 2.769 -146.416
f 4181 4182 4183 4184
v 257.542 2.908 -150.133
v 256.482 2.917 -155.133
v 253.058 2.903 -154.407
v 254.118 2.814 -149.407
f 4185 4186 4187 4188
v 255.974 2.931 -156.040
v 252.674 2.942 -159.170
v 250.266 2.927 -156.630
v 253.566 2.886 -153.500
f 4189 4190 4191 4192
v 251.714 2.945 -159.633
v 245.744 2.953 -160.473
v 245.256 2.906 -157.007
v 251.226 2.924 -156.167
f 4193 4194 4195 4196
v 244.543 2.952 -160.205
v 215.053 2.471 -140.955
v 216.967 2.497 -138.025
v 246.457 2.918 -157.275
f 4197 4198 4199 4200
v 219.275 2.612 -134.497
v 204.705 2.099 -124.577
v 206.675 2.107 -121.683
v 221.245 2.640 -131.603
f 4201 4202 4203 4204
v 178.181 2.145 -168.688
v 171.921 2.295 -178.398
v 168.979 2.352 -176.502
v 175.239 2.200 -166.792
f 4205 4206 4207 4208
v 171.388 2.307 -175.973
v 178.758 2.279 -180.653
v 176.882 2.320 -183.607
v 169.512 2.354 -178.927
f 4209 4210 4211 4212
v 178.760 2.279 -180.654
v 194.470 2.263 -190.664
v 192.590 2.315 -193.616
v 176.880 2.320 -183.606
f 4213 4214 4215 4216
v 179.326 2.283 -183.021
v 173.446 2.371 -192.961
v 170.434 2.404 -191.179
v 176.314 2.291 -181.239
f 4217 4218 4219 4220
v 203.891 3.343 253.493
v 187.287 3.125 228.743
v 179.813 3.211 233.757
v 196.417 3.320 258.507
f 4221 4222 4223 4224
v 187.223 3.124 228.651
v 181.173 3.028 220.101
v 173.827 2.968 225.299
v 179.877 3.209 233.849
f 4225 4226 4227 4228
v 181.259 3.029 220.225
v 126.409 2.069 136.915
v 118.891 1.958 141.865
v 173.741 2.967 225.175
f 4229 4230 4231 4232
v 126.409 2.069 136.917
v 112.559 1.821 115.867
v 105.041 1.820 120.813
v 118.891 1.958 141.863
f 4233 4234 4235 4236
v -192.900 1.712 172.298
v -189.300 1.654 177.588
v -184.340 1.700 174.212
v -187.940 1.765 168.922
f 4237 4238 4239 4240
v -189.293 1.654 177.598
v -187.913 1.637 179.608
v -182.967 1.681 176.212
v -184.347 1.700 174.202
f 4241 4242 4243 4244
v 107.245 1.858 116.072
v 101.935 1.804 119.712
v 105.045 1.846 124.248
v 110.355 1.869 120.608
f 4245 4246 4247 4248
v 101.932 1.804 119.714
v 49.142 2.181 155.994
v 52.258 2.183 160.526
v 105.048 1.846 124.246
f 4249 4250 4251 4252
v 49.136 2.181 155.998
v -6.234 2.175 194.298
v -3.106 2.203 198.822
v 52.264 2.183 160.522
f 4253 4254 4255 4256
v 111.612 1.817 114.827
v 108.302 1.832 112.177
v 102.678 1.805 119.203
v 105.988 1.829 121.853
f 4257 4258 4259 4260
v 109.232 1.815 113.190
v 77.362 1.685 65.490
v 69.878 1.652 70.490
v 101.748 1.805 118.190
f 4261 4262 4263 4264
v 77.374 1.686 65.508
v 45.984 1.837 18.028
v 38.476 1.753 22.992
v 69.866 1.652 70.472
f 4265 4266 4267 4268
v 46.017 1.838 18.080
v 43.957 1.789 14.870
v 36.383 1.774 19.730
v 38.443 1.754 22.940
f 4269 4270 4271 4272
v -116.636 2.816 32.187
v -128.976 2.631 40.477
v -127.024 2.691 43.383
v -114.684 2.794 35.093
f 4273 4274 4275 4276
v -128.975 2.631 40.477
v -135.485 2.567 44.847
v -133.535 2.669 47.753
v -127.025 2.691 43.383
f 4277 4278 4279 4280
v -135.485 2.567 44.847
v -171.035 2.401 68.707
v -169.085 2.344 71.613
v -133.535 2.669 47.753
f 4281 4282 4283 4284
v -171.036 2.401 68.707
v -184.066 2.393 77.457
v -182.114 2.346 80.363
v -169.084 2.344 71.613
f 4285 4286 4287 4288
v -184.840 2.370 78.898
v -184.870 2.317 83.428
v -181.370 2.326 83.452
v -181.340 2.380 78.922
f 4289 4290 4291 4292
v -184.572 2.323 84.417
v -155.902 2.118 127.027
v -152.998 2.234 125.073
v -181.668 2.325 82.463
f 4293 4294 4295 4296
v -171.503 2.380 71.150
v -142.043 2.416 114.110
v -139.157 2.464 112.130
v -168.617 2.397 69.170
f 4297 4298 4299 4300
v -142.252 2.433 112.542
v -143.872 2.403 117.172
v -140.568 2.418 118.328
v -138.948 2.435 113.698
f 4301 4302 4303 4304
v -143.203 2.400 116.302
v -155.433 2.186 124.602
v -153.467 2.230 127.498
v -141.237 2.420 119.198
f 4305 4306 4307 4308
v -155.434 2.186 124.603
v -234.864 2.065 178.583
v -232.896 2.042 181.477
v -153.466 2.230 127.497
f 4309 4310 4311 4312
v -254.442 1.275 217.967
v -188.862 1.727 172.876
v -191.978 1.777 168.344
v -257.558 1.198 213.435
f 4313 4314 4315 4316
v -173.946 1.616 237.706
v -160.466 1.601 228.816
v -163.494 1.582 224.224
v -176.974 1.597 233.114
f 4317 4318 4319 4320
v -160.470 1.601 228.818
v -153.760 1.566 224.408
v -156.780 1.579 219.812
v -163.490 1.582 224.222
f 4321 4322 4323 4324
v -205.151 1.424 258.295
v -173.945 1.616 237.705
v -176.975 1.597 233.115
v -208.180 1.358 253.705
f 4325 4326 4327 4328
v -188.887 1.727 172.893
v -132.047 2.448 134.733
v -135.113 2.434 130.167
v -191.953 1.777 168.327
f 4329 4330 4331 4332
v -132.037 2.448 134.727
v -73.917 2.267 95.347
v -77.003 2.299 90.793
v -135.123 2.434 130.173
f 4333 4334 4335 4336
v -6.199 2.175 194.274
v -65.319 1.802 233.824
v -62.261 1.914 238.396
v -3.141 2.203 198.846
f 4337 4338 4339 4340
v -65.211 1.802 233.756
v -68.591 1.804 235.796
v -65.749 1.759 240.504
v -62.369 1.904 238.464
f 4341 4342 4343 4344
v -68.699 1.804 235.864
v -95.379 1.637 253.714
v -92.321 1.747 258.286
v -65.641 1.759 240.436
f 4345 4346 4347 4348
v -172.047 1.578 202.873
v -165.457 1.569 212.513
v -160.503 1.608 209.127
v -167.093 1.623 199.487
f 4349 4350 4351 4352
v -183.478 1.614 186.111
v -178.508 1.595 193.391
v -173.552 1.664 190.009
v -178.522 1.674 182.729
f 4353 4354 4355 4356
v -187.918 1.637 179.600
v -183.478 1.614 186.110
v -178.522 1.674 182.730
v -182.962 1.681 176.220
f 4357 4358 4359 4360
v -178.509 1.595 193.389
v -172.049 1.578 202.869
v -167.091 1.623 199.491
v -173.551 1.664 190.011
f 4361 4362 4363 4364
v -165.459 1.569 212.509
v -162.169 1.555 217.339
v -157.211 1.591 213.961
v -160.501 1.608 209.131
f 4365 4366 4367 4368
v -162.166 1.555 217.344
v -157.746 1.544 223.804
v -152.794 1.598 220.416
v -157.214 1.591 213.956
f 4369 4370 4371 4372
v -151.448 1.534 233.061
v -134.635 1.445 257.691
v -129.680 1.501 254.309
v -146.492 1.615 229.679
f 4373 4374 4375 4376
v -157.750 1.544 223.798
v -151.450 1.534 233.058
v -146.490 1.615 229.682
v -152.790 1.598 220.422
f 4377 4378 4379 4380
v -119.080 3.328 -219.813
v -114.130 3.296 -223.133
v -118.030 3.260 -228.947
v -122.980 3.327 -225.627
f 4381 4382 4383 4384
v -114.108 3.297 -223.148
v -70.179 2.869 -253.108
v -74.123 2.858 -258.892
v -118.052 3.260 -228.932
f 4385 4386 4387 4388
v 43.932 1.789 14.831
v 15.042 1.977 -29.189
v 7.518 1.932 -24.251
v 36.408 1.774 19.769
f 4389 4390 4391 4392
v 15.039 1.977 -29.194
v -3.131 2.100 -56.804
v -10.649 2.016 -51.856
v 7.521 1.932 -24.246
f 4393 4394 4395 4396
v -3.130 2.100 -56.802
v -25.930 2.201 -91.482
v -33.450 2.128 -86.538
v -10.650 2.016 -51.858
f 4397 4398 4399 4400
v -25.880 2.201 -91.405
v -30.910 2.144 -99.405
v -38.530 2.168 -94.615
v -33.500 2.128 -86.615
f 4401 4402 4403 4404
v 22.214 1.815 31.952
v 33.004 1.887 25.102
v 30.056 1.711 20.458
v 19.266 1.770 27.308
f 4405 4406 4407 4408
v 33.003 1.887 25.102
v 36.423 1.759 22.932
v 33.477 1.761 18.288
v 30.057 1.711 20.458
f 4409 4410 4411 4412
v 36.423 1.759 22.932
v 41.643 1.814 19.622
v 38.697 1.835 14.978
v 33.477 1.761 18.288
f 4413 4414 4415 4416
v 12.214 1.897 38.302
v 22.214 1.815 31.952
v 19.266 1.770 27.308
v 9.266 1.769 33.658
f 4417 4418 4419 4420
v -47.824 2.141 -22.356
v -11.064 2.143 -48.056
v -14.216 2.037 -52.564
v -50.976 2.349 -26.864
f 4421 4422 4423 4424
v -11.064 2.143 -48.056
v -5.314 2.044 -52.076
v -8.466 2.041 -56.584
v -14.216 2.037 -52.564
f 4425 4426 4427 4428
usemtl asphalt
