# Baked ultra-low Key West silhouette; generated by bake_key_west_far_city.py
mtllib far_city.mtl
usemtl massing
v 173.609 1.067 -20.836
v 189.171 1.067 -10.759
v 184.111 1.067 -2.944
v 168.549 1.067 -13.021
v 173.609 4.967 -20.836
v 189.171 4.967 -10.759
v 184.111 4.967 -2.944
v 168.549 4.967 -13.021
f 8 7 6 5
f 1 2 6 5
f 2 3 7 6
f 3 4 8 7
f 4 1 5 8
v 132.768 1.254 -82.867
v 148.361 1.254 -71.276
v 142.992 1.254 -64.053
v 127.399 1.254 -75.644
v 132.768 5.154 -82.867
v 148.361 5.154 -71.276
v 142.992 5.154 -64.053
v 127.399 5.154 -75.644
f 16 15 14 13
f 9 10 14 13
f 10 11 15 14
f 11 12 16 15
f 12 9 13 16
v -120.600 1.423 -168.115
v -59.395 1.423 -123.926
v -82.440 1.423 -92.005
v -143.645 1.423 -136.194
v -120.600 9.723 -168.115
v -59.395 9.723 -123.926
v -82.440 9.723 -92.005
v -143.645 9.723 -136.194
f 24 23 22 21
f 17 18 22 21
f 18 19 23 22
f 19 20 24 23
f 20 17 21 24
v -219.604 1.384 -201.794
v -202.576 1.384 -224.971
v -187.216 1.384 -213.686
v -204.244 1.384 -190.509
v -219.604 5.284 -201.794
v -202.576 5.284 -224.971
v -187.216 5.284 -213.686
v -204.244 5.284 -190.509
f 32 31 30 29
f 25 26 30 29
f 26 27 31 30
f 27 28 32 31
f 28 25 29 32
v -87.185 1.857 -245.321
v -64.345 1.857 -221.989
v -81.395 1.857 -205.299
v -104.235 1.857 -228.631
v -87.185 7.657 -245.321
v -64.345 7.657 -221.989
v -81.395 7.657 -205.299
v -104.235 7.657 -228.631
f 40 39 38 37
f 33 34 38 37
f 34 35 39 38
f 35 36 40 39
f 36 33 37 40
v 109.266 2.623 -232.020
v 118.514 2.623 -245.272
v 130.454 2.623 -236.940
v 121.206 2.623 -223.688
v 109.266 6.523 -232.020
v 118.514 6.523 -245.272
v 130.454 6.523 -236.940
v 121.206 6.523 -223.688
f 48 47 46 45
f 41 42 46 45
f 42 43 47 46
f 43 44 48 47
f 44 41 45 48
v 90.307 2.367 -179.846
v 105.163 2.367 -201.633
v 118.713 2.367 -192.394
v 103.857 2.367 -170.607
v 90.307 6.267 -179.846
v 105.163 6.267 -201.633
v 118.713 6.267 -192.394
v 103.857 6.267 -170.607
f 56 55 54 53
f 49 50 54 53
f 50 51 55 54
f 51 52 56 55
f 52 49 53 56
v 210.001 2.686 -206.756
v 224.668 2.686 -189.509
v 211.679 2.686 -178.464
v 197.012 2.686 -195.711
v 210.001 6.586 -206.756
v 224.668 6.586 -189.509
v 211.679 6.586 -178.464
v 197.012 6.586 -195.711
f 64 63 62 61
f 57 58 62 61
f 58 59 63 62
f 59 60 64 63
f 60 57 61 64
v 169.043 3.579 -263.860
v 187.196 3.579 -251.843
v 181.157 3.579 -242.720
v 163.004 3.579 -254.737
v 169.043 7.479 -263.860
v 187.196 7.479 -251.843
v 181.157 7.479 -242.720
v 163.004 7.479 -254.737
f 72 71 70 69
f 65 66 70 69
f 66 67 71 70
f 67 68 72 71
f 68 65 69 72
v -111.265 1.468 -232.704
v -101.629 1.468 -247.192
v -88.615 1.468 -238.536
v -98.251 1.468 -224.048
v -111.265 5.368 -232.704
v -101.629 5.368 -247.192
v -88.615 5.368 -238.536
v -98.251 5.368 -224.048
f 80 79 78 77
f 73 74 78 77
f 74 75 79 78
f 75 76 80 79
f 76 73 77 80
v -190.797 1.082 119.389
v -104.286 1.082 107.239
v -100.023 1.082 137.591
v -186.534 1.082 149.741
v -190.797 7.382 119.389
v -104.286 7.382 107.239
v -100.023 7.382 137.591
v -186.534 7.382 149.741
f 88 87 86 85
f 81 82 86 85
f 82 83 87 86
f 83 84 88 87
f 84 81 85 88
v -235.619 0.944 162.796
v -127.714 0.944 145.831
v -124.681 0.944 165.124
v -232.586 0.944 182.089
v -235.619 7.244 162.796
v -127.714 7.244 145.831
v -124.681 7.244 165.124
v -232.586 7.244 182.089
f 96 95 94 93
f 89 90 94 93
f 90 91 95 94
f 91 92 96 95
f 92 89 93 96
v -270.822 1.067 192.753
v -160.662 1.067 174.576
v -157.618 1.067 193.027
v -267.778 1.067 211.204
v -270.822 7.367 192.753
v -160.662 7.367 174.576
v -157.618 7.367 193.027
v -267.778 7.367 211.204
f 104 103 102 101
f 97 98 102 101
f 98 99 103 102
f 99 100 104 103
f 100 97 101 104
v -305.658 1.059 220.489
v -197.330 1.059 203.256
v -194.102 1.059 223.551
v -302.430 1.059 240.784
v -305.658 7.359 220.489
v -197.330 7.359 203.256
v -194.102 7.359 223.551
v -302.430 7.359 240.784
f 112 111 110 109
f 105 106 110 109
f 106 107 111 110
f 107 108 112 111
f 108 105 109 112
v -47.905 1.118 3.274
v -18.690 1.118 20.900
v -24.775 1.118 30.986
v -53.990 1.118 13.360
v -47.905 7.418 3.274
v -18.690 7.418 20.900
v -24.775 7.418 30.986
v -53.990 7.418 13.360
f 120 119 118 117
f 113 114 118 117
f 114 115 119 118
f 115 116 120 119
f 116 113 117 120
v -40.017 1.453 -47.277
v -24.343 1.453 -48.922
v -22.603 1.453 -32.343
v -38.277 1.453 -30.698
v -40.017 7.753 -47.277
v -24.343 7.753 -48.922
v -22.603 7.753 -32.343
v -38.277 7.753 -30.698
f 128 127 126 125
f 121 122 126 125
f 122 123 127 126
f 123 124 128 127
f 124 121 125 128
v -71.865 1.193 97.235
v -66.504 1.193 123.738
v -79.295 1.193 126.325
v -84.656 1.193 99.822
v -71.865 5.093 97.235
v -66.504 5.093 123.738
v -79.295 5.093 126.325
v -84.656 5.093 99.822
f 136 135 134 133
f 129 130 134 133
f 130 131 135 134
f 131 132 136 135
f 132 129 133 136
v 52.040 0.845 81.844
v 79.416 0.845 101.991
v 72.760 0.845 111.036
v 45.384 0.845 90.889
v 52.040 4.745 81.844
v 79.416 4.745 101.991
v 72.760 4.745 111.036
v 45.384 4.745 90.889
f 144 143 142 141
f 137 138 142 141
f 138 139 143 142
f 139 140 144 143
f 140 137 141 144
v 38.575 0.817 131.357
v 67.553 0.817 150.555
v 61.505 0.817 159.683
v 32.527 0.817 140.485
v 38.575 4.717 131.357
v 67.553 4.717 150.555
v 61.505 4.717 159.683
v 32.527 4.717 140.485
f 152 151 150 149
f 145 146 150 149
f 146 147 151 150
f 147 148 152 151
f 148 145 149 152
v 23.703 0.921 111.384
v 42.312 0.921 124.139
v 36.557 0.921 132.536
v 17.948 0.921 119.781
v 23.703 4.821 111.384
v 42.312 4.821 124.139
v 36.557 4.821 132.536
v 17.948 4.821 119.781
f 160 159 158 157
f 153 154 158 157
f 154 155 159 158
f 155 156 160 159
f 156 153 157 160
v 6.652 0.933 86.888
v 25.067 0.933 99.607
v 19.248 0.933 108.032
v 0.833 0.933 95.313
v 6.652 4.833 86.888
v 25.067 4.833 99.607
v 19.248 4.833 108.032
v 0.833 4.833 95.313
f 168 167 166 165
f 161 162 166 165
f 162 163 167 166
f 163 164 168 167
f 164 161 165 168
v 98.080 0.735 65.179
v 115.615 0.735 60.573
v 120.120 0.735 77.721
v 102.585 0.735 82.327
v 98.080 4.635 65.179
v 115.615 4.635 60.573
v 120.120 4.635 77.721
v 102.585 4.635 82.327
f 176 175 174 173
f 169 170 174 173
f 170 171 175 174
f 171 172 176 175
f 172 169 173 176
v -42.535 1.130 -128.325
v -41.674 1.130 -144.121
v -27.625 1.130 -143.355
v -28.486 1.130 -127.559
v -42.535 5.030 -128.325
v -41.674 5.030 -144.121
v -27.625 5.030 -143.355
v -28.486 5.030 -127.559
f 184 183 182 181
f 177 178 182 181
f 178 179 183 182
f 179 180 184 183
f 180 177 181 184
v 113.551 1.072 63.451
v 122.163 1.072 52.010
v 133.109 1.072 60.249
v 124.497 1.072 71.690
v 113.551 4.972 63.451
v 122.163 4.972 52.010
v 133.109 4.972 60.249
v 124.497 4.972 71.690
f 192 191 190 189
f 185 186 190 189
f 186 187 191 190
f 187 188 192 191
f 188 185 189 192
v 125.962 0.596 133.495
v 147.864 0.596 132.399
v 148.818 0.596 151.465
v 126.916 0.596 152.561
v 125.962 4.496 133.495
v 147.864 4.496 132.399
v 148.818 4.496 151.465
v 126.916 4.496 152.561
f 200 199 198 197
f 193 194 198 197
f 194 195 199 198
f 195 196 200 199
f 196 193 197 200
v 135.689 0.627 160.089
v 160.735 0.627 168.776
v 154.591 0.627 186.491
v 129.545 0.627 177.804
v 135.689 4.527 160.089
v 160.735 4.527 168.776
v 154.591 4.527 186.491
v 129.545 4.527 177.804
f 208 207 206 205
f 201 202 206 205
f 202 203 207 206
f 203 204 208 207
f 204 201 205 208
v 158.650 0.831 204.397
v 158.670 0.831 182.187
v 177.910 0.831 182.203
v 177.890 0.831 204.413
v 158.650 4.731 204.397
v 158.670 4.731 182.187
v 177.910 4.731 182.203
v 177.890 4.731 204.413
f 216 215 214 213
f 209 210 214 213
f 210 211 215 214
f 211 212 216 215
f 212 209 213 216
v 182.863 0.791 184.479
v 205.268 0.791 169.591
v 216.957 0.791 187.181
v 194.552 0.791 202.069
v 182.863 4.691 184.479
v 205.268 4.691 169.591
v 216.957 4.691 187.181
v 194.552 4.691 202.069
f 224 223 222 221
f 217 218 222 221
f 218 219 223 222
f 219 220 224 223
f 220 217 221 224
v 236.004 0.750 174.106
v 237.521 0.750 196.234
v 217.976 0.750 197.574
v 216.459 0.750 175.446
v 236.004 4.650 174.106
v 237.521 4.650 196.234
v 217.976 4.650 197.574
v 216.459 4.650 175.446
f 232 231 230 229
f 225 226 230 229
f 226 227 231 230
f 227 228 232 231
f 228 225 229 232
v 151.006 0.709 97.192
v 186.859 0.709 110.999
v 177.814 0.709 134.488
v 141.961 0.709 120.681
v 151.006 6.509 97.192
v 186.859 6.509 110.999
v 177.814 6.509 134.488
v 141.961 6.509 120.681
f 240 239 238 237
f 233 234 238 237
f 234 235 239 238
f 235 236 240 239
f 236 233 237 240
v 134.850 1.008 42.599
v 146.081 1.008 49.477
v 139.710 1.008 59.881
v 128.479 1.008 53.003
v 134.850 4.908 42.599
v 146.081 4.908 49.477
v 139.710 4.908 59.881
v 128.479 4.908 53.003
f 248 247 246 245
f 241 242 246 245
f 242 243 247 246
f 243 244 248 247
f 244 241 245 248
v 142.779 1.574 55.388
v 154.567 1.574 58.164
v 151.881 1.574 69.572
v 140.093 1.574 66.796
v 142.779 5.474 55.388
v 154.567 5.474 58.164
v 151.881 5.474 69.572
v 140.093 5.474 66.796
f 256 255 254 253
f 249 250 254 253
f 250 251 255 254
f 251 252 256 255
f 252 249 253 256
v -181.151 1.111 68.442
v -158.759 1.111 35.430
v -148.869 1.111 42.138
v -171.261 1.111 75.150
v -181.151 5.011 68.442
v -158.759 5.011 35.430
v -148.869 5.011 42.138
v -171.261 5.011 75.150
f 264 263 262 261
f 257 258 262 261
f 258 259 263 262
f 259 260 264 263
f 260 257 261 264
v -4.095 1.241 171.552
v 9.307 1.241 151.715
v 20.635 1.241 159.368
v 7.233 1.241 179.205
v -4.095 5.141 171.552
v 9.307 5.141 151.715
v 20.635 5.141 159.368
v 7.233 5.141 179.205
f 272 271 270 269
f 265 266 270 269
f 266 267 271 270
f 267 268 272 271
f 268 265 269 272
v -25.906 1.210 140.375
v -9.976 1.210 121.369
v 1.926 1.210 131.345
v -14.004 1.210 150.351
v -25.906 5.110 140.375
v -9.976 5.110 121.369
v 1.926 5.110 131.345
v -14.004 5.110 150.351
f 280 279 278 277
f 273 274 278 277
f 274 275 279 278
f 275 276 280 279
f 276 273 277 280
v -15.023 1.067 106.498
v -11.554 1.067 126.012
v -29.277 1.067 129.162
v -32.746 1.067 109.648
v -15.023 4.967 106.498
v -11.554 4.967 126.012
v -29.277 4.967 129.162
v -32.746 4.967 109.648
f 288 287 286 285
f 281 282 286 285
f 282 283 287 286
f 283 284 288 287
f 284 281 285 288
v -77.473 1.275 138.114
v -50.828 1.275 130.011
v -46.287 1.275 144.946
v -72.932 1.275 153.049
v -77.473 5.175 138.114
v -50.828 5.175 130.011
v -46.287 5.175 144.946
v -72.932 5.175 153.049
f 296 295 294 293
f 289 290 294 293
f 290 291 295 294
f 291 292 296 295
f 292 289 293 296
v -58.960 1.253 185.364
v -43.553 1.253 163.070
v -32.200 1.253 170.916
v -47.607 1.253 193.210
v -58.960 10.553 185.364
v -43.553 10.553 163.070
v -32.200 10.553 170.916
v -47.607 10.553 193.210
f 304 303 302 301
f 297 298 302 301
f 298 299 303 302
f 299 300 304 303
f 300 297 301 304
v -91.178 1.077 168.512
v -69.149 1.077 184.158
v -77.082 1.077 195.328
v -99.111 1.077 179.682
v -91.178 10.377 168.512
v -69.149 10.377 184.158
v -77.082 10.377 195.328
v -99.111 10.377 179.682
f 312 311 310 309
f 305 306 310 309
f 306 307 311 310
f 307 308 312 311
f 308 305 309 312
v -122.883 1.097 187.612
v -100.868 1.097 203.278
v -108.817 1.097 214.448
v -130.832 1.097 198.782
v -122.883 10.397 187.612
v -100.868 10.397 203.278
v -108.817 10.397 214.448
v -130.832 10.397 198.782
f 320 319 318 317
f 313 314 318 317
f 314 315 319 318
f 315 316 320 319
f 316 313 317 320
v -155.698 1.107 212.308
v -133.468 1.107 227.686
v -141.262 1.107 238.952
v -163.492 1.107 223.574
v -155.698 10.407 212.308
v -133.468 10.407 227.686
v -141.262 10.407 238.952
v -163.492 10.407 223.574
f 328 327 326 325
f 321 322 326 325
f 322 323 327 326
f 323 324 328 327
f 324 321 325 328
v -76.464 0.965 244.405
v -55.581 0.965 232.617
v -48.876 0.965 244.495
v -69.759 0.965 256.283
v -76.464 10.265 244.405
v -55.581 10.265 232.617
v -48.876 10.265 244.495
v -69.759 10.265 256.283
f 336 335 334 333
f 329 330 334 333
f 330 331 335 334
f 331 332 336 335
f 332 329 333 336
v -82.223 1.130 204.227
v -59.968 1.130 219.549
v -67.737 1.130 230.833
v -89.992 1.130 215.511
v -82.223 10.430 204.227
v -59.968 10.430 219.549
v -67.737 10.430 230.833
v -89.992 10.430 215.511
f 344 343 342 341
f 337 338 342 341
f 338 339 343 342
f 339 340 344 343
f 340 337 341 344
v -32.591 1.242 182.215
v -10.117 1.242 197.234
v -17.729 1.242 208.625
v -40.203 1.242 193.606
v -32.591 10.542 182.215
v -10.117 10.542 197.234
v -17.729 10.542 208.625
v -40.203 10.542 193.606
f 352 351 350 349
f 345 346 350 349
f 346 347 351 350
f 347 348 352 351
f 348 345 349 352
v 17.574 1.241 239.898
v 49.826 1.241 249.215
v 44.006 1.241 269.362
v 11.754 1.241 260.045
v 17.574 5.141 239.898
v 49.826 5.141 249.215
v 44.006 5.141 269.362
v 11.754 5.141 260.045
f 360 359 358 357
f 353 354 358 357
f 354 355 359 358
f 355 356 360 359
f 356 353 357 360
v -13.109 1.116 256.557
v 0.999 1.116 230.752
v 15.029 1.116 238.423
v 0.921 1.116 264.228
v -13.109 5.016 256.557
v 0.999 5.016 230.752
v 15.029 5.016 238.423
v 0.921 5.016 264.228
f 368 367 366 365
f 361 362 366 365
f 362 363 367 366
f 363 364 368 367
f 364 361 365 368
v 14.722 1.199 210.978
v 36.198 1.199 186.691
v 50.798 1.199 199.602
v 29.322 1.199 223.889
v 14.722 5.099 210.978
v 36.198 5.099 186.691
v 50.798 5.099 199.602
v 29.322 5.099 223.889
f 376 375 374 373
f 369 370 374 373
f 370 371 375 374
f 371 372 376 375
f 372 369 373 376
v 61.153 1.182 216.850
v 63.801 1.182 247.716
v 45.687 1.182 249.270
v 43.039 1.182 218.404
v 61.153 5.082 216.850
v 63.801 5.082 247.716
v 45.687 5.082 249.270
v 43.039 5.082 218.404
f 384 383 382 381
f 377 378 382 381
f 378 379 383 382
f 379 380 384 383
f 380 377 381 384
v 124.041 1.090 220.176
v 153.749 1.090 236.170
v 144.879 1.090 252.644
v 115.171 1.090 236.650
v 124.041 4.990 220.176
v 153.749 4.990 236.170
v 144.879 4.990 252.644
v 115.171 4.990 236.650
f 392 391 390 389
f 385 386 390 389
f 386 387 391 390
f 387 388 392 391
f 388 385 389 392
v 203.546 0.706 108.216
v 214.337 0.706 126.581
v 199.594 0.706 135.244
v 188.803 0.706 116.879
v 203.546 4.606 108.216
v 214.337 4.606 126.581
v 199.594 4.606 135.244
v 188.803 4.606 116.879
f 400 399 398 397
f 393 394 398 397
f 394 395 399 398
f 395 396 400 399
f 396 393 397 400
v 207.243 0.843 131.661
v 232.799 0.843 134.279
v 230.857 0.843 153.239
v 205.301 0.843 150.621
v 207.243 4.743 131.661
v 232.799 4.743 134.279
v 230.857 4.743 153.239
v 205.301 4.743 150.621
f 408 407 406 405
f 401 402 406 405
f 402 403 407 406
f 403 404 408 407
f 404 401 405 408
v 129.560 0.852 86.964
v 137.579 0.852 75.415
v 148.380 0.852 82.916
v 140.361 0.852 94.465
v 129.560 4.752 86.964
v 137.579 4.752 75.415
v 148.380 4.752 82.916
v 140.361 4.752 94.465
f 416 415 414 413
f 409 410 414 413
f 410 411 415 414
f 411 412 416 415
f 412 409 413 416
v 152.678 1.047 67.285
v 163.049 1.047 75.532
v 155.382 1.047 85.175
v 145.011 1.047 76.928
v 152.678 4.947 67.285
v 163.049 4.947 75.532
v 155.382 4.947 85.175
v 145.011 4.947 76.928
f 424 423 422 421
f 417 418 422 421
f 418 419 423 422
f 419 420 424 423
f 420 417 421 424
v 166.963 0.793 57.620
v 177.332 0.793 65.916
v 169.617 0.793 75.560
v 159.248 0.793 67.264
v 166.963 4.693 57.620
v 177.332 4.693 65.916
v 169.617 4.693 75.560
v 159.248 4.693 67.264
f 432 431 430 429
f 425 426 430 429
f 426 427 431 430
f 427 428 432 431
f 428 425 429 432
v 152.144 0.879 31.544
v 162.016 0.879 42.810
v 151.396 0.879 52.116
v 141.524 0.879 40.850
v 152.144 4.779 31.544
v 162.016 4.779 42.810
v 151.396 4.779 52.116
v 141.524 4.779 40.850
f 440 439 438 437
f 433 434 438 437
f 434 435 439 438
f 435 436 440 439
f 436 433 437 440
v 151.508 1.270 55.514
v 158.775 1.270 44.892
v 168.852 1.270 51.786
v 161.585 1.270 62.408
v 151.508 5.170 55.514
v 158.775 5.170 44.892
v 168.852 5.170 51.786
v 161.585 5.170 62.408
f 448 447 446 445
f 441 442 446 445
f 442 443 447 446
f 443 444 448 447
f 444 441 445 448
v 150.445 0.783 0.101
v 156.653 0.783 -8.030
v 164.235 0.783 -2.241
v 158.027 0.783 5.890
v 150.445 4.683 0.101
v 156.653 4.683 -8.030
v 164.235 4.683 -2.241
v 158.027 4.683 5.890
f 456 455 454 453
f 449 450 454 453
f 450 451 455 454
f 451 452 456 455
f 452 449 453 456
v 141.977 0.816 -31.616
v 156.994 0.816 -22.808
v 152.663 0.816 -15.424
v 137.646 0.816 -24.232
v 141.977 4.716 -31.616
v 156.994 4.716 -22.808
v 152.663 4.716 -15.424
v 137.646 4.716 -24.232
f 464 463 462 461
f 457 458 462 461
f 458 459 463 462
f 459 460 464 463
f 460 457 461 464
v 181.115 1.244 -69.864
v 189.940 1.244 -65.056
v 185.385 1.244 -56.696
v 176.560 1.244 -61.504
v 181.115 5.144 -69.864
v 189.940 5.144 -65.056
v 185.385 5.144 -56.696
v 176.560 5.144 -61.504
f 472 471 470 469
f 465 466 470 469
f 466 467 471 470
f 467 468 472 471
f 468 465 469 472
v 188.755 1.575 -61.126
v 197.265 1.575 -74.044
v 204.505 1.575 -69.274
v 195.995 1.575 -56.356
v 188.755 5.475 -61.126
v 197.265 5.475 -74.044
v 204.505 5.475 -69.274
v 195.995 5.475 -56.356
f 480 479 478 477
f 473 474 478 477
f 474 475 479 478
f 475 476 480 479
f 476 473 477 480
v 181.631 1.055 -48.932
v 187.478 1.055 -57.314
v 194.769 1.055 -52.228
v 188.922 1.055 -43.846
v 181.631 4.955 -48.932
v 187.478 4.955 -57.314
v 194.769 4.955 -52.228
v 188.922 4.955 -43.846
f 488 487 486 485
f 481 482 486 485
f 482 483 487 486
f 483 484 488 487
f 484 481 485 488
v 201.567 0.833 -37.354
v 209.636 0.833 -30.070
v 206.293 0.833 -26.366
v 198.224 0.833 -33.650
v 201.567 4.733 -37.354
v 209.636 4.733 -30.070
v 206.293 4.733 -26.366
v 198.224 4.733 -33.650
f 496 495 494 493
f 489 490 494 493
f 490 491 495 494
f 491 492 496 495
f 492 489 493 496
v 247.286 0.913 -60.158
v 253.453 0.913 -68.470
v 259.934 0.913 -63.662
v 253.767 0.913 -55.350
v 247.286 4.813 -60.158
v 253.453 4.813 -68.470
v 259.934 4.813 -63.662
v 253.767 4.813 -55.350
f 504 503 502 501
f 497 498 502 501
f 498 499 503 502
f 499 500 504 503
f 500 497 501 504
v 229.355 1.258 -13.755
v 238.209 1.258 -26.938
v 243.945 1.258 -23.085
v 235.091 1.258 -9.902
v 229.355 5.158 -13.755
v 238.209 5.158 -26.938
v 243.945 5.158 -23.085
v 235.091 5.158 -9.902
f 512 511 510 509
f 505 506 510 509
f 506 507 511 510
f 507 508 512 511
f 508 505 509 512
v 219.253 0.775 -9.535
v 229.145 0.775 -3.399
v 226.667 0.775 0.595
v 216.775 0.775 -5.541
v 219.253 4.675 -9.535
v 229.145 4.675 -3.399
v 226.667 4.675 0.595
v 216.775 4.675 -5.541
f 520 519 518 517
f 513 514 518 517
f 514 515 519 518
f 515 516 520 519
f 516 513 517 520
v 247.151 0.724 47.306
v 254.306 0.724 35.413
v 264.049 0.724 41.274
v 256.894 0.724 53.167
v 247.151 4.624 47.306
v 254.306 4.624 35.413
v 264.049 4.624 41.274
v 256.894 4.624 53.167
f 528 527 526 525
f 521 522 526 525
f 522 523 527 526
f 523 524 528 527
f 524 521 525 528
v 239.940 0.802 20.305
v 243.790 0.802 8.109
v 253.060 0.802 11.035
v 249.210 0.802 23.231
v 239.940 4.702 20.305
v 243.790 4.702 8.109
v 253.060 4.702 11.035
v 249.210 4.702 23.231
f 536 535 534 533
f 529 530 534 533
f 530 531 535 534
f 531 532 536 535
f 532 529 533 536
v 248.353 0.818 13.672
v 254.331 0.818 3.556
v 259.867 0.818 6.828
v 253.889 0.818 16.944
v 248.353 4.718 13.672
v 254.331 4.718 3.556
v 259.867 4.718 6.828
v 253.889 4.718 16.944
f 544 543 542 541
f 537 538 542 541
f 538 539 543 542
f 539 540 544 543
f 540 537 541 544
v 234.616 0.863 4.452
v 245.939 0.863 14.903
v 237.664 0.863 23.868
v 226.341 0.863 13.417
v 234.616 4.763 4.452
v 245.939 4.763 14.903
v 237.664 4.763 23.868
v 226.341 4.763 13.417
f 552 551 550 549
f 545 546 550 549
f 546 547 551 550
f 547 548 552 551
f 548 545 549 552
v 161.146 1.020 -35.717
v 166.757 1.020 -42.830
v 172.394 1.020 -38.383
v 166.783 1.020 -31.270
v 161.146 4.920 -35.717
v 166.757 4.920 -42.830
v 172.394 4.920 -38.383
v 166.783 4.920 -31.270
f 560 559 558 557
f 553 554 558 557
f 554 555 559 558
f 555 556 560 559
f 556 553 557 560
v -31.479 1.639 -189.616
v -20.495 1.639 -196.031
v -14.721 1.639 -186.144
v -25.705 1.639 -179.729
v -31.479 5.539 -189.616
v -20.495 5.539 -196.031
v -14.721 5.539 -186.144
v -25.705 5.539 -179.729
f 568 567 566 565
f 561 562 566 565
f 562 563 567 566
f 563 564 568 567
f 564 561 565 568
v 239.856 3.072 -233.392
v 256.142 3.072 -222.379
v 251.184 3.072 -215.048
v 234.898 3.072 -226.061
v 239.856 6.972 -233.392
v 256.142 6.972 -222.379
v 251.184 6.972 -215.048
v 234.898 6.972 -226.061
f 576 575 574 573
f 569 570 574 573
f 570 571 575 574
f 571 572 576 575
f 572 569 573 576
v -54.706 1.169 -170.317
v -42.832 1.169 -162.278
v -46.174 1.169 -157.343
v -58.048 1.169 -165.382
v -54.706 5.069 -170.317
v -42.832 5.069 -162.278
v -46.174 5.069 -157.343
v -58.048 5.069 -165.382
f 584 583 582 581
f 577 578 582 581
f 578 579 583 582
f 579 580 584 583
f 580 577 581 584
v -60.759 1.967 -218.522
v -57.610 1.967 -222.835
v -54.081 1.967 -220.258
v -57.230 1.967 -215.945
v -60.759 5.867 -218.522
v -57.610 5.867 -222.835
v -54.081 5.867 -220.258
v -57.230 5.867 -215.945
f 592 591 590 589
f 585 586 590 589
f 586 587 591 590
f 587 588 592 591
f 588 585 589 592
v 176.402 1.009 6.328
v 200.054 1.009 22.266
v 193.918 1.009 31.372
v 170.266 1.009 15.434
v 176.402 4.909 6.328
v 200.054 4.909 22.266
v 193.918 4.909 31.372
v 170.266 4.909 15.434
f 600 599 598 597
f 593 594 598 597
f 594 595 599 598
f 595 596 600 599
f 596 593 597 600
v 191.873 0.960 31.177
v 216.940 0.960 48.692
v 211.287 0.960 56.783
v 186.220 0.960 39.268
v 191.873 4.860 31.177
v 216.940 4.860 48.692
v 211.287 4.860 56.783
v 186.220 4.860 39.268
f 608 607 606 605
f 601 602 606 605
f 602 603 607 606
f 603 604 608 607
f 604 601 605 608
v -28.899 1.018 34.505
v -10.481 1.018 47.201
v -16.281 1.018 55.615
v -34.699 1.018 42.919
v -28.899 4.918 34.505
v -10.481 4.918 47.201
v -16.281 4.918 55.615
v -34.699 4.918 42.919
f 616 615 614 613
f 609 610 614 613
f 610 611 615 614
f 611 612 616 615
f 612 609 613 616
v -11.806 1.022 59.354
v 6.802 1.022 72.109
v 1.046 1.022 80.506
v -17.562 1.022 67.751
v -11.806 4.922 59.354
v 6.802 4.922 72.109
v 1.046 4.922 80.506
v -17.562 4.922 67.751
f 624 623 622 621
f 617 618 622 621
f 618 619 623 622
f 619 620 624 623
f 620 617 621 624
v 16.343 1.002 29.167
v 43.753 1.002 49.250
v 37.157 1.002 58.253
v 9.747 1.002 38.170
v 16.343 4.902 29.167
v 43.753 4.902 49.250
v 37.157 4.902 58.253
v 9.747 4.902 38.170
f 632 631 630 629
f 625 626 630 629
f 626 627 631 630
f 627 628 632 631
f 628 625 629 632
v -12.100 1.041 -20.843
v 15.890 1.041 -2.021
v 10.360 1.041 6.203
v -17.630 1.041 -12.619
v -12.100 4.941 -20.843
v 15.890 4.941 -2.021
v 10.360 4.941 6.203
v -17.630 4.941 -12.619
f 640 639 638 637
f 633 634 638 637
f 634 635 639 638
f 635 636 640 639
f 636 633 637 640
v 2.115 0.932 10.875
v 31.254 0.932 28.549
v 25.445 0.932 38.125
v -3.694 0.932 20.451
v 2.115 4.832 10.875
v 31.254 4.832 28.549
v 25.445 4.832 38.125
v -3.694 4.832 20.451
f 648 647 646 645
f 641 642 646 645
f 642 643 647 646
f 643 644 648 647
f 644 641 645 648
v 37.674 0.840 63.549
v 66.814 0.840 81.203
v 61.006 0.840 90.791
v 31.866 0.840 73.137
v 37.674 4.740 63.549
v 66.814 4.740 81.203
v 61.006 4.740 90.791
v 31.866 4.740 73.137
f 656 655 654 653
f 649 650 654 653
f 650 651 655 654
f 651 652 656 655
f 652 649 653 656
v 74.522 0.794 108.213
v 103.690 0.794 125.858
v 97.878 0.794 135.467
v 68.710 0.794 117.822
v 74.522 4.694 108.213
v 103.690 4.694 125.858
v 97.878 4.694 135.467
v 68.710 4.694 117.822
f 664 663 662 661
f 657 658 662 661
f 658 659 663 662
f 659 660 664 663
f 660 657 661 664
v 119.524 0.686 84.485
v 134.666 0.686 89.137
v 129.856 0.686 104.795
v 114.714 0.686 100.143
v 119.524 4.586 84.485
v 134.666 4.586 89.137
v 129.856 4.586 104.795
v 114.714 4.586 100.143
f 672 671 670 669
f 665 666 670 669
f 666 667 671 670
f 667 668 672 671
f 668 665 669 672
v 115.352 0.698 76.327
v 125.226 0.698 83.005
v 121.108 0.698 89.093
v 111.234 0.698 82.415
v 115.352 4.598 76.327
v 125.226 4.598 83.005
v 121.108 4.598 89.093
v 111.234 4.598 82.415
f 680 679 678 677
f 673 674 678 677
f 674 675 679 678
f 675 676 680 679
f 676 673 677 680
v 135.733 1.475 65.113
v 141.488 1.475 70.481
v 136.427 1.475 75.907
v 130.672 1.475 70.539
v 135.733 5.375 65.113
v 141.488 5.375 70.481
v 136.427 5.375 75.907
v 130.672 5.375 70.539
f 688 687 686 685
f 681 682 686 685
f 682 683 687 686
f 683 684 688 687
f 684 681 685 688
v 96.332 1.016 198.155
v 104.678 1.016 166.735
v 120.828 1.016 171.025
v 112.482 1.016 202.445
v 96.332 4.916 198.155
v 104.678 4.916 166.735
v 120.828 4.916 171.025
v 112.482 4.916 202.445
f 696 695 694 693
f 689 690 694 693
f 690 691 695 694
f 691 692 696 695
f 692 689 693 696
v 70.124 0.949 185.204
v 78.477 0.949 153.785
v 94.616 0.949 158.076
v 86.263 0.949 189.495
v 70.124 4.849 185.204
v 78.477 4.849 153.785
v 94.616 4.849 158.076
v 86.263 4.849 189.495
f 704 703 702 701
f 697 698 702 701
f 698 699 703 702
f 699 700 704 703
f 700 697 701 704
v -136.698 1.109 -92.088
v -133.644 1.109 -96.420
v -129.802 1.109 -93.712
v -132.856 1.109 -89.380
v -136.698 5.009 -92.088
v -133.644 5.009 -96.420
v -129.802 5.009 -93.712
v -132.856 5.009 -89.380
f 712 711 710 709
f 705 706 710 709
f 706 707 711 710
f 707 708 712 711
f 708 705 709 712
v -23.473 1.401 -36.105
v -12.126 1.401 -28.681
v -17.507 1.401 -20.455
v -28.854 1.401 -27.879
v -23.473 5.301 -36.105
v -12.126 5.301 -28.681
v -17.507 5.301 -20.455
v -28.854 5.301 -27.879
f 720 719 718 717
f 713 714 718 717
f 714 715 719 718
f 715 716 720 719
f 716 713 717 720
v -40.647 1.431 -59.431
v -29.688 1.431 -52.855
v -35.693 1.431 -42.849
v -46.652 1.431 -49.425
v -40.647 5.331 -59.431
v -29.688 5.331 -52.855
v -35.693 5.331 -42.849
v -46.652 5.331 -49.425
f 728 727 726 725
f 721 722 726 725
f 722 723 727 726
f 723 724 728 727
f 724 721 725 728
v -26.009 1.176 -73.818
v -11.213 1.176 -59.774
v -21.911 1.176 -48.502
v -36.707 1.176 -62.546
v -26.009 5.076 -73.818
v -11.213 5.076 -59.774
v -21.911 5.076 -48.502
v -36.707 5.076 -62.546
f 736 735 734 733
f 729 730 734 733
f 730 731 735 734
f 731 732 736 735
f 732 729 733 736
v -60.316 1.428 -39.150
v -45.939 1.428 -24.312
v -57.624 1.428 -12.990
v -72.001 1.428 -27.828
v -60.316 5.328 -39.150
v -45.939 5.328 -24.312
v -57.624 5.328 -12.990
v -72.001 5.328 -27.828
f 744 743 742 741
f 737 738 742 741
f 738 739 743 742
f 739 740 744 743
f 740 737 741 744
v -55.732 1.643 -22.006
v -35.345 1.643 -14.933
v -40.868 1.643 0.986
v -61.255 1.643 -6.087
v -55.732 5.543 -22.006
v -35.345 5.543 -14.933
v -40.868 5.543 0.986
v -61.255 5.543 -6.087
f 752 751 750 749
f 745 746 750 749
f 746 747 751 750
f 747 748 752 751
f 748 745 749 752
v -109.377 1.309 -79.439
v -89.634 1.309 -72.371
v -95.223 1.309 -56.761
v -114.966 1.309 -63.829
v -109.377 5.209 -79.439
v -89.634 5.209 -72.371
v -95.223 5.209 -56.761
v -114.966 5.209 -63.829
f 760 759 758 757
f 753 754 758 757
f 754 755 759 758
f 755 756 760 759
f 756 753 757 760
v -84.959 1.281 1.824
v -69.057 1.281 -24.109
v -57.241 1.281 -16.864
v -73.143 1.281 9.069
v -84.959 5.181 1.824
v -69.057 5.181 -24.109
v -57.241 5.181 -16.864
v -73.143 5.181 9.069
f 768 767 766 765
f 761 762 766 765
f 762 763 767 766
f 763 764 768 767
f 764 761 765 768
v 77.764 0.806 45.195
v 85.995 0.806 32.679
v 93.456 0.806 37.585
v 85.225 0.806 50.101
v 77.764 4.706 45.195
v 85.995 4.706 32.679
v 93.456 4.706 37.585
v 85.225 4.706 50.101
f 776 775 774 773
f 769 770 774 773
f 770 771 775 774
f 771 772 776 775
f 772 769 773 776
v 246.306 0.672 1.380
v 249.019 0.672 -2.867
v 252.474 0.672 -0.660
v 249.761 0.672 3.587
v 246.306 4.572 1.380
v 249.019 4.572 -2.867
v 252.474 4.572 -0.660
v 249.761 4.572 3.587
f 784 783 782 781
f 777 778 782 781
f 778 779 783 782
f 779 780 784 783
f 780 777 781 784
v 227.309 0.842 -0.668
v 234.796 0.842 4.217
v 230.731 0.842 10.448
v 223.244 0.842 5.563
v 227.309 4.742 -0.668
v 234.796 4.742 4.217
v 230.731 4.742 10.448
v 223.244 4.742 5.563
f 792 791 790 789
f 785 786 790 789
f 786 787 791 790
f 787 788 792 791
f 788 785 789 792
v 224.871 0.976 -9.287
v 231.599 0.976 -19.621
v 235.789 0.976 -16.893
v 229.061 0.976 -6.559
v 224.871 4.876 -9.287
v 231.599 4.876 -19.621
v 235.789 4.876 -16.893
v 229.061 4.876 -6.559
f 800 799 798 797
f 793 794 798 797
f 794 795 799 798
f 795 796 800 799
f 796 793 797 800
v 244.736 0.954 -9.380
v 250.975 0.954 -17.998
v 254.564 0.954 -15.400
v 248.325 0.954 -6.782
v 244.736 4.854 -9.380
v 250.975 4.854 -17.998
v 254.564 4.854 -15.400
v 248.325 4.854 -6.782
f 808 807 806 805
f 801 802 806 805
f 802 803 807 806
f 803 804 808 807
f 804 801 805 808
v 239.355 1.029 -21.279
v 250.656 1.029 -35.597
v 259.165 1.029 -28.881
v 247.864 1.029 -14.563
v 239.355 4.929 -21.279
v 250.656 4.929 -35.597
v 259.165 4.929 -28.881
v 247.864 4.929 -14.563
f 816 815 814 813
f 809 810 814 813
f 810 811 815 814
f 811 812 816 815
f 812 809 813 816
v 230.234 2.103 -161.696
v 241.144 2.103 -177.895
v 250.426 2.103 -171.644
v 239.516 2.103 -155.445
v 230.234 6.003 -161.696
v 241.144 6.003 -177.895
v 250.426 6.003 -171.644
v 239.516 6.003 -155.445
f 824 823 822 821
f 817 818 822 821
f 818 819 823 822
f 819 820 824 823
f 820 817 821 824
v 222.245 1.927 -158.217
v 232.170 1.927 -172.363
v 238.555 1.927 -167.883
v 228.630 1.927 -153.737
v 222.245 5.827 -158.217
v 232.170 5.827 -172.363
v 238.555 5.827 -167.883
v 228.630 5.827 -153.737
f 832 831 830 829
f 825 826 830 829
f 826 827 831 830
f 827 828 832 831
f 828 825 829 832
v 250.602 1.777 -158.469
v 260.667 1.777 -152.046
v 256.918 1.777 -146.171
v 246.853 1.777 -152.594
v 250.602 5.677 -158.469
v 260.667 5.677 -152.046
v 256.918 5.677 -146.171
v 246.853 5.677 -152.594
f 840 839 838 837
f 833 834 838 837
f 834 835 839 838
f 835 836 840 839
f 836 833 837 840
v 231.720 1.402 -128.274
v 243.132 1.402 -146.034
v 249.400 1.402 -142.006
v 237.988 1.402 -124.246
v 231.720 5.302 -128.274
v 243.132 5.302 -146.034
v 249.400 5.302 -142.006
v 237.988 5.302 -124.246
f 848 847 846 845
f 841 842 846 845
f 842 843 847 846
f 843 844 848 847
f 844 841 845 848
v 221.240 1.400 -122.877
v 230.910 1.400 -136.639
v 242.660 1.400 -128.383
v 232.990 1.400 -114.621
v 221.240 5.300 -122.877
v 230.910 5.300 -136.639
v 242.660 5.300 -128.383
v 232.990 5.300 -114.621
f 856 855 854 853
f 849 850 854 853
f 850 851 855 854
f 851 852 856 855
f 852 849 853 856
v 213.758 1.225 -114.875
v 221.245 1.225 -127.873
v 228.342 1.225 -123.785
v 220.855 1.225 -110.787
v 213.758 5.125 -114.875
v 221.245 5.125 -127.873
v 228.342 5.125 -123.785
v 220.855 5.125 -110.787
f 864 863 862 861
f 857 858 862 861
f 858 859 863 862
f 859 860 864 863
f 860 857 861 864
v 211.347 1.395 -108.430
v 218.742 1.395 -121.018
v 222.433 1.395 -118.850
v 215.038 1.395 -106.262
v 211.347 5.295 -108.430
v 218.742 5.295 -121.018
v 222.433 5.295 -118.850
v 215.038 5.295 -106.262
f 872 871 870 869
f 865 866 870 869
f 866 867 871 870
f 867 868 872 871
f 868 865 869 872
v 196.438 1.343 -105.860
v 207.988 1.343 -123.183
v 216.242 1.343 -117.680
v 204.692 1.343 -100.357
v 196.438 5.243 -105.860
v 207.988 5.243 -123.183
v 216.242 5.243 -117.680
v 204.692 5.243 -100.357
f 880 879 878 877
f 873 874 878 877
f 874 875 879 878
f 875 876 880 879
f 876 873 877 880
v 191.452 1.413 -98.156
v 200.734 1.413 -111.942
v 207.088 1.413 -107.664
v 197.806 1.413 -93.878
v 191.452 5.313 -98.156
v 200.734 5.313 -111.942
v 207.088 5.313 -107.664
v 197.806 5.313 -93.878
f 888 887 886 885
f 881 882 886 885
f 882 883 887 886
f 883 884 888 887
f 884 881 885 888
v 180.568 1.549 -96.278
v 186.585 1.549 -116.126
v 198.212 1.549 -112.602
v 192.195 1.549 -92.754
v 180.568 5.449 -96.278
v 186.585 5.449 -116.126
v 198.212 5.449 -112.602
v 192.195 5.449 -92.754
f 896 895 894 893
f 889 890 894 893
f 890 891 895 894
f 891 892 896 895
f 892 889 893 896
v 169.666 1.336 -89.418
v 181.124 1.336 -103.430
v 192.434 1.336 -94.182
v 180.976 1.336 -80.170
v 169.666 5.236 -89.418
v 181.124 5.236 -103.430
v 192.434 5.236 -94.182
v 180.976 5.236 -80.170
f 904 903 902 901
f 897 898 902 901
f 898 899 903 902
f 899 900 904 903
f 900 897 901 904
v 169.175 1.281 -88.282
v 180.382 1.281 -80.127
v 174.045 1.281 -71.418
v 162.838 1.281 -79.573
v 169.175 5.181 -88.282
v 180.382 5.181 -80.127
v 174.045 5.181 -71.418
v 162.838 5.181 -79.573
f 912 911 910 909
f 905 906 910 909
f 906 907 911 910
f 907 908 912 911
f 908 905 909 912
v 158.486 1.351 -96.512
v 171.135 1.351 -93.067
v 168.434 1.351 -83.148
v 155.785 1.351 -86.593
v 158.486 5.251 -96.512
v 171.135 5.251 -93.067
v 168.434 5.251 -83.148
v 155.785 5.251 -86.593
f 920 919 918 917
f 913 914 918 917
f 914 915 919 918
f 915 916 920 919
f 916 913 917 920
v 153.398 1.630 -122.457
v 155.567 1.630 -103.017
v 140.382 1.630 -101.323
v 138.213 1.630 -120.763
v 153.398 5.530 -122.457
v 155.567 5.530 -103.017
v 140.382 5.530 -101.323
v 138.213 5.530 -120.763
f 928 927 926 925
f 921 922 926 925
f 922 923 927 926
f 923 924 928 927
f 924 921 925 928
v 154.342 1.508 -102.104
v 162.484 1.508 -97.610
v 159.318 1.508 -91.876
v 151.176 1.508 -96.370
v 154.342 5.408 -102.104
v 162.484 5.408 -97.610
v 159.318 5.408 -91.876
v 151.176 5.408 -96.370
f 936 935 934 933
f 929 930 934 933
f 930 931 935 934
f 931 932 936 935
f 932 929 933 936
v 154.515 1.478 -114.269
v 160.035 1.478 -124.095
v 165.205 1.478 -121.191
v 159.685 1.478 -111.365
v 154.515 5.378 -114.269
v 160.035 5.378 -124.095
v 165.205 5.378 -121.191
v 159.685 5.378 -111.365
f 944 943 942 941
f 937 938 942 941
f 938 939 943 942
f 939 940 944 943
f 940 937 941 944
v 159.390 1.391 -113.938
v 169.517 1.391 -131.103
v 175.890 1.391 -127.342
v 165.763 1.391 -110.177
v 159.390 5.291 -113.938
v 169.517 5.291 -131.103
v 175.890 5.291 -127.342
v 165.763 5.291 -110.177
f 952 951 950 949
f 945 946 950 949
f 946 947 951 950
f 947 948 952 951
f 948 945 949 952
v 165.918 1.600 -119.392
v 177.123 1.600 -140.751
v 190.282 1.600 -133.848
v 179.077 1.600 -112.489
v 165.918 5.500 -119.392
v 177.123 5.500 -140.751
v 190.282 5.500 -133.848
v 179.077 5.500 -112.489
f 960 959 958 957
f 953 954 958 957
f 954 955 959 958
f 955 956 960 959
f 956 953 957 960
v 183.936 1.700 -135.877
v 189.891 1.700 -144.910
v 194.484 1.700 -141.883
v 188.529 1.700 -132.850
v 183.936 5.600 -135.877
v 189.891 5.600 -144.910
v 194.484 5.600 -141.883
v 188.529 5.600 -132.850
f 968 967 966 965
f 961 962 966 965
f 962 963 967 966
f 963 964 968 967
f 964 961 965 968
v 198.490 1.808 -144.366
v 207.345 1.808 -156.977
v 214.670 1.808 -151.834
v 205.815 1.808 -139.223
v 198.490 5.708 -144.366
v 207.345 5.708 -156.977
v 214.670 5.708 -151.834
v 205.815 5.708 -139.223
f 976 975 974 973
f 969 970 974 973
f 970 971 975 974
f 971 972 976 975
f 972 969 973 976
v 209.344 1.809 -151.042
v 217.605 1.809 -162.946
v 225.656 1.809 -157.358
v 217.395 1.809 -145.454
v 209.344 5.709 -151.042
v 217.605 5.709 -162.946
v 225.656 5.709 -157.358
v 217.395 5.709 -145.454
f 984 983 982 981
f 977 978 982 981
f 978 979 983 982
f 979 980 984 983
f 980 977 981 984
v -163.209 1.215 -185.794
v -119.044 1.215 -224.930
v -85.651 1.215 -187.246
v -129.816 1.215 -148.110
v -163.209 9.515 -185.794
v -119.044 9.515 -224.930
v -85.651 9.515 -187.246
v -129.816 9.515 -148.110
f 992 991 990 989
f 985 986 990 989
f 986 987 991 990
f 987 988 992 991
f 988 985 989 992
v -197.379 1.232 -170.942
v -144.248 1.232 -200.687
v -119.061 1.232 -155.698
v -172.192 1.232 -125.953
v -197.379 9.532 -170.942
v -144.248 9.532 -200.687
v -119.061 9.532 -155.698
v -172.192 9.532 -125.953
f 1000 999 998 997
f 993 994 998 997
f 994 995 999 998
f 995 996 1000 999
f 996 993 997 1000
v 225.734 3.427 -249.565
v 236.734 3.427 -242.507
v 232.786 3.427 -236.355
v 221.786 3.427 -243.413
v 225.734 7.327 -249.565
v 236.734 7.327 -242.507
v 232.786 7.327 -236.355
v 221.786 7.327 -243.413
f 1008 1007 1006 1005
f 1001 1002 1006 1005
f 1002 1003 1007 1006
f 1003 1004 1008 1007
f 1004 1001 1005 1008
v 232.263 3.575 -246.005
v 251.001 3.575 -234.269
v 246.457 3.575 -227.015
v 227.719 3.575 -238.751
v 232.263 7.475 -246.005
v 251.001 7.475 -234.269
v 246.457 7.475 -227.015
v 227.719 7.475 -238.751
f 1016 1015 1014 1013
f 1009 1010 1014 1013
f 1010 1011 1015 1014
f 1011 1012 1016 1015
f 1012 1009 1013 1016
v 157.408 3.126 -219.292
v 173.693 3.126 -208.403
v 169.952 3.126 -202.808
v 153.667 3.126 -213.697
v 157.408 7.026 -219.292
v 173.693 7.026 -208.403
v 169.952 7.026 -202.808
v 153.667 7.026 -213.697
f 1024 1023 1022 1021
f 1017 1018 1022 1021
f 1018 1019 1023 1022
f 1019 1020 1024 1023
f 1020 1017 1021 1024
v 166.406 2.701 -209.362
v 180.638 2.701 -199.110
v 175.314 2.701 -191.718
v 161.082 2.701 -201.970
v 166.406 6.601 -209.362
v 180.638 6.601 -199.110
v 175.314 6.601 -191.718
v 161.082 6.601 -201.970
f 1032 1031 1030 1029
f 1025 1026 1030 1029
f 1026 1027 1031 1030
f 1027 1028 1032 1031
f 1028 1025 1029 1032
v 188.285 3.521 -237.938
v 201.445 3.521 -229.303
v 197.835 3.521 -223.802
v 184.675 3.521 -232.437
v 188.285 7.421 -237.938
v 201.445 7.421 -229.303
v 197.835 7.421 -223.802
v 184.675 7.421 -232.437
f 1040 1039 1038 1037
f 1033 1034 1038 1037
f 1034 1035 1039 1038
f 1035 1036 1040 1039
f 1036 1033 1037 1040
v 199.525 2.655 -196.241
v 204.919 2.655 -192.525
v 203.235 2.655 -190.079
v 197.841 2.655 -193.795
v 199.525 6.555 -196.241
v 204.919 6.555 -192.525
v 203.235 6.555 -190.079
v 197.841 6.555 -193.795
f 1048 1047 1046 1045
f 1041 1042 1046 1045
f 1042 1043 1047 1046
f 1043 1044 1048 1047
f 1044 1041 1045 1048
v 196.250 2.580 -181.268
v 198.693 2.580 -179.019
v 196.790 2.580 -176.952
v 194.347 2.580 -179.201
v 196.250 6.480 -181.268
v 198.693 6.480 -179.019
v 196.790 6.480 -176.952
v 194.347 6.480 -179.201
f 1056 1055 1054 1053
f 1049 1050 1054 1053
f 1050 1051 1055 1054
f 1051 1052 1056 1055
f 1052 1049 1053 1056
v 187.647 3.258 -213.260
v 191.439 3.258 -211.896
v 190.153 3.258 -208.320
v 186.361 3.258 -209.684
v 187.647 7.158 -213.260
v 191.439 7.158 -211.896
v 190.153 7.158 -208.320
v 186.361 7.158 -209.684
f 1064 1063 1062 1061
f 1057 1058 1062 1061
f 1058 1059 1063 1062
f 1059 1060 1064 1063
f 1060 1057 1061 1064
v 184.553 3.568 -245.905
v 197.254 3.568 -237.143
v 193.427 3.568 -231.595
v 180.726 3.568 -240.357
v 184.553 7.468 -245.905
v 197.254 7.468 -237.143
v 193.427 7.468 -231.595
v 180.726 7.468 -240.357
f 1072 1071 1070 1069
f 1065 1066 1070 1069
f 1066 1067 1071 1070
f 1067 1068 1072 1071
f 1068 1065 1069 1072
v 177.082 3.616 -253.688
v 192.729 3.616 -243.194
v 188.958 3.616 -237.572
v 173.311 3.616 -248.066
v 177.082 7.516 -253.688
v 192.729 7.516 -243.194
v 188.958 7.516 -237.572
v 173.311 7.516 -248.066
f 1080 1079 1078 1077
f 1073 1074 1078 1077
f 1074 1075 1079 1078
f 1075 1076 1080 1079
f 1076 1073 1077 1080
v 135.104 2.680 -247.170
v 143.414 2.680 -259.064
v 149.816 2.680 -254.590
v 141.506 2.680 -242.696
v 135.104 6.580 -247.170
v 143.414 6.580 -259.064
v 149.816 6.580 -254.590
v 141.506 6.580 -242.696
f 1088 1087 1086 1085
f 1081 1082 1086 1085
f 1082 1083 1087 1086
f 1083 1084 1088 1087
f 1084 1081 1085 1088
v 140.308 3.238 -242.030
v 152.383 3.238 -233.753
v 148.872 3.238 -228.630
v 136.797 3.238 -236.907
v 140.308 7.138 -242.030
v 152.383 7.138 -233.753
v 148.872 7.138 -228.630
v 136.797 7.138 -236.907
f 1096 1095 1094 1093
f 1089 1090 1094 1093
f 1090 1091 1095 1094
f 1091 1092 1096 1095
f 1092 1089 1093 1096
v 158.422 3.337 -241.109
v 162.638 3.337 -234.942
v 158.378 3.337 -232.031
v 154.162 3.337 -238.198
v 158.422 7.237 -241.109
v 162.638 7.237 -234.942
v 158.378 7.237 -232.031
v 154.162 7.237 -238.198
f 1104 1103 1102 1101
f 1097 1098 1102 1101
f 1098 1099 1103 1102
f 1099 1100 1104 1103
f 1100 1097 1101 1104
v 161.625 0.667 -3.297
v 165.867 0.667 -9.373
v 169.835 0.667 -6.603
v 165.593 0.667 -0.527
v 161.625 4.567 -3.297
v 165.867 4.567 -9.373
v 169.835 4.567 -6.603
v 165.593 4.567 -0.527
f 1112 1111 1110 1109
f 1105 1106 1110 1109
f 1106 1107 1111 1110
f 1107 1108 1112 1111
f 1108 1105 1109 1112
v 104.087 0.509 36.146
v 112.818 0.509 23.448
v 117.713 0.509 26.814
v 108.982 0.509 39.512
v 104.087 4.409 36.146
v 112.818 4.409 23.448
v 117.713 4.409 26.814
v 108.982 4.409 39.512
f 1120 1119 1118 1117
f 1113 1114 1118 1117
f 1114 1115 1119 1118
f 1115 1116 1120 1119
f 1116 1113 1117 1120
v 98.741 0.609 24.207
v 101.716 0.609 20.415
v 105.359 0.609 23.273
v 102.384 0.609 27.065
v 98.741 4.509 24.207
v 101.716 4.509 20.415
v 105.359 4.509 23.273
v 102.384 4.509 27.065
f 1128 1127 1126 1125
f 1121 1122 1126 1125
f 1122 1123 1127 1126
f 1123 1124 1128 1127
f 1124 1121 1125 1128
v 115.376 0.586 32.186
v 121.175 0.586 24.027
v 124.224 0.586 26.194
v 118.425 0.586 34.353
v 115.376 4.486 32.186
v 121.175 4.486 24.027
v 124.224 4.486 26.194
v 118.425 4.486 34.353
f 1136 1135 1134 1133
f 1129 1130 1134 1133
f 1130 1131 1135 1134
f 1131 1132 1136 1135
f 1132 1129 1133 1136
v 109.711 0.685 22.089
v 121.717 0.685 2.624
v 128.569 0.685 6.851
v 116.563 0.685 26.316
v 109.711 4.585 22.089
v 121.717 4.585 2.624
v 128.569 4.585 6.851
v 116.563 4.585 26.316
f 1144 1143 1142 1141
f 1137 1138 1142 1141
f 1138 1139 1143 1142
f 1139 1140 1144 1143
f 1140 1137 1141 1144
v 103.817 0.945 1.651
v 109.582 0.945 -7.706
v 116.683 0.945 -3.331
v 110.918 0.945 6.026
v 103.817 4.845 1.651
v 109.582 4.845 -7.706
v 116.683 4.845 -3.331
v 110.918 4.845 6.026
f 1152 1151 1150 1149
f 1145 1146 1150 1149
f 1146 1147 1151 1150
f 1147 1148 1152 1151
f 1148 1145 1149 1152
v 130.151 0.616 20.188
v 137.090 0.616 9.396
v 142.869 0.616 13.112
v 135.930 0.616 23.904
v 130.151 4.516 20.188
v 137.090 4.516 9.396
v 142.869 4.516 13.112
v 135.930 4.516 23.904
f 1160 1159 1158 1157
f 1153 1154 1158 1157
f 1154 1155 1159 1158
f 1155 1156 1160 1159
f 1156 1153 1157 1160
v 130.831 0.598 -0.842
v 141.692 0.598 6.394
v 138.049 0.598 11.862
v 127.188 0.598 4.626
v 130.831 4.498 -0.842
v 141.692 4.498 6.394
v 138.049 4.498 11.862
v 127.188 4.498 4.626
f 1168 1167 1166 1165
f 1161 1162 1166 1165
f 1162 1163 1167 1166
f 1163 1164 1168 1167
f 1164 1161 1165 1168
v 109.622 1.318 -4.719
v 129.208 1.318 -24.066
v 140.058 1.318 -13.081
v 120.472 1.318 6.266
v 109.622 5.218 -4.719
v 129.208 5.218 -24.066
v 140.058 5.218 -13.081
v 120.472 5.218 6.266
f 1176 1175 1174 1173
f 1169 1170 1174 1173
f 1170 1171 1175 1174
f 1171 1172 1176 1175
f 1172 1169 1173 1176
v 151.379 0.681 -18.139
v 160.915 0.681 -11.256
v 157.901 0.681 -7.081
v 148.365 0.681 -13.964
v 151.379 4.581 -18.139
v 160.915 4.581 -11.256
v 157.901 4.581 -7.081
v 148.365 4.581 -13.964
f 1184 1183 1182 1181
f 1177 1178 1182 1181
f 1178 1179 1183 1182
f 1179 1180 1184 1183
f 1180 1177 1181 1184
v 159.066 0.809 -12.323
v 163.264 0.809 -13.156
v 164.094 0.809 -8.977
v 159.896 0.809 -8.144
v 159.066 4.709 -12.323
v 163.264 4.709 -13.156
v 164.094 4.709 -8.977
v 159.896 4.709 -8.144
f 1192 1191 1190 1189
f 1185 1186 1190 1189
f 1186 1187 1191 1190
f 1187 1188 1192 1191
f 1188 1185 1189 1192
v 162.645 1.005 -33.041
v 180.290 1.005 -31.026
v 178.655 1.005 -16.719
v 161.010 1.005 -18.734
v 162.645 4.905 -33.041
v 180.290 4.905 -31.026
v 178.655 4.905 -16.719
v 161.010 4.905 -18.734
f 1200 1199 1198 1197
f 1193 1194 1198 1197
f 1194 1195 1199 1198
f 1195 1196 1200 1199
f 1196 1193 1197 1200
v 158.148 1.223 -55.309
v 167.812 1.223 -48.450
v 162.632 1.223 -41.151
v 152.968 1.223 -48.010
v 158.148 5.123 -55.309
v 167.812 5.123 -48.450
v 162.632 5.123 -41.151
v 152.968 5.123 -48.010
f 1208 1207 1206 1205
f 1201 1202 1206 1205
f 1202 1203 1207 1206
f 1203 1204 1208 1207
f 1204 1201 1205 1208
v 130.059 0.779 -29.187
v 135.496 0.779 -37.112
v 141.441 0.779 -33.033
v 136.004 0.779 -25.108
v 130.059 4.679 -29.187
v 135.496 4.679 -37.112
v 141.441 4.679 -33.033
v 136.004 4.679 -25.108
f 1216 1215 1214 1213
f 1209 1210 1214 1213
f 1210 1211 1215 1214
f 1211 1212 1216 1215
f 1212 1209 1213 1216
v -47.480 1.140 -160.443
v -37.992 1.140 -154.050
v -43.580 1.140 -145.757
v -53.068 1.140 -152.150
v -47.480 5.040 -160.443
v -37.992 5.040 -154.050
v -43.580 5.040 -145.757
v -53.068 5.040 -152.150
f 1224 1223 1222 1221
f 1217 1218 1222 1221
f 1218 1219 1223 1222
f 1219 1220 1224 1223
f 1220 1217 1221 1224
v -42.136 0.835 -158.869
v -33.566 0.835 -170.849
v -27.084 0.835 -166.211
v -35.654 0.835 -154.231
v -42.136 4.735 -158.869
v -33.566 4.735 -170.849
v -27.084 4.735 -166.211
v -35.654 4.735 -154.231
f 1232 1231 1230 1229
f 1225 1226 1230 1229
f 1226 1227 1231 1230
f 1227 1228 1232 1231
f 1228 1225 1229 1232
v -27.982 1.156 -178.704
v -17.011 1.156 -171.293
v -23.818 1.156 -161.216
v -34.789 1.156 -168.627
v -27.982 5.056 -178.704
v -17.011 5.056 -171.293
v -23.818 5.056 -161.216
v -34.789 5.056 -168.627
f 1240 1239 1238 1237
f 1233 1234 1238 1237
f 1234 1235 1239 1238
f 1235 1236 1240 1239
f 1236 1233 1237 1240
v -33.755 1.589 -190.818
v -26.765 1.589 -179.257
v -36.845 1.589 -173.162
v -43.835 1.589 -184.723
v -33.755 5.489 -190.818
v -26.765 5.489 -179.257
v -36.845 5.489 -173.162
v -43.835 5.489 -184.723
f 1248 1247 1246 1245
f 1241 1242 1246 1245
f 1242 1243 1247 1246
f 1243 1244 1248 1247
f 1244 1241 1245 1248
v -58.077 1.378 -181.988
v -45.080 1.378 -173.022
v -50.123 1.378 -165.712
v -63.120 1.378 -174.678
v -58.077 5.278 -181.988
v -45.080 5.278 -173.022
v -50.123 5.278 -165.712
v -63.120 5.278 -174.678
f 1256 1255 1254 1253
f 1249 1250 1254 1253
f 1250 1251 1255 1254
f 1251 1252 1256 1255
f 1252 1249 1253 1256
v -66.210 1.147 -190.856
v -51.026 1.147 -181.208
v -54.930 1.147 -175.064
v -70.114 1.147 -184.712
v -66.210 5.047 -190.856
v -51.026 5.047 -181.208
v -54.930 5.047 -175.064
v -70.114 5.047 -184.712
f 1264 1263 1262 1261
f 1257 1258 1262 1261
f 1258 1259 1263 1262
f 1259 1260 1264 1263
f 1260 1257 1261 1264
v -47.744 1.671 -192.687
v -41.842 1.671 -210.611
v -27.576 1.671 -205.913
v -33.478 1.671 -187.989
v -47.744 5.571 -192.687
v -41.842 5.571 -210.611
v -27.576 5.571 -205.913
v -33.478 5.571 -187.989
f 1272 1271 1270 1269
f 1265 1266 1270 1269
f 1266 1267 1271 1270
f 1267 1268 1272 1271
f 1268 1265 1269 1272
v -47.942 1.490 -188.709
v -44.870 1.490 -192.805
v -41.518 1.490 -190.291
v -44.590 1.490 -186.195
v -47.942 5.390 -188.709
v -44.870 5.390 -192.805
v -41.518 5.390 -190.291
v -44.590 5.390 -186.195
f 1280 1279 1278 1277
f 1273 1274 1278 1277
f 1274 1275 1279 1278
f 1275 1276 1280 1279
f 1276 1273 1277 1280
v -83.611 1.543 -222.672
v -61.069 1.543 -207.165
v -66.969 1.543 -198.588
v -89.511 1.543 -214.095
v -83.611 5.443 -222.672
v -61.069 5.443 -207.165
v -66.969 5.443 -198.588
v -89.511 5.443 -214.095
f 1288 1287 1286 1285
f 1281 1282 1286 1285
f 1282 1283 1287 1286
f 1283 1284 1288 1287
f 1284 1281 1285 1288
v -57.606 1.897 -218.187
v -49.285 1.897 -211.685
v -53.374 1.897 -206.453
v -61.695 1.897 -212.955
v -57.606 5.797 -218.187
v -49.285 5.797 -211.685
v -53.374 5.797 -206.453
v -61.695 5.797 -212.955
f 1296 1295 1294 1293
f 1289 1290 1294 1293
f 1290 1291 1295 1294
f 1291 1292 1296 1295
f 1292 1289 1293 1296
v -58.023 2.029 -240.086
v -45.513 2.029 -233.580
v -53.057 2.029 -219.074
v -65.567 2.029 -225.580
v -58.023 5.929 -240.086
v -45.513 5.929 -233.580
v -53.057 5.929 -219.074
v -65.567 5.929 -225.580
f 1304 1303 1302 1301
f 1297 1298 1302 1301
f 1298 1299 1303 1302
f 1299 1300 1304 1303
f 1300 1297 1301 1304
v -66.275 1.939 -259.356
v -57.310 1.939 -248.747
v -70.165 1.939 -237.884
v -79.130 1.939 -248.493
v -66.275 5.839 -259.356
v -57.310 5.839 -248.747
v -70.165 5.839 -237.884
v -79.130 5.839 -248.493
f 1312 1311 1310 1309
f 1305 1306 1310 1309
f 1306 1307 1311 1310
f 1307 1308 1312 1311
f 1308 1305 1309 1312
v -42.669 2.053 -247.060
v -26.727 2.053 -255.527
v -19.851 2.053 -242.580
v -35.793 2.053 -234.113
v -42.669 5.953 -247.060
v -26.727 5.953 -255.527
v -19.851 5.953 -242.580
v -35.793 5.953 -234.113
f 1320 1319 1318 1317
f 1313 1314 1318 1317
f 1314 1315 1319 1318
f 1315 1316 1320 1319
f 1316 1313 1317 1320
v 1.853 2.335 -263.514
v 14.592 2.335 -255.077
v 10.147 2.335 -248.366
v -2.592 2.335 -256.803
v 1.853 6.235 -263.514
v 14.592 6.235 -255.077
v 10.147 6.235 -248.366
v -2.592 6.235 -256.803
f 1328 1327 1326 1325
f 1321 1322 1326 1325
f 1322 1323 1327 1326
f 1323 1324 1328 1327
f 1324 1321 1325 1328
v 8.655 2.460 -259.813
v 28.208 2.460 -245.621
v 23.045 2.460 -238.507
v 3.492 2.460 -252.699
v 8.655 6.360 -259.813
v 28.208 6.360 -245.621
v 23.045 6.360 -238.507
v 3.492 6.360 -252.699
f 1336 1335 1334 1333
f 1329 1330 1334 1333
f 1330 1331 1335 1334
f 1331 1332 1336 1335
f 1332 1329 1333 1336
v 23.861 2.327 -252.627
v 34.629 2.327 -245.379
v 29.899 2.327 -238.353
v 19.131 2.327 -245.601
v 23.861 6.227 -252.627
v 34.629 6.227 -245.379
v 29.899 6.227 -238.353
v 19.131 6.227 -245.601
f 1344 1343 1342 1341
f 1337 1338 1342 1341
f 1338 1339 1343 1342
f 1339 1340 1344 1343
f 1340 1337 1341 1344
v 30.313 2.348 -241.416
v 35.064 2.348 -238.808
v 33.327 2.348 -235.644
v 28.576 2.348 -238.252
v 30.313 6.248 -241.416
v 35.064 6.248 -238.808
v 33.327 6.248 -235.644
v 28.576 6.248 -238.252
f 1352 1351 1350 1349
f 1345 1346 1350 1349
f 1346 1347 1351 1350
f 1347 1348 1352 1351
f 1348 1345 1349 1352
v 15.761 2.399 -237.462
v 32.896 2.399 -226.137
v 28.799 2.399 -219.938
v 11.664 2.399 -231.263
v 15.761 6.299 -237.462
v 32.896 6.299 -226.137
v 28.799 6.299 -219.938
v 11.664 6.299 -231.263
f 1360 1359 1358 1357
f 1353 1354 1358 1357
f 1354 1355 1359 1358
f 1355 1356 1360 1359
f 1356 1353 1357 1360
v 29.934 2.713 -233.501
v 44.730 2.713 -221.661
v 37.126 2.713 -212.159
v 22.330 2.713 -223.999
v 29.934 6.613 -233.501
v 44.730 6.613 -221.661
v 37.126 6.613 -212.159
v 22.330 6.613 -223.999
f 1368 1367 1366 1365
f 1361 1362 1366 1365
f 1362 1363 1367 1366
f 1363 1364 1368 1367
f 1364 1361 1365 1368
v 43.313 2.181 -225.714
v 53.304 2.181 -218.558
v 48.267 2.181 -211.526
v 38.276 2.181 -218.682
v 43.313 6.081 -225.714
v 53.304 6.081 -218.558
v 48.267 6.081 -211.526
v 38.276 6.081 -218.682
f 1376 1375 1374 1373
f 1369 1370 1374 1373
f 1370 1371 1375 1374
f 1371 1372 1376 1375
f 1372 1369 1373 1376
v 28.016 2.180 -215.662
v 39.067 2.180 -201.075
v 29.884 2.180 -194.118
v 18.833 2.180 -208.705
v 28.016 6.080 -215.662
v 39.067 6.080 -201.075
v 29.884 6.080 -194.118
v 18.833 6.080 -208.705
f 1384 1383 1382 1381
f 1377 1378 1382 1381
f 1378 1379 1383 1382
f 1379 1380 1384 1383
f 1380 1377 1381 1384
v 24.149 2.298 -215.920
v 29.447 2.298 -212.530
v 27.431 2.298 -209.380
v 22.133 2.298 -212.770
v 24.149 6.198 -215.920
v 29.447 6.198 -212.530
v 27.431 6.198 -209.380
v 22.133 6.198 -212.770
f 1392 1391 1390 1389
f 1385 1386 1390 1389
f 1386 1387 1391 1390
f 1387 1388 1392 1391
f 1388 1385 1389 1392
v -3.368 1.685 -185.993
v 5.106 1.685 -199.007
v 12.908 1.685 -193.927
v 4.434 1.685 -180.913
v -3.368 5.585 -185.993
v 5.106 5.585 -199.007
v 12.908 5.585 -193.927
v 4.434 5.585 -180.913
f 1400 1399 1398 1397
f 1393 1394 1398 1397
f 1394 1395 1399 1398
f 1395 1396 1400 1399
f 1396 1393 1397 1400
v -9.803 1.856 -179.540
v -2.765 1.856 -189.931
v 3.303 1.856 -185.820
v -3.735 1.856 -175.429
v -9.803 5.756 -179.540
v -2.765 5.756 -189.931
v 3.303 5.756 -185.820
v -3.735 5.756 -175.429
f 1408 1407 1406 1405
f 1401 1402 1406 1405
f 1402 1403 1407 1406
f 1403 1404 1408 1407
f 1404 1401 1405 1408
v -25.382 1.949 -204.697
v -19.703 1.949 -213.754
v -12.638 1.949 -209.323
v -18.317 1.949 -200.266
v -25.382 5.849 -204.697
v -19.703 5.849 -213.754
v -12.638 5.849 -209.323
v -18.317 5.849 -200.266
f 1416 1415 1414 1413
f 1409 1410 1414 1413
f 1410 1411 1415 1414
f 1411 1412 1416 1415
f 1412 1409 1413 1416
v -12.140 2.110 -218.874
v -0.798 2.110 -212.645
v -4.740 2.110 -205.466
v -16.082 2.110 -211.695
v -12.140 6.010 -218.874
v -0.798 6.010 -212.645
v -4.740 6.010 -205.466
v -16.082 6.010 -211.695
f 1424 1423 1422 1421
f 1417 1418 1422 1421
f 1418 1419 1423 1422
f 1419 1420 1424 1423
f 1420 1417 1421 1424
v -32.501 1.909 -217.954
v -26.762 1.909 -226.021
v -19.599 1.909 -220.926
v -25.338 1.909 -212.859
v -32.501 5.809 -217.954
v -26.762 5.809 -226.021
v -19.599 5.809 -220.926
v -25.338 5.809 -212.859
f 1432 1431 1430 1429
f 1425 1426 1430 1429
f 1426 1427 1431 1430
f 1427 1428 1432 1431
f 1428 1425 1429 1432
v -25.449 1.986 -220.287
v -19.409 1.986 -230.202
v -15.651 1.986 -227.913
v -21.691 1.986 -217.998
v -25.449 5.886 -220.287
v -19.409 5.886 -230.202
v -15.651 5.886 -227.913
v -21.691 5.886 -217.998
f 1440 1439 1438 1437
f 1433 1434 1438 1437
f 1434 1435 1439 1438
f 1435 1436 1440 1439
f 1436 1433 1437 1440
v -21.055 2.092 -223.882
v -14.084 2.092 -233.809
v -10.025 2.092 -230.958
v -16.996 2.092 -221.031
v -21.055 5.992 -223.882
v -14.084 5.992 -233.809
v -10.025 5.992 -230.958
v -16.996 5.992 -221.031
f 1448 1447 1446 1445
f 1441 1442 1446 1445
f 1442 1443 1447 1446
f 1443 1444 1448 1447
f 1444 1441 1445 1448
v -14.653 2.213 -227.724
v -8.876 2.213 -235.886
v -5.047 2.213 -233.176
v -10.824 2.213 -225.014
v -14.653 6.113 -227.724
v -8.876 6.113 -235.886
v -5.047 6.113 -233.176
v -10.824 6.113 -225.014
f 1456 1455 1454 1453
f 1449 1450 1454 1453
f 1450 1451 1455 1454
f 1451 1452 1456 1455
f 1452 1449 1453 1456
v 59.184 2.313 -234.982
v 70.330 2.313 -247.471
v 82.536 2.313 -236.578
v 71.390 2.313 -224.089
v 59.184 6.213 -234.982
v 70.330 6.213 -247.471
v 82.536 6.213 -236.578
v 71.390 6.213 -224.089
f 1464 1463 1462 1461
f 1457 1458 1462 1461
f 1458 1459 1463 1462
f 1459 1460 1464 1463
f 1460 1457 1461 1464
v 51.953 2.203 -261.350
v 74.437 2.203 -258.374
v 71.607 2.203 -236.990
v 49.123 2.203 -239.966
v 51.953 6.103 -261.350
v 74.437 6.103 -258.374
v 71.607 6.103 -236.990
v 49.123 6.103 -239.966
f 1472 1471 1470 1469
f 1465 1466 1470 1469
f 1466 1467 1471 1470
f 1467 1468 1472 1471
f 1468 1465 1469 1472
v 79.870 2.446 -238.561
v 86.572 2.446 -248.671
v 91.690 2.446 -245.279
v 84.988 2.446 -235.169
v 79.870 6.346 -238.561
v 86.572 6.346 -248.671
v 91.690 6.346 -245.279
v 84.988 6.346 -235.169
f 1480 1479 1478 1477
f 1473 1474 1478 1477
f 1474 1475 1479 1478
f 1475 1476 1480 1479
f 1476 1473 1477 1480
v 84.056 2.345 -243.238
v 92.287 2.345 -256.455
v 98.764 2.345 -252.422
v 90.533 2.345 -239.205
v 84.056 6.245 -243.238
v 92.287 6.245 -256.455
v 98.764 6.245 -252.422
v 90.533 6.245 -239.205
f 1488 1487 1486 1485
f 1481 1482 1486 1485
f 1482 1483 1487 1486
f 1483 1484 1488 1487
f 1484 1481 1485 1488
v 90.502 2.443 -249.168
v 99.554 2.443 -261.528
v 106.758 2.443 -256.252
v 97.706 2.443 -243.892
v 90.502 6.343 -249.168
v 99.554 6.343 -261.528
v 106.758 6.343 -256.252
v 97.706 6.343 -243.892
f 1496 1495 1494 1493
f 1489 1490 1494 1493
f 1490 1491 1495 1494
f 1491 1492 1496 1495
f 1492 1489 1493 1496
v 241.068 1.537 -99.758
v 251.097 1.537 -111.732
v 257.652 1.537 -106.242
v 247.623 1.537 -94.268
v 241.068 5.437 -99.758
v 251.097 5.437 -111.732
v 257.652 5.437 -106.242
v 247.623 5.437 -94.268
f 1504 1503 1502 1501
f 1497 1498 1502 1501
f 1498 1499 1503 1502
f 1499 1500 1504 1503
f 1500 1497 1501 1504
v 239.767 1.537 -91.163
v 249.773 1.537 -105.227
v 253.553 1.537 -102.537
v 243.547 1.537 -88.473
v 239.767 5.437 -91.163
v 249.773 5.437 -105.227
v 253.553 5.437 -102.537
v 243.547 5.437 -88.473
f 1512 1511 1510 1509
f 1505 1506 1510 1509
f 1506 1507 1511 1510
f 1507 1508 1512 1511
f 1508 1505 1509 1512
v 230.570 1.291 -91.556
v 243.265 1.291 -105.463
v 249.750 1.291 -99.544
v 237.055 1.291 -85.637
v 230.570 5.191 -91.556
v 243.265 5.191 -105.463
v 249.750 5.191 -99.544
v 237.055 5.191 -85.637
f 1520 1519 1518 1517
f 1513 1514 1518 1517
f 1514 1515 1519 1518
f 1515 1516 1520 1519
f 1516 1513 1517 1520
v 243.762 1.075 -91.305
v 254.333 1.075 -86.151
v 251.458 1.075 -80.255
v 240.887 1.075 -85.409
v 243.762 4.975 -91.305
v 254.333 4.975 -86.151
v 251.458 4.975 -80.255
v 240.887 4.975 -85.409
f 1528 1527 1526 1525
f 1521 1522 1526 1525
f 1522 1523 1527 1526
f 1523 1524 1528 1527
f 1524 1521 1525 1528
v 224.367 1.457 -84.588
v 236.014 1.457 -99.461
v 242.053 1.457 -94.732
v 230.406 1.457 -79.859
v 224.367 5.357 -84.588
v 236.014 5.357 -99.461
v 242.053 5.357 -94.732
v 230.406 5.357 -79.859
f 1536 1535 1534 1533
f 1529 1530 1534 1533
f 1530 1531 1535 1534
f 1531 1532 1536 1535
f 1532 1529 1533 1536
v 219.819 1.392 -82.696
v 227.479 1.392 -93.507
v 233.101 1.392 -89.524
v 225.441 1.392 -78.713
v 219.819 5.292 -82.696
v 227.479 5.292 -93.507
v 233.101 5.292 -89.524
v 225.441 5.292 -78.713
f 1544 1543 1542 1541
f 1537 1538 1542 1541
f 1538 1539 1543 1542
f 1539 1540 1544 1543
f 1540 1537 1541 1544
v 213.074 1.131 -75.947
v 222.077 1.131 -89.343
v 227.746 1.131 -85.533
v 218.743 1.131 -72.137
v 213.074 5.031 -75.947
v 222.077 5.031 -89.343
v 227.746 5.031 -85.533
v 218.743 5.031 -72.137
f 1552 1551 1550 1549
f 1545 1546 1550 1549
f 1546 1547 1551 1550
f 1547 1548 1552 1551
f 1548 1545 1549 1552
v 199.382 1.049 -67.810
v 212.479 1.049 -83.827
v 220.058 1.049 -77.630
v 206.961 1.049 -61.613
v 199.382 4.949 -67.810
v 212.479 4.949 -83.827
v 220.058 4.949 -77.630
v 206.961 4.949 -61.613
f 1560 1559 1558 1557
f 1553 1554 1558 1557
f 1554 1555 1559 1558
f 1555 1556 1560 1559
f 1556 1553 1557 1560
v 229.923 0.848 -49.552
v 241.616 0.848 -66.464
v 246.297 0.848 -63.228
v 234.604 0.848 -46.316
v 229.923 4.748 -49.552
v 241.616 4.748 -66.464
v 246.297 4.748 -63.228
v 234.604 4.748 -46.316
f 1568 1567 1566 1565
f 1561 1562 1566 1565
f 1562 1563 1567 1566
f 1563 1564 1568 1567
f 1564 1561 1565 1568
v 225.345 0.867 -48.220
v 233.771 0.867 -58.600
v 238.895 0.867 -54.440
v 230.469 0.867 -44.060
v 225.345 4.767 -48.220
v 233.771 4.767 -58.600
v 238.895 4.767 -54.440
v 230.469 4.767 -44.060
f 1576 1575 1574 1573
f 1569 1570 1574 1573
f 1570 1571 1575 1574
f 1571 1572 1576 1575
f 1572 1569 1573 1576
v 208.159 0.972 -35.805
v 223.095 0.972 -58.093
v 229.001 0.972 -54.135
v 214.065 0.972 -31.847
v 208.159 4.872 -35.805
v 223.095 4.872 -58.093
v 229.001 4.872 -54.135
v 214.065 4.872 -31.847
f 1584 1583 1582 1581
f 1577 1578 1582 1581
f 1578 1579 1583 1582
f 1579 1580 1584 1583
f 1580 1577 1581 1584
v 204.672 0.909 -35.779
v 214.231 0.909 -48.648
v 219.248 0.909 -44.921
v 209.689 0.909 -32.052
v 204.672 4.809 -35.779
v 214.231 4.809 -48.648
v 219.248 4.809 -44.921
v 209.689 4.809 -32.052
f 1592 1591 1590 1589
f 1585 1586 1590 1589
f 1586 1587 1591 1590
f 1587 1588 1592 1591
f 1588 1585 1589 1592
v 142.097 1.208 -75.146
v 153.251 1.208 -67.382
v 150.503 1.208 -63.434
v 139.349 1.208 -71.198
v 142.097 5.108 -75.146
v 153.251 5.108 -67.382
v 150.503 5.108 -63.434
v 139.349 5.108 -71.198
f 1600 1599 1598 1597
f 1593 1594 1598 1597
f 1594 1595 1599 1598
f 1595 1596 1600 1599
f 1596 1593 1597 1600
v 132.525 1.370 -52.128
v 137.561 1.370 -63.031
v 143.535 1.370 -60.272
v 138.499 1.370 -49.369
v 132.525 5.270 -52.128
v 137.561 5.270 -63.031
v 143.535 5.270 -60.272
v 138.499 5.270 -49.369
f 1608 1607 1606 1605
f 1601 1602 1606 1605
f 1602 1603 1607 1606
f 1603 1604 1608 1607
f 1604 1601 1605 1608
v 124.560 1.044 -56.082
v 133.638 1.044 -49.976
v 129.240 1.044 -43.438
v 120.162 1.044 -49.544
v 124.560 4.944 -56.082
v 133.638 4.944 -49.976
v 129.240 4.944 -43.438
v 120.162 4.944 -49.544
f 1616 1615 1614 1613
f 1609 1610 1614 1613
f 1610 1611 1615 1614
f 1611 1612 1616 1615
f 1612 1609 1613 1616
v 118.657 1.157 -61.535
v 129.438 1.157 -54.025
v 126.763 1.157 -50.185
v 115.982 1.157 -57.695
v 118.657 5.057 -61.535
v 129.438 5.057 -54.025
v 126.763 5.057 -50.185
v 115.982 5.057 -57.695
f 1624 1623 1622 1621
f 1617 1618 1622 1621
f 1618 1619 1623 1622
f 1619 1620 1624 1623
f 1620 1617 1621 1624
v 114.352 1.021 -67.039
v 125.443 1.021 -60.011
v 123.168 1.021 -56.421
v 112.077 1.021 -63.449
v 114.352 4.921 -67.039
v 125.443 4.921 -60.011
v 123.168 4.921 -56.421
v 112.077 4.921 -63.449
f 1632 1631 1630 1629
f 1625 1626 1630 1629
f 1626 1627 1631 1630
f 1627 1628 1632 1631
f 1628 1625 1629 1632
v 122.935 1.258 -90.532
v 137.118 1.258 -81.715
v 132.625 1.258 -74.488
v 118.442 1.258 -83.305
v 122.935 5.158 -90.532
v 137.118 5.158 -81.715
v 132.625 5.158 -74.488
v 118.442 5.158 -83.305
f 1640 1639 1638 1637
f 1633 1634 1638 1637
f 1634 1635 1639 1638
f 1635 1636 1640 1639
f 1636 1633 1637 1640
v 125.486 1.375 -103.327
v 136.493 1.375 -95.826
v 131.414 1.375 -88.373
v 120.407 1.375 -95.874
v 125.486 5.275 -103.327
v 136.493 5.275 -95.826
v 131.414 5.275 -88.373
v 120.407 5.275 -95.874
f 1648 1647 1646 1645
f 1641 1642 1646 1645
f 1642 1643 1647 1646
f 1643 1644 1648 1647
f 1644 1641 1645 1648
v 110.982 1.289 -87.784
v 119.511 1.289 -99.536
v 124.278 1.289 -96.076
v 115.749 1.289 -84.324
v 110.982 5.189 -87.784
v 119.511 5.189 -99.536
v 124.278 5.189 -96.076
v 115.749 5.189 -84.324
f 1656 1655 1654 1653
f 1649 1650 1654 1653
f 1650 1651 1655 1654
f 1651 1652 1656 1655
f 1652 1649 1653 1656
v 98.083 1.203 -83.230
v 103.255 1.203 -90.886
v 109.437 1.203 -86.710
v 104.265 1.203 -79.054
v 98.083 5.103 -83.230
v 103.255 5.103 -90.886
v 109.437 5.103 -86.710
v 104.265 5.103 -79.054
f 1664 1663 1662 1661
f 1657 1658 1662 1661
f 1658 1659 1663 1662
f 1659 1660 1664 1663
f 1660 1657 1661 1664
v 82.160 1.161 -77.003
v 92.417 1.161 -70.658
v 87.740 1.161 -63.097
v 77.483 1.161 -69.442
v 82.160 5.061 -77.003
v 92.417 5.061 -70.658
v 87.740 5.061 -63.097
v 77.483 5.061 -69.442
f 1672 1671 1670 1669
f 1665 1666 1670 1669
f 1666 1667 1671 1670
f 1667 1668 1672 1671
f 1668 1665 1669 1672
v 91.343 1.250 -65.727
v 100.776 1.250 -60.049
v 95.397 1.250 -51.113
v 85.964 1.250 -56.791
v 91.343 5.150 -65.727
v 100.776 5.150 -60.049
v 95.397 5.150 -51.113
v 85.964 5.150 -56.791
f 1680 1679 1678 1677
f 1673 1674 1678 1677
f 1674 1675 1679 1678
f 1675 1676 1680 1679
f 1676 1673 1677 1680
v 94.159 1.336 -35.228
v 105.544 1.336 -48.161
v 114.461 1.336 -40.312
v 103.076 1.336 -27.379
v 94.159 5.236 -35.228
v 105.544 5.236 -48.161
v 114.461 5.236 -40.312
v 103.076 5.236 -27.379
f 1688 1687 1686 1685
f 1681 1682 1686 1685
f 1682 1683 1687 1686
f 1683 1684 1688 1687
f 1684 1681 1685 1688
v 98.349 1.231 -50.794
v 104.031 1.231 -47.005
v 101.551 1.231 -43.286
v 95.869 1.231 -47.075
v 98.349 5.131 -50.794
v 104.031 5.131 -47.005
v 101.551 5.131 -43.286
v 95.869 5.131 -47.075
f 1696 1695 1694 1693
f 1689 1690 1694 1693
f 1690 1691 1695 1694
f 1691 1692 1696 1695
f 1692 1689 1693 1696
v 80.197 1.133 -27.972
v 89.326 1.133 -42.503
v 99.123 1.133 -36.348
v 89.994 1.133 -21.817
v 80.197 5.033 -27.972
v 89.326 5.033 -42.503
v 99.123 5.033 -36.348
v 89.994 5.033 -21.817
f 1704 1703 1702 1701
f 1697 1698 1702 1701
f 1698 1699 1703 1702
f 1699 1700 1704 1703
f 1700 1697 1701 1704
v 72.487 0.776 -16.317
v 82.878 0.776 -29.608
v 87.873 0.776 -25.703
v 77.482 0.776 -12.412
v 72.487 4.676 -16.317
v 82.878 4.676 -29.608
v 87.873 4.676 -25.703
v 77.482 4.676 -12.412
f 1712 1711 1710 1709
f 1705 1706 1710 1709
f 1706 1707 1711 1710
f 1707 1708 1712 1711
f 1708 1705 1709 1712
v 71.573 0.759 -29.288
v 75.194 0.759 -34.913
v 77.867 0.759 -33.192
v 74.246 0.759 -27.567
v 71.573 4.659 -29.288
v 75.194 4.659 -34.913
v 77.867 4.659 -33.192
v 74.246 4.659 -27.567
f 1720 1719 1718 1717
f 1713 1714 1718 1717
f 1714 1715 1719 1718
f 1715 1716 1720 1719
f 1716 1713 1717 1720
v 67.453 0.775 -12.909
v 77.226 0.775 -26.905
v 81.227 0.775 -24.111
v 71.454 0.775 -10.115
v 67.453 4.675 -12.909
v 77.226 4.675 -26.905
v 81.227 4.675 -24.111
v 71.454 4.675 -10.115
f 1728 1727 1726 1725
f 1721 1722 1726 1725
f 1722 1723 1727 1726
f 1723 1724 1728 1727
f 1724 1721 1725 1728
v 58.177 0.832 -28.198
v 65.634 0.832 -22.793
v 63.263 0.832 -19.522
v 55.806 0.832 -24.927
v 58.177 4.732 -28.198
v 65.634 4.732 -22.793
v 63.263 4.732 -19.522
v 55.806 4.732 -24.927
f 1736 1735 1734 1733
f 1729 1730 1734 1733
f 1730 1731 1735 1734
f 1731 1732 1736 1735
f 1732 1729 1733 1736
v 84.691 0.926 -22.297
v 88.252 0.926 -27.445
v 90.309 0.926 -26.023
v 86.748 0.926 -20.875
v 84.691 4.826 -22.297
v 88.252 4.826 -27.445
v 90.309 4.826 -26.023
v 86.748 4.826 -20.875
f 1744 1743 1742 1741
f 1737 1738 1742 1741
f 1738 1739 1743 1742
f 1739 1740 1744 1743
f 1740 1737 1741 1744
v 57.003 1.289 -1.211
v 59.443 1.289 -19.196
v 73.197 1.289 -17.329
v 70.757 1.289 0.656
v 57.003 5.189 -1.211
v 59.443 5.189 -19.196
v 73.197 5.189 -17.329
v 70.757 5.189 0.656
f 1752 1751 1750 1749
f 1745 1746 1750 1749
f 1746 1747 1751 1750
f 1747 1748 1752 1751
f 1748 1745 1749 1752
v 42.351 0.820 -1.588
v 53.704 0.820 -18.416
v 61.389 0.820 -13.232
v 50.036 0.820 3.596
v 42.351 4.720 -1.588
v 53.704 4.720 -18.416
v 61.389 4.720 -13.232
v 50.036 4.720 3.596
f 1760 1759 1758 1757
f 1753 1754 1758 1757
f 1754 1755 1759 1758
f 1755 1756 1760 1759
f 1756 1753 1757 1760
v 45.293 0.992 -31.571
v 52.312 0.992 -17.270
v 40.247 0.992 -11.349
v 33.228 0.992 -25.650
v 45.293 4.892 -31.571
v 52.312 4.892 -17.270
v 40.247 4.892 -11.349
v 33.228 4.892 -25.650
f 1768 1767 1766 1765
f 1761 1762 1766 1765
f 1762 1763 1767 1766
f 1763 1764 1768 1767
f 1764 1761 1765 1768
v 47.872 0.968 -23.376
v 51.135 0.968 -28.388
v 53.968 0.968 -26.544
v 50.705 0.968 -21.532
v 47.872 4.868 -23.376
v 51.135 4.868 -28.388
v 53.968 4.868 -26.544
v 50.705 4.868 -21.532
f 1776 1775 1774 1773
f 1769 1770 1774 1773
f 1770 1771 1775 1774
f 1771 1772 1776 1775
f 1772 1769 1773 1776
v 53.344 0.812 -21.776
v 56.081 0.812 -19.879
v 54.656 0.812 -17.824
v 51.919 0.812 -19.721
v 53.344 4.712 -21.776
v 56.081 4.712 -19.879
v 54.656 4.712 -17.824
v 51.919 4.712 -19.721
f 1784 1783 1782 1781
f 1777 1778 1782 1781
f 1778 1779 1783 1782
f 1779 1780 1784 1783
f 1780 1777 1781 1784
v 41.922 0.863 -38.319
v 50.189 0.863 -51.336
v 56.858 0.863 -47.101
v 48.591 0.863 -34.084
v 41.922 4.763 -38.319
v 50.189 4.763 -51.336
v 56.858 4.763 -47.101
v 48.591 4.763 -34.084
f 1792 1791 1790 1789
f 1785 1786 1790 1789
f 1786 1787 1791 1790
f 1787 1788 1792 1791
f 1788 1785 1789 1792
v 54.734 1.113 -48.133
v 63.906 1.113 -60.851
v 69.486 1.113 -56.827
v 60.314 1.113 -44.109
v 54.734 5.013 -48.133
v 63.906 5.013 -60.851
v 69.486 5.013 -56.827
v 60.314 5.013 -44.109
f 1800 1799 1798 1797
f 1793 1794 1798 1797
f 1794 1795 1799 1798
f 1795 1796 1800 1799
f 1796 1793 1797 1800
v 61.072 1.094 -53.132
v 68.574 1.094 -65.982
v 74.628 1.094 -62.448
v 67.126 1.094 -49.598
v 61.072 4.994 -53.132
v 68.574 4.994 -65.982
v 74.628 4.994 -62.448
v 67.126 4.994 -49.598
f 1808 1807 1806 1805
f 1801 1802 1806 1805
f 1802 1803 1807 1806
f 1803 1804 1808 1807
f 1804 1801 1805 1808
v -20.310 1.292 -35.462
v -6.445 1.292 -56.970
v 4.650 1.292 -49.818
v -9.215 1.292 -28.310
v -20.310 5.192 -35.462
v -6.445 5.192 -56.970
v 4.650 5.192 -49.818
v -9.215 5.192 -28.310
f 1816 1815 1814 1813
f 1809 1810 1814 1813
f 1810 1811 1815 1814
f 1811 1812 1816 1815
f 1812 1809 1813 1816
v -106.524 1.245 -41.820
v -97.710 1.245 -59.528
v -84.756 1.245 -53.080
v -93.570 1.245 -35.372
v -106.524 5.145 -41.820
v -97.710 5.145 -59.528
v -84.756 5.145 -53.080
v -93.570 5.145 -35.372
f 1824 1823 1822 1821
f 1817 1818 1822 1821
f 1818 1819 1823 1822
f 1819 1820 1824 1823
f 1820 1817 1821 1824
v -78.980 1.343 -72.731
v -54.251 1.343 -55.308
v -61.860 1.343 -44.509
v -86.589 1.343 -61.932
v -78.980 5.243 -72.731
v -54.251 5.243 -55.308
v -61.860 5.243 -44.509
v -86.589 5.243 -61.932
f 1832 1831 1830 1829
f 1825 1826 1830 1829
f 1826 1827 1831 1830
f 1827 1828 1832 1831
f 1828 1825 1829 1832
v 5.243 1.216 -57.916
v 11.841 1.216 -82.217
v 35.977 1.216 -75.664
v 29.379 1.216 -51.363
v 5.243 5.116 -57.916
v 11.841 5.116 -82.217
v 35.977 5.116 -75.664
v 29.379 5.116 -51.363
f 1840 1839 1838 1837
f 1833 1834 1838 1837
f 1834 1835 1839 1838
f 1835 1836 1840 1839
f 1836 1833 1837 1840
v 38.532 0.966 -72.652
v 47.538 0.966 -86.226
v 56.188 0.966 -80.488
v 47.182 0.966 -66.914
v 38.532 4.866 -72.652
v 47.538 4.866 -86.226
v 56.188 4.866 -80.488
v 47.182 4.866 -66.914
f 1848 1847 1846 1845
f 1841 1842 1846 1845
f 1842 1843 1847 1846
f 1843 1844 1848 1847
f 1844 1841 1845 1848
v 43.321 1.068 -89.779
v 51.309 1.068 -97.884
v 57.299 1.068 -91.981
v 49.311 1.068 -83.876
v 43.321 4.968 -89.779
v 51.309 4.968 -97.884
v 57.299 4.968 -91.981
v 49.311 4.968 -83.876
f 1856 1855 1854 1853
f 1849 1850 1854 1853
f 1850 1851 1855 1854
f 1851 1852 1856 1855
f 1852 1849 1853 1856
v 49.493 1.108 -94.191
v 58.534 1.108 -102.515
v 64.027 1.108 -96.549
v 54.986 1.108 -88.225
v 49.493 5.008 -94.191
v 58.534 5.008 -102.515
v 64.027 5.008 -96.549
v 54.986 5.008 -88.225
f 1864 1863 1862 1861
f 1857 1858 1862 1861
f 1858 1859 1863 1862
f 1859 1860 1864 1863
f 1860 1857 1861 1864
v 57.258 1.165 -81.877
v 63.940 1.165 -90.740
v 68.922 1.165 -86.983
v 62.240 1.165 -78.120
v 57.258 5.065 -81.877
v 63.940 5.065 -90.740
v 68.922 5.065 -86.983
v 62.240 5.065 -78.120
f 1872 1871 1870 1869
f 1865 1866 1870 1869
f 1866 1867 1871 1870
f 1867 1868 1872 1871
f 1868 1865 1869 1872
v 52.601 1.034 -78.130
v 58.981 1.034 -86.545
v 63.539 1.034 -83.090
v 57.159 1.034 -74.675
v 52.601 4.934 -78.130
v 58.981 4.934 -86.545
v 63.539 4.934 -83.090
v 57.159 4.934 -74.675
f 1880 1879 1878 1877
f 1873 1874 1878 1877
f 1874 1875 1879 1878
f 1875 1876 1880 1879
f 1876 1873 1877 1880
v 63.473 1.172 -85.546
v 72.374 1.172 -98.950
v 77.547 1.172 -95.514
v 68.646 1.172 -82.110
v 63.473 5.072 -85.546
v 72.374 5.072 -98.950
v 77.547 5.072 -95.514
v 68.646 5.072 -82.110
f 1888 1887 1886 1885
f 1881 1882 1886 1885
f 1882 1883 1887 1886
f 1883 1884 1888 1887
f 1884 1881 1885 1888
v 70.166 1.183 -89.518
v 78.255 1.183 -101.298
v 83.374 1.183 -97.782
v 75.285 1.183 -86.002
v 70.166 5.083 -89.518
v 78.255 5.083 -101.298
v 83.374 5.083 -97.782
v 75.285 5.083 -86.002
f 1896 1895 1894 1893
f 1889 1890 1894 1893
f 1890 1891 1895 1894
f 1891 1892 1896 1895
f 1892 1889 1893 1896
v 78.379 1.401 -105.645
v 93.083 1.401 -113.327
v 100.121 1.401 -99.855
v 85.417 1.401 -92.173
v 78.379 5.301 -105.645
v 93.083 5.301 -113.327
v 100.121 5.301 -99.855
v 85.417 5.301 -92.173
f 1904 1903 1902 1901
f 1897 1898 1902 1901
f 1898 1899 1903 1902
f 1899 1900 1904 1903
f 1900 1897 1901 1904
v 98.199 1.395 -125.800
v 120.811 1.395 -112.646
v 113.641 1.395 -100.320
v 91.029 1.395 -113.474
v 98.199 5.295 -125.800
v 120.811 5.295 -112.646
v 113.641 5.295 -100.320
v 91.029 5.295 -113.474
f 1912 1911 1910 1909
f 1905 1906 1910 1909
f 1906 1907 1911 1910
f 1907 1908 1912 1911
f 1908 1905 1909 1912
v 100.771 1.699 -137.500
v 109.759 1.699 -128.712
v 102.649 1.699 -121.440
v 93.661 1.699 -130.228
v 100.771 5.599 -137.500
v 109.759 5.599 -128.712
v 102.649 5.599 -121.440
v 93.661 5.599 -130.228
f 1920 1919 1918 1917
f 1913 1914 1918 1917
f 1914 1915 1919 1918
f 1915 1916 1920 1919
f 1916 1913 1917 1920
v 87.887 1.497 -151.086
v 95.961 1.497 -145.621
v 91.353 1.497 -138.814
v 83.279 1.497 -144.279
v 87.887 5.397 -151.086
v 95.961 5.397 -145.621
v 91.353 5.397 -138.814
v 83.279 5.397 -144.279
f 1928 1927 1926 1925
f 1921 1922 1926 1925
f 1922 1923 1927 1926
f 1923 1924 1928 1927
f 1924 1921 1925 1928
v 69.177 1.761 -165.621
v 91.322 1.761 -151.658
v 86.543 1.761 -144.079
v 64.398 1.761 -158.042
v 69.177 5.661 -165.621
v 91.322 5.661 -151.658
v 86.543 5.661 -144.079
v 64.398 5.661 -158.042
f 1936 1935 1934 1933
f 1929 1930 1934 1933
f 1930 1931 1935 1934
f 1931 1932 1936 1935
f 1932 1929 1933 1936
v 65.824 1.615 -173.046
v 84.618 1.615 -159.615
v 80.816 1.615 -154.294
v 62.022 1.615 -167.725
v 65.824 5.515 -173.046
v 84.618 5.515 -159.615
v 80.816 5.515 -154.294
v 62.022 5.515 -167.725
f 1944 1943 1942 1941
f 1937 1938 1942 1941
f 1938 1939 1943 1942
f 1939 1940 1944 1943
f 1940 1937 1941 1944
v 66.231 1.749 -180.682
v 79.493 1.749 -172.602
v 75.409 1.749 -165.898
v 62.147 1.749 -173.978
v 66.231 5.649 -180.682
v 79.493 5.649 -172.602
v 75.409 5.649 -165.898
v 62.147 5.649 -173.978
f 1952 1951 1950 1949
f 1945 1946 1950 1949
f 1946 1947 1951 1950
f 1947 1948 1952 1951
f 1948 1945 1949 1952
v 65.107 1.976 -189.354
v 75.850 1.976 -182.033
v 71.593 1.976 -175.786
v 60.850 1.976 -183.107
v 65.107 5.876 -189.354
v 75.850 5.876 -182.033
v 71.593 5.876 -175.786
v 60.850 5.876 -183.107
f 1960 1959 1958 1957
f 1953 1954 1958 1957
f 1954 1955 1959 1958
f 1955 1956 1960 1959
f 1956 1953 1957 1960
v 62.073 2.163 -198.439
v 71.828 2.163 -188.509
v 64.287 2.163 -181.101
v 54.532 2.163 -191.031
v 62.073 6.063 -198.439
v 71.828 6.063 -188.509
v 64.287 6.063 -181.101
v 54.532 6.063 -191.031
f 1968 1967 1966 1965
f 1961 1962 1966 1965
f 1962 1963 1967 1966
f 1963 1964 1968 1967
f 1964 1961 1965 1968
v 54.425 2.155 -204.893
v 65.156 2.155 -197.988
v 61.655 2.155 -192.547
v 50.924 2.155 -199.452
v 54.425 6.055 -204.893
v 65.156 6.055 -197.988
v 61.655 6.055 -192.547
v 50.924 6.055 -199.452
f 1976 1975 1974 1973
f 1969 1970 1974 1973
f 1970 1971 1975 1974
f 1971 1972 1976 1975
f 1972 1969 1973 1976
v 44.543 2.050 -186.982
v 51.571 2.050 -197.404
v 56.297 2.050 -194.218
v 49.269 2.050 -183.796
v 44.543 5.950 -186.982
v 51.571 5.950 -197.404
v 56.297 5.950 -194.218
v 49.269 5.950 -183.796
f 1984 1983 1982 1981
f 1977 1978 1982 1981
f 1978 1979 1983 1982
f 1979 1980 1984 1983
f 1980 1977 1981 1984
v 37.492 2.088 -180.539
v 45.783 2.088 -193.482
v 51.248 2.088 -189.981
v 42.957 2.088 -177.038
v 37.492 5.988 -180.539
v 45.783 5.988 -193.482
v 51.248 5.988 -189.981
v 42.957 5.988 -177.038
f 1992 1991 1990 1989
f 1985 1986 1990 1989
f 1986 1987 1991 1990
f 1987 1988 1992 1991
f 1988 1985 1989 1992
v 51.677 1.887 -182.228
v 55.978 1.887 -179.563
v 54.223 1.887 -176.732
v 49.922 1.887 -179.397
v 51.677 5.787 -182.228
v 55.978 5.787 -179.563
v 54.223 5.787 -176.732
v 49.922 5.787 -179.397
f 2000 1999 1998 1997
f 1993 1994 1998 1997
f 1994 1995 1999 1998
f 1995 1996 2000 1999
f 1996 1993 1997 2000
v 54.348 1.876 -178.434
v 58.663 1.876 -175.869
v 56.272 1.876 -171.846
v 51.957 1.876 -174.411
v 54.348 5.776 -178.434
v 58.663 5.776 -175.869
v 56.272 5.776 -171.846
v 51.957 5.776 -174.411
f 2008 2007 2006 2005
f 2001 2002 2006 2005
f 2002 2003 2007 2006
f 2003 2004 2008 2007
f 2004 2001 2005 2008
v 30.580 1.916 -176.775
v 37.967 1.916 -185.964
v 43.540 1.916 -181.485
v 36.153 1.916 -172.296
v 30.580 5.816 -176.775
v 37.967 5.816 -185.964
v 43.540 5.816 -181.485
v 36.153 5.816 -172.296
f 2016 2015 2014 2013
f 2009 2010 2014 2013
f 2010 2011 2015 2014
f 2011 2012 2016 2015
f 2012 2009 2013 2016
v 48.223 1.594 -158.776
v 51.044 1.594 -162.696
v 54.397 1.594 -160.284
v 51.576 1.594 -156.364
v 48.223 5.494 -158.776
v 51.044 5.494 -162.696
v 54.397 5.494 -160.284
v 51.576 5.494 -156.364
f 2024 2023 2022 2021
f 2017 2018 2022 2021
f 2018 2019 2023 2022
f 2019 2020 2024 2023
f 2020 2017 2021 2024
v 23.644 1.891 -170.592
v 31.699 1.891 -181.238
v 34.936 1.891 -178.788
v 26.881 1.891 -168.142
v 23.644 5.791 -170.592
v 31.699 5.791 -181.238
v 34.936 5.791 -178.788
v 26.881 5.791 -168.142
f 2032 2031 2030 2029
f 2025 2026 2030 2029
f 2026 2027 2031 2030
f 2027 2028 2032 2031
f 2028 2025 2029 2032
v 17.756 1.515 -165.098
v 26.725 1.515 -178.251
v 31.724 1.515 -174.842
v 22.755 1.515 -161.689
v 17.756 5.415 -165.098
v 26.725 5.415 -178.251
v 31.724 5.415 -174.842
v 22.755 5.415 -161.689
f 2040 2039 2038 2037
f 2033 2034 2038 2037
f 2034 2035 2039 2038
f 2035 2036 2040 2039
f 2036 2033 2037 2040
v 0.950 1.322 -155.574
v 9.537 1.322 -171.620
v 17.710 1.322 -167.246
v 9.123 1.322 -151.200
v 0.950 5.222 -155.574
v 9.537 5.222 -171.620
v 17.710 5.222 -167.246
v 9.123 5.222 -151.200
f 2048 2047 2046 2045
f 2041 2042 2046 2045
f 2042 2043 2047 2046
f 2043 2044 2048 2047
f 2044 2041 2045 2048
v 12.545 0.867 -153.130
v 18.912 0.867 -156.135
v 21.435 0.867 -150.790
v 15.068 0.867 -147.785
v 12.545 4.767 -153.130
v 18.912 4.767 -156.135
v 21.435 4.767 -150.790
v 15.068 4.767 -147.785
f 2056 2055 2054 2053
f 2049 2050 2054 2053
f 2050 2051 2055 2054
f 2051 2052 2056 2055
f 2052 2049 2053 2056
v 38.329 1.635 -146.167
v 44.796 1.635 -156.829
v 52.671 1.635 -152.053
v 46.204 1.635 -141.391
v 38.329 5.535 -146.167
v 44.796 5.535 -156.829
v 52.671 5.535 -152.053
v 46.204 5.535 -141.391
f 2064 2063 2062 2061
f 2057 2058 2062 2061
f 2058 2059 2063 2062
f 2059 2060 2064 2063
f 2060 2057 2061 2064
v 20.542 1.113 -152.434
v 31.254 1.113 -145.426
v 26.858 1.113 -138.706
v 16.146 1.113 -145.714
v 20.542 5.013 -152.434
v 31.254 5.013 -145.426
v 26.858 5.013 -138.706
v 16.146 5.013 -145.714
f 2072 2071 2070 2069
f 2065 2066 2070 2069
f 2066 2067 2071 2070
f 2067 2068 2072 2071
f 2068 2065 2069 2072
v 16.071 1.286 -162.340
v 19.266 1.286 -167.216
v 21.549 1.286 -165.720
v 18.354 1.286 -160.844
v 16.071 5.186 -162.340
v 19.266 5.186 -167.216
v 21.549 5.186 -165.720
v 18.354 5.186 -160.844
f 2080 2079 2078 2077
f 2073 2074 2078 2077
f 2074 2075 2079 2078
f 2075 2076 2080 2079
f 2076 2073 2077 2080
v 27.722 1.301 -141.598
v 40.443 1.301 -133.151
v 36.598 1.301 -127.362
v 23.877 1.301 -135.809
v 27.722 5.201 -141.598
v 40.443 5.201 -133.151
v 36.598 5.201 -127.362
v 23.877 5.201 -135.809
f 2088 2087 2086 2085
f 2081 2082 2086 2085
f 2082 2083 2087 2086
f 2083 2084 2088 2087
f 2084 2081 2085 2088
v 47.420 1.501 -144.673
v 57.201 1.501 -138.001
v 52.320 1.501 -130.847
v 42.539 1.501 -137.519
v 47.420 5.401 -144.673
v 57.201 5.401 -138.001
v 52.320 5.401 -130.847
v 42.539 5.401 -137.519
f 2096 2095 2094 2093
f 2089 2090 2094 2093
f 2090 2091 2095 2094
f 2091 2092 2096 2095
f 2092 2089 2093 2096
v 56.299 1.772 -115.222
v 59.197 1.772 -129.205
v 69.361 1.772 -127.098
v 66.463 1.772 -113.115
v 56.299 5.672 -115.222
v 59.197 5.672 -129.205
v 69.361 5.672 -127.098
v 66.463 5.672 -113.115
f 2104 2103 2102 2101
f 2097 2098 2102 2101
f 2098 2099 2103 2102
f 2099 2100 2104 2103
f 2100 2097 2101 2104
v 37.908 1.139 -100.390
v 41.308 1.139 -112.512
v 49.232 1.139 -110.290
v 45.832 1.139 -98.168
v 37.908 5.039 -100.390
v 41.308 5.039 -112.512
v 49.232 5.039 -110.290
v 45.832 5.039 -98.168
f 2112 2111 2110 2109
f 2105 2106 2110 2109
f 2106 2107 2111 2110
f 2107 2108 2112 2111
f 2108 2105 2109 2112
v 24.868 0.958 -99.949
v 34.574 0.958 -94.669
v 30.832 0.958 -87.791
v 21.126 0.958 -93.071
v 24.868 4.858 -99.949
v 34.574 4.858 -94.669
v 30.832 4.858 -87.791
v 21.126 4.858 -93.071
f 2120 2119 2118 2117
f 2113 2114 2118 2117
f 2114 2115 2119 2118
f 2115 2116 2120 2119
f 2116 2113 2117 2120
v 17.496 1.206 -111.110
v 31.999 1.206 -103.033
v 27.464 1.206 -94.890
v 12.961 1.206 -102.967
v 17.496 5.106 -111.110
v 31.999 5.106 -103.033
v 27.464 5.106 -94.890
v 12.961 5.106 -102.967
f 2128 2127 2126 2125
f 2121 2122 2126 2125
f 2122 2123 2127 2126
f 2123 2124 2128 2127
f 2124 2121 2125 2128
v 25.280 0.940 -84.834
v 28.192 0.940 -88.433
v 31.760 0.940 -85.546
v 28.848 0.940 -81.947
v 25.280 4.840 -84.834
v 28.192 4.840 -88.433
v 31.760 4.840 -85.546
v 28.848 4.840 -81.947
f 2136 2135 2134 2133
f 2129 2130 2134 2133
f 2130 2131 2135 2134
f 2131 2132 2136 2135
f 2132 2129 2133 2136
v -14.773 1.005 -112.230
v -1.538 1.005 -103.508
v -6.347 1.005 -96.210
v -19.582 1.005 -104.932
v -14.773 4.905 -112.230
v -1.538 4.905 -103.508
v -6.347 4.905 -96.210
v -19.582 4.905 -104.932
f 2144 2143 2142 2141
f 2137 2138 2142 2141
f 2138 2139 2143 2142
f 2139 2140 2144 2143
f 2140 2137 2141 2144
v 13.402 1.128 -121.606
v 22.451 1.128 -112.737
v 16.018 1.128 -106.174
v 6.969 1.128 -115.043
v 13.402 5.028 -121.606
v 22.451 5.028 -112.737
v 16.018 5.028 -106.174
v 6.969 5.028 -115.043
f 2152 2151 2150 2149
f 2145 2146 2150 2149
f 2146 2147 2151 2150
f 2147 2148 2152 2151
f 2148 2145 2149 2152
v -30.643 1.076 -135.960
v -12.388 1.076 -123.880
v -15.577 1.076 -119.060
v -33.832 1.076 -131.140
v -30.643 4.976 -135.960
v -12.388 4.976 -123.880
v -15.577 4.976 -119.060
v -33.832 4.976 -131.140
f 2160 2159 2158 2157
f 2153 2154 2158 2157
f 2154 2155 2159 2158
f 2155 2156 2160 2159
f 2156 2153 2157 2160
v -27.775 0.911 -114.123
v -20.547 0.911 -123.740
v -13.385 0.911 -118.357
v -20.613 0.911 -108.740
v -27.775 4.811 -114.123
v -20.547 4.811 -123.740
v -13.385 4.811 -118.357
v -20.613 4.811 -108.740
f 2168 2167 2166 2165
f 2161 2162 2166 2165
f 2162 2163 2167 2166
f 2163 2164 2168 2167
f 2164 2161 2165 2168
v 4.410 1.008 -134.542
v 15.608 1.008 -127.310
v 12.630 1.008 -122.698
v 1.432 1.008 -129.930
v 4.410 4.908 -134.542
v 15.608 4.908 -127.310
v 12.630 4.908 -122.698
v 1.432 4.908 -129.930
f 2176 2175 2174 2173
f 2169 2170 2174 2173
f 2170 2171 2175 2174
f 2171 2172 2176 2175
f 2172 2169 2173 2176
v -1.181 1.090 -142.361
v 12.628 1.090 -133.720
v 9.461 1.090 -128.659
v -4.348 1.090 -137.300
v -1.181 4.990 -142.361
v 12.628 4.990 -133.720
v 9.461 4.990 -128.659
v -4.348 4.990 -137.300
f 2184 2183 2182 2181
f 2177 2178 2182 2181
f 2178 2179 2183 2182
f 2179 2180 2184 2183
f 2180 2177 2181 2184
v -28.988 1.326 -140.636
v -20.497 1.326 -149.368
v -12.432 1.326 -141.524
v -20.923 1.326 -132.792
v -28.988 5.226 -140.636
v -20.497 5.226 -149.368
v -12.432 5.226 -141.524
v -20.923 5.226 -132.792
f 2192 2191 2190 2189
f 2185 2186 2190 2189
f 2186 2187 2191 2190
f 2187 2188 2192 2191
f 2188 2185 2189 2192
v -19.925 1.312 -141.333
v -10.284 1.312 -154.501
v -3.135 1.312 -149.267
v -12.776 1.312 -136.099
v -19.925 5.212 -141.333
v -10.284 5.212 -154.501
v -3.135 5.212 -149.267
v -12.776 5.212 -136.099
f 2200 2199 2198 2197
f 2193 2194 2198 2197
f 2194 2195 2199 2198
f 2195 2196 2200 2199
f 2196 2193 2197 2200
v -10.710 1.128 -148.047
v -3.143 1.128 -158.911
v 3.890 1.128 -154.013
v -3.677 1.128 -143.149
v -10.710 5.028 -148.047
v -3.143 5.028 -158.911
v 3.890 5.028 -154.013
v -3.677 5.028 -143.149
f 2208 2207 2206 2205
f 2201 2202 2206 2205
f 2202 2203 2207 2206
f 2203 2204 2208 2207
f 2204 2201 2205 2208
v -55.596 0.920 -131.133
v -45.852 0.920 -120.598
v -55.204 0.920 -111.947
v -64.948 0.920 -122.482
v -55.596 4.820 -131.133
v -45.852 4.820 -120.598
v -55.204 4.820 -111.947
v -64.948 4.820 -122.482
f 2216 2215 2214 2213
f 2209 2210 2214 2213
f 2210 2211 2215 2214
f 2211 2212 2216 2215
f 2212 2209 2213 2216
v -78.062 1.051 -110.719
v -68.386 1.051 -118.051
v -62.998 1.051 -110.941
v -72.674 1.051 -103.609
v -78.062 4.951 -110.719
v -68.386 4.951 -118.051
v -62.998 4.951 -110.941
v -72.674 4.951 -103.609
f 2224 2223 2222 2221
f 2217 2218 2222 2221
f 2218 2219 2223 2222
f 2219 2220 2224 2223
f 2220 2217 2221 2224
v -53.472 1.096 -110.080
v -41.830 1.096 -101.319
v -47.188 1.096 -94.200
v -58.830 1.096 -102.961
v -53.472 4.996 -110.080
v -41.830 4.996 -101.319
v -47.188 4.996 -94.200
v -58.830 4.996 -102.961
f 2232 2231 2230 2229
f 2225 2226 2230 2229
f 2226 2227 2231 2230
f 2227 2228 2232 2231
f 2228 2225 2229 2232
v -47.260 1.056 -89.740
v -37.303 1.056 -103.321
v -25.980 1.056 -95.020
v -35.937 1.056 -81.439
v -47.260 4.956 -89.740
v -37.303 4.956 -103.321
v -25.980 4.956 -95.020
v -35.937 4.956 -81.439
f 2240 2239 2238 2237
f 2233 2234 2238 2237
f 2234 2235 2239 2238
f 2235 2236 2240 2239
f 2236 2233 2237 2240
v -54.310 0.976 -94.343
v -49.744 0.976 -91.101
v -51.990 0.976 -87.937
v -56.556 0.976 -91.179
v -54.310 4.876 -94.343
v -49.744 4.876 -91.101
v -51.990 4.876 -87.937
v -56.556 4.876 -91.179
f 2248 2247 2246 2245
f 2241 2242 2246 2245
f 2242 2243 2247 2246
f 2243 2244 2248 2247
f 2244 2241 2245 2248
v -26.908 1.057 -79.930
v -20.443 1.057 -75.991
v -23.112 1.057 -71.610
v -29.577 1.057 -75.549
v -26.908 4.957 -79.930
v -20.443 4.957 -75.991
v -23.112 4.957 -71.610
v -29.577 4.957 -75.549
f 2256 2255 2254 2253
f 2249 2250 2254 2253
f 2250 2251 2255 2254
f 2251 2252 2256 2255
f 2252 2249 2253 2256
v -93.777 1.251 -94.480
v -90.925 1.251 -108.830
v -75.683 1.251 -105.800
v -78.535 1.251 -91.450
v -93.777 5.151 -94.480
v -90.925 5.151 -108.830
v -75.683 5.151 -105.800
v -78.535 5.151 -91.450
f 2264 2263 2262 2261
f 2257 2258 2262 2261
f 2258 2259 2263 2262
f 2259 2260 2264 2263
f 2260 2257 2261 2264
v -100.665 1.122 -82.451
v -91.938 1.122 -95.467
v -84.155 1.122 -90.249
v -92.882 1.122 -77.233
v -100.665 5.022 -82.451
v -91.938 5.022 -95.467
v -84.155 5.022 -90.249
v -92.882 5.022 -77.233
f 2272 2271 2270 2269
f 2265 2266 2270 2269
f 2266 2267 2271 2270
f 2267 2268 2272 2271
f 2268 2265 2269 2272
v -121.127 1.257 -87.610
v -108.555 1.257 -79.156
v -115.553 1.257 -68.750
v -128.125 1.257 -77.204
v -121.127 5.157 -87.610
v -108.555 5.157 -79.156
v -115.553 5.157 -68.750
v -128.125 5.157 -77.204
f 2280 2279 2278 2277
f 2273 2274 2278 2277
f 2274 2275 2279 2278
f 2275 2276 2280 2279
f 2276 2273 2277 2280
v -195.412 1.305 -207.007
v -185.882 1.305 -221.060
v -181.388 1.305 -218.013
v -190.918 1.305 -203.960
v -195.412 5.205 -207.007
v -185.882 5.205 -221.060
v -181.388 5.205 -218.013
v -190.918 5.205 -203.960
f 2288 2287 2286 2285
f 2281 2282 2286 2285
f 2282 2283 2287 2286
f 2283 2284 2288 2287
f 2284 2281 2285 2288
v -191.422 1.025 -209.965
v -182.263 1.025 -225.946
v -176.138 1.025 -222.435
v -185.297 1.025 -206.454
v -191.422 4.925 -209.965
v -182.263 4.925 -225.946
v -176.138 4.925 -222.435
v -185.297 4.925 -206.454
f 2296 2295 2294 2293
f 2289 2290 2294 2293
f 2290 2291 2295 2294
f 2291 2292 2296 2295
f 2292 2289 2293 2296
v -199.241 1.082 -238.164
v -187.193 1.082 -229.027
v -191.979 1.082 -222.716
v -204.027 1.082 -231.853
v -199.241 4.982 -238.164
v -187.193 4.982 -229.027
v -191.979 4.982 -222.716
v -204.027 4.982 -231.853
f 2304 2303 2302 2301
f 2297 2298 2302 2301
f 2298 2299 2303 2302
f 2299 2300 2304 2303
f 2300 2297 2301 2304
v -229.812 0.864 -221.720
v -223.488 0.864 -230.988
v -217.408 0.864 -226.840
v -223.732 0.864 -217.572
v -229.812 4.764 -221.720
v -223.488 4.764 -230.988
v -217.408 4.764 -226.840
v -223.732 4.764 -217.572
f 2312 2311 2310 2309
f 2305 2306 2310 2309
f 2306 2307 2311 2310
f 2307 2308 2312 2311
f 2308 2305 2309 2312
v -229.094 1.012 -236.512
v -222.905 1.012 -232.274
v -225.826 1.012 -228.008
v -232.015 1.012 -232.246
v -229.094 4.912 -236.512
v -222.905 4.912 -232.274
v -225.826 4.912 -228.008
v -232.015 4.912 -232.246
f 2320 2319 2318 2317
f 2313 2314 2318 2317
f 2314 2315 2319 2318
f 2315 2316 2320 2319
f 2316 2313 2317 2320
v -206.133 1.225 -246.486
v -205.565 1.225 -229.326
v -221.627 1.225 -228.794
v -222.195 1.225 -245.954
v -206.133 5.125 -246.486
v -205.565 5.125 -229.326
v -221.627 5.125 -228.794
v -222.195 5.125 -245.954
f 2328 2327 2326 2325
f 2321 2322 2326 2325
f 2322 2323 2327 2326
f 2323 2324 2328 2327
f 2324 2321 2325 2328
v -210.203 1.282 -238.769
v -201.307 1.282 -251.462
v -195.697 1.282 -247.531
v -204.593 1.282 -234.838
v -210.203 5.182 -238.769
v -201.307 5.182 -251.462
v -195.697 5.182 -247.531
v -204.593 5.182 -234.838
f 2336 2335 2334 2333
f 2329 2330 2334 2333
f 2330 2331 2335 2334
f 2331 2332 2336 2335
f 2332 2329 2333 2336
v -201.143 1.177 -245.877
v -193.640 1.177 -256.591
v -189.717 1.177 -253.843
v -197.220 1.177 -243.129
v -201.143 5.077 -245.877
v -193.640 5.077 -256.591
v -189.717 5.077 -253.843
v -197.220 5.077 -243.129
f 2344 2343 2342 2341
f 2337 2338 2342 2341
f 2338 2339 2343 2342
f 2339 2340 2344 2343
f 2340 2337 2341 2344
v -196.773 1.158 -250.011
v -190.609 1.158 -258.843
v -188.067 1.158 -257.069
v -194.231 1.158 -248.237
v -196.773 5.058 -250.011
v -190.609 5.058 -258.843
v -188.067 5.058 -257.069
v -194.231 5.058 -248.237
f 2352 2351 2350 2349
f 2345 2346 2350 2349
f 2346 2347 2351 2350
f 2347 2348 2352 2351
f 2348 2345 2349 2352
v -193.802 1.345 -246.437
v -184.345 1.345 -267.381
v -171.858 1.345 -261.743
v -181.315 1.345 -240.799
v -193.802 5.245 -246.437
v -184.345 5.245 -267.381
v -171.858 5.245 -261.743
v -181.315 5.245 -240.799
f 2360 2359 2358 2357
f 2353 2354 2358 2357
f 2354 2355 2359 2358
f 2355 2356 2360 2359
f 2356 2353 2357 2360
v -172.894 1.110 -243.196
v -160.412 1.110 -234.075
v -166.046 1.110 -226.364
v -178.528 1.110 -235.485
v -172.894 5.010 -243.196
v -160.412 5.010 -234.075
v -166.046 5.010 -226.364
v -178.528 5.010 -235.485
f 2368 2367 2366 2365
f 2361 2362 2366 2365
f 2362 2363 2367 2366
f 2363 2364 2368 2367
f 2364 2361 2365 2368
v -180.822 0.992 -219.216
v -177.730 0.992 -223.408
v -175.718 0.992 -221.924
v -178.810 0.992 -217.732
v -180.822 4.892 -219.216
v -177.730 4.892 -223.408
v -175.718 4.892 -221.924
v -178.810 4.892 -217.732
f 2376 2375 2374 2373
f 2369 2370 2374 2373
f 2370 2371 2375 2374
f 2371 2372 2376 2375
f 2372 2369 2373 2376
v -172.949 1.134 -213.989
v -170.129 1.134 -217.959
v -168.091 1.134 -216.511
v -170.911 1.134 -212.541
v -172.949 5.034 -213.989
v -170.129 5.034 -217.959
v -168.091 5.034 -216.511
v -170.911 5.034 -212.541
f 2384 2383 2382 2381
f 2377 2378 2382 2381
f 2378 2379 2383 2382
f 2379 2380 2384 2383
f 2380 2377 2381 2384
v -172.899 1.138 -221.393
v -167.131 1.138 -229.229
v -161.341 1.138 -224.967
v -167.109 1.138 -217.131
v -172.899 5.038 -221.393
v -167.131 5.038 -229.229
v -161.341 5.038 -224.967
v -167.109 5.038 -217.131
f 2392 2391 2390 2389
f 2385 2386 2390 2389
f 2386 2387 2391 2390
f 2387 2388 2392 2391
f 2388 2385 2389 2392
v -156.830 1.197 -229.149
v -151.963 1.197 -236.032
v -148.990 1.197 -233.931
v -153.857 1.197 -227.048
v -156.830 5.097 -229.149
v -151.963 5.097 -236.032
v -148.990 5.097 -233.931
v -153.857 5.097 -227.048
f 2400 2399 2398 2397
f 2393 2394 2398 2397
f 2394 2395 2399 2398
f 2395 2396 2400 2399
f 2396 2393 2397 2400
v -137.767 1.208 -243.655
v -130.118 1.208 -238.561
v -133.073 1.208 -234.125
v -140.722 1.208 -239.219
v -137.767 5.108 -243.655
v -130.118 5.108 -238.561
v -133.073 5.108 -234.125
v -140.722 5.108 -239.219
f 2408 2407 2406 2405
f 2401 2402 2406 2405
f 2402 2403 2407 2406
f 2403 2404 2408 2407
f 2404 2401 2405 2408
v -150.906 1.141 -252.053
v -135.279 1.141 -241.730
v -140.394 1.141 -233.987
v -156.021 1.141 -244.310
v -150.906 5.041 -252.053
v -135.279 5.041 -241.730
v -140.394 5.041 -233.987
v -156.021 5.041 -244.310
f 2416 2415 2414 2413
f 2409 2410 2414 2413
f 2410 2411 2415 2414
f 2411 2412 2416 2415
f 2412 2409 2413 2416
v -156.030 1.305 -260.462
v -142.013 1.305 -248.775
v -147.430 1.305 -242.278
v -161.447 1.305 -253.965
v -156.030 5.205 -260.462
v -142.013 5.205 -248.775
v -147.430 5.205 -242.278
v -161.447 5.205 -253.965
f 2424 2423 2422 2421
f 2417 2418 2422 2421
f 2418 2419 2423 2422
f 2419 2420 2424 2423
f 2420 2417 2421 2424
v -169.212 1.393 -249.305
v -165.766 1.393 -262.627
v -156.288 1.393 -260.175
v -159.734 1.393 -246.853
v -169.212 5.293 -249.305
v -165.766 5.293 -262.627
v -156.288 5.293 -260.175
v -159.734 5.293 -246.853
f 2432 2431 2430 2429
f 2425 2426 2430 2429
f 2426 2427 2431 2430
f 2427 2428 2432 2431
f 2428 2425 2429 2432
v 245.407 3.017 -219.350
v 253.236 3.017 -215.287
v 249.293 3.017 -207.690
v 241.464 3.017 -211.753
v 245.407 6.917 -219.350
v 253.236 6.917 -215.287
v 249.293 6.917 -207.690
v 241.464 6.917 -211.753
f 2440 2439 2438 2437
f 2433 2434 2438 2437
f 2434 2435 2439 2438
f 2435 2436 2440 2439
f 2436 2433 2437 2440
v 115.739 2.362 -176.019
v 133.677 2.362 -164.185
v 128.661 2.362 -156.581
v 110.723 2.362 -168.415
v 115.739 6.262 -176.019
v 133.677 6.262 -164.185
v 128.661 6.262 -156.581
v 110.723 6.262 -168.415
f 2448 2447 2446 2445
f 2441 2442 2446 2445
f 2442 2443 2447 2446
f 2443 2444 2448 2447
f 2444 2441 2445 2448
v 127.508 2.021 -158.627
v 132.334 2.021 -164.806
v 138.292 2.021 -160.153
v 133.466 2.021 -153.974
v 127.508 5.921 -158.627
v 132.334 5.921 -164.806
v 138.292 5.921 -160.153
v 133.466 5.921 -153.974
f 2456 2455 2454 2453
f 2449 2450 2454 2453
f 2450 2451 2455 2454
f 2451 2452 2456 2455
f 2452 2449 2453 2456
v 124.358 1.848 -154.624
v 138.534 1.848 -144.516
v 133.942 1.848 -138.076
v 119.766 1.848 -148.184
v 124.358 5.748 -154.624
v 138.534 5.748 -144.516
v 133.942 5.748 -138.076
v 119.766 5.748 -148.184
f 2464 2463 2462 2461
f 2457 2458 2462 2461
f 2458 2459 2463 2462
f 2459 2460 2464 2463
f 2460 2457 2461 2464
v 143.012 2.095 -166.888
v 147.210 2.095 -164.099
v 144.748 2.095 -160.392
v 140.550 2.095 -163.181
v 143.012 5.995 -166.888
v 147.210 5.995 -164.099
v 144.748 5.995 -160.392
v 140.550 5.995 -163.181
f 2472 2471 2470 2469
f 2465 2466 2470 2469
f 2466 2467 2471 2470
f 2467 2468 2472 2471
f 2468 2465 2469 2472
v 145.394 1.962 -160.776
v 150.178 1.962 -157.461
v 147.546 1.962 -153.664
v 142.762 1.962 -156.979
v 145.394 5.862 -160.776
v 150.178 5.862 -157.461
v 147.546 5.862 -153.664
v 142.762 5.862 -156.979
f 2480 2479 2478 2477
f 2473 2474 2478 2477
f 2474 2475 2479 2478
f 2475 2476 2480 2479
f 2476 2473 2477 2480
v 123.976 1.655 -141.206
v 147.833 1.655 -143.065
v 149.344 1.655 -123.674
v 125.487 1.655 -121.815
v 123.976 5.555 -141.206
v 147.833 5.555 -143.065
v 149.344 5.555 -123.674
v 125.487 5.555 -121.815
f 2488 2487 2486 2485
f 2481 2482 2486 2485
f 2482 2483 2487 2486
f 2483 2484 2488 2487
f 2484 2481 2485 2488
v 145.631 1.652 -142.584
v 154.210 1.652 -155.673
v 161.009 1.652 -151.216
v 152.430 1.652 -138.127
v 145.631 5.552 -142.584
v 154.210 5.552 -155.673
v 161.009 5.552 -151.216
v 152.430 5.552 -138.127
f 2496 2495 2494 2493
f 2489 2490 2494 2493
f 2490 2491 2495 2494
f 2491 2492 2496 2495
f 2492 2489 2493 2496
v 156.685 1.799 -149.111
v 163.172 1.799 -158.339
v 170.355 1.799 -153.289
v 163.868 1.799 -144.061
v 156.685 5.699 -149.111
v 163.172 5.699 -158.339
v 170.355 5.699 -153.289
v 163.868 5.699 -144.061
f 2504 2503 2502 2501
f 2497 2498 2502 2501
f 2498 2499 2503 2502
f 2499 2500 2504 2503
f 2500 2497 2501 2504
v 162.328 1.880 -153.969
v 170.756 1.880 -165.805
v 177.012 1.880 -161.351
v 168.584 1.880 -149.515
v 162.328 5.780 -153.969
v 170.756 5.780 -165.805
v 177.012 5.780 -161.351
v 168.584 5.780 -149.515
f 2512 2511 2510 2509
f 2505 2506 2510 2509
f 2506 2507 2511 2510
f 2507 2508 2512 2511
f 2508 2505 2509 2512
v 149.190 2.257 -165.619
v 155.527 2.257 -172.830
v 160.590 2.257 -168.381
v 154.253 2.257 -161.170
v 149.190 6.157 -165.619
v 155.527 6.157 -172.830
v 160.590 6.157 -168.381
v 154.253 6.157 -161.170
f 2520 2519 2518 2517
f 2513 2514 2518 2517
f 2514 2515 2519 2518
f 2515 2516 2520 2519
f 2516 2513 2517 2520
v 159.036 2.133 -178.647
v 169.374 2.133 -172.301
v 165.084 2.133 -165.313
v 154.746 2.133 -171.659
v 159.036 6.033 -178.647
v 169.374 6.033 -172.301
v 165.084 6.033 -165.313
v 154.746 6.033 -171.659
f 2528 2527 2526 2525
f 2521 2522 2526 2525
f 2522 2523 2527 2526
f 2523 2524 2528 2527
f 2524 2521 2525 2528
v 142.069 2.979 -195.613
v 153.483 2.979 -188.128
v 148.931 2.979 -181.187
v 137.517 2.979 -188.672
v 142.069 6.879 -195.613
v 153.483 6.879 -188.128
v 148.931 6.879 -181.187
v 137.517 6.879 -188.672
f 2536 2535 2534 2533
f 2529 2530 2534 2533
f 2530 2531 2535 2534
f 2531 2532 2536 2535
f 2532 2529 2533 2536
v 129.737 2.947 -200.991
v 137.808 2.947 -212.209
v 148.483 2.947 -204.529
v 140.412 2.947 -193.311
v 129.737 6.847 -200.991
v 137.808 6.847 -212.209
v 148.483 6.847 -204.529
v 140.412 6.847 -193.311
f 2544 2543 2542 2541
f 2537 2538 2542 2541
f 2538 2539 2543 2542
f 2539 2540 2544 2543
f 2540 2537 2541 2544
v 125.028 2.748 -220.742
v 138.606 2.748 -212.241
v 134.372 2.748 -205.478
v 120.794 2.748 -213.979
v 125.028 6.648 -220.742
v 138.606 6.648 -212.241
v 134.372 6.648 -205.478
v 120.794 6.648 -213.979
f 2552 2551 2550 2549
f 2545 2546 2550 2549
f 2546 2547 2551 2550
f 2547 2548 2552 2551
f 2548 2545 2549 2552
v 98.097 2.415 -223.496
v 103.290 2.415 -233.499
v 112.103 2.415 -228.924
v 106.910 2.415 -218.921
v 98.097 6.315 -223.496
v 103.290 6.315 -233.499
v 112.103 6.315 -228.924
v 106.910 6.315 -218.921
f 2560 2559 2558 2557
f 2553 2554 2558 2557
f 2554 2555 2559 2558
f 2555 2556 2560 2559
f 2556 2553 2557 2560
v 89.929 2.199 -217.492
v 99.213 2.199 -227.457
v 105.191 2.199 -221.888
v 95.907 2.199 -211.923
v 89.929 6.099 -217.492
v 99.213 6.099 -227.457
v 105.191 6.099 -221.888
v 95.907 6.099 -211.923
f 2568 2567 2566 2565
f 2561 2562 2566 2565
f 2562 2563 2567 2566
f 2563 2564 2568 2567
f 2564 2561 2565 2568
v 77.047 2.269 -223.102
v 91.017 2.269 -214.919
v 86.893 2.269 -207.878
v 72.923 2.269 -216.061
v 77.047 6.169 -223.102
v 91.017 6.169 -214.919
v 86.893 6.169 -207.878
v 72.923 6.169 -216.061
f 2576 2575 2574 2573
f 2569 2570 2574 2573
f 2570 2571 2575 2574
f 2571 2572 2576 2575
f 2572 2569 2573 2576
v 83.581 2.305 -215.066
v 93.936 2.305 -207.921
v 89.239 2.305 -201.114
v 78.884 2.305 -208.259
v 83.581 6.205 -215.066
v 93.936 6.205 -207.921
v 89.239 6.205 -201.114
v 78.884 6.205 -208.259
f 2584 2583 2582 2581
f 2577 2578 2582 2581
f 2578 2579 2583 2582
f 2579 2580 2584 2583
f 2580 2577 2581 2584
v 113.272 2.646 -224.245
v 127.148 2.646 -215.025
v 123.208 2.646 -209.095
v 109.332 2.646 -218.315
v 113.272 6.546 -224.245
v 127.148 6.546 -215.025
v 123.208 6.546 -209.095
v 109.332 6.546 -218.315
f 2592 2591 2590 2589
f 2585 2586 2590 2589
f 2586 2587 2591 2590
f 2587 2588 2592 2591
f 2588 2585 2589 2592
usemtl road
v 96.400 1.393 243.886
v 88.810 1.389 247.536
v 91.410 1.404 252.944
v 99.000 1.406 249.294
f 2593 2594 2595 2596
v -93.667 1.020 245.508
v -98.217 1.024 242.658
v -101.403 1.038 247.742
v -96.853 1.005 250.592
f 2597 2598 2599 2600
v -97.490 1.023 243.298
v -100.850 1.039 239.198
v -105.490 1.066 243.002
v -102.130 1.040 247.102
f 2601 2602 2603 2604
v -100.473 1.037 239.786
v -102.543 1.039 235.536
v -107.937 1.072 238.164
v -105.867 1.072 242.414
f 2605 2606 2607 2608
v -102.309 1.042 236.210
v -102.569 1.038 235.020
v -108.431 1.079 236.300
v -108.171 1.075 237.490
f 2609 2610 2611 2612
v -102.563 1.038 235.047
v -103.243 1.052 231.787
v -109.117 1.074 233.013
v -108.437 1.079 236.273
f 2613 2614 2615 2616
v -103.181 1.050 232.319
v -103.291 1.044 228.239
v -109.289 1.050 228.401
v -109.179 1.069 232.481
f 2617 2618 2619 2620
v -103.440 1.048 229.257
v -102.230 1.051 225.577
v -107.930 1.037 223.703
v -109.140 1.052 227.383
f 2621 2622 2623 2624
v -102.404 1.050 225.996
v -99.044 1.016 219.366
v -104.396 1.007 216.654
v -107.756 1.034 223.284
f 2625 2626 2627 2628
v -99.606 1.022 220.139
v -95.186 0.974 215.749
v -99.414 1.014 211.491
v -103.834 1.004 215.881
f 2629 2630 2631 2632
v -95.623 0.987 216.107
v -77.293 1.173 203.747
v -80.647 1.110 198.773
v -98.977 1.016 211.133
f 2633 2634 2635 2636
v -77.284 1.172 203.741
v -56.434 1.306 189.571
v -59.806 1.293 184.609
v -80.656 1.110 198.779
f 2637 2638 2639 2640
v 163.214 1.022 162.365
v 166.204 1.118 166.485
v 170.656 1.052 163.255
v 167.666 1.083 159.135
f 2641 2642 2643 2644
v 166.849 1.158 167.120
v 171.019 1.097 170.050
v 174.181 1.056 165.550
v 170.011 1.060 162.620
f 2645 2646 2647 2648
v 171.831 1.081 170.440
v 176.741 1.017 171.870
v 178.279 1.056 166.590
v 173.369 1.049 165.160
f 2649 2650 2651 2652
v 177.639 1.035 171.977
v 182.739 1.124 171.737
v 182.481 1.059 166.243
v 177.381 1.058 166.483
f 2653 2654 2655 2656
v 183.620 1.101 171.548
v 188.380 1.034 169.668
v 186.360 1.065 164.552
v 181.600 1.061 166.432
f 2657 2658 2659 2660
v 189.152 1.035 169.205
v 193.032 1.047 165.905
v 189.468 1.083 161.715
v 185.588 1.058 165.015
f 2661 2662 2663 2664
v 193.617 1.060 165.210
v 196.207 1.068 160.830
v 191.473 1.119 158.030
v 188.883 1.084 162.410
f 2665 2666 2667 2668
v 196.534 1.076 159.983
v 197.554 1.081 155.013
v 192.166 1.142 153.907
v 191.146 1.108 158.877
f 2669 2670 2671 2672
v 197.587 1.075 154.104
v 196.927 1.032 149.054
v 191.473 1.142 149.766
v 192.133 1.141 154.816
f 2673 2674 2675 2676
v 196.663 1.045 148.187
v 194.403 1.119 143.637
v 189.477 1.134 146.083
v 191.737 1.143 150.633
f 2677 2678 2679 2680
v 193.868 1.093 142.899
v 190.238 1.022 139.329
v 186.382 1.131 143.251
v 190.012 1.138 146.821
f 2681 2682 2683 2684
v 189.499 1.033 138.810
v 184.889 1.115 136.600
v 182.511 1.122 141.560
v 187.121 1.136 143.770
f 2685 2686 2687 2688
v 184.028 1.113 136.350
v 178.958 1.065 135.740
v 178.302 1.107 141.200
v 183.372 1.119 141.810
f 2689 2690 2691 2692
v 178.055 1.068 135.781
v 173.055 1.091 136.851
v 174.205 1.112 142.229
v 179.205 1.106 141.159
f 2693 2694 2695 2696
v 172.214 1.090 137.182
v 167.834 1.059 139.812
v 170.666 1.106 144.528
v 175.046 1.116 141.898
f 2697 2698 2699 2700
v 167.148 1.055 140.397
v 163.868 1.100 144.287
v 168.072 1.128 147.833
v 171.352 1.104 143.943
f 2701 2702 2703 2704
v 163.406 1.111 145.067
v 161.566 1.084 149.817
v 166.694 1.131 151.803
v 168.534 1.121 147.053
f 2705 2706 2707 2708
v 161.382 1.082 150.712
v 161.202 1.078 155.782
v 166.698 1.089 155.978
v 166.878 1.140 150.908
f 2709 2710 2711 2712
v 161.320 1.093 156.685
v 162.810 1.028 161.555
v 168.070 1.081 159.945
v 166.580 1.096 155.075
f 2713 2714 2715 2716
v 170.532 1.410 254.908
v 164.384 1.262 239.178
v 158.796 1.221 241.362
v 164.944 1.441 257.092
f 2717 2718 2719 2720
v 164.383 1.262 239.176
v 157.143 1.050 220.686
v 151.557 0.994 222.874
v 158.797 1.221 241.364
f 2721 2722 2723 2724
v 157.102 1.049 220.585
v 155.452 1.001 216.785
v 149.948 0.966 219.175
v 151.598 0.995 222.975
f 2725 2726 2727 2728
v 155.267 1.008 216.427
v 153.277 1.018 213.137
v 148.143 0.951 216.243
v 150.133 0.969 219.533
f 2729 2730 2731 2732
v 153.184 1.019 212.994
v 145.684 1.008 202.054
v 140.736 0.997 205.446
v 148.236 0.953 216.386
f 2733 2734 2735 2736
v 145.723 1.008 202.112
v 108.493 0.930 144.992
v 103.467 0.836 148.268
v 140.697 0.997 205.388
f 2737 2738 2739 2740
v 100.742 1.455 244.860
v 98.922 1.425 241.660
v 92.838 1.370 245.120
v 94.658 1.383 248.320
f 2741 2742 2743 2744
v 98.762 1.422 241.404
v 71.302 1.248 201.554
v 65.538 1.255 205.526
v 92.998 1.371 245.376
f 2745 2746 2747 2748
v 71.002 1.247 201.178
v 63.592 1.227 193.078
v 58.428 1.202 197.802
v 65.838 1.257 205.902
f 2749 2750 2751 2752
v 63.273 1.228 192.770
v 58.023 1.182 188.320
v 53.497 1.140 193.660
v 58.747 1.204 198.110
f 2753 2754 2755 2756
v 57.460 1.176 187.930
v 53.500 1.140 185.730
v 50.100 1.111 191.850
v 54.060 1.148 194.050
f 2757 2758 2759 2760
v 52.754 1.138 185.422
v 44.984 1.128 183.222
v 43.076 1.052 189.958
v 50.846 1.115 192.158
f 2761 2762 2763 2764
v 44.439 1.127 183.114
v 39.339 1.119 182.514
v 38.521 1.101 189.466
v 43.621 1.052 190.066
f 2765 2766 2767 2768
v 39.088 1.119 182.494
v 31.548 1.154 182.154
v 31.232 1.143 189.146
v 38.772 1.099 189.486
f 2769 2770 2771 2772
v 30.907 1.151 182.183
v 20.277 1.138 183.663
v 21.243 1.201 190.597
v 31.873 1.140 189.117
f 2773 2774 2775 2776
v 19.306 1.139 183.946
v 3.666 1.162 191.086
v 6.574 1.143 197.454
v 22.214 1.208 190.314
f 2777 2778 2779 2780
v 192.738 0.939 68.204
v 161.078 0.811 20.754
v 156.502 0.819 23.806
v 188.162 0.930 71.256
f 2781 2782 2783 2784
v 161.076 0.811 20.751
v 159.076 0.841 17.761
v 154.504 0.867 20.819
v 156.504 0.819 23.809
f 2785 2786 2787 2788
v 159.108 0.840 17.810
v 125.528 1.200 -34.800
v 120.892 1.213 -31.840
v 154.472 0.867 20.770
f 2789 2790 2791 2792
v 125.499 1.200 -34.845
v 90.759 1.493 -86.995
v 86.181 1.495 -83.945
v 120.921 1.212 -31.795
f 2793 2794 2795 2796
v 116.225 2.775 -254.031
v 118.145 2.791 -251.241
v 122.675 2.809 -254.359
v 120.755 2.802 -257.149
f 2797 2798 2799 2800
v 118.104 2.790 -251.302
v 184.214 2.012 -149.522
v 188.826 2.041 -152.518
v 122.716 2.809 -254.298
f 2801 2802 2803 2804
v -238.247 1.058 -229.851
v -229.857 1.364 -236.471
v -233.263 1.250 -240.789
v -241.653 1.257 -234.169
f 2805 2806 2807 2808
v -229.879 1.364 -236.454
v -221.519 1.365 -242.914
v -224.881 1.288 -247.266
v -233.241 1.250 -240.806
f 2809 2810 2811 2812
v -64.844 1.311 18.587
v -91.824 1.175 -21.203
v -96.376 1.136 -18.117
v -69.396 1.342 21.673
f 2813 2814 2815 2816
v -91.822 1.175 -21.201
v -92.972 1.173 -22.901
v -97.528 1.137 -19.819
v -96.378 1.136 -18.119
f 2817 2818 2819 2820
v -92.971 1.173 -22.900
v -132.271 1.144 -81.060
v -136.829 1.088 -77.980
v -97.529 1.137 -19.820
f 2821 2822 2823 2824
v 256.825 1.064 168.228
v 253.635 1.098 167.316
v 251.985 1.069 173.084
v 255.175 1.069 173.997
f 2825 2826 2827 2828
v 253.219 1.093 167.228
v 241.659 1.081 165.638
v 240.841 1.032 171.582
v 252.401 1.072 173.172
f 2829 2830 2831 2832
v 241.653 1.081 165.637
v 230.513 1.041 164.127
v 229.707 1.045 170.073
v 240.847 1.032 171.583
f 2833 2834 2835 2836
v 230.650 1.041 164.149
v 214.640 1.026 161.219
v 213.560 1.063 167.121
v 229.570 1.046 170.051
f 2837 2838 2839 2840
v 214.856 1.026 161.267
v 201.186 1.066 157.707
v 199.674 1.064 163.513
v 213.344 1.065 167.073
f 2841 2842 2843 2844
v 200.959 1.066 157.657
v 194.369 1.109 156.477
v 193.311 1.063 162.383
v 199.901 1.063 163.563
f 2845 2846 2847 2848
v -133.014 1.063 -77.239
v -117.044 1.265 -87.989
v -120.116 1.227 -92.551
v -136.086 1.056 -81.801
f 2849 2850 2851 2852
v -117.045 1.265 -87.988
v -92.545 1.307 -104.468
v -95.615 1.258 -109.032
v -120.115 1.227 -92.552
f 2853 2854 2855 2856
v -92.544 1.307 -104.469
v -80.574 1.282 -112.529
v -83.646 1.345 -117.091
v -95.616 1.258 -109.031
f 2857 2858 2859 2860
v -80.575 1.282 -112.528
v -55.965 1.341 -129.078
v -59.035 1.250 -133.642
v -83.645 1.345 -117.092
f 2861 2862 2863 2864
v -55.964 1.341 -129.079
v -48.834 1.278 -133.879
v -51.906 1.292 -138.441
v -59.036 1.250 -133.641
f 2865 2866 2867 2868
v -58.750 2.114 -254.579
v -30.894 2.128 -208.429
v -26.186 2.102 -211.271
v -54.041 2.113 -257.421
f 2869 2870 2871 2872
v 242.114 2.473 -193.569
v 234.114 2.370 -188.219
v 238.006 2.452 -182.401
v 246.006 2.428 -187.751
f 2873 2874 2875 2876
v 234.068 2.370 -188.188
v 184.528 2.019 -153.898
v 188.512 2.105 -148.142
v 238.052 2.452 -182.432
f 2877 2878 2879 2880
v 184.558 2.019 -153.918
v 136.868 1.575 -121.628
v 140.792 1.889 -115.832
v 188.482 2.103 -148.122
f 2881 2882 2883 2884
v 137.121 1.577 -121.784
v 129.721 1.603 -117.644
v 133.139 1.568 -111.536
v 140.539 1.879 -115.676
f 2885 2886 2887 2888
v -197.572 1.280 -97.175
v -191.552 1.292 -96.845
v -191.168 1.388 -103.835
v -197.188 1.344 -104.165
f 2889 2890 2891 2892
v -192.200 1.292 -96.942
v -186.010 1.275 -95.412
v -184.330 1.442 -102.208
v -190.520 1.394 -103.738
f 2893 2894 2895 2896
v -187.173 1.284 -95.940
v -183.233 1.225 -93.190
v -179.227 1.375 -98.930
v -183.167 1.445 -101.680
f 2897 2898 2899 2900
v -183.885 1.239 -93.780
v -180.175 1.173 -89.460
v -174.865 1.284 -94.020
v -178.575 1.354 -98.340
f 2901 2902 2903 2904
v -180.467 1.176 -89.851
v -134.247 1.172 -17.731
v -128.353 1.270 -21.509
v -174.573 1.281 -93.629
f 2905 2906 2907 2908
v -134.435 1.170 -18.063
v -129.415 1.206 -7.953
v -123.145 1.218 -11.067
v -128.165 1.270 -21.177
f 2909 2910 2911 2912
v -129.700 1.198 -8.765
v -127.650 1.257 0.645
v -120.810 1.219 -0.845
v -122.860 1.215 -10.255
f 2913 2914 2915 2916
v -127.454 1.261 1.263
v -124.854 1.322 7.413
v -118.406 1.259 4.687
v -121.006 1.212 -1.463
f 2917 2918 2919 2920
v -124.587 1.325 7.923
v -118.697 1.347 17.223
v -112.783 1.333 13.477
v -118.673 1.251 4.177
f 2921 2922 2923 2924
v -118.619 1.348 17.341
v -117.139 1.344 19.481
v -111.381 1.343 15.499
v -112.861 1.334 13.359
f 2925 2926 2927 2928
v -117.152 1.344 19.462
v -101.212 1.436 42.842
v -95.428 1.438 38.898
v -111.368 1.343 15.518
f 2929 2930 2931 2932
v -101.236 1.437 42.806
v -92.746 1.364 55.596
v -86.914 1.389 51.724
v -95.404 1.438 38.934
f 2933 2934 2935 2936
v -92.750 1.364 55.589
v -90.920 1.360 58.359
v -85.080 1.380 54.501
v -86.910 1.389 51.731
f 2937 2938 2939 2940
v -90.898 1.361 58.392
v -87.818 1.383 62.942
v -82.022 1.366 59.018
v -85.102 1.380 54.468
f 2941 2942 2943 2944
v -87.822 1.382 62.937
v -86.392 1.382 65.057
v -80.588 1.361 61.143
v -82.018 1.366 59.023
f 2945 2946 2947 2948
v -86.390 1.382 65.059
v -51.090 1.317 117.309
v -45.290 1.298 113.391
v -80.590 1.361 61.141
f 2949 2950 2951 2952
v -51.090 1.317 117.310
v -41.520 1.269 131.470
v -35.720 1.330 127.550
v -45.290 1.298 113.390
f 2953 2954 2955 2956
v -41.520 1.269 131.469
v -1.700 1.111 190.409
v 4.100 1.115 186.491
v -35.720 1.330 127.551
f 2957 2958 2959 2960
v -1.703 1.111 190.405
v 2.217 1.144 196.225
v 8.023 1.136 192.315
v 4.103 1.115 186.495
f 2961 2962 2963 2964
v 94.706 1.384 248.402
v 100.402 1.364 257.812
v 106.390 1.476 254.188
v 100.694 1.454 244.778
f 2965 2966 2967 2968
v 222.170 1.158 259.332
v 257.071 1.168 248.114
v 254.929 1.251 241.449
v 220.028 1.240 252.668
f 2969 2970 2971 2972
v 258.314 0.794 73.416
v 236.514 0.814 39.484
v 231.886 0.758 42.456
v 253.686 0.784 76.389
f 2973 2974 2975 2976
v 52.578 1.046 17.730
v 56.818 1.002 14.870
v 53.742 1.018 10.310
v 49.502 1.041 13.170
f 2977 2978 2979 2980
v 56.820 1.002 14.868
v 124.750 1.151 -31.042
v 121.670 1.251 -35.598
v 53.740 1.018 10.312
f 2981 2982 2983 2984
v 62.039 2.400 -212.009
v 124.629 1.576 -117.719
v 129.211 1.574 -120.761
v 66.621 2.395 -215.051
f 2985 2986 2987 2988
v 124.946 1.578 -117.325
v 129.456 1.576 -112.675
v 133.404 1.588 -116.505
v 128.894 1.571 -121.155
f 2989 2990 2991 2992
v 191.961 0.937 72.028
v 231.421 0.734 46.088
v 228.399 0.798 41.492
v 188.939 0.942 67.432
f 2993 2994 2995 2996
v 231.421 0.734 46.088
v 235.711 0.764 43.268
v 232.689 0.870 38.672
v 228.399 0.798 41.492
f 2997 2998 2999 3000
v -132.267 1.144 -81.053
v -134.557 1.136 -84.463
v -139.123 1.066 -81.397
v -136.833 1.088 -77.987
f 3001 3002 3003 3004
v -134.560 1.136 -84.468
v -154.130 1.155 -113.478
v -158.690 1.036 -110.402
v -139.120 1.066 -81.392
f 3005 3006 3007 3008
v -154.130 1.155 -113.477
v -158.370 1.148 -119.767
v -162.930 1.009 -116.693
v -158.690 1.036 -110.403
f 3009 3010 3011 3012
v -158.370 1.148 -119.767
v -167.990 1.114 -134.037
v -172.550 1.066 -130.963
v -162.930 1.009 -116.693
f 3013 3014 3015 3016
v -167.990 1.114 -134.037
v -200.680 1.147 -182.517
v -205.240 1.044 -179.443
v -172.550 1.066 -130.963
f 3017 3018 3019 3020
v -226.567 1.095 -218.906
v -235.607 1.143 -231.006
v -240.013 1.161 -227.714
v -230.973 1.132 -215.614
f 3021 3022 3023 3024
v -235.671 1.143 -231.088
v -237.811 1.165 -233.738
v -242.089 1.220 -230.282
v -239.949 1.160 -227.632
f 3025 3026 3027 3028
v -16.845 1.163 97.950
v 25.045 0.951 158.750
v 29.575 1.069 155.630
v -12.315 1.200 94.830
f 3029 3030 3031 3032
v 25.045 0.951 158.750
v 32.835 1.037 170.060
v 37.365 1.043 166.940
v 29.575 1.069 155.630
f 3033 3034 3035 3036
v 32.841 1.037 170.068
v 33.931 1.061 171.638
v 38.449 1.038 168.502
v 37.359 1.043 166.932
f 3037 3038 3039 3040
v 33.918 1.060 171.620
v 34.798 1.077 172.910
v 39.342 1.050 169.810
v 38.462 1.038 168.520
f 3041 3042 3043 3044
v 67.451 1.031 39.643
v 63.811 0.930 42.063
v 65.749 0.917 44.977
v 69.389 1.020 42.557
f 3045 3046 3047 3048
v 63.811 0.930 42.063
v 53.801 1.016 48.723
v 55.739 1.051 51.637
v 65.749 0.917 44.977
f 3049 3050 3051 3052
v 53.800 1.016 48.724
v -8.130 1.219 89.994
v -6.190 1.271 92.906
v 55.740 1.051 51.636
f 3053 3054 3055 3056
v -8.130 1.219 89.993
v -15.550 1.196 94.933
v -13.610 1.195 97.847
v -6.190 1.271 92.907
f 3057 3058 3059 3060
v 65.871 2.391 -211.252
v 70.511 2.366 -214.392
v 67.429 2.404 -218.948
v 62.789 2.434 -215.808
f 3061 3062 3063 3064
v 70.513 2.366 -214.394
v 104.323 2.654 -237.314
v 101.237 2.621 -241.866
v 67.427 2.404 -218.946
f 3065 3066 3067 3068
v 104.429 2.655 -237.389
v 122.059 2.799 -250.599
v 118.761 2.770 -255.001
v 101.131 2.619 -241.791
f 3069 3070 3071 3072
v 53.096 0.972 23.833
v 65.936 0.962 42.783
v 70.904 0.959 39.417
v 58.064 1.023 20.467
f 3073 3074 3075 3076
v 65.936 0.962 42.782
v 79.356 0.917 62.602
v 84.324 0.894 59.238
v 70.904 0.959 39.418
f 3077 3078 3079 3080
v 30.226 1.497 -120.338
v -1.304 1.780 -168.868
v -5.916 1.746 -165.872
v 25.614 1.434 -117.342
f 3081 3082 3083 3084
v -55.726 1.365 -74.410
v -79.726 1.312 -116.180
v -84.494 1.315 -113.440
v -60.494 1.378 -71.670
f 3085 3086 3087 3088
v -255.024 0.994 147.112
v -197.474 1.131 108.453
v -199.426 1.135 105.547
v -256.976 0.997 144.206
f 3089 3090 3091 3092
v -255.236 1.152 -84.139
v -196.616 1.285 -97.254
v -198.144 1.340 -104.086
v -256.764 1.190 -90.970
f 3093 3094 3095 3096
v -60.624 1.300 188.742
v -37.604 1.333 223.642
v -32.596 1.392 220.338
v -55.616 1.298 185.438
f 3097 3098 3099 3100
v -37.571 1.333 223.692
v -14.150 1.367 257.702
v -9.208 1.365 254.298
v -32.629 1.392 220.288
f 3101 3102 3103 3104
v -103.093 1.491 84.721
v -95.953 1.474 83.191
v -96.687 1.462 79.769
v -103.827 1.475 81.299
f 3105 3106 3107 3108
v -96.803 1.482 83.162
v -93.283 1.445 84.172
v -92.317 1.407 80.808
v -95.837 1.455 79.798
f 3109 3110 3111 3112
v -94.231 1.455 83.497
v -84.041 1.413 97.987
v -81.179 1.416 95.973
v -91.369 1.395 81.483
f 3113 3114 3115 3116
v -84.353 1.417 97.139
v -84.063 1.423 100.319
v -80.577 1.471 100.001
v -80.867 1.416 96.821
f 3117 3118 3119 3120
v -84.044 1.419 99.858
v -84.874 1.461 104.598
v -81.426 1.548 105.202
v -80.596 1.487 100.462
f 3121 3122 3123 3124
v -84.636 1.456 103.976
v -87.066 1.507 107.886
v -84.094 1.511 109.734
v -81.664 1.548 105.824
f 3125 3126 3127 3128
v -85.781 1.492 107.072
v -93.821 1.444 108.002
v -93.419 1.421 111.478
v -85.379 1.496 110.548
f 3129 3130 3131 3132
v -92.964 1.441 108.117
v -98.284 1.446 105.967
v -99.596 1.405 109.213
v -94.276 1.412 111.363
f 3133 3134 3135 3136
v -97.465 1.446 106.648
v -106.975 1.432 91.768
v -109.925 1.417 93.652
v -100.415 1.405 108.532
f 3137 3138 3139 3140
v -106.764 1.431 93.179
v -105.074 1.463 87.099
v -108.446 1.444 86.161
v -110.136 1.421 92.241
f 3141 3142 3143 3144
v -105.467 1.458 87.809
v -102.167 1.491 84.189
v -104.753 1.474 81.831
v -108.053 1.448 85.451
f 3145 3146 3147 3148
v -148.867 1.220 101.814
v -145.447 1.210 104.874
v -143.113 1.286 102.266
v -146.533 1.299 99.206
f 3149 3150 3151 3152
v -144.946 1.211 105.188
v -140.696 1.229 106.938
v -139.364 1.271 103.702
v -143.614 1.288 101.952
f 3153 3154 3155 3156
v -140.117 1.229 107.068
v -135.517 1.238 107.298
v -135.343 1.268 103.802
v -139.943 1.270 103.572
f 3157 3158 3159 3160
v -134.935 1.236 107.229
v -130.525 1.256 105.929
v -131.515 1.278 102.571
v -135.925 1.269 103.871
f 3161 3162 3163 3164
v -129.990 1.257 105.664
v -126.270 1.295 102.954
v -128.330 1.300 100.126
v -132.050 1.274 102.836
f 3165 3166 3167 3168
v -125.856 1.297 102.529
v -123.266 1.366 98.749
v -126.154 1.333 96.771
v -128.744 1.297 100.551
f 3169 3170 3171 3172
v -123.018 1.363 98.208
v -121.848 1.356 93.788
v -125.232 1.346 92.892
v -126.402 1.328 97.312
f 3173 3174 3175 3176
v -121.796 1.358 93.195
v -122.176 1.384 88.635
v -125.664 1.374 88.925
v -125.284 1.345 93.485
f 3177 3178 3179 3180
v -122.327 1.387 88.056
v -124.227 1.362 83.876
v -127.413 1.384 85.324
v -125.513 1.369 89.504
f 3181 3182 3183 3184
v -124.543 1.361 83.403
v -127.383 1.338 80.373
v -129.937 1.377 82.767
v -127.097 1.378 85.797
f 3185 3186 3187 3188
v -127.807 1.339 80.042
v -131.427 1.319 78.022
v -133.133 1.379 81.078
v -129.513 1.374 83.098
f 3189 3190 3191 3192
v -131.922 1.318 77.837
v -135.992 1.303 76.987
v -136.708 1.415 80.413
v -132.638 1.380 81.263
f 3193 3194 3195 3196
v -136.527 1.304 76.959
v -140.667 1.297 77.379
v -140.313 1.412 80.861
v -136.173 1.409 80.441
f 3197 3198 3199 3200
v -141.185 1.298 77.514
v -144.995 1.292 79.164
v -143.605 1.417 82.376
v -139.795 1.415 80.726
f 3201 3202 3203 3204
v -145.448 1.295 79.449
v -148.588 1.300 82.179
v -146.292 1.414 84.821
v -143.152 1.414 82.091
f 3205 3206 3207 3208
v -148.952 1.301 82.618
v -151.262 1.292 86.578
v -148.238 1.396 88.342
v -145.928 1.417 84.382
f 3209 3210 3211 3212
v -151.469 1.289 87.134
v -152.319 1.257 91.624
v -148.881 1.365 92.276
v -148.031 1.401 87.786
f 3213 3214 3215 3216
v -152.329 1.257 92.222
v -151.619 1.240 96.742
v -148.161 1.334 96.198
v -148.871 1.378 91.678
f 3217 3218 3219 3220
v -151.428 1.238 97.304
v -149.238 1.218 101.344
v -146.162 1.300 99.676
v -148.352 1.337 95.636
f 3221 3222 3223 3224
v -110.694 1.424 72.356
v -126.794 1.347 83.146
v -124.846 1.364 86.054
v -108.746 1.431 75.264
f 3225 3226 3227 3228
v -85.885 1.377 59.520
v -104.045 1.431 71.520
v -102.115 1.457 74.440
v -83.955 1.385 62.440
f 3229 3230 3231 3232
v -103.297 1.437 71.244
v -109.937 1.423 72.074
v -109.503 1.429 75.546
v -102.863 1.446 74.716
f 3233 3234 3235 3236
v -88.963 1.379 54.969
v -106.753 1.440 66.689
v -104.827 1.452 69.611
v -87.037 1.374 57.891
f 3237 3238 3239 3240
v -107.227 1.436 67.152
v -111.157 1.423 72.812
v -108.283 1.430 74.808
v -104.353 1.469 69.148
f 3241 3242 3243 3244
v -114.669 1.430 65.432
v -111.479 1.534 60.362
v -114.441 1.480 58.498
v -117.631 1.409 63.568
f 3245 3246 3247 3248
v -111.221 1.554 59.624
v -110.601 1.476 54.054
v -114.079 1.460 53.666
v -114.699 1.475 59.236
f 3249 3250 3251 3252
v -110.896 1.470 52.872
v -129.816 1.408 25.222
v -132.704 1.405 27.198
v -113.784 1.463 54.848
f 3253 3254 3255 3256
v -116.743 1.348 13.916
v -132.263 1.406 24.776
v -130.257 1.402 27.644
v -114.737 1.354 16.784
f 3257 3258 3259 3260
v -132.170 1.406 24.715
v -144.710 1.319 32.345
v -142.890 1.338 35.335
v -130.350 1.402 27.705
f 3261 3262 3263 3264
v -145.530 1.312 33.577
v -146.440 1.277 39.567
v -142.980 1.315 40.093
v -142.070 1.342 34.103
f 3265 3266 3267 3268
v -146.134 1.280 40.847
v -128.764 1.344 65.157
v -125.916 1.360 63.123
v -143.286 1.319 38.813
f 3269 3270 3271 3272
v -127.957 1.340 65.778
v -122.857 1.362 67.698
v -121.623 1.376 64.422
v -126.723 1.359 62.502
f 3273 3274 3275 3276
v -121.806 1.373 67.755
v -115.716 1.419 66.195
v -116.584 1.419 62.805
v -122.674 1.369 64.365
f 3277 3278 3279 3280
v -161.676 1.039 -119.648
v -168.616 1.201 -114.628
v -166.564 1.292 -111.792
v -159.624 1.030 -116.812
f 3281 3282 3283 3284
v -168.783 1.206 -114.490
v -170.263 1.238 -113.110
v -167.877 1.319 -110.550
v -166.397 1.284 -111.930
f 3285 3286 3287 3288
v -170.676 1.247 -112.526
v -171.616 1.271 -110.356
v -168.404 1.332 -108.964
v -167.464 1.316 -111.134
f 3289 3290 3291 3292
v -171.754 1.274 -109.802
v -172.004 1.290 -106.742
v -168.516 1.310 -106.458
v -168.266 1.327 -109.518
f 3293 3294 3295 3296
v -171.921 1.292 -106.050
v -170.971 1.285 -103.180
v -167.649 1.276 -104.280
v -168.599 1.320 -107.150
f 3297 3298 3299 3300
v -170.762 1.280 -102.754
v -112.512 1.345 -16.114
v -109.608 1.362 -18.066
v -167.858 1.281 -104.706
f 3301 3302 3303 3304
v -112.212 1.349 -15.773
v -110.452 1.354 -14.233
v -108.148 1.338 -16.867
v -109.908 1.362 -18.407
f 3305 3306 3307 3308
v -109.855 1.355 -13.890
v -107.375 1.340 -13.060
v -106.265 1.338 -16.380
v -108.745 1.343 -17.210
f 3309 3310 3311 3312
v -106.968 1.337 -12.976
v -104.018 1.337 -12.726
v -103.722 1.318 -16.214
v -106.672 1.340 -16.464
f 3313 3314 3315 3316
v -103.396 1.336 -12.786
v -100.556 1.281 -13.586
v -101.504 1.300 -16.954
v -104.344 1.324 -16.154
f 3317 3318 3319 3320
v -100.099 1.266 -13.789
v -98.429 1.270 -14.839
v -100.291 1.277 -17.801
v -101.961 1.305 -16.751
f 3321 3322 3323 3324
v -98.422 1.270 -14.843
v -93.162 1.116 -18.183
v -95.038 1.119 -21.137
v -100.298 1.277 -17.797
f 3325 3326 3327 3328
v -110.932 1.152 0.128
v -87.712 1.417 34.608
v -84.808 1.380 32.652
v -108.028 1.116 -1.828
f 3329 3330 3331 3332
v -87.712 1.417 34.607
v -37.892 1.265 108.597
v -34.988 1.233 106.643
v -84.808 1.380 32.653
f 3333 3334 3335 3336
v -37.403 1.264 106.159
v -45.173 1.310 111.279
v -43.247 1.307 114.201
v -35.477 1.202 109.081
f 3337 3338 3339 3340
v -45.170 1.310 111.277
v -49.150 1.300 113.887
v -47.230 1.299 116.813
v -43.250 1.307 114.203
f 3341 3342 3343 3344
v -29.602 1.614 120.565
v -36.292 1.356 124.835
v -34.408 1.355 127.785
v -27.718 1.621 123.515
f 3345 3346 3347 3348
v -36.574 1.345 125.059
v -39.844 1.267 128.259
v -37.396 1.267 130.761
v -34.126 1.366 127.561
f 3349 3350 3351 3352
v 199.034 1.081 -13.041
v 155.104 0.859 16.809
v 158.476 0.821 21.771
v 202.406 1.054 -8.079
f 3353 3354 3355 3356
v 254.470 1.253 -49.865
v 199.190 1.081 -12.845
v 202.250 1.055 -8.275
v 257.530 1.181 -45.295
f 3357 3358 3359 3360
v -48.843 1.278 -133.873
v -2.083 1.731 -165.083
v -5.137 1.768 -169.657
v -51.897 1.292 -138.447
f 3361 3362 3363 3364
v -2.065 1.732 -165.095
v 65.875 2.391 -211.255
v 62.785 2.434 -215.805
v -5.155 1.768 -169.645
f 3365 3366 3367 3368
v 247.783 2.393 -193.188
v 242.913 2.414 -200.358
v 235.467 2.452 -195.302
v 240.337 2.400 -188.132
f 3369 3370 3371 3372
v 242.926 2.414 -200.338
v 217.226 3.160 -238.628
v 209.754 3.137 -233.612
v 235.454 2.452 -195.322
f 3373 3374 3375 3376
v 83.538 0.930 68.785
v 87.278 0.942 74.295
v 92.242 0.906 70.925
v 88.502 0.913 65.415
f 3377 3378 3379 3380
v 198.414 1.062 -9.062
v 231.894 0.757 42.468
v 236.506 0.814 39.472
v 203.026 1.073 -12.058
f 3381 3382 3383 3384
v 128.910 1.578 -113.490
v 130.970 1.572 -108.770
v 136.010 1.565 -110.970
v 133.950 1.585 -115.690
f 3385 3386 3387 3388
v 131.237 1.573 -108.293
v 164.317 1.385 -61.053
v 168.823 1.362 -64.207
v 135.743 1.570 -111.447
f 3389 3390 3391 3392
v 164.270 1.386 -61.122
v 198.420 1.062 -9.052
v 203.020 1.073 -12.068
v 168.870 1.360 -64.138
f 3393 3394 3395 3396
v 129.887 1.603 -116.866
v 86.927 1.511 -87.746
v 90.013 1.458 -83.194
v 132.973 1.574 -112.314
f 3397 3398 3399 3400
v 86.942 1.511 -87.756
v 25.582 1.320 -46.746
v 28.638 1.429 -42.174
v 89.998 1.459 -83.184
f 3401 3402 3403 3404
v 25.580 1.320 -46.745
v 19.680 1.273 -42.795
v 22.740 1.299 -38.225
v 28.640 1.429 -42.175
f 3405 3406 3407 3408
v 19.430 1.273 -42.606
v 14.980 1.281 -38.826
v 18.540 1.269 -34.634
v 22.990 1.308 -38.414
f 3409 3410 3411 3412
v 250.474 2.312 -187.339
v 246.974 2.415 -192.599
v 241.146 2.414 -188.721
v 244.646 2.328 -183.461
f 3413 3414 3415 3416
v 37.266 1.113 174.103
v 39.086 1.125 173.973
v 38.694 1.036 168.487
v 36.874 1.050 168.617
f 3417 3418 3419 3420
v 40.010 1.125 173.742
v 41.670 1.100 173.002
v 39.430 1.024 167.978
v 37.770 1.045 168.718
f 3421 3422 3423 3424
v 42.084 1.095 172.772
v 112.784 0.763 125.252
v 109.716 0.728 120.688
v 39.016 1.030 168.208
f 3425 3426 3427 3428
v -121.671 1.432 -240.701
v -127.951 1.469 -236.531
v -124.909 1.501 -231.949
v -118.629 1.412 -236.119
f 3429 3430 3431 3432
v -127.951 1.469 -236.531
v -134.111 1.538 -232.441
v -131.069 1.538 -227.859
v -124.909 1.501 -231.949
f 3433 3434 3435 3436
v -77.913 1.308 -176.501
v -83.893 1.235 -172.381
v -81.907 1.268 -169.499
v -75.927 1.299 -173.619
f 3437 3438 3439 3440
v -83.881 1.235 -172.389
v -112.531 1.447 -152.989
v -110.569 1.563 -150.091
v -81.919 1.268 -169.491
f 3441 3442 3443 3444
v -112.532 1.447 -152.988
v -161.632 1.040 -119.678
v -159.668 1.029 -116.782
v -110.568 1.564 -150.092
f 3445 3446 3447 3448
v -25.773 1.241 -7.613
v -29.643 1.263 -13.063
v -32.497 1.262 -11.037
v -28.627 1.243 -5.587
f 3449 3450 3451 3452
v -29.642 1.263 -13.062
v -54.712 1.432 -48.452
v -57.568 1.357 -46.428
v -32.498 1.262 -11.038
f 3453 3454 3455 3456
v -57.111 1.385 -48.896
v -96.221 1.117 -22.816
v -94.279 1.118 -19.904
v -55.169 1.417 -45.984
f 3457 3458 3459 3460
v -97.417 1.419 42.369
v -93.697 1.419 40.129
v -95.503 1.448 37.131
v -99.223 1.433 39.371
f 3461 3462 3463 3464
v -93.700 1.419 40.131
v -85.360 1.390 35.131
v -87.160 1.397 32.129
v -95.500 1.448 37.129
f 3465 3466 3467 3468
v 3.317 1.161 191.872
v -1.033 1.148 195.142
v 2.573 1.147 199.938
v 6.923 1.136 196.668
f 3469 3470 3471 3472
v -0.916 1.148 195.058
v -29.716 1.320 214.618
v -26.344 1.285 219.582
v 2.456 1.148 200.022
f 3473 3474 3475 3476
v -29.770 1.321 214.656
v -33.100 1.379 217.026
v -29.620 1.373 221.914
v -26.290 1.284 219.544
f 3477 3478 3479 3480
v -33.036 1.379 216.982
v -36.776 1.368 219.502
v -33.424 1.383 224.478
v -29.684 1.374 221.958
f 3481 3482 3483 3484
v -242.679 1.224 -27.531
v -254.339 1.063 -62.702
v -257.661 1.052 -61.601
v -246.001 1.179 -26.429
f 3485 3486 3487 3488
v -254.319 1.573 -196.359
v -227.089 1.042 -214.775
v -230.451 1.048 -219.745
v -257.681 1.498 -201.329
f 3489 3490 3491 3492
v -117.591 1.406 65.493
v -113.861 1.426 70.903
v -110.979 1.431 68.917
v -114.709 1.434 63.507
f 3493 3494 3495 3496
v -113.859 1.426 70.906
v -111.159 1.424 74.806
v -108.281 1.419 72.814
v -110.981 1.431 68.914
f 3497 3498 3499 3500
v -111.158 1.424 74.807
v -108.308 1.442 78.917
v -105.432 1.437 76.923
v -108.282 1.419 72.813
f 3501 3502 3503 3504
v -108.324 1.442 78.894
v -104.914 1.474 83.984
v -102.006 1.482 82.036
v -105.416 1.437 76.946
f 3505 3506 3507 3508
v 160.985 1.213 238.628
v 146.755 1.266 243.868
v 147.965 1.250 247.152
v 162.195 1.256 241.912
f 3509 3510 3511 3512
v 146.126 1.263 244.269
v 137.546 1.253 252.799
v 140.014 1.320 255.281
v 148.594 1.248 246.751
f 3513 3514 3515 3516
v -105.957 1.058 233.971
v -141.877 1.167 243.691
v -140.963 1.138 247.069
v -105.043 1.061 237.349
f 3517 3518 3519 3520
v -134.105 1.538 -232.445
v -135.165 1.541 -231.745
v -132.135 1.522 -227.155
v -131.075 1.538 -227.855
f 3521 3522 3523 3524
v -135.173 1.541 -231.740
v -143.383 1.517 -226.280
v -140.337 1.441 -221.700
v -132.127 1.522 -227.160
f 3525 3526 3527 3528
v -143.381 1.517 -226.281
v -155.961 1.465 -217.931
v -152.919 1.475 -213.349
v -140.339 1.441 -221.699
f 3529 3530 3531 3532
v -155.961 1.465 -217.931
v -192.821 1.295 -193.461
v -189.779 1.288 -188.879
v -152.919 1.475 -213.349
f 3533 3534 3535 3536
v -192.820 1.295 -193.462
v -205.620 1.088 -184.972
v -202.580 1.055 -180.388
v -189.780 1.288 -188.878
f 3537 3538 3539 3540
v 5.650 1.241 -31.895
v -28.730 1.252 -8.885
v -25.670 1.251 -4.315
v 8.710 1.198 -27.325
f 3541 3542 3543 3544
v -28.730 1.252 -8.885
v -59.120 1.321 11.465
v -56.060 1.359 16.035
v -25.670 1.251 -4.315
f 3545 3546 3547 3548
v -58.610 1.277 27.187
v -64.650 1.311 18.427
v -69.590 1.343 21.833
v -63.550 1.194 30.593
f 3549 3550 3551 3552
v -46.490 1.278 44.778
v -58.610 1.277 27.188
v -63.550 1.194 30.592
v -51.430 1.193 48.182
f 3553 3554 3555 3556
v -204.927 1.229 -188.816
v -226.537 1.096 -218.866
v -231.003 1.132 -215.654
v -209.393 1.093 -185.604
f 3557 3558 3559 3560
v -200.676 1.147 -182.512
v -201.816 1.148 -184.212
v -206.384 1.047 -181.148
v -205.244 1.044 -179.448
f 3561 3562 3563 3564
v -201.821 1.148 -184.219
v -204.881 1.227 -188.749
v -209.439 1.094 -185.671
v -206.379 1.047 -181.141
f 3565 3566 3567 3568
v -12.109 1.201 94.688
v -46.489 1.278 44.778
v -51.431 1.193 48.182
v -17.051 1.159 98.092
f 3569 3570 3571 3572
v -92.650 1.271 -107.759
v -95.170 1.283 -111.329
v -98.030 1.274 -109.311
v -95.510 1.265 -105.741
f 3573 3574 3575 3576
v -95.170 1.283 -111.329
v -98.640 1.387 -116.249
v -101.500 1.365 -114.231
v -98.030 1.274 -109.311
f 3577 3578 3579 3580
v -100.093 1.376 -116.990
v -106.893 1.458 -116.900
v -106.847 1.438 -113.400
v -100.047 1.362 -113.490
f 3581 3582 3583 3584
v -107.863 1.473 -116.591
v -127.483 1.341 -103.061
v -125.497 1.315 -100.179
v -105.877 1.425 -113.709
f 3585 3586 3587 3588
v -127.926 1.308 -100.620
v -122.426 1.239 -92.720
v -119.554 1.257 -94.720
v -125.054 1.315 -102.620
f 3589 3590 3591 3592
v -122.425 1.239 -92.718
v -120.015 1.239 -89.268
v -117.145 1.227 -91.272
v -119.555 1.257 -94.722
f 3593 3594 3595 3596
v -190.347 1.400 -180.692
v -128.707 1.504 -222.512
v -130.673 1.535 -225.408
v -192.313 1.451 -183.588
f 3597 3598 3599 3600
v -128.271 1.529 -224.984
v -132.231 1.523 -230.474
v -135.069 1.503 -228.426
v -131.109 1.505 -222.936
f 3601 3602 3603 3604
v -113.778 1.536 -245.976
v -121.678 1.432 -240.696
v -118.622 1.412 -236.124
v -110.722 1.782 -241.404
f 3605 3606 3607 3608
v 124.750 1.151 -31.042
v 168.110 1.340 -60.352
v 165.030 1.398 -64.908
v 121.670 1.251 -35.598
f 3609 3610 3611 3612
v 168.110 1.340 -60.352
v 257.540 1.720 -120.796
v 254.460 1.622 -125.353
v 165.030 1.398 -64.908
f 3613 3614 3615 3616
v 132.884 0.796 111.742
v 172.924 0.836 84.832
v 169.856 0.907 80.268
v 129.816 0.893 107.178
f 3617 3618 3619 3620
v -129.906 1.423 -247.377
v -126.576 1.428 -242.507
v -121.624 1.481 -245.893
v -124.954 1.461 -250.763
f 3621 3622 3623 3624
v -126.578 1.428 -242.509
v -122.628 1.417 -236.719
v -117.672 1.431 -240.101
v -121.622 1.481 -245.891
f 3625 3626 3627 3628
v 14.158 1.267 -35.236
v 20.048 1.187 -24.976
v 25.252 1.213 -27.964
v 19.362 1.270 -38.224
f 3629 3630 3631 3632
v 20.169 1.186 -24.784
v 23.709 1.170 -19.574
v 28.671 1.177 -22.946
v 25.131 1.209 -28.156
f 3633 3634 3635 3636
v -52.845 1.331 -134.464
v -49.275 1.248 -129.254
v -44.325 1.179 -132.646
v -47.895 1.271 -137.856
f 3637 3638 3639 3640
v -49.281 1.249 -129.263
v -44.751 1.172 -122.603
v -39.789 1.133 -125.977
v -44.319 1.179 -132.637
f 3641 3642 3643 3644
v -100.058 1.322 -203.649
v -96.898 1.306 -199.019
v -91.942 1.303 -202.401
v -95.102 1.338 -207.031
f 3645 3646 3647 3648
v 155.111 0.859 16.804
v 84.341 0.961 64.614
v 87.699 0.954 69.586
v 158.469 0.821 21.776
f 3649 3650 3651 3652
v -134.308 1.441 -253.829
v -129.908 1.423 -247.379
v -124.952 1.461 -250.761
v -129.352 1.479 -257.211
f 3653 3654 3655 3656
v -116.339 1.403 -227.510
v -113.749 1.389 -223.710
v -108.791 1.375 -227.090
v -111.381 1.388 -230.890
f 3657 3658 3659 3660
v -106.388 1.358 -212.929
v -100.058 1.322 -203.649
v -95.102 1.338 -207.031
v -101.432 1.429 -216.311
f 3661 3662 3663 3664
v -96.898 1.306 -199.019
v -83.558 1.284 -179.469
v -78.602 1.294 -182.851
v -91.942 1.303 -202.401
f 3665 3666 3667 3668
v -113.748 1.389 -223.708
v -106.388 1.358 -212.928
v -101.432 1.429 -216.312
v -108.792 1.375 -227.092
f 3669 3670 3671 3672
v -122.628 1.417 -236.720
v -118.918 1.404 -231.280
v -113.962 1.428 -234.660
v -117.672 1.431 -240.100
f 3673 3674 3675 3676
v -118.916 1.404 -231.276
v -116.336 1.403 -227.506
v -111.384 1.388 -230.894
v -113.964 1.428 -234.664
f 3677 3678 3679 3680
v -83.559 1.284 -179.470
v -79.399 1.284 -173.370
v -74.441 1.274 -176.750
v -78.601 1.294 -182.850
f 3681 3682 3683 3684
v -79.398 1.284 -173.369
v -76.758 1.279 -169.499
v -71.802 1.270 -172.881
v -74.442 1.274 -176.751
f 3685 3686 3687 3688
v -76.758 1.279 -169.499
v -62.028 1.202 -147.919
v -57.072 1.213 -151.301
v -71.802 1.270 -172.881
f 3689 3690 3691 3692
v -62.029 1.202 -147.920
v -56.799 1.237 -140.250
v -51.841 1.190 -143.630
v -57.071 1.213 -151.300
f 3693 3694 3695 3696
v -56.797 1.237 -140.247
v -52.847 1.331 -134.467
v -47.893 1.271 -137.853
v -51.843 1.190 -143.633
f 3697 3698 3699 3700
v -41.138 1.164 -117.298
v -13.518 1.154 -76.848
v -8.562 1.130 -80.232
v -36.182 1.137 -120.682
f 3701 3702 3703 3704
v -13.518 1.154 -76.850
v -8.648 1.177 -69.710
v -3.692 1.143 -73.090
v -8.562 1.130 -80.230
f 3705 3706 3707 3708
v -44.749 1.172 -122.601
v -41.139 1.164 -117.301
v -36.181 1.137 -120.679
v -39.791 1.133 -125.979
f 3709 3710 3711 3712
v -8.649 1.177 -69.710
v 2.861 1.198 -52.830
v 7.819 1.198 -56.210
v -3.691 1.143 -73.090
f 3713 3714 3715 3716
v 4.812 1.207 -49.989
v 10.462 1.265 -41.709
v 15.418 1.235 -45.091
v 9.768 1.200 -53.371
f 3717 3718 3719 3720
v 10.337 1.264 -41.909
v 14.157 1.267 -35.239
v 19.363 1.270 -38.221
v 15.543 1.238 -44.891
f 3721 3722 3723 3724
v 3.073 1.197 -52.963
v 5.023 1.205 -50.123
v 9.557 1.196 -53.237
v 7.607 1.197 -56.077
f 3725 3726 3727 3728
v -59.120 1.321 11.465
v -68.650 1.304 17.845
v -65.590 1.297 22.415
v -56.060 1.359 16.035
f 3729 3730 3731 3732
v 14.978 1.281 -38.825
v 11.098 1.266 -35.525
v 14.662 1.209 -31.335
v 18.542 1.269 -34.635
f 3733 3734 3735 3736
v 11.349 1.267 -35.714
v 5.649 1.241 -31.894
v 8.711 1.198 -27.326
v 14.411 1.202 -31.146
f 3737 3738 3739 3740
v 43.835 0.994 10.150
v 48.555 0.978 17.130
v 53.525 1.034 13.770
v 48.805 1.047 6.790
f 3741 3742 3743 3744
v 23.706 1.170 -19.578
v 43.836 0.994 10.152
v 48.804 1.047 6.788
v 28.674 1.177 -22.942
f 3745 3746 3747 3748
v 48.556 0.978 17.133
v 53.096 0.972 23.833
v 58.064 1.023 20.467
v 53.524 1.034 13.767
f 3749 3750 3751 3752
v 79.355 0.917 62.601
v 83.535 0.930 68.781
v 88.505 0.913 65.419
v 84.325 0.894 59.239
f 3753 3754 3755 3756
v 87.276 0.942 74.292
v 110.636 0.803 108.782
v 115.604 0.831 105.418
v 92.244 0.906 70.928
f 3757 3758 3759 3760
v 110.636 0.803 108.783
v 117.446 0.747 118.833
v 122.414 0.779 115.467
v 115.604 0.831 105.417
f 3761 3762 3763 3764
v 185.045 0.897 76.682
v 191.985 0.937 72.012
v 188.915 0.942 67.448
v 181.975 0.930 72.118
f 3765 3766 3767 3768
v 172.925 0.836 84.832
v 185.045 0.897 76.682
v 181.975 0.930 72.118
v 169.855 0.907 80.268
f 3769 3770 3771 3772
v 112.781 0.763 125.254
v 121.461 0.738 119.434
v 118.399 0.787 114.866
v 109.719 0.728 120.686
f 3773 3774 3775 3776
v 128.747 0.801 114.530
v 132.887 0.796 111.740
v 129.813 0.893 107.180
v 125.673 0.843 109.970
f 3777 3778 3779 3780
v 121.466 0.738 119.431
v 128.746 0.801 114.531
v 125.674 0.843 109.969
v 118.394 0.787 114.869
f 3781 3782 3783 3784
v 246.511 2.383 -198.121
v 241.361 2.479 -194.261
v 246.759 2.419 -187.059
v 251.909 2.394 -190.919
f 3785 3786 3787 3788
v -237.830 1.165 -233.761
v -241.720 1.291 -238.471
v -245.960 1.343 -234.969
v -242.070 1.220 -230.259
f 3789 3790 3791 3792
v -241.568 1.293 -238.269
v -253.728 1.393 -256.104
v -258.272 1.093 -253.006
v -246.112 1.346 -235.171
f 3793 3794 3795 3796
v -171.246 1.021 -133.953
v -187.576 1.372 -122.983
v -185.624 1.348 -120.077
v -169.294 1.021 -131.047
f 3797 3798 3799 3800
v -186.999 1.369 -123.234
v -207.979 1.423 -118.324
v -207.181 1.412 -114.916
v -186.201 1.349 -119.826
f 3801 3802 3803 3804
v -207.979 1.423 -118.324
v -255.639 1.506 -107.164
v -254.841 1.486 -103.756
v -207.181 1.412 -114.916
f 3805 3806 3807 3808
v -255.040 1.574 -148.179
v -235.030 1.556 -161.307
v -236.950 1.572 -164.233
v -256.960 1.577 -151.106
f 3809 3810 3811 3812
v -237.439 1.574 -161.788
v -211.479 1.437 -123.488
v -208.581 1.428 -125.452
v -234.541 1.562 -163.752
f 3813 3814 3815 3816
v -211.701 1.439 -123.949
v -209.251 1.423 -116.099
v -205.909 1.406 -117.141
v -208.359 1.428 -124.991
f 3817 3818 3819 3820
usemtl asphalt
