# Baked ultra-low Key West silhouette; generated by bake_key_west_far_city.py
mtllib far_city.mtl
usemtl massing
v -333.699 0.751 -309.450
v -30.053 0.751 -186.323
v -78.441 0.751 -66.990
v -382.087 0.751 -190.117
v -333.699 7.551 -309.450
v -30.053 7.551 -186.323
v -78.441 7.551 -66.990
v -382.087 7.551 -190.117
f 8 7 6 5
f 1 2 6 5
f 2 3 7 6
f 3 4 8 7
f 4 1 5 8
v 169.739 0.970 194.925
v 183.754 0.970 227.149
v 172.841 0.970 231.895
v 158.826 0.970 199.671
v 169.739 13.270 194.925
v 183.754 13.270 227.149
v 172.841 13.270 231.895
v 158.826 13.270 199.671
f 16 15 14 13
f 9 10 14 13
f 10 11 15 14
f 11 12 16 15
f 12 9 13 16
v 188.555 0.949 159.676
v 199.317 0.949 187.947
v 186.925 0.949 192.664
v 176.163 0.949 164.393
v 188.555 13.249 159.676
v 199.317 13.249 187.947
v 186.925 13.249 192.664
v 176.163 13.249 164.393
f 24 23 22 21
f 17 18 22 21
f 18 19 23 22
f 19 20 24 23
f 20 17 21 24
v 244.265 1.033 211.519
v 255.014 1.033 182.549
v 266.255 1.033 186.721
v 255.506 1.033 215.691
v 244.265 4.933 211.519
v 255.014 4.933 182.549
v 266.255 4.933 186.721
v 255.506 4.933 215.691
f 32 31 30 29
f 25 26 30 29
f 26 27 31 30
f 27 28 32 31
f 28 25 29 32
v 241.436 0.702 -125.648
v 259.232 0.702 -121.011
v 255.324 0.702 -106.012
v 237.528 0.702 -110.649
v 241.436 4.602 -125.648
v 259.232 4.602 -121.011
v 255.324 4.602 -106.012
v 237.528 4.602 -110.649
f 40 39 38 37
f 33 34 38 37
f 34 35 39 38
f 35 36 40 39
f 36 33 37 40
v 239.444 0.842 -110.188
v 262.091 0.842 -102.005
v 255.936 0.842 -84.972
v 233.289 0.842 -93.155
v 239.444 4.742 -110.188
v 262.091 4.742 -102.005
v 255.936 4.742 -84.972
v 233.289 4.742 -93.155
f 48 47 46 45
f 41 42 46 45
f 42 43 47 46
f 43 44 48 47
f 44 41 45 48
v 245.966 0.737 -14.397
v 247.023 0.737 -27.856
v 259.414 0.737 -26.883
v 258.357 0.737 -13.424
v 245.966 4.637 -14.397
v 247.023 4.637 -27.856
v 259.414 4.637 -26.883
v 258.357 4.637 -13.424
f 56 55 54 53
f 49 50 54 53
f 50 51 55 54
f 51 52 56 55
f 52 49 53 56
v -251.962 0.478 228.084
v -249.980 0.478 230.647
v -251.958 0.478 232.176
v -253.940 0.478 229.613
v -251.962 4.378 228.084
v -249.980 4.378 230.647
v -251.958 4.378 232.176
v -253.940 4.378 229.613
f 64 63 62 61
f 57 58 62 61
f 58 59 63 62
f 59 60 64 63
f 60 57 61 64
v -260.705 0.497 224.601
v -248.443 0.497 213.891
v -243.615 0.497 219.419
v -255.877 0.497 230.129
v -260.705 4.397 224.601
v -248.443 4.397 213.891
v -243.615 4.397 219.419
v -255.877 4.397 230.129
f 72 71 70 69
f 65 66 70 69
f 66 67 71 70
f 67 68 72 71
f 68 65 69 72
v -250.472 0.552 220.690
v -235.503 0.552 210.497
v -231.068 0.552 217.010
v -246.037 0.552 227.203
v -250.472 4.452 220.690
v -235.503 4.452 210.497
v -231.068 4.452 217.010
v -246.037 4.452 227.203
f 80 79 78 77
f 73 74 78 77
f 74 75 79 78
f 75 76 80 79
f 76 73 77 80
v -239.413 0.444 217.002
v -222.490 0.444 203.676
v -216.347 0.444 211.478
v -233.270 0.444 224.804
v -239.413 4.344 217.002
v -222.490 4.344 203.676
v -216.347 4.344 211.478
v -233.270 4.344 224.804
f 88 87 86 85
f 81 82 86 85
f 82 83 87 86
f 83 84 88 87
f 84 81 85 88
v -226.529 0.346 212.692
v -213.289 0.346 202.383
v -209.111 0.346 207.748
v -222.351 0.346 218.057
v -226.529 4.246 212.692
v -213.289 4.246 202.383
v -209.111 4.246 207.748
v -222.351 4.246 218.057
f 96 95 94 93
f 89 90 94 93
f 90 91 95 94
f 91 92 96 95
f 92 89 93 96
v -215.787 0.498 212.395
v -209.577 0.498 201.019
v -200.773 0.498 205.825
v -206.983 0.498 217.201
v -215.787 4.398 212.395
v -209.577 4.398 201.019
v -200.773 4.398 205.825
v -206.983 4.398 217.201
f 104 103 102 101
f 97 98 102 101
f 98 99 103 102
f 99 100 104 103
f 100 97 101 104
v -208.783 0.541 203.293
v -191.730 0.541 194.736
v -186.837 0.541 204.487
v -203.890 0.541 213.044
v -208.783 4.441 203.293
v -191.730 4.441 194.736
v -186.837 4.441 204.487
v -203.890 4.441 213.044
f 112 111 110 109
f 105 106 110 109
f 106 107 111 110
f 107 108 112 111
f 108 105 109 112
v -197.447 0.392 202.921
v -183.452 0.392 191.889
v -179.013 0.392 197.519
v -193.008 0.392 208.551
v -197.447 4.292 202.921
v -183.452 4.292 191.889
v -179.013 4.292 197.519
v -193.008 4.292 208.551
f 120 119 118 117
f 113 114 118 117
f 114 115 119 118
f 115 116 120 119
f 116 113 117 120
v -185.012 0.458 198.280
v -173.945 0.458 188.318
v -169.208 0.458 193.580
v -180.275 0.458 203.542
v -185.012 4.358 198.280
v -173.945 4.358 188.318
v -169.208 4.358 193.580
v -180.275 4.358 203.542
f 128 127 126 125
f 121 122 126 125
f 122 123 127 126
f 123 124 128 127
f 124 121 125 128
v -174.654 0.625 195.963
v -161.785 0.625 182.699
v -155.706 0.625 188.597
v -168.575 0.625 201.861
v -174.654 4.525 195.963
v -161.785 4.525 182.699
v -155.706 4.525 188.597
v -168.575 4.525 201.861
f 136 135 134 133
f 129 130 134 133
f 130 131 135 134
f 131 132 136 135
f 132 129 133 136
v -162.762 0.486 192.136
v -149.302 0.486 179.931
v -144.358 0.486 185.384
v -157.818 0.486 197.589
v -162.762 4.386 192.136
v -149.302 4.386 179.931
v -144.358 4.386 185.384
v -157.818 4.386 197.589
f 144 143 142 141
f 137 138 142 141
f 138 139 143 142
f 139 140 144 143
f 140 137 141 144
v -151.882 0.606 189.544
v -137.664 0.606 177.243
v -134.798 0.606 180.556
v -149.016 0.606 192.857
v -151.882 4.506 189.544
v -137.664 4.506 177.243
v -134.798 4.506 180.556
v -149.016 4.506 192.857
f 152 151 150 149
f 145 146 150 149
f 146 147 151 150
f 147 148 152 151
f 148 145 149 152
v -141.445 0.563 181.818
v -125.564 0.563 171.608
v -121.015 0.563 178.682
v -136.896 0.563 188.892
v -141.445 4.463 181.818
v -125.564 4.463 171.608
v -121.015 4.463 178.682
v -136.896 4.463 188.892
f 160 159 158 157
f 153 154 158 157
f 154 155 159 158
f 155 156 160 159
f 156 153 157 160
v -262.071 0.467 247.254
v -250.027 0.467 238.047
v -247.689 0.467 241.106
v -259.733 0.467 250.313
v -262.071 4.367 247.254
v -250.027 4.367 238.047
v -247.689 4.367 241.106
v -259.733 4.367 250.313
f 168 167 166 165
f 161 162 166 165
f 162 163 167 166
f 163 164 168 167
f 164 161 165 168
v -254.383 0.508 244.500
v -239.119 0.508 232.969
v -236.677 0.508 236.200
v -251.941 0.508 247.731
v -254.383 4.408 244.500
v -239.119 4.408 232.969
v -236.677 4.408 236.200
v -251.941 4.408 247.731
f 176 175 174 173
f 169 170 174 173
f 170 171 175 174
f 171 172 176 175
f 172 169 173 176
v -245.299 0.519 238.781
v -229.687 0.519 229.310
v -226.321 0.519 234.859
v -241.933 0.519 244.330
v -245.299 4.419 238.781
v -229.687 4.419 229.310
v -226.321 4.419 234.859
v -241.933 4.419 244.330
f 184 183 182 181
f 177 178 182 181
f 178 179 183 182
f 179 180 184 183
f 180 177 181 184
v -223.635 0.804 233.589
v -210.605 0.804 222.671
v -207.085 0.804 226.871
v -220.115 0.804 237.789
v -223.635 4.704 233.589
v -210.605 4.704 222.671
v -207.085 4.704 226.871
v -220.115 4.704 237.789
f 192 191 190 189
f 185 186 190 189
f 186 187 191 190
f 187 188 192 191
f 188 185 189 192
v -237.388 0.522 230.167
v -233.889 0.522 228.709
v -232.612 0.522 231.773
v -236.111 0.522 233.231
v -237.388 4.422 230.167
v -233.889 4.422 228.709
v -232.612 4.422 231.773
v -236.111 4.422 233.231
f 200 199 198 197
f 193 194 198 197
f 194 195 199 198
f 195 196 200 199
f 196 193 197 200
v -236.373 0.667 237.478
v -221.155 0.667 225.706
v -216.487 0.667 231.742
v -231.705 0.667 243.514
v -236.373 4.567 237.478
v -221.155 4.567 225.706
v -216.487 4.567 231.742
v -231.705 4.567 243.514
f 208 207 206 205
f 201 202 206 205
f 202 203 207 206
f 203 204 208 207
f 204 201 205 208
v -214.846 0.587 229.270
v -199.116 0.587 218.279
v -194.734 0.587 224.550
v -210.464 0.587 235.541
v -214.846 4.487 229.270
v -199.116 4.487 218.279
v -194.734 4.487 224.550
v -210.464 4.487 235.541
f 216 215 214 213
f 209 210 214 213
f 210 211 215 214
f 211 212 216 215
f 212 209 213 216
v -199.903 0.772 224.302
v -186.605 0.772 213.035
v -181.977 0.772 218.498
v -195.275 0.772 229.765
v -199.903 4.672 224.302
v -186.605 4.672 213.035
v -181.977 4.672 218.498
v -195.275 4.672 229.765
f 224 223 222 221
f 217 218 222 221
f 218 219 223 222
f 219 220 224 223
f 220 217 221 224
v -189.882 0.482 222.296
v -175.076 0.482 209.194
v -170.378 0.482 214.504
v -185.184 0.482 227.606
v -189.882 4.382 222.296
v -175.076 4.382 209.194
v -170.378 4.382 214.504
v -185.184 4.382 227.606
f 232 231 230 229
f 225 226 230 229
f 226 227 231 230
f 227 228 232 231
f 228 225 229 232
v -179.890 0.620 214.646
v -162.241 0.620 204.984
v -157.550 0.620 213.554
v -175.199 0.620 223.216
v -179.890 4.520 214.646
v -162.241 4.520 204.984
v -157.550 4.520 213.554
v -175.199 4.520 223.216
f 240 239 238 237
f 233 234 238 237
f 234 235 239 238
f 235 236 240 239
f 236 233 237 240
v -168.351 0.478 213.122
v -153.716 0.478 200.205
v -148.409 0.478 206.218
v -163.044 0.478 219.135
v -168.351 4.378 213.122
v -153.716 4.378 200.205
v -148.409 4.378 206.218
v -163.044 4.378 219.135
f 248 247 246 245
f 241 242 246 245
f 242 243 247 246
f 243 244 248 247
f 244 241 245 248
v -154.555 0.518 209.467
v -141.580 0.518 197.575
v -136.485 0.518 203.133
v -149.460 0.518 215.025
v -154.555 4.418 209.467
v -141.580 4.418 197.575
v -136.485 4.418 203.133
v -149.460 4.418 215.025
f 256 255 254 253
f 249 250 254 253
f 250 251 255 254
f 251 252 256 255
f 252 249 253 256
v -141.868 0.432 203.868
v -129.960 0.432 195.559
v -125.612 0.432 201.792
v -137.520 0.432 210.101
v -141.868 4.332 203.868
v -129.960 4.332 195.559
v -125.612 4.332 201.792
v -137.520 4.332 210.101
f 264 263 262 261
f 257 258 262 261
f 258 259 263 262
f 259 260 264 263
f 260 257 261 264
v -129.885 0.399 200.194
v -119.356 0.399 192.217
v -115.455 0.399 197.366
v -125.984 0.399 205.343
v -129.885 4.299 200.194
v -119.356 4.299 192.217
v -115.455 4.299 197.366
v -125.984 4.299 205.343
f 272 271 270 269
f 265 266 270 269
f 266 267 271 270
f 267 268 272 271
f 268 265 269 272
v -130.090 0.526 198.158
v -126.120 0.526 194.956
v -124.550 0.526 196.902
v -128.520 0.526 200.104
v -130.090 4.426 198.158
v -126.120 4.426 194.956
v -124.550 4.426 196.902
v -128.520 4.426 200.104
f 280 279 278 277
f 273 274 278 277
f 274 275 279 278
f 275 276 280 279
f 276 273 277 280
v -123.015 0.370 186.102
v -121.702 0.370 183.583
v -119.485 0.370 184.738
v -120.798 0.370 187.257
v -123.015 4.270 186.102
v -121.702 4.270 183.583
v -119.485 4.270 184.738
v -120.798 4.270 187.257
f 288 287 286 285
f 281 282 286 285
f 282 283 287 286
f 283 284 288 287
f 284 281 285 288
v -263.637 0.332 177.321
v -248.608 0.332 164.848
v -246.143 0.332 167.819
v -261.172 0.332 180.292
v -263.637 4.232 177.321
v -248.608 4.232 164.848
v -246.143 4.232 167.819
v -261.172 4.232 180.292
f 296 295 294 293
f 289 290 294 293
f 290 291 295 294
f 291 292 296 295
f 292 289 293 296
v -251.018 0.434 172.328
v -238.008 0.434 160.342
v -234.702 0.434 163.932
v -247.712 0.434 175.918
v -251.018 4.334 172.328
v -238.008 4.334 160.342
v -234.702 4.334 163.932
v -247.712 4.334 175.918
f 304 303 302 301
f 297 298 302 301
f 298 299 303 302
f 299 300 304 303
f 300 297 301 304
v -240.979 0.454 167.683
v -227.390 0.454 154.706
v -221.381 0.454 160.997
v -234.970 0.454 173.974
v -240.979 4.354 167.683
v -227.390 4.354 154.706
v -221.381 4.354 160.997
v -234.970 4.354 173.974
f 312 311 310 309
f 305 306 310 309
f 306 307 311 310
f 307 308 312 311
f 308 305 309 312
v -227.125 0.334 162.425
v -213.667 0.334 149.951
v -208.935 0.334 155.055
v -222.393 0.334 167.529
v -227.125 4.234 162.425
v -213.667 4.234 149.951
v -208.935 4.234 155.055
v -222.393 4.234 167.529
f 320 319 318 317
f 313 314 318 317
f 314 315 319 318
f 315 316 320 319
f 316 313 317 320
v -217.105 0.444 158.827
v -202.458 0.444 145.878
v -196.715 0.444 152.373
v -211.362 0.444 165.322
v -217.105 4.344 158.827
v -202.458 4.344 145.878
v -196.715 4.344 152.373
v -211.362 4.344 165.322
f 328 327 326 325
f 321 322 326 325
f 322 323 327 326
f 323 324 328 327
f 324 321 325 328
v -199.791 0.462 155.522
v -197.871 0.462 157.879
v -199.809 0.462 159.458
v -201.729 0.462 157.101
v -199.791 4.362 155.522
v -197.871 4.362 157.879
v -199.809 4.362 159.458
v -201.729 4.362 157.101
f 336 335 334 333
f 329 330 334 333
f 330 331 335 334
f 331 332 336 335
f 332 329 333 336
v -203.841 0.433 155.377
v -191.037 0.433 142.739
v -185.979 0.433 147.863
v -198.783 0.433 160.501
v -203.841 4.333 155.377
v -191.037 4.333 142.739
v -185.979 4.333 147.863
v -198.783 4.333 160.501
f 344 343 342 341
f 337 338 342 341
f 338 339 343 342
f 339 340 344 343
f 340 337 341 344
v -193.337 0.390 152.439
v -181.606 0.390 137.697
v -174.563 0.390 143.301
v -186.294 0.390 158.043
v -193.337 4.290 152.439
v -181.606 4.290 137.697
v -174.563 4.290 143.301
v -186.294 4.290 158.043
f 352 351 350 349
f 345 346 350 349
f 346 347 351 350
f 347 348 352 351
f 348 345 349 352
v -181.557 0.456 147.058
v -167.355 0.456 134.257
v -162.863 0.456 139.242
v -177.065 0.456 152.043
v -181.557 4.356 147.058
v -167.355 4.356 134.257
v -162.863 4.356 139.242
v -177.065 4.356 152.043
f 360 359 358 357
f 353 354 358 357
f 354 355 359 358
f 355 356 360 359
f 356 353 357 360
v -170.297 0.441 141.898
v -157.019 0.441 129.953
v -152.063 0.441 135.462
v -165.341 0.441 147.407
v -170.297 4.341 141.898
v -157.019 4.341 129.953
v -152.063 4.341 135.462
v -165.341 4.341 147.407
f 368 367 366 365
f 361 362 366 365
f 362 363 367 366
f 363 364 368 367
f 364 361 365 368
v -257.300 0.348 194.442
v -248.948 0.348 185.074
v -242.820 0.348 190.538
v -251.172 0.348 199.906
v -257.300 4.248 194.442
v -248.948 4.248 185.074
v -242.820 4.248 190.538
v -251.172 4.248 199.906
f 376 375 374 373
f 369 370 374 373
f 370 371 375 374
f 371 372 376 375
f 372 369 373 376
v -249.171 0.321 190.364
v -236.031 0.321 179.281
v -231.969 0.321 184.096
v -245.109 0.321 195.179
v -249.171 4.221 190.364
v -236.031 4.221 179.281
v -231.969 4.221 184.096
v -245.109 4.221 195.179
f 384 383 382 381
f 377 378 382 381
f 378 379 383 382
f 379 380 384 383
f 380 377 381 384
v 236.164 0.846 -262.619
v 251.309 0.846 -260.053
v 248.956 0.846 -246.161
v 233.811 0.846 -248.727
v 236.164 4.746 -262.619
v 251.309 4.746 -260.053
v 248.956 4.746 -246.161
v 233.811 4.746 -248.727
f 392 391 390 389
f 385 386 390 389
f 386 387 391 390
f 387 388 392 391
f 388 385 389 392
v 231.216 0.830 -242.562
v 249.826 0.830 -245.565
v 252.364 0.830 -229.838
v 233.754 0.830 -226.835
v 231.216 4.730 -242.562
v 249.826 4.730 -245.565
v 252.364 4.730 -229.838
v 233.754 4.730 -226.835
f 400 399 398 397
f 393 394 398 397
f 394 395 399 398
f 395 396 400 399
f 396 393 397 400
v 228.669 0.856 -221.336
v 244.490 0.856 -230.981
v 253.511 0.856 -216.184
v 237.690 0.856 -206.539
v 228.669 4.756 -221.336
v 244.490 4.756 -230.981
v 253.511 4.756 -216.184
v 237.690 4.756 -206.539
f 408 407 406 405
f 401 402 406 405
f 402 403 407 406
f 403 404 408 407
f 404 401 405 408
v 235.526 0.843 -210.292
v 250.967 0.843 -209.191
v 249.934 0.843 -194.708
v 234.493 0.843 -195.809
v 235.526 4.743 -210.292
v 250.967 4.743 -209.191
v 249.934 4.743 -194.708
v 234.493 4.743 -195.809
f 416 415 414 413
f 409 410 414 413
f 410 411 415 414
f 411 412 416 415
f 412 409 413 416
v 240.457 0.868 -196.211
v 253.707 0.868 -185.165
v 243.423 0.868 -172.829
v 230.173 0.868 -183.875
v 240.457 4.768 -196.211
v 253.707 4.768 -185.165
v 243.423 4.768 -172.829
v 230.173 4.768 -183.875
f 424 423 422 421
f 417 418 422 421
f 418 419 423 422
f 419 420 424 423
f 420 417 421 424
v 237.927 0.741 -174.463
v 252.963 0.741 -174.123
v 252.633 0.741 -159.517
v 237.597 0.741 -159.857
v 237.927 4.641 -174.463
v 252.963 4.641 -174.123
v 252.633 4.641 -159.517
v 237.597 4.641 -159.857
f 432 431 430 429
f 425 426 430 429
f 426 427 431 430
f 427 428 432 431
f 428 425 429 432
v 230.635 0.916 -158.488
v 255.757 0.916 -162.862
v 259.005 0.916 -144.212
v 233.883 0.916 -139.838
v 230.635 4.816 -158.488
v 255.757 4.816 -162.862
v 259.005 4.816 -144.212
v 233.883 4.816 -139.838
f 440 439 438 437
f 433 434 438 437
f 434 435 439 438
f 435 436 440 439
f 436 433 437 440
v 239.631 0.852 -126.193
v 240.669 0.852 -140.185
v 251.429 0.852 -139.387
v 250.391 0.852 -125.395
v 239.631 4.752 -126.193
v 240.669 4.752 -140.185
v 251.429 4.752 -139.387
v 250.391 4.752 -125.395
f 448 447 446 445
f 441 442 446 445
f 442 443 447 446
f 443 444 448 447
f 444 441 445 448
v 243.908 0.910 -88.145
v 259.563 0.910 -89.039
v 260.452 0.910 -73.475
v 244.797 0.910 -72.581
v 243.908 4.810 -88.145
v 259.563 4.810 -89.039
v 260.452 4.810 -73.475
v 244.797 4.810 -72.581
f 456 455 454 453
f 449 450 454 453
f 450 451 455 454
f 451 452 456 455
f 452 449 453 456
v 243.026 0.652 -68.679
v 258.053 0.652 -69.018
v 258.354 0.652 -55.661
v 243.327 0.652 -55.322
v 243.026 4.552 -68.679
v 258.053 4.552 -69.018
v 258.354 4.552 -55.661
v 243.327 4.552 -55.322
f 464 463 462 461
f 457 458 462 461
f 458 459 463 462
f 459 460 464 463
f 460 457 461 464
v 244.788 0.732 -52.901
v 260.238 0.732 -52.959
v 260.292 0.732 -38.839
v 244.842 0.732 -38.781
v 244.788 4.632 -52.901
v 260.238 4.632 -52.959
v 260.292 4.632 -38.839
v 244.842 4.632 -38.781
f 472 471 470 469
f 465 466 470 469
f 466 467 471 470
f 467 468 472 471
f 468 465 469 472
v 189.619 0.918 -242.890
v 190.107 0.918 -259.682
v 202.901 0.918 -259.310
v 202.413 0.918 -242.518
v 189.619 4.818 -242.890
v 190.107 4.818 -259.682
v 202.901 4.818 -259.310
v 202.413 4.818 -242.518
f 480 479 478 477
f 473 474 478 477
f 474 475 479 478
f 475 476 480 479
f 476 473 477 480
v 200.356 0.923 -243.242
v 203.727 0.923 -228.862
v 189.804 0.923 -225.598
v 186.433 0.923 -239.978
v 200.356 4.823 -243.242
v 203.727 4.823 -228.862
v 189.804 4.823 -225.598
v 186.433 4.823 -239.978
f 488 487 486 485
f 481 482 486 485
f 482 483 487 486
f 483 484 488 487
f 484 481 485 488
v 187.901 1.113 -226.086
v 207.361 1.113 -222.959
v 205.159 1.113 -209.254
v 185.699 1.113 -212.381
v 187.901 5.013 -226.086
v 207.361 5.013 -222.959
v 205.159 5.013 -209.254
v 185.699 5.013 -212.381
f 496 495 494 493
f 489 490 494 493
f 490 491 495 494
f 491 492 496 495
f 492 489 493 496
v 187.328 0.936 -202.367
v 204.859 0.936 -214.341
v 215.192 0.936 -199.213
v 197.661 0.936 -187.239
v 187.328 4.836 -202.367
v 204.859 4.836 -214.341
v 215.192 4.836 -199.213
v 197.661 4.836 -187.239
f 504 503 502 501
f 497 498 502 501
f 498 499 503 502
f 499 500 504 503
f 500 497 501 504
v 191.105 0.964 -188.728
v 207.788 0.964 -191.098
v 210.115 0.964 -174.712
v 193.432 0.964 -172.342
v 191.105 4.864 -188.728
v 207.788 4.864 -191.098
v 210.115 4.864 -174.712
v 193.432 4.864 -172.342
f 512 511 510 509
f 505 506 510 509
f 506 507 511 510
f 507 508 512 511
f 508 505 509 512
v 191.463 0.933 -172.730
v 212.470 0.933 -170.551
v 210.937 0.933 -155.770
v 189.930 0.933 -157.949
v 191.463 4.833 -172.730
v 212.470 4.833 -170.551
v 210.937 4.833 -155.770
v 189.930 4.833 -157.949
f 520 519 518 517
f 513 514 518 517
f 514 515 519 518
f 515 516 520 519
f 516 513 517 520
v 194.249 0.878 -153.553
v 209.678 0.878 -155.485
v 211.631 0.878 -139.887
v 196.202 0.878 -137.955
v 194.249 4.778 -153.553
v 209.678 4.778 -155.485
v 211.631 4.778 -139.887
v 196.202 4.778 -137.955
f 528 527 526 525
f 521 522 526 525
f 522 523 527 526
f 523 524 528 527
f 524 521 525 528
v 194.522 0.731 -134.893
v 211.086 0.731 -139.778
v 215.578 0.731 -124.547
v 199.014 0.731 -119.662
v 194.522 4.631 -134.893
v 211.086 4.631 -139.778
v 215.578 4.631 -124.547
v 199.014 4.631 -119.662
f 536 535 534 533
f 529 530 534 533
f 530 531 535 534
f 531 532 536 535
f 532 529 533 536
v 199.824 0.951 -118.881
v 212.842 0.951 -119.077
v 213.056 0.951 -104.839
v 200.038 0.951 -104.643
v 199.824 4.851 -118.881
v 212.842 4.851 -119.077
v 213.056 4.851 -104.839
v 200.038 4.851 -104.643
f 544 543 542 541
f 537 538 542 541
f 538 539 543 542
f 539 540 544 543
f 540 537 541 544
v 213.134 0.878 -103.341
v 214.241 0.878 -87.830
v 200.346 0.878 -86.839
v 199.239 0.878 -102.350
v 213.134 4.778 -103.341
v 214.241 4.778 -87.830
v 200.346 4.778 -86.839
v 199.239 4.778 -102.350
f 552 551 550 549
f 545 546 550 549
f 546 547 551 550
f 547 548 552 551
f 548 545 549 552
v 192.717 0.805 -85.817
v 214.010 0.805 -88.050
v 215.603 0.805 -72.863
v 194.310 0.805 -70.630
v 192.717 4.705 -85.817
v 214.010 4.705 -88.050
v 215.603 4.705 -72.863
v 194.310 4.705 -70.630
f 560 559 558 557
f 553 554 558 557
f 554 555 559 558
f 555 556 560 559
f 556 553 557 560
v 195.395 0.888 -59.565
v 207.311 0.888 -74.606
v 221.185 0.888 -63.615
v 209.269 0.888 -48.574
v 195.395 4.788 -59.565
v 207.311 4.788 -74.606
v 221.185 4.788 -63.615
v 209.269 4.788 -48.574
f 568 567 566 565
f 561 562 566 565
f 562 563 567 566
f 563 564 568 567
f 564 561 565 568
v 198.268 0.945 -51.333
v 217.632 0.945 -48.427
v 215.492 0.945 -34.167
v 196.128 0.945 -37.073
v 198.268 4.845 -51.333
v 217.632 4.845 -48.427
v 215.492 4.845 -34.167
v 196.128 4.845 -37.073
f 576 575 574 573
f 569 570 574 573
f 570 571 575 574
f 571 572 576 575
f 572 569 573 576
v -231.122 0.514 73.443
v -217.703 0.514 90.902
v -224.878 0.514 96.417
v -238.297 0.514 78.958
v -231.122 4.414 73.443
v -217.703 4.414 90.902
v -224.878 4.414 96.417
v -238.297 4.414 78.958
f 584 583 582 581
f 577 578 582 581
f 578 579 583 582
f 579 580 584 583
f 580 577 581 584
v -240.721 0.667 56.968
v -231.969 0.667 73.641
v -235.839 0.667 75.672
v -244.591 0.667 58.999
v -240.721 4.567 56.968
v -231.969 4.567 73.641
v -235.839 4.567 75.672
v -244.591 4.567 58.999
f 592 591 590 589
f 585 586 590 589
f 586 587 591 590
f 587 588 592 591
f 588 585 589 592
v 195.582 0.766 -22.669
v 208.271 0.766 -38.206
v 222.298 0.766 -26.751
v 209.609 0.766 -11.214
v 195.582 4.666 -22.669
v 208.271 4.666 -38.206
v 222.298 4.666 -26.751
v 209.609 4.666 -11.214
f 600 599 598 597
f 593 594 598 597
f 594 595 599 598
f 595 596 600 599
f 596 593 597 600
v -235.993 0.610 65.457
v -226.451 0.610 80.425
v -231.907 0.610 83.903
v -241.449 0.610 68.935
v -235.993 4.510 65.457
v -226.451 4.510 80.425
v -231.907 4.510 83.903
v -241.449 4.510 68.935
f 608 607 606 605
f 601 602 606 605
f 602 603 607 606
f 603 604 608 607
f 604 601 605 608
v 209.225 0.949 -21.707
v 222.920 0.949 -10.669
v 210.495 0.949 4.747
v 196.800 0.949 -6.291
v 209.225 4.849 -21.707
v 222.920 4.849 -10.669
v 210.495 4.849 4.747
v 196.800 4.849 -6.291
f 616 615 614 613
f 609 610 614 613
f 610 611 615 614
f 611 612 616 615
f 612 609 613 616
v -220.611 0.579 91.823
v -211.542 0.579 108.280
v -214.949 0.579 110.157
v -224.018 0.579 93.700
v -220.611 4.479 91.823
v -211.542 4.479 108.280
v -214.949 4.479 110.157
v -224.018 4.479 93.700
f 624 623 622 621
f 617 618 622 621
f 618 619 623 622
f 619 620 624 623
f 620 617 621 624
v -224.069 0.608 83.694
v -214.567 0.608 99.626
v -220.571 0.608 103.206
v -230.073 0.608 87.274
v -224.069 4.508 83.694
v -214.567 4.508 99.626
v -220.571 4.508 103.206
v -230.073 4.508 87.274
f 632 631 630 629
f 625 626 630 629
f 626 627 631 630
f 627 628 632 631
f 628 625 629 632
v -216.210 0.506 100.990
v -203.256 0.506 113.661
v -208.410 0.506 118.930
v -221.364 0.506 106.259
v -216.210 4.406 100.990
v -203.256 4.406 113.661
v -208.410 4.406 118.930
v -221.364 4.406 106.259
f 640 639 638 637
f 633 634 638 637
f 634 635 639 638
f 635 636 640 639
f 636 633 637 640
v -222.765 0.495 128.720
v -206.614 0.495 117.354
v -202.275 0.495 123.520
v -218.426 0.495 134.886
v -222.765 4.395 128.720
v -206.614 4.395 117.354
v -202.275 4.395 123.520
v -218.426 4.395 134.886
f 648 647 646 645
f 641 642 646 645
f 642 643 647 646
f 643 644 648 647
f 644 641 645 648
v 199.153 1.001 110.963
v 207.055 1.001 84.331
v 219.547 1.001 88.037
v 211.645 1.001 114.669
v 199.153 4.901 110.963
v 207.055 4.901 84.331
v 219.547 4.901 88.037
v 211.645 4.901 114.669
f 656 655 654 653
f 649 650 654 653
f 650 651 655 654
f 651 652 656 655
f 652 649 653 656
v 215.322 1.035 149.629
v 222.870 1.035 117.658
v 239.698 1.035 121.631
v 232.150 1.035 153.602
v 215.322 4.935 149.629
v 222.870 4.935 117.658
v 239.698 4.935 121.631
v 232.150 4.935 153.602
f 664 663 662 661
f 657 658 662 661
f 658 659 663 662
f 659 660 664 663
f 660 657 661 664
v 163.743 0.995 85.427
v 192.566 0.995 97.733
v 187.477 0.995 109.653
v 158.654 0.995 97.347
v 163.743 4.895 85.427
v 192.566 4.895 97.733
v 187.477 4.895 109.653
v 158.654 4.895 97.347
f 672 671 670 669
f 665 666 670 669
f 666 667 671 670
f 667 668 672 671
f 668 665 669 672
v 132.495 0.946 101.127
v 155.399 0.946 109.336
v 152.045 0.946 118.693
v 129.141 0.946 110.484
v 132.495 4.846 101.127
v 155.399 4.846 109.336
v 152.045 4.846 118.693
v 129.141 4.846 110.484
f 680 679 678 677
f 673 674 678 677
f 674 675 679 678
f 675 676 680 679
f 676 673 677 680
v 112.820 1.135 154.672
v 123.175 1.135 125.824
v 133.660 1.135 129.588
v 123.305 1.135 158.436
v 112.820 5.035 154.672
v 123.175 5.035 125.824
v 133.660 5.035 129.588
v 123.305 5.035 158.436
f 688 687 686 685
f 681 682 686 685
f 682 683 687 686
f 683 684 688 687
f 684 681 685 688
v 131.518 1.049 157.044
v 165.237 1.049 168.829
v 161.802 1.049 178.656
v 128.083 1.049 166.871
v 131.518 4.949 157.044
v 165.237 4.949 168.829
v 161.802 4.949 178.656
v 128.083 4.949 166.871
f 696 695 694 693
f 689 690 694 693
f 690 691 695 694
f 691 692 696 695
f 692 689 693 696
v 165.822 0.827 142.519
v 193.944 0.827 150.815
v 190.178 0.827 163.581
v 162.056 0.827 155.285
v 165.822 4.727 142.519
v 193.944 4.727 150.815
v 190.178 4.727 163.581
v 162.056 4.727 155.285
f 704 703 702 701
f 697 698 702 701
f 698 699 703 702
f 699 700 704 703
f 700 697 701 704
v 154.456 0.880 241.588
v 165.840 0.880 245.385
v 165.024 0.880 247.832
v 153.640 0.880 244.035
v 154.456 4.780 241.588
v 165.840 4.780 245.385
v 165.024 4.780 247.832
v 153.640 4.780 244.035
f 712 711 710 709
f 705 706 710 709
f 706 707 711 710
f 707 708 712 711
f 708 705 709 712
v 225.000 1.072 257.120
v 236.071 1.072 229.206
v 247.300 1.072 233.660
v 236.229 1.072 261.574
v 225.000 13.372 257.120
v 236.071 13.372 229.206
v 247.300 13.372 233.660
v 236.229 13.372 261.574
f 720 719 718 717
f 713 714 718 717
f 714 715 719 718
f 715 716 720 719
f 716 713 717 720
v -238.841 0.416 186.320
v -224.771 0.416 174.713
v -220.279 0.416 180.160
v -234.349 0.416 191.767
v -238.841 4.316 186.320
v -224.771 4.316 174.713
v -220.279 4.316 180.160
v -234.349 4.316 191.767
f 728 727 726 725
f 721 722 726 725
f 722 723 727 726
f 723 724 728 727
f 724 721 725 728
v -224.503 0.342 181.061
v -209.864 0.342 169.849
v -207.237 0.342 173.279
v -221.876 0.342 184.491
v -224.503 4.242 181.061
v -209.864 4.242 169.849
v -207.237 4.242 173.279
v -221.876 4.242 184.491
f 736 735 734 733
f 729 730 734 733
f 730 731 735 734
f 731 732 736 735
f 732 729 733 736
v -213.360 0.365 178.189
v -200.880 0.365 165.052
v -195.660 0.365 170.011
v -208.140 0.365 183.148
v -213.360 4.265 178.189
v -200.880 4.265 165.052
v -195.660 4.265 170.011
v -208.140 4.265 183.148
f 744 743 742 741
f 737 738 742 741
f 738 739 743 742
f 739 740 744 743
f 740 737 741 744
v -212.751 0.356 172.506
v -210.383 0.356 170.505
v -208.769 0.356 172.414
v -211.137 0.356 174.415
v -212.751 4.256 172.506
v -210.383 4.256 170.505
v -208.769 4.256 172.414
v -211.137 4.256 174.415
f 752 751 750 749
f 745 746 750 749
f 746 747 751 750
f 747 748 752 751
f 748 745 749 752
v -201.105 0.344 175.026
v -187.803 0.344 161.968
v -184.735 0.344 165.094
v -198.037 0.344 178.152
v -201.105 4.244 175.026
v -187.803 4.244 161.968
v -184.735 4.244 165.094
v -198.037 4.244 178.152
f 760 759 758 757
f 753 754 758 757
f 754 755 759 758
f 755 756 760 759
f 756 753 757 760
v -195.820 0.336 159.644
v -188.763 0.336 161.700
v -189.840 0.336 165.396
v -196.897 0.336 163.340
v -195.820 4.236 159.644
v -188.763 4.236 161.700
v -189.840 4.236 165.396
v -196.897 4.236 163.340
f 768 767 766 765
f 761 762 766 765
f 762 763 767 766
f 763 764 768 767
f 764 761 765 768
v -188.760 0.339 170.462
v -174.757 0.339 157.857
v -171.840 0.339 161.098
v -185.843 0.339 173.703
v -188.760 4.239 170.462
v -174.757 4.239 157.857
v -171.840 4.239 161.098
v -185.843 4.239 173.703
f 776 775 774 773
f 769 770 774 773
f 770 771 775 774
f 771 772 776 775
f 772 769 773 776
v -178.320 0.356 166.338
v -165.712 0.356 154.101
v -161.400 0.356 158.542
v -174.008 0.356 170.779
v -178.320 4.256 166.338
v -165.712 4.256 154.101
v -161.400 4.256 158.542
v -174.008 4.256 170.779
f 784 783 782 781
f 777 778 782 781
f 778 779 783 782
f 779 780 784 783
f 780 777 781 784
v -167.478 0.263 160.698
v -156.010 0.263 150.860
v -151.342 0.263 156.302
v -162.810 0.263 166.140
v -167.478 4.163 160.698
v -156.010 4.163 150.860
v -151.342 4.163 156.302
v -162.810 4.163 166.140
f 792 791 790 789
f 785 786 790 789
f 786 787 791 790
f 787 788 792 791
f 788 785 789 792
v -166.123 0.311 153.552
v -164.372 0.311 155.337
v -166.157 0.311 157.088
v -167.908 0.311 155.303
v -166.123 4.211 153.552
v -164.372 4.211 155.337
v -166.157 4.211 157.088
v -167.908 4.211 155.303
f 800 799 798 797
f 793 794 798 797
f 794 795 799 798
f 795 796 800 799
f 796 793 797 800
v -178.068 0.407 150.349
v -176.129 0.407 148.772
v -174.552 0.407 150.711
v -176.491 0.407 152.288
v -178.068 4.307 150.349
v -176.129 4.307 148.772
v -174.552 4.307 150.711
v -176.491 4.307 152.288
f 808 807 806 805
f 801 802 806 805
f 802 803 807 806
f 803 804 808 807
f 804 801 805 808
v -154.652 0.466 238.235
v -147.355 0.466 231.560
v -144.588 0.466 234.585
v -151.885 0.466 241.260
v -154.652 4.366 238.235
v -147.355 4.366 231.560
v -144.588 4.366 234.585
v -151.885 4.366 241.260
f 816 815 814 813
f 809 810 814 813
f 810 811 815 814
f 811 812 816 815
f 812 809 813 816
v -145.092 0.489 230.180
v -135.337 0.489 225.162
v -132.148 0.489 231.360
v -141.903 0.489 236.378
v -145.092 4.389 230.180
v -135.337 4.389 225.162
v -132.148 4.389 231.360
v -141.903 4.389 236.378
f 824 823 822 821
f 817 818 822 821
f 818 819 823 822
f 819 820 824 823
f 820 817 821 824
v -134.568 0.506 231.596
v -128.890 0.506 220.573
v -120.872 0.506 224.704
v -126.550 0.506 235.727
v -134.568 4.406 231.596
v -128.890 4.406 220.573
v -120.872 4.406 224.704
v -126.550 4.406 235.727
f 832 831 830 829
f 825 826 830 829
f 826 827 831 830
f 827 828 832 831
f 828 825 829 832
v 10.103 0.883 38.943
v 16.423 0.883 20.993
v 24.157 0.883 23.717
v 17.837 0.883 41.667
v 10.103 4.783 38.943
v 16.423 4.783 20.993
v 24.157 4.783 23.717
v 17.837 4.783 41.667
f 840 839 838 837
f 833 834 838 837
f 834 835 839 838
f 835 836 840 839
f 836 833 837 840
v -21.903 0.637 19.346
v -11.997 0.637 0.727
v -4.617 0.637 4.654
v -14.523 0.637 23.273
v -21.903 4.537 19.346
v -11.997 4.537 0.727
v -4.617 4.537 4.654
v -14.523 4.537 23.273
f 848 847 846 845
f 841 842 846 845
f 842 843 847 846
f 843 844 848 847
f 844 841 845 848
v 117.164 0.669 33.507
v 123.078 0.669 16.263
v 131.156 0.669 19.033
v 125.242 0.669 36.277
v 117.164 4.569 33.507
v 123.078 4.569 16.263
v 131.156 4.569 19.033
v 125.242 4.569 36.277
f 856 855 854 853
f 849 850 854 853
f 850 851 855 854
f 851 852 856 855
f 852 849 853 856
v 106.551 0.639 37.636
v 112.607 0.639 20.134
v 120.149 0.639 22.744
v 114.093 0.639 40.246
v 106.551 4.539 37.636
v 112.607 4.539 20.134
v 120.149 4.539 22.744
v 114.093 4.539 40.246
f 864 863 862 861
f 857 858 862 861
f 858 859 863 862
f 859 860 864 863
f 860 857 861 864
v 49.542 0.811 57.756
v 55.963 0.811 39.832
v 63.758 0.811 42.624
v 57.337 0.811 60.548
v 49.542 4.711 57.756
v 55.963 4.711 39.832
v 63.758 4.711 42.624
v 57.337 4.711 60.548
f 872 871 870 869
f 865 866 870 869
f 866 867 871 870
f 867 868 872 871
f 868 865 869 872
v 63.866 0.986 21.514
v 70.317 0.986 3.579
v 78.174 0.986 6.406
v 71.723 0.986 24.341
v 63.866 4.886 21.514
v 70.317 4.886 3.579
v 78.174 4.886 6.406
v 71.723 4.886 24.341
f 880 879 878 877
f 873 874 878 877
f 874 875 879 878
f 875 876 880 879
f 876 873 877 880
v 42.179 0.828 27.375
v 48.500 0.828 9.277
v 56.081 0.828 11.925
v 49.760 0.828 30.023
v 42.179 4.728 27.375
v 48.500 4.728 9.277
v 56.081 4.728 11.925
v 49.760 4.728 30.023
f 888 887 886 885
f 881 882 886 885
f 882 883 887 886
f 883 884 888 887
f 884 881 885 888
v -49.071 0.701 44.815
v -28.145 0.701 38.460
v -24.469 0.701 50.565
v -45.395 0.701 56.920
v -49.071 4.601 44.815
v -28.145 4.601 38.460
v -24.469 4.601 50.565
v -45.395 4.601 56.920
f 896 895 894 893
f 889 890 894 893
f 890 891 895 894
f 891 892 896 895
f 892 889 893 896
v -33.977 0.764 -3.592
v -24.005 0.764 -22.741
v -16.643 0.764 -18.908
v -26.615 0.764 0.241
v -33.977 4.664 -3.592
v -24.005 4.664 -22.741
v -16.643 4.664 -18.908
v -26.615 4.664 0.241
f 904 903 902 901
f 897 898 902 901
f 898 899 903 902
f 899 900 904 903
f 900 897 901 904
v 81.687 0.888 27.049
v 96.288 0.888 32.367
v 93.533 0.888 39.931
v 78.932 0.888 34.613
v 81.687 4.788 27.049
v 96.288 4.788 32.367
v 93.533 4.788 39.931
v 78.932 4.788 34.613
f 912 911 910 909
f 905 906 910 909
f 906 907 911 910
f 907 908 912 911
f 908 905 909 912
v 85.196 0.802 36.683
v 100.088 0.802 42.110
v 97.184 0.802 50.077
v 82.292 0.802 44.650
v 85.196 4.702 36.683
v 100.088 4.702 42.110
v 97.184 4.702 50.077
v 82.292 4.702 44.650
f 920 919 918 917
f 913 914 918 917
f 914 915 919 918
f 915 916 920 919
f 916 913 917 920
v 130.696 0.688 7.632
v 148.325 0.688 14.191
v 145.364 0.688 22.148
v 127.735 0.688 15.589
v 130.696 4.588 7.632
v 148.325 4.588 14.191
v 145.364 4.588 22.148
v 127.735 4.588 15.589
f 928 927 926 925
f 921 922 926 925
f 922 923 927 926
f 923 924 928 927
f 924 921 925 928
v -209.614 0.561 124.184
v -195.427 0.561 113.684
v -193.006 0.561 116.956
v -207.193 0.561 127.456
v -209.614 4.461 124.184
v -195.427 4.461 113.684
v -193.006 4.461 116.956
v -207.193 4.461 127.456
f 936 935 934 933
f 929 930 934 933
f 930 931 935 934
f 931 932 936 935
f 932 929 933 936
v -233.644 0.726 132.605
v -219.000 0.726 121.713
v -214.476 0.726 127.795
v -229.120 0.726 138.687
v -233.644 4.626 132.605
v -219.000 4.626 121.713
v -214.476 4.626 127.795
v -229.120 4.626 138.687
f 944 943 942 941
f 937 938 942 941
f 938 939 943 942
f 939 940 944 943
f 940 937 941 944
v -242.917 0.549 136.020
v -228.947 0.549 124.876
v -226.503 0.549 127.940
v -240.473 0.549 139.084
v -242.917 4.449 136.020
v -228.947 4.449 124.876
v -226.503 4.449 127.940
v -240.473 4.449 139.084
f 952 951 950 949
f 945 946 950 949
f 946 947 951 950
f 947 948 952 951
f 948 945 949 952
v -240.557 0.208 111.714
v -223.841 0.208 116.616
v -225.163 0.208 121.126
v -241.879 0.208 116.224
v -240.557 4.108 111.714
v -223.841 4.108 116.616
v -225.163 4.108 121.126
v -241.879 4.108 116.224
f 960 959 958 957
f 953 954 958 957
f 954 955 959 958
f 955 956 960 959
f 956 953 957 960
v -247.438 0.308 103.397
v -228.662 0.308 106.792
v -229.322 0.308 110.443
v -248.098 0.308 107.048
v -247.438 4.208 103.397
v -228.662 4.208 106.792
v -229.322 4.208 110.443
v -248.098 4.208 107.048
f 968 967 966 965
f 961 962 966 965
f 962 963 967 966
f 963 964 968 967
f 964 961 965 968
v -246.401 0.217 82.143
v -237.197 0.217 98.007
v -244.039 0.217 101.977
v -253.243 0.217 86.113
v -246.401 4.117 82.143
v -237.197 4.117 98.007
v -244.039 4.117 101.977
v -253.243 4.117 86.113
f 976 975 974 973
f 969 970 974 973
f 970 971 975 974
f 971 972 976 975
f 972 969 973 976
v -252.526 0.287 74.479
v -244.292 0.287 90.463
v -247.394 0.287 92.061
v -255.628 0.287 76.077
v -252.526 4.187 74.479
v -244.292 4.187 90.463
v -247.394 4.187 92.061
v -255.628 4.187 76.077
f 984 983 982 981
f 977 978 982 981
f 978 979 983 982
f 979 980 984 983
f 980 977 981 984
v -243.324 0.591 47.750
v -234.798 0.591 63.342
v -241.396 0.591 66.950
v -249.922 0.591 51.358
v -243.324 4.491 47.750
v -234.798 4.491 63.342
v -241.396 4.491 66.950
v -249.922 4.491 51.358
f 992 991 990 989
f 985 986 990 989
f 986 987 991 990
f 987 988 992 991
f 988 985 989 992
v -249.001 0.551 39.290
v -239.801 0.551 54.691
v -245.459 0.551 58.070
v -254.659 0.551 42.669
v -249.001 4.451 39.290
v -239.801 4.451 54.691
v -245.459 4.451 58.070
v -254.659 4.451 42.669
f 1000 999 998 997
f 993 994 998 997
f 994 995 999 998
f 995 996 1000 999
f 996 993 997 1000
v -256.755 0.507 30.315
v -247.342 0.507 47.667
v -251.025 0.507 49.665
v -260.438 0.507 32.313
v -256.755 4.407 30.315
v -247.342 4.407 47.667
v -251.025 4.407 49.665
v -260.438 4.407 32.313
f 1008 1007 1006 1005
f 1001 1002 1006 1005
f 1002 1003 1007 1006
f 1003 1004 1008 1007
f 1004 1001 1005 1008
v -263.529 0.513 -83.326
v -245.442 0.513 -89.179
v -243.511 0.513 -83.214
v -261.598 0.513 -77.361
v -263.529 4.413 -83.326
v -245.442 4.413 -89.179
v -243.511 4.413 -83.214
v -261.598 4.413 -77.361
f 1016 1015 1014 1013
f 1009 1010 1014 1013
f 1010 1011 1015 1014
f 1011 1012 1016 1015
f 1012 1009 1013 1016
v -253.667 0.583 -85.947
v -236.546 0.583 -94.025
v -234.993 0.583 -90.733
v -252.114 0.583 -82.655
v -253.667 4.483 -85.947
v -236.546 4.483 -94.025
v -234.993 4.483 -90.733
v -252.114 4.483 -82.655
f 1024 1023 1022 1021
f 1017 1018 1022 1021
f 1018 1019 1023 1022
f 1019 1020 1024 1023
f 1020 1017 1021 1024
v -244.890 0.612 -91.028
v -227.592 0.612 -98.593
v -226.070 0.612 -95.112
v -243.368 0.612 -87.547
v -244.890 4.512 -91.028
v -227.592 4.512 -98.593
v -226.070 4.512 -95.112
v -243.368 4.512 -87.547
f 1032 1031 1030 1029
f 1025 1026 1030 1029
f 1026 1027 1031 1030
f 1027 1028 1032 1031
f 1028 1025 1029 1032
v -235.190 0.566 -95.561
v -221.888 0.566 -106.560
v -217.390 0.566 -101.119
v -230.692 0.566 -90.120
v -235.190 4.466 -95.561
v -221.888 4.466 -106.560
v -217.390 4.466 -101.119
v -230.692 4.466 -90.120
f 1040 1039 1038 1037
f 1033 1034 1038 1037
f 1034 1035 1039 1038
f 1035 1036 1040 1039
f 1036 1033 1037 1040
v -213.026 0.527 -118.585
v -205.744 0.527 -106.723
v -211.914 0.527 -102.935
v -219.196 0.527 -114.797
v -213.026 4.427 -118.585
v -205.744 4.427 -106.723
v -211.914 4.427 -102.935
v -219.196 4.427 -114.797
f 1048 1047 1046 1045
f 1041 1042 1046 1045
f 1042 1043 1047 1046
f 1043 1044 1048 1047
f 1044 1041 1045 1048
v -208.409 0.521 -112.826
v -199.983 0.521 -97.523
v -206.211 0.521 -94.094
v -214.637 0.521 -109.397
v -208.409 4.421 -112.826
v -199.983 4.421 -97.523
v -206.211 4.421 -94.094
v -214.637 4.421 -109.397
f 1056 1055 1054 1053
f 1049 1050 1054 1053
f 1050 1051 1055 1054
f 1051 1052 1056 1055
f 1052 1049 1053 1056
v -203.862 0.574 -104.695
v -195.529 0.574 -91.188
v -201.078 0.574 -87.765
v -209.411 0.574 -101.272
v -203.862 4.474 -104.695
v -195.529 4.474 -91.188
v -201.078 4.474 -87.765
v -209.411 4.474 -101.272
f 1064 1063 1062 1061
f 1057 1058 1062 1061
f 1058 1059 1063 1062
f 1059 1060 1064 1063
f 1060 1057 1061 1064
v -198.664 0.661 -94.972
v -190.152 0.661 -79.969
v -193.996 0.661 -77.788
v -202.508 0.661 -92.791
v -198.664 4.561 -94.972
v -190.152 4.561 -79.969
v -193.996 4.561 -77.788
v -202.508 4.561 -92.791
f 1072 1071 1070 1069
f 1065 1066 1070 1069
f 1066 1067 1071 1070
f 1067 1068 1072 1071
f 1068 1065 1069 1072
v -193.509 0.658 -88.173
v -183.885 0.658 -72.046
v -190.051 0.658 -68.367
v -199.675 0.658 -84.494
v -193.509 4.558 -88.173
v -183.885 4.558 -72.046
v -190.051 4.558 -68.367
v -199.675 4.558 -84.494
f 1080 1079 1078 1077
f 1073 1074 1078 1077
f 1074 1075 1079 1078
f 1075 1076 1080 1079
f 1076 1073 1077 1080
v -188.225 0.603 -79.369
v -178.940 0.603 -62.758
v -185.355 0.603 -59.171
v -194.640 0.603 -75.782
v -188.225 4.503 -79.369
v -178.940 4.503 -62.758
v -185.355 4.503 -59.171
v -194.640 4.503 -75.782
f 1088 1087 1086 1085
f 1081 1082 1086 1085
f 1082 1083 1087 1086
f 1083 1084 1088 1087
f 1084 1081 1085 1088
v -182.804 0.548 -69.452
v -174.360 0.548 -53.590
v -180.336 0.548 -50.408
v -188.780 0.548 -66.270
v -182.804 4.448 -69.452
v -174.360 4.448 -53.590
v -180.336 4.448 -50.408
v -188.780 4.448 -66.270
f 1096 1095 1094 1093
f 1089 1090 1094 1093
f 1090 1091 1095 1094
f 1091 1092 1096 1095
f 1092 1089 1093 1096
v -178.382 0.540 -60.507
v -168.884 0.540 -45.018
v -174.698 0.540 -41.453
v -184.196 0.540 -56.942
v -178.382 4.440 -60.507
v -168.884 4.440 -45.018
v -174.698 4.440 -41.453
v -184.196 4.440 -56.942
f 1104 1103 1102 1101
f 1097 1098 1102 1101
f 1098 1099 1103 1102
f 1099 1100 1104 1103
f 1100 1097 1101 1104
v -173.240 0.499 -51.103
v -164.252 0.499 -35.786
v -169.720 0.499 -32.577
v -178.708 0.499 -47.894
v -173.240 4.399 -51.103
v -164.252 4.399 -35.786
v -169.720 4.399 -32.577
v -178.708 4.399 -47.894
f 1112 1111 1110 1109
f 1105 1106 1110 1109
f 1106 1107 1111 1110
f 1107 1108 1112 1111
f 1108 1105 1109 1112
v -167.432 0.503 -42.657
v -159.672 0.503 -26.860
v -165.488 0.503 -24.003
v -173.248 0.503 -39.800
v -167.432 4.403 -42.657
v -159.672 4.403 -26.860
v -165.488 4.403 -24.003
v -173.248 4.403 -39.800
f 1120 1119 1118 1117
f 1113 1114 1118 1117
f 1114 1115 1119 1118
f 1115 1116 1120 1119
f 1116 1113 1117 1120
v -162.698 0.441 -35.082
v -153.329 0.441 -18.852
v -159.002 0.441 -15.578
v -168.371 0.441 -31.808
v -162.698 4.341 -35.082
v -153.329 4.341 -18.852
v -159.002 4.341 -15.578
v -168.371 4.341 -31.808
f 1128 1127 1126 1125
f 1121 1122 1126 1125
f 1122 1123 1127 1126
f 1123 1124 1128 1127
f 1124 1121 1125 1128
v -158.291 0.491 -25.365
v -149.018 0.491 -10.125
v -155.049 0.491 -6.455
v -164.322 0.491 -21.695
v -158.291 4.391 -25.365
v -149.018 4.391 -10.125
v -155.049 4.391 -6.455
v -164.322 4.391 -21.695
f 1136 1135 1134 1133
f 1129 1130 1134 1133
f 1130 1131 1135 1134
f 1131 1132 1136 1135
f 1132 1129 1133 1136
v -152.912 0.569 -16.921
v -143.820 0.569 -2.063
v -149.808 0.569 1.601
v -158.900 0.569 -13.257
v -152.912 4.469 -16.921
v -143.820 4.469 -2.063
v -149.808 4.469 1.601
v -158.900 4.469 -13.257
f 1144 1143 1142 1141
f 1137 1138 1142 1141
f 1138 1139 1143 1142
f 1139 1140 1144 1143
f 1140 1137 1141 1144
v -147.695 0.568 -7.862
v -138.690 0.568 7.423
v -144.325 0.568 10.742
v -153.330 0.568 -4.543
v -147.695 4.468 -7.862
v -138.690 4.468 7.423
v -144.325 4.468 10.742
v -153.330 4.468 -4.543
f 1152 1151 1150 1149
f 1145 1146 1150 1149
f 1146 1147 1151 1150
f 1147 1148 1152 1151
f 1148 1145 1149 1152
v -143.183 0.678 0.611
v -134.000 0.678 15.367
v -139.757 0.678 18.949
v -148.940 0.678 4.193
v -143.183 4.578 0.611
v -134.000 4.578 15.367
v -139.757 4.578 18.949
v -148.940 4.578 4.193
f 1160 1159 1158 1157
f 1153 1154 1158 1157
f 1154 1155 1159 1158
f 1155 1156 1160 1159
f 1156 1153 1157 1160
v -137.019 0.596 7.429
v -127.487 0.596 24.395
v -134.601 0.596 28.391
v -144.133 0.596 11.425
v -137.019 4.496 7.429
v -127.487 4.496 24.395
v -134.601 4.496 28.391
v -144.133 4.496 11.425
f 1168 1167 1166 1165
f 1161 1162 1166 1165
f 1162 1163 1167 1166
f 1163 1164 1168 1167
f 1164 1161 1165 1168
v -131.778 0.723 16.283
v -124.942 0.723 32.056
v -130.942 0.723 34.657
v -137.778 0.723 18.884
v -131.778 4.623 16.283
v -124.942 4.623 32.056
v -130.942 4.623 34.657
v -137.778 4.623 18.884
f 1176 1175 1174 1173
f 1169 1170 1174 1173
f 1170 1171 1175 1174
f 1171 1172 1176 1175
f 1172 1169 1173 1176
v -127.399 0.758 26.246
v -119.402 0.758 42.025
v -125.101 0.758 44.914
v -133.098 0.758 29.135
v -127.399 4.658 26.246
v -119.402 4.658 42.025
v -125.101 4.658 44.914
v -133.098 4.658 29.135
f 1184 1183 1182 1181
f 1177 1178 1182 1181
f 1178 1179 1183 1182
f 1179 1180 1184 1183
f 1180 1177 1181 1184
v -122.521 0.745 34.667
v -114.418 0.745 50.662
v -120.519 0.745 53.753
v -128.622 0.745 37.758
v -122.521 4.645 34.667
v -114.418 4.645 50.662
v -120.519 4.645 53.753
v -128.622 4.645 37.758
f 1192 1191 1190 1189
f 1185 1186 1190 1189
f 1186 1187 1191 1190
f 1187 1188 1192 1191
f 1188 1185 1189 1192
v -116.372 0.783 44.802
v -110.194 0.783 59.746
v -114.288 0.783 61.438
v -120.466 0.783 46.494
v -116.372 4.683 44.802
v -110.194 4.683 59.746
v -114.288 4.683 61.438
v -120.466 4.683 46.494
f 1200 1199 1198 1197
f 1193 1194 1198 1197
f 1194 1195 1199 1198
f 1195 1196 1200 1199
f 1196 1193 1197 1200
v -111.587 0.754 56.216
v -105.700 0.754 68.120
v -111.733 0.754 71.104
v -117.620 0.754 59.200
v -111.587 4.654 56.216
v -105.700 4.654 68.120
v -111.733 4.654 71.104
v -117.620 4.654 59.200
f 1208 1207 1206 1205
f 1201 1202 1206 1205
f 1202 1203 1207 1206
f 1203 1204 1208 1207
f 1204 1201 1205 1208
v -106.426 0.684 60.751
v -98.753 0.684 77.375
v -104.374 0.684 79.969
v -112.047 0.684 63.345
v -106.426 4.584 60.751
v -98.753 4.584 77.375
v -104.374 4.584 79.969
v -112.047 4.584 63.345
f 1216 1215 1214 1213
f 1209 1210 1214 1213
f 1210 1211 1215 1214
f 1211 1212 1216 1215
f 1212 1209 1213 1216
v -101.647 0.647 69.574
v -94.202 0.647 85.666
v -100.773 0.647 88.706
v -108.218 0.647 72.614
v -101.647 4.547 69.574
v -94.202 4.547 85.666
v -100.773 4.547 88.706
v -108.218 4.547 72.614
f 1224 1223 1222 1221
f 1217 1218 1222 1221
f 1218 1219 1223 1222
f 1219 1220 1224 1223
f 1220 1217 1221 1224
v -96.788 0.708 79.596
v -88.709 0.708 97.113
v -92.332 0.708 98.784
v -100.411 0.708 81.267
v -96.788 4.608 79.596
v -88.709 4.608 97.113
v -92.332 4.608 98.784
v -100.411 4.608 81.267
f 1232 1231 1230 1229
f 1225 1226 1230 1229
f 1226 1227 1231 1230
f 1227 1228 1232 1231
f 1228 1225 1229 1232
v -87.196 0.762 108.288
v -74.311 0.762 97.743
v -69.884 0.762 103.152
v -82.769 0.762 113.697
v -87.196 4.662 108.288
v -74.311 4.662 97.743
v -69.884 4.662 103.152
v -82.769 4.662 113.697
f 1240 1239 1238 1237
f 1233 1234 1238 1237
f 1234 1235 1239 1238
f 1235 1236 1240 1239
f 1236 1233 1237 1240
v -95.993 0.611 115.133
v -79.793 0.611 105.054
v -77.807 0.611 108.247
v -94.007 0.611 118.326
v -95.993 4.511 115.133
v -79.793 4.511 105.054
v -77.807 4.511 108.247
v -94.007 4.511 118.326
f 1248 1247 1246 1245
f 1241 1242 1246 1245
f 1242 1243 1247 1246
f 1243 1244 1248 1247
f 1244 1241 1245 1248
v -105.886 0.641 117.999
v -91.579 0.641 105.240
v -86.834 0.641 110.561
v -101.141 0.641 123.320
v -105.886 4.541 117.999
v -91.579 4.541 105.240
v -86.834 4.541 110.561
v -101.141 4.541 123.320
f 1256 1255 1254 1253
f 1249 1250 1254 1253
f 1250 1251 1255 1254
f 1251 1252 1256 1255
f 1252 1249 1253 1256
v -116.549 0.611 122.075
v -102.394 0.611 109.432
v -97.631 0.611 114.765
v -111.786 0.611 127.408
v -116.549 4.511 122.075
v -102.394 4.511 109.432
v -97.631 4.511 114.765
v -111.786 4.511 127.408
f 1264 1263 1262 1261
f 1257 1258 1262 1261
f 1258 1259 1263 1262
f 1259 1260 1264 1263
f 1260 1257 1261 1264
v -127.826 0.496 125.532
v -115.056 0.496 113.684
v -109.894 0.496 119.248
v -122.664 0.496 131.096
v -127.826 4.396 125.532
v -115.056 4.396 113.684
v -109.894 4.396 119.248
v -122.664 4.396 131.096
f 1272 1271 1270 1269
f 1265 1266 1270 1269
f 1266 1267 1271 1270
f 1267 1268 1272 1271
f 1268 1265 1269 1272
v -142.614 0.586 118.084
v -127.908 0.586 128.568
v -132.006 0.586 134.316
v -146.712 0.586 123.832
v -142.614 4.486 118.084
v -127.908 4.486 128.568
v -132.006 4.486 134.316
v -146.712 4.486 123.832
f 1280 1279 1278 1277
f 1273 1274 1278 1277
f 1274 1275 1279 1278
f 1275 1276 1280 1279
f 1276 1273 1277 1280
v -137.342 0.575 126.085
v -125.432 0.575 141.031
v -130.758 0.575 145.275
v -142.668 0.575 130.329
v -137.342 4.475 126.085
v -125.432 4.475 141.031
v -130.758 4.475 145.275
v -142.668 4.475 130.329
f 1288 1287 1286 1285
f 1281 1282 1286 1285
f 1282 1283 1287 1286
f 1283 1284 1288 1287
f 1284 1281 1285 1288
v -123.350 0.674 87.278
v -113.885 0.674 101.544
v -117.410 0.674 103.882
v -126.875 0.674 89.616
v -123.350 4.574 87.278
v -113.885 4.574 101.544
v -117.410 4.574 103.882
v -126.875 4.574 89.616
f 1296 1295 1294 1293
f 1289 1290 1294 1293
f 1290 1291 1295 1294
f 1291 1292 1296 1295
f 1292 1289 1293 1296
v -124.937 0.727 77.384
v -118.013 0.727 95.109
v -124.943 0.727 97.816
v -131.867 0.727 80.091
v -124.937 4.627 77.384
v -118.013 4.627 95.109
v -124.943 4.627 97.816
v -131.867 4.627 80.091
f 1304 1303 1302 1301
f 1297 1298 1302 1301
f 1298 1299 1303 1302
f 1299 1300 1304 1303
f 1300 1297 1301 1304
v -141.476 0.671 96.247
v -128.609 0.671 102.487
v -131.764 0.671 108.993
v -144.631 0.671 102.753
v -141.476 4.571 96.247
v -128.609 4.571 102.487
v -131.764 4.571 108.993
v -144.631 4.571 102.753
f 1312 1311 1310 1309
f 1305 1306 1310 1309
f 1306 1307 1311 1310
f 1307 1308 1312 1311
f 1308 1305 1309 1312
v -144.405 0.634 84.228
v -136.402 0.634 99.227
v -141.995 0.634 102.212
v -149.998 0.634 87.213
v -144.405 4.534 84.228
v -136.402 4.534 99.227
v -141.995 4.534 102.212
v -149.998 4.534 87.213
f 1320 1319 1318 1317
f 1313 1314 1318 1317
f 1314 1315 1319 1318
f 1315 1316 1320 1319
f 1316 1313 1317 1320
v -131.693 0.654 68.952
v -122.910 0.654 84.846
v -129.247 0.654 88.348
v -138.030 0.654 72.454
v -131.693 4.554 68.952
v -122.910 4.554 84.846
v -129.247 4.554 88.348
v -138.030 4.554 72.454
f 1328 1327 1326 1325
f 1321 1322 1326 1325
f 1322 1323 1327 1326
f 1323 1324 1328 1327
f 1324 1321 1325 1328
v -149.090 0.613 75.095
v -141.403 0.613 90.694
v -147.350 0.613 93.625
v -155.037 0.613 78.026
v -149.090 4.513 75.095
v -141.403 4.513 90.694
v -147.350 4.513 93.625
v -155.037 4.513 78.026
f 1336 1335 1334 1333
f 1329 1330 1334 1333
f 1330 1331 1335 1334
f 1331 1332 1336 1335
f 1332 1329 1333 1336
v -154.318 0.599 67.979
v -147.062 0.599 81.869
v -152.522 0.599 84.721
v -159.778 0.599 70.831
v -154.318 4.499 67.979
v -147.062 4.499 81.869
v -152.522 4.499 84.721
v -159.778 4.499 70.831
f 1344 1343 1342 1341
f 1337 1338 1342 1341
f 1338 1339 1343 1342
f 1339 1340 1344 1343
f 1340 1337 1341 1344
v -134.954 0.707 61.487
v -128.353 0.707 74.521
v -133.946 0.707 77.353
v -140.547 0.707 64.319
v -134.954 4.607 61.487
v -128.353 4.607 74.521
v -133.946 4.607 77.353
v -140.547 4.607 64.319
f 1352 1351 1350 1349
f 1345 1346 1350 1349
f 1346 1347 1351 1350
f 1347 1348 1352 1351
f 1348 1345 1349 1352
v -140.541 0.663 51.767
v -133.706 0.663 68.635
v -140.119 0.663 71.233
v -146.954 0.663 54.365
v -140.541 4.563 51.767
v -133.706 4.563 68.635
v -140.119 4.563 71.233
v -146.954 4.563 54.365
f 1360 1359 1358 1357
f 1353 1354 1358 1357
f 1354 1355 1359 1358
f 1355 1356 1360 1359
f 1356 1353 1357 1360
v -147.225 0.880 43.219
v -137.929 0.880 59.202
v -144.015 0.880 62.741
v -153.311 0.880 46.758
v -147.225 4.780 43.219
v -137.929 4.780 59.202
v -144.015 4.780 62.741
v -153.311 4.780 46.758
f 1368 1367 1366 1365
f 1361 1362 1366 1365
f 1362 1363 1367 1366
f 1363 1364 1368 1367
f 1364 1361 1365 1368
v -158.665 0.620 58.813
v -151.758 0.620 72.297
v -158.335 0.620 75.667
v -165.242 0.620 62.183
v -158.665 4.520 58.813
v -151.758 4.520 72.297
v -158.335 4.520 75.667
v -165.242 4.520 62.183
f 1376 1375 1374 1373
f 1369 1370 1374 1373
f 1370 1371 1375 1374
f 1371 1372 1376 1375
f 1372 1369 1373 1376
v -148.575 0.776 37.363
v -144.814 0.776 43.863
v -149.505 0.776 46.577
v -153.266 0.776 40.077
v -148.575 4.676 37.363
v -144.814 4.676 43.863
v -149.505 4.676 46.577
v -153.266 4.676 40.077
f 1384 1383 1382 1381
f 1377 1378 1382 1381
f 1378 1379 1383 1382
f 1379 1380 1384 1383
f 1380 1377 1381 1384
v -169.402 0.687 40.191
v -161.184 0.687 56.385
v -167.578 0.687 59.629
v -175.796 0.687 43.435
v -169.402 4.587 40.191
v -161.184 4.587 56.385
v -167.578 4.587 59.629
v -175.796 4.587 43.435
f 1392 1391 1390 1389
f 1385 1386 1390 1389
f 1386 1387 1391 1390
f 1387 1388 1392 1391
f 1388 1385 1389 1392
v -164.604 0.656 48.534
v -156.128 0.656 63.787
v -162.316 0.656 67.226
v -170.792 0.656 51.973
v -164.604 4.556 48.534
v -156.128 4.556 63.787
v -162.316 4.556 67.226
v -170.792 4.556 51.973
f 1400 1399 1398 1397
f 1393 1394 1398 1397
f 1394 1395 1399 1398
f 1395 1396 1400 1399
f 1396 1393 1397 1400
v -174.299 0.729 31.817
v -166.412 0.729 46.820
v -172.201 0.729 49.863
v -180.088 0.729 34.860
v -174.299 4.629 31.817
v -166.412 4.629 46.820
v -172.201 4.629 49.863
v -180.088 4.629 34.860
f 1408 1407 1406 1405
f 1401 1402 1406 1405
f 1402 1403 1407 1406
f 1403 1404 1408 1407
f 1404 1401 1405 1408
v -155.223 0.665 25.959
v -148.844 0.665 40.184
v -154.857 0.665 42.881
v -161.236 0.665 28.656
v -155.223 4.565 25.959
v -148.844 4.565 40.184
v -154.857 4.565 42.881
v -161.236 4.565 28.656
f 1416 1415 1414 1413
f 1409 1410 1414 1413
f 1410 1411 1415 1414
f 1411 1412 1416 1415
f 1412 1409 1413 1416
v -161.136 0.837 16.460
v -153.219 0.837 31.232
v -159.504 0.837 34.600
v -167.421 0.837 19.828
v -161.136 4.737 16.460
v -153.219 4.737 31.232
v -159.504 4.737 34.600
v -167.421 4.737 19.828
f 1424 1423 1422 1421
f 1417 1418 1422 1421
f 1418 1419 1423 1422
f 1419 1420 1424 1423
f 1420 1417 1421 1424
v -167.459 0.674 10.916
v -162.493 0.674 20.031
v -165.821 0.674 21.844
v -170.787 0.674 12.729
v -167.459 4.574 10.916
v -162.493 4.574 20.031
v -165.821 4.574 21.844
v -170.787 4.574 12.729
f 1432 1431 1430 1429
f 1425 1426 1430 1429
f 1426 1427 1431 1430
f 1427 1428 1432 1431
f 1428 1425 1429 1432
v -178.710 0.647 24.274
v -171.865 0.647 39.133
v -178.450 0.647 42.166
v -185.295 0.647 27.307
v -178.710 4.547 24.274
v -171.865 4.547 39.133
v -178.450 4.547 42.166
v -185.295 4.547 27.307
f 1440 1439 1438 1437
f 1433 1434 1438 1437
f 1434 1435 1439 1438
f 1435 1436 1440 1439
f 1436 1433 1437 1440
v -184.576 0.616 16.074
v -176.967 0.616 29.325
v -183.064 0.616 32.826
v -190.673 0.616 19.575
v -184.576 4.516 16.074
v -176.967 4.516 29.325
v -183.064 4.516 32.826
v -190.673 4.516 19.575
f 1448 1447 1446 1445
f 1441 1442 1446 1445
f 1442 1443 1447 1446
f 1443 1444 1448 1447
f 1444 1441 1445 1448
v -172.860 0.653 -0.436
v -163.572 0.653 14.854
v -169.700 0.653 18.576
v -178.988 0.653 3.286
v -172.860 4.553 -0.436
v -163.572 4.553 14.854
v -169.700 4.553 18.576
v -178.988 4.553 3.286
f 1456 1455 1454 1453
f 1449 1450 1454 1453
f 1450 1451 1455 1454
f 1451 1452 1456 1455
f 1452 1449 1453 1456
v -189.557 0.574 6.773
v -181.052 0.574 22.034
v -184.843 0.574 24.147
v -193.348 0.574 8.886
v -189.557 4.474 6.773
v -181.052 4.474 22.034
v -184.843 4.474 24.147
v -193.348 4.474 8.886
f 1464 1463 1462 1461
f 1457 1458 1462 1461
f 1458 1459 1463 1462
f 1459 1460 1464 1463
f 1460 1457 1461 1464
v -175.724 0.662 -8.630
v -169.197 0.662 5.439
v -175.256 0.662 8.250
v -181.783 0.662 -5.819
v -175.724 4.562 -8.630
v -169.197 4.562 5.439
v -175.256 4.562 8.250
v -181.783 4.562 -5.819
f 1472 1471 1470 1469
f 1465 1466 1470 1469
f 1466 1467 1471 1470
f 1467 1468 1472 1471
f 1468 1465 1469 1472
v -194.903 0.635 -3.464
v -185.579 0.635 12.097
v -191.197 0.635 15.464
v -200.521 0.635 -0.097
v -194.903 4.535 -3.464
v -185.579 4.535 12.097
v -191.197 4.535 15.464
v -200.521 4.535 -0.097
f 1480 1479 1478 1477
f 1473 1474 1478 1477
f 1474 1475 1479 1478
f 1475 1476 1480 1479
f 1476 1473 1477 1480
v -181.742 0.622 -17.882
v -174.186 0.622 -3.744
v -180.298 0.622 -0.478
v -187.854 0.622 -14.616
v -181.742 4.522 -17.882
v -174.186 4.522 -3.744
v -180.298 4.522 -0.478
v -187.854 4.522 -14.616
f 1488 1487 1486 1485
f 1481 1482 1486 1485
f 1482 1483 1487 1486
f 1483 1484 1488 1487
f 1484 1481 1485 1488
v -187.970 0.590 -26.052
v -178.834 0.590 -12.241
v -184.930 0.590 -8.208
v -194.066 0.590 -22.019
v -187.970 4.490 -26.052
v -178.834 4.490 -12.241
v -184.930 4.490 -8.208
v -194.066 4.490 -22.019
f 1496 1495 1494 1493
f 1489 1490 1494 1493
f 1490 1491 1495 1494
f 1491 1492 1496 1495
f 1492 1489 1493 1496
v -198.957 0.630 -12.982
v -190.843 0.630 3.511
v -198.183 0.630 7.122
v -206.297 0.630 -9.371
v -198.957 4.530 -12.982
v -190.843 4.530 3.511
v -198.183 4.530 7.122
v -206.297 4.530 -9.371
f 1504 1503 1502 1501
f 1497 1498 1502 1501
f 1498 1499 1503 1502
f 1499 1500 1504 1503
f 1500 1497 1501 1504
v -204.613 0.683 -22.037
v -194.868 0.683 -6.548
v -201.647 0.683 -2.283
v -211.392 0.683 -17.772
v -204.613 4.583 -22.037
v -194.868 4.583 -6.548
v -201.647 4.583 -2.283
v -211.392 4.583 -17.772
f 1512 1511 1510 1509
f 1505 1506 1510 1509
f 1506 1507 1511 1510
f 1507 1508 1512 1511
f 1508 1505 1509 1512
v -210.042 0.626 -29.267
v -201.044 0.626 -13.920
v -207.298 0.626 -10.253
v -216.296 0.626 -25.600
v -210.042 4.526 -29.267
v -201.044 4.526 -13.920
v -207.298 4.526 -10.253
v -216.296 4.526 -25.600
f 1520 1519 1518 1517
f 1513 1514 1518 1517
f 1514 1515 1519 1518
f 1515 1516 1520 1519
f 1516 1513 1517 1520
v -190.432 0.587 -35.197
v -183.286 0.587 -22.180
v -189.948 0.587 -18.523
v -197.094 0.587 -31.540
v -190.432 4.487 -35.197
v -183.286 4.487 -22.180
v -189.948 4.487 -18.523
v -197.094 4.487 -31.540
f 1528 1527 1526 1525
f 1521 1522 1526 1525
f 1522 1523 1527 1526
f 1523 1524 1528 1527
f 1524 1521 1525 1528
v -196.709 0.527 -44.195
v -188.676 0.527 -29.394
v -195.031 0.527 -25.945
v -203.064 0.527 -40.746
v -196.709 4.427 -44.195
v -188.676 4.427 -29.394
v -195.031 4.427 -25.945
v -203.064 4.427 -40.746
f 1536 1535 1534 1533
f 1529 1530 1534 1533
f 1530 1531 1535 1534
f 1531 1532 1536 1535
f 1532 1529 1533 1536
v -214.306 0.683 -37.079
v -206.959 0.683 -22.934
v -212.914 0.683 -19.841
v -220.261 0.683 -33.986
v -214.306 4.583 -37.079
v -206.959 4.583 -22.934
v -212.914 4.583 -19.841
v -220.261 4.583 -33.986
f 1544 1543 1542 1541
f 1537 1538 1542 1541
f 1538 1539 1543 1542
f 1539 1540 1544 1543
f 1540 1537 1541 1544
v -203.752 0.643 -52.307
v -196.024 0.643 -36.506
v -199.528 0.643 -34.793
v -207.256 0.643 -50.594
v -203.752 4.543 -52.307
v -196.024 4.543 -36.506
v -199.528 4.543 -34.793
v -207.256 4.543 -50.594
f 1552 1551 1550 1549
f 1545 1546 1550 1549
f 1546 1547 1551 1550
f 1547 1548 1552 1551
f 1548 1545 1549 1552
v -208.855 0.613 -61.219
v -201.038 0.613 -45.528
v -204.985 0.613 -43.561
v -212.802 0.613 -59.252
v -208.855 4.513 -61.219
v -201.038 4.513 -45.528
v -204.985 4.513 -43.561
v -212.802 4.513 -59.252
f 1560 1559 1558 1557
f 1553 1554 1558 1557
f 1554 1555 1559 1558
f 1555 1556 1560 1559
f 1556 1553 1557 1560
v -219.674 0.659 -44.886
v -211.936 0.659 -31.409
v -218.266 0.659 -27.774
v -226.004 0.659 -41.251
v -219.674 4.559 -44.886
v -211.936 4.559 -31.409
v -218.266 4.559 -27.774
v -226.004 4.559 -41.251
f 1568 1567 1566 1565
f 1561 1562 1566 1565
f 1562 1563 1567 1566
f 1563 1564 1568 1567
f 1564 1561 1565 1568
v -224.562 0.598 -56.171
v -216.472 0.598 -40.125
v -222.098 0.598 -37.289
v -230.188 0.598 -53.335
v -224.562 4.498 -56.171
v -216.472 4.498 -40.125
v -222.098 4.498 -37.289
v -230.188 4.498 -53.335
f 1576 1575 1574 1573
f 1569 1570 1574 1573
f 1570 1571 1575 1574
f 1571 1572 1576 1575
f 1572 1569 1573 1576
v -213.109 0.639 -69.683
v -206.224 0.639 -56.323
v -209.611 0.639 -54.577
v -216.496 0.639 -67.937
v -213.109 4.539 -69.683
v -206.224 4.539 -56.323
v -209.611 4.539 -54.577
v -216.496 4.539 -67.937
f 1584 1583 1582 1581
f 1577 1578 1582 1581
f 1578 1579 1583 1582
f 1579 1580 1584 1583
f 1580 1577 1581 1584
v -217.286 0.538 -79.204
v -209.095 0.538 -63.773
v -214.854 0.538 -60.716
v -223.045 0.538 -76.147
v -217.286 4.438 -79.204
v -209.095 4.438 -63.773
v -214.854 4.438 -60.716
v -223.045 4.438 -76.147
f 1592 1591 1590 1589
f 1585 1586 1590 1589
f 1586 1587 1591 1590
f 1587 1588 1592 1591
f 1588 1585 1589 1592
v -235.136 0.517 -74.768
v -223.982 0.517 -57.712
v -229.824 0.517 -53.892
v -240.978 0.517 -70.948
v -235.136 4.417 -74.768
v -223.982 4.417 -57.712
v -229.824 4.417 -53.892
v -240.978 4.417 -70.948
f 1600 1599 1598 1597
f 1593 1594 1598 1597
f 1594 1595 1599 1598
f 1595 1596 1600 1599
f 1596 1593 1597 1600
v -229.639 0.602 -63.047
v -222.541 0.602 -49.572
v -228.841 0.602 -46.253
v -235.939 0.602 -59.728
v -229.639 4.502 -63.047
v -222.541 4.502 -49.572
v -228.841 4.502 -46.253
v -235.939 4.502 -59.728
f 1608 1607 1606 1605
f 1601 1602 1606 1605
f 1602 1603 1607 1606
f 1603 1604 1608 1607
f 1604 1601 1605 1608
v -251.047 0.623 -51.230
v -242.671 0.623 -37.282
v -248.553 0.623 -33.750
v -256.929 0.623 -47.698
v -251.047 4.523 -51.230
v -242.671 4.523 -37.282
v -248.553 4.523 -33.750
v -256.929 4.523 -47.698
f 1616 1615 1614 1613
f 1609 1610 1614 1613
f 1610 1611 1615 1614
f 1611 1612 1616 1615
f 1612 1609 1613 1616
v -247.887 0.605 -41.781
v -237.978 0.605 -27.139
v -243.593 0.605 -23.339
v -253.502 0.605 -37.981
v -247.887 4.505 -41.781
v -237.978 4.505 -27.139
v -243.593 4.505 -23.339
v -253.502 4.505 -37.981
f 1624 1623 1622 1621
f 1617 1618 1622 1621
f 1618 1619 1623 1622
f 1619 1620 1624 1623
f 1620 1617 1621 1624
v -254.772 0.581 -21.901
v -247.869 0.581 -8.012
v -253.368 0.581 -5.279
v -260.271 0.581 -19.168
v -254.772 4.481 -21.901
v -247.869 4.481 -8.012
v -253.368 4.481 -5.279
v -260.271 4.481 -19.168
f 1632 1631 1630 1629
f 1625 1626 1630 1629
f 1626 1627 1631 1630
f 1627 1628 1632 1631
f 1628 1625 1629 1632
v -242.658 0.594 -33.521
v -232.361 0.594 -17.374
v -237.622 0.594 -14.019
v -247.919 0.594 -30.166
v -242.658 4.494 -33.521
v -232.361 4.494 -17.374
v -237.622 4.494 -14.019
v -247.919 4.494 -30.166
f 1640 1639 1638 1637
f 1633 1634 1638 1637
f 1634 1635 1639 1638
f 1635 1636 1640 1639
f 1636 1633 1637 1640
v -249.162 0.500 -14.972
v -242.315 0.500 1.209
v -248.798 0.500 3.952
v -255.645 0.500 -12.229
v -249.162 4.400 -14.972
v -242.315 4.400 1.209
v -248.798 4.400 3.952
v -255.645 4.400 -12.229
f 1648 1647 1646 1645
f 1641 1642 1646 1645
f 1642 1643 1647 1646
f 1643 1644 1648 1647
f 1644 1641 1645 1648
v -234.404 0.559 -25.008
v -226.909 0.559 -7.996
v -233.956 0.559 -4.892
v -241.451 0.559 -21.904
v -234.404 4.459 -25.008
v -226.909 4.459 -7.996
v -233.956 4.459 -4.892
v -241.451 4.459 -21.904
f 1656 1655 1654 1653
f 1649 1650 1654 1653
f 1650 1651 1655 1654
f 1651 1652 1656 1655
f 1652 1649 1653 1656
v -232.035 0.606 -15.805
v -222.148 0.606 -0.335
v -227.845 0.606 3.305
v -237.732 0.606 -12.165
v -232.035 4.506 -15.805
v -222.148 4.506 -0.335
v -227.845 4.506 3.305
v -237.732 4.506 -12.165
f 1664 1663 1662 1661
f 1657 1658 1662 1661
f 1658 1659 1663 1662
f 1659 1660 1664 1663
f 1660 1657 1661 1664
v -225.116 0.674 -8.292
v -216.978 0.674 8.321
v -224.064 0.674 11.792
v -232.202 0.674 -4.821
v -225.116 4.574 -8.292
v -216.978 4.574 8.321
v -224.064 4.574 11.792
v -232.202 4.574 -4.821
f 1672 1671 1670 1669
f 1665 1666 1670 1669
f 1666 1667 1671 1670
f 1667 1668 1672 1671
f 1668 1665 1669 1672
v -243.078 0.609 -2.508
v -238.922 0.609 11.946
v -244.842 0.609 13.648
v -248.998 0.609 -0.806
v -243.078 4.509 -2.508
v -238.922 4.509 11.946
v -244.842 4.509 13.648
v -248.998 4.509 -0.806
f 1680 1679 1678 1677
f 1673 1674 1678 1677
f 1674 1675 1679 1678
f 1675 1676 1680 1679
f 1676 1673 1677 1680
v -239.283 0.533 3.403
v -231.628 0.533 19.062
v -235.257 0.533 20.837
v -242.912 0.533 5.178
v -239.283 4.433 3.403
v -231.628 4.433 19.062
v -235.257 4.433 20.837
v -242.912 4.433 5.178
f 1688 1687 1686 1685
f 1681 1682 1686 1685
f 1682 1683 1687 1686
f 1683 1684 1688 1687
f 1684 1681 1685 1688
v -235.310 0.608 12.729
v -227.133 0.608 27.941
v -233.290 0.608 31.251
v -241.467 0.608 16.039
v -235.310 4.508 12.729
v -227.133 4.508 27.941
v -233.290 4.508 31.251
v -241.467 4.508 16.039
f 1696 1695 1694 1693
f 1689 1690 1694 1693
f 1690 1691 1695 1694
f 1691 1692 1696 1695
f 1692 1689 1693 1696
v -220.370 0.696 5.010
v -216.654 0.696 11.834
v -218.850 0.696 13.030
v -222.566 0.696 6.206
v -220.370 4.596 5.010
v -216.654 4.596 11.834
v -218.850 4.596 13.030
v -222.566 4.596 6.206
f 1704 1703 1702 1701
f 1697 1698 1702 1701
f 1698 1699 1703 1702
f 1699 1700 1704 1703
f 1700 1697 1701 1704
v -230.389 0.572 20.640
v -221.242 0.572 36.456
v -227.371 0.572 40.000
v -236.518 0.572 24.184
v -230.389 4.472 20.640
v -221.242 4.472 36.456
v -227.371 4.472 40.000
v -236.518 4.472 24.184
f 1712 1711 1710 1709
f 1705 1706 1710 1709
f 1706 1707 1711 1710
f 1707 1708 1712 1711
f 1708 1705 1709 1712
v -218.285 0.692 10.793
v -209.864 0.692 25.630
v -212.995 0.692 27.407
v -221.416 0.692 12.570
v -218.285 4.592 10.793
v -209.864 4.592 25.630
v -212.995 4.592 27.407
v -221.416 4.592 12.570
f 1720 1719 1718 1717
f 1713 1714 1718 1717
f 1714 1715 1719 1718
f 1715 1716 1720 1719
f 1716 1713 1717 1720
v -210.663 0.822 20.679
v -202.776 0.822 33.355
v -208.957 0.822 37.201
v -216.844 0.822 24.525
v -210.663 4.722 20.679
v -202.776 4.722 33.355
v -208.957 4.722 37.201
v -216.844 4.722 24.525
f 1728 1727 1726 1725
f 1721 1722 1726 1725
f 1722 1723 1727 1726
f 1723 1724 1728 1727
f 1724 1721 1725 1728
v -224.185 0.570 30.536
v -217.317 0.570 45.031
v -222.875 0.570 47.664
v -229.743 0.570 33.169
v -224.185 4.470 30.536
v -217.317 4.470 45.031
v -222.875 4.470 47.664
v -229.743 4.470 33.169
f 1736 1735 1734 1733
f 1729 1730 1734 1733
f 1730 1731 1735 1734
f 1731 1732 1736 1735
f 1732 1729 1733 1736
v -207.557 0.817 27.292
v -196.982 0.817 43.818
v -202.903 0.817 47.608
v -213.478 0.817 31.082
v -207.557 4.717 27.292
v -196.982 4.717 43.818
v -202.903 4.717 47.608
v -213.478 4.717 31.082
f 1744 1743 1742 1741
f 1737 1738 1742 1741
f 1738 1739 1743 1742
f 1739 1740 1744 1743
f 1740 1737 1741 1744
v -219.870 0.623 40.541
v -212.970 0.623 53.317
v -218.750 0.623 56.439
v -225.650 0.623 43.663
v -219.870 4.523 40.541
v -212.970 4.523 53.317
v -218.750 4.523 56.439
v -225.650 4.523 43.663
f 1752 1751 1750 1749
f 1745 1746 1750 1749
f 1746 1747 1751 1750
f 1747 1748 1752 1751
f 1748 1745 1749 1752
v -202.696 0.741 37.507
v -191.974 0.741 55.026
v -198.064 0.741 58.753
v -208.786 0.741 41.234
v -202.696 4.641 37.507
v -191.974 4.641 55.026
v -198.064 4.641 58.753
v -208.786 4.641 41.234
f 1760 1759 1758 1757
f 1753 1754 1758 1757
f 1754 1755 1759 1758
f 1755 1756 1760 1759
f 1756 1753 1757 1760
v -214.816 0.677 47.447
v -206.214 0.677 63.236
v -212.264 0.677 66.533
v -220.866 0.677 50.744
v -214.816 4.577 47.447
v -206.214 4.577 63.236
v -212.264 4.577 66.533
v -220.866 4.577 50.744
f 1768 1767 1766 1765
f 1761 1762 1766 1765
f 1762 1763 1767 1766
f 1763 1764 1768 1767
f 1764 1761 1765 1768
v -208.778 0.693 58.331
v -203.360 0.693 71.802
v -209.242 0.693 74.169
v -214.660 0.693 60.698
v -208.778 4.593 58.331
v -203.360 4.593 71.802
v -209.242 4.593 74.169
v -214.660 4.593 60.698
f 1776 1775 1774 1773
f 1769 1770 1774 1773
f 1770 1771 1775 1774
f 1771 1772 1776 1775
f 1772 1769 1773 1776
v -193.027 0.837 45.678
v -187.323 0.837 56.890
v -192.653 0.837 59.602
v -198.357 0.837 48.390
v -193.027 4.737 45.678
v -187.323 4.737 56.890
v -192.653 4.737 59.602
v -198.357 4.737 48.390
f 1784 1783 1782 1781
f 1777 1778 1782 1781
f 1778 1779 1783 1782
f 1779 1780 1784 1783
f 1780 1777 1781 1784
v -192.029 0.786 55.325
v -183.517 0.786 70.787
v -187.091 0.786 72.755
v -195.603 0.786 57.293
v -192.029 4.686 55.325
v -183.517 4.686 70.787
v -187.091 4.686 72.755
v -195.603 4.686 57.293
f 1792 1791 1790 1789
f 1785 1786 1790 1789
f 1786 1787 1791 1790
f 1787 1788 1792 1791
f 1788 1785 1789 1792
v -205.253 0.615 64.488
v -195.984 0.615 79.615
v -202.507 0.615 83.612
v -211.776 0.615 68.485
v -205.253 4.515 64.488
v -195.984 4.515 79.615
v -202.507 4.515 83.612
v -211.776 4.515 68.485
f 1800 1799 1798 1797
f 1793 1794 1798 1797
f 1794 1795 1799 1798
f 1795 1796 1800 1799
f 1796 1793 1797 1800
v -186.290 0.763 63.235
v -176.491 0.763 78.785
v -182.870 0.763 82.805
v -192.669 0.763 67.255
v -186.290 4.663 63.235
v -176.491 4.663 78.785
v -182.870 4.663 82.805
v -192.669 4.663 67.255
f 1808 1807 1806 1805
f 1801 1802 1806 1805
f 1802 1803 1807 1806
f 1803 1804 1808 1807
f 1804 1801 1805 1808
v -199.376 0.642 73.212
v -190.841 0.642 88.980
v -196.804 0.642 92.208
v -205.339 0.642 76.440
v -199.376 4.542 73.212
v -190.841 4.542 88.980
v -196.804 4.542 92.208
v -205.339 4.542 76.440
f 1816 1815 1814 1813
f 1809 1810 1814 1813
f 1810 1811 1815 1814
f 1811 1812 1816 1815
f 1812 1809 1813 1816
v -194.684 0.587 83.782
v -186.240 0.587 98.917
v -189.576 0.587 100.778
v -198.020 0.587 85.643
v -194.684 4.487 83.782
v -186.240 4.487 98.917
v -189.576 4.487 100.778
v -198.020 4.487 85.643
f 1824 1823 1822 1821
f 1817 1818 1822 1821
f 1818 1819 1823 1822
f 1819 1820 1824 1823
f 1820 1817 1821 1824
v -179.608 0.684 70.779
v -172.793 0.684 87.665
v -179.572 0.684 90.401
v -186.387 0.684 73.515
v -179.608 4.584 70.779
v -172.793 4.584 87.665
v -179.572 4.584 90.401
v -186.387 4.584 73.515
f 1832 1831 1830 1829
f 1825 1826 1830 1829
f 1826 1827 1831 1830
f 1827 1828 1832 1831
f 1828 1825 1829 1832
v -174.890 0.636 80.993
v -166.889 0.636 93.764
v -172.610 0.636 97.347
v -180.611 0.636 84.576
v -174.890 4.536 80.993
v -166.889 4.536 93.764
v -172.610 4.536 97.347
v -180.611 4.536 84.576
f 1840 1839 1838 1837
f 1833 1834 1838 1837
f 1834 1835 1839 1838
f 1835 1836 1840 1839
f 1836 1833 1837 1840
v -188.623 0.641 93.439
v -180.857 0.641 105.063
v -184.117 0.641 107.241
v -191.883 0.641 95.617
v -188.623 4.541 93.439
v -180.857 4.541 105.063
v -184.117 4.541 107.241
v -191.883 4.541 95.617
f 1848 1847 1846 1845
f 1841 1842 1846 1845
f 1842 1843 1847 1846
f 1843 1844 1848 1847
f 1844 1841 1845 1848
v -171.676 0.716 88.841
v -161.484 0.716 99.929
v -166.564 0.716 104.599
v -176.756 0.716 93.511
v -171.676 4.616 88.841
v -161.484 4.616 99.929
v -166.564 4.616 104.599
v -176.756 4.616 93.511
f 1856 1855 1854 1853
f 1849 1850 1854 1853
f 1850 1851 1855 1854
f 1851 1852 1856 1855
f 1852 1849 1853 1856
v -167.487 0.635 110.020
v -156.851 0.635 102.598
v -154.533 0.635 105.920
v -165.169 0.635 113.342
v -167.487 4.535 110.020
v -156.851 4.535 102.598
v -154.533 4.535 105.920
v -165.169 4.535 113.342
f 1864 1863 1862 1861
f 1857 1858 1862 1861
f 1858 1859 1863 1862
f 1859 1860 1864 1863
f 1860 1857 1861 1864
v -180.162 0.554 115.345
v -166.053 0.554 104.200
v -161.318 0.554 110.195
v -175.427 0.554 121.340
v -180.162 4.454 115.345
v -166.053 4.454 104.200
v -161.318 4.454 110.195
v -175.427 4.454 121.340
f 1872 1871 1870 1869
f 1865 1866 1870 1869
f 1866 1867 1871 1870
f 1867 1868 1872 1871
f 1868 1865 1869 1872
v -190.018 0.616 118.391
v -174.864 0.616 106.865
v -170.602 0.616 112.469
v -185.756 0.616 123.995
v -190.018 4.516 118.391
v -174.864 4.516 106.865
v -170.602 4.516 112.469
v -185.756 4.516 123.995
f 1880 1879 1878 1877
f 1873 1874 1878 1877
f 1874 1875 1879 1878
f 1875 1876 1880 1879
f 1876 1873 1877 1880
v -54.308 0.777 -87.532
v -30.579 0.777 -75.512
v -38.392 0.777 -60.088
v -62.121 0.777 -72.108
v -54.308 4.677 -87.532
v -30.579 4.677 -75.512
v -38.392 4.677 -60.088
v -62.121 4.677 -72.108
f 1888 1887 1886 1885
f 1881 1882 1886 1885
f 1882 1883 1887 1886
f 1883 1884 1888 1887
f 1884 1881 1885 1888
v -128.540 0.760 -81.149
v -98.875 0.760 -160.975
v -72.600 0.760 -151.211
v -102.265 0.760 -71.385
v -128.540 25.060 -81.149
v -98.875 25.060 -160.975
v -72.600 25.060 -151.211
v -102.265 25.060 -71.385
f 1896 1895 1894 1893
f 1889 1890 1894 1893
f 1890 1891 1895 1894
f 1891 1892 1896 1895
f 1892 1889 1893 1896
v -82.247 0.896 -69.409
v -59.681 0.896 -56.058
v -65.613 0.896 -46.031
v -88.179 0.896 -59.382
v -82.247 4.796 -69.409
v -59.681 4.796 -56.058
v -65.613 4.796 -46.031
v -88.179 4.796 -59.382
f 1904 1903 1902 1901
f 1897 1898 1902 1901
f 1898 1899 1903 1902
f 1899 1900 1904 1903
f 1900 1897 1901 1904
v -125.986 0.587 -48.151
v -96.615 0.587 -29.653
v -103.394 0.587 -18.889
v -132.765 0.587 -37.387
v -125.986 4.487 -48.151
v -96.615 4.487 -29.653
v -103.394 4.487 -18.889
v -132.765 4.487 -37.387
f 1912 1911 1910 1909
f 1905 1906 1910 1909
f 1906 1907 1911 1910
f 1907 1908 1912 1911
f 1908 1905 1909 1912
v -122.060 0.451 18.692
v -104.739 0.451 -10.809
v -90.200 0.451 -2.272
v -107.521 0.451 27.229
v -122.060 6.251 18.692
v -104.739 6.251 -10.809
v -90.200 6.251 -2.272
v -107.521 6.251 27.229
f 1920 1919 1918 1917
f 1913 1914 1918 1917
f 1914 1915 1919 1918
f 1915 1916 1920 1919
f 1916 1913 1917 1920
v -102.358 0.491 52.771
v -84.361 0.491 23.948
v -69.882 0.491 32.989
v -87.879 0.491 61.812
v -102.358 6.291 52.771
v -84.361 6.291 23.948
v -69.882 6.291 32.989
v -87.879 6.291 61.812
f 1928 1927 1926 1925
f 1921 1922 1926 1925
f 1922 1923 1927 1926
f 1923 1924 1928 1927
f 1924 1921 1925 1928
v -84.324 0.646 73.492
v -60.918 0.646 55.274
v -49.076 0.646 70.488
v -72.482 0.646 88.706
v -84.324 4.546 73.492
v -60.918 4.546 55.274
v -49.076 4.546 70.488
v -72.482 4.546 88.706
f 1936 1935 1934 1933
f 1929 1930 1934 1933
f 1930 1931 1935 1934
f 1931 1932 1936 1935
f 1932 1929 1933 1936
v -36.299 0.645 74.318
v -9.715 0.645 82.029
v -14.621 0.645 98.942
v -41.205 0.645 91.231
v -36.299 4.545 74.318
v -9.715 4.545 82.029
v -14.621 4.545 98.942
v -41.205 4.545 91.231
f 1944 1943 1942 1941
f 1937 1938 1942 1941
f 1938 1939 1943 1942
f 1939 1940 1944 1943
f 1940 1937 1941 1944
v -1.886 0.637 58.941
v 19.732 0.637 74.059
v 9.606 0.637 88.539
v -12.012 0.637 73.421
v -1.886 4.537 58.941
v 19.732 4.537 74.059
v 9.606 4.537 88.539
v -12.012 4.537 73.421
f 1952 1951 1950 1949
f 1945 1946 1950 1949
f 1946 1947 1951 1950
f 1947 1948 1952 1951
f 1948 1945 1949 1952
v -14.542 0.748 31.928
v 0.997 0.748 40.995
v -7.298 0.748 55.212
v -22.837 0.748 46.145
v -14.542 4.648 31.928
v 0.997 4.648 40.995
v -7.298 4.648 55.212
v -22.837 4.648 46.145
f 1960 1959 1958 1957
f 1953 1954 1958 1957
f 1954 1955 1959 1958
f 1955 1956 1960 1959
f 1956 1953 1957 1960
v -76.506 0.576 30.242
v -58.919 0.576 0.352
v -44.974 0.576 8.558
v -62.561 0.576 38.448
v -76.506 6.376 30.242
v -58.919 6.376 0.352
v -44.974 6.376 8.558
v -62.561 6.376 38.448
f 1968 1967 1966 1965
f 1961 1962 1966 1965
f 1962 1963 1967 1966
f 1963 1964 1968 1967
f 1964 1961 1965 1968
v -78.400 0.655 -30.807
v -59.023 0.655 -12.554
v -69.480 0.655 -1.453
v -88.857 0.655 -19.706
v -78.400 4.555 -30.807
v -59.023 4.555 -12.554
v -69.480 4.555 -1.453
v -88.857 4.555 -19.706
f 1976 1975 1974 1973
f 1969 1970 1974 1973
f 1970 1971 1975 1974
f 1971 1972 1976 1975
f 1972 1969 1973 1976
v -50.358 0.706 -53.999
v -22.367 0.706 -33.745
v -29.982 0.706 -23.221
v -57.973 0.706 -43.475
v -50.358 4.606 -53.999
v -22.367 4.606 -33.745
v -29.982 4.606 -23.221
v -57.973 4.606 -43.475
f 1984 1983 1982 1981
f 1977 1978 1982 1981
f 1978 1979 1983 1982
f 1979 1980 1984 1983
f 1980 1977 1981 1984
v -13.566 0.831 -34.718
v 3.686 0.831 -25.501
v -0.234 0.831 -18.162
v -17.486 0.831 -27.379
v -13.566 4.731 -34.718
v 3.686 4.731 -25.501
v -0.234 4.731 -18.162
v -17.486 4.731 -27.379
f 1992 1991 1990 1989
f 1985 1986 1990 1989
f 1986 1987 1991 1990
f 1987 1988 1992 1991
f 1988 1985 1989 1992
v -8.132 0.832 -25.176
v 10.756 0.832 -15.840
v 7.012 0.832 -8.264
v -11.876 0.832 -17.600
v -8.132 4.732 -25.176
v 10.756 4.732 -15.840
v 7.012 4.732 -8.264
v -11.876 4.732 -17.600
f 2000 1999 1998 1997
f 1993 1994 1998 1997
f 1994 1995 1999 1998
f 1995 1996 2000 1999
f 1996 1993 1997 2000
v -2.695 1.061 -15.318
v 16.073 1.061 -5.394
v 12.175 1.061 1.978
v -6.593 1.061 -7.946
v -2.695 4.961 -15.318
v 16.073 4.961 -5.394
v 12.175 4.961 1.978
v -6.593 4.961 -7.946
f 2008 2007 2006 2005
f 2001 2002 2006 2005
f 2002 2003 2007 2006
f 2003 2004 2008 2007
f 2004 2001 2005 2008
v 2.681 1.005 -5.130
v 21.133 1.005 4.599
v 17.299 1.005 11.870
v -1.153 1.005 2.141
v 2.681 4.905 -5.130
v 21.133 4.905 4.599
v 17.299 4.905 11.870
v -1.153 4.905 2.141
f 2016 2015 2014 2013
f 2009 2010 2014 2013
f 2010 2011 2015 2014
f 2011 2012 2016 2015
f 2012 2009 2013 2016
v 7.205 0.963 5.367
v 24.713 0.963 14.399
v 20.775 0.963 22.033
v 3.267 0.963 13.001
v 7.205 4.863 5.367
v 24.713 4.863 14.399
v 20.775 4.863 22.033
v 3.267 4.863 13.001
f 2024 2023 2022 2021
f 2017 2018 2022 2021
f 2018 2019 2023 2022
f 2019 2020 2024 2023
f 2020 2017 2021 2024
v 20.556 0.904 34.793
v 27.115 0.904 17.345
v 34.304 0.904 20.047
v 27.745 0.904 37.495
v 20.556 4.804 34.793
v 27.115 4.804 17.345
v 34.304 4.804 20.047
v 27.745 4.804 37.495
f 2032 2031 2030 2029
f 2025 2026 2030 2029
f 2026 2027 2031 2030
f 2027 2028 2032 2031
f 2028 2025 2029 2032
v 30.441 0.944 31.014
v 37.016 0.944 11.850
v 44.639 0.944 14.466
v 38.064 0.944 33.630
v 30.441 4.844 31.014
v 37.016 4.844 11.850
v 44.639 4.844 14.466
v 38.064 4.844 33.630
f 2040 2039 2038 2037
f 2033 2034 2038 2037
f 2034 2035 2039 2038
f 2035 2036 2040 2039
f 2036 2033 2037 2040
v 52.192 1.196 22.947
v 58.768 1.196 4.759
v 66.828 1.196 7.673
v 60.252 1.196 25.861
v 52.192 5.096 22.947
v 58.768 5.096 4.759
v 66.828 5.096 7.673
v 60.252 5.096 25.861
f 2048 2047 2046 2045
f 2041 2042 2046 2045
f 2042 2043 2047 2046
f 2043 2044 2048 2047
f 2044 2041 2045 2048
v 26.924 0.868 63.993
v 33.444 0.868 46.104
v 41.956 0.868 49.207
v 35.436 0.868 67.096
v 26.924 4.768 63.993
v 33.444 4.768 46.104
v 41.956 4.768 49.207
v 35.436 4.768 67.096
f 2056 2055 2054 2053
f 2049 2050 2054 2053
f 2050 2051 2055 2054
f 2051 2052 2056 2055
f 2052 2049 2053 2056
v 38.070 0.751 60.834
v 44.331 0.751 42.325
v 52.610 0.751 45.126
v 46.349 0.751 63.635
v 38.070 4.651 60.834
v 44.331 4.651 42.325
v 52.610 4.651 45.126
v 46.349 4.651 63.635
f 2064 2063 2062 2061
f 2057 2058 2062 2061
f 2058 2059 2063 2062
f 2059 2060 2064 2063
f 2060 2057 2061 2064
v 59.370 0.851 52.042
v 65.643 0.851 34.639
v 73.630 0.851 37.518
v 67.357 0.851 54.921
v 59.370 4.751 52.042
v 65.643 4.751 34.639
v 73.630 4.751 37.518
v 67.357 4.751 54.921
f 2072 2071 2070 2069
f 2065 2066 2070 2069
f 2066 2067 2071 2070
f 2067 2068 2072 2071
f 2068 2065 2069 2072
v 74.480 0.956 23.393
v 80.679 0.956 4.683
v 88.900 0.956 7.407
v 82.701 0.956 26.117
v 74.480 4.856 23.393
v 80.679 4.856 4.683
v 88.900 4.856 7.407
v 82.701 4.856 26.117
f 2080 2079 2078 2077
f 2073 2074 2078 2077
f 2074 2075 2079 2078
f 2075 2076 2080 2079
f 2076 2073 2077 2080
v 94.530 0.724 40.881
v 100.959 0.724 23.002
v 109.070 0.724 25.919
v 102.641 0.724 43.798
v 94.530 4.624 40.881
v 100.959 4.624 23.002
v 109.070 4.624 25.919
v 102.641 4.624 43.798
f 2088 2087 2086 2085
f 2081 2082 2086 2085
f 2082 2083 2087 2086
f 2083 2084 2088 2087
f 2084 2081 2085 2088
v 124.507 0.623 -3.730
v 142.566 0.623 3.465
v 139.313 0.623 11.630
v 121.254 0.623 4.435
v 124.507 4.523 -3.730
v 142.566 4.523 3.465
v 139.313 4.523 11.630
v 121.254 4.523 4.435
f 2096 2095 2094 2093
f 2089 2090 2094 2093
f 2090 2091 2095 2094
f 2091 2092 2096 2095
f 2092 2089 2093 2096
v 135.485 0.755 17.263
v 153.413 0.755 23.705
v 150.555 0.755 31.657
v 132.627 0.755 25.215
v 135.485 4.655 17.263
v 153.413 4.655 23.705
v 150.555 4.655 31.657
v 132.627 4.655 25.215
f 2104 2103 2102 2101
f 2097 2098 2102 2101
f 2098 2099 2103 2102
f 2099 2100 2104 2103
f 2100 2097 2101 2104
v -253.006 0.537 141.221
v -241.840 0.537 129.860
v -236.734 0.537 134.879
v -247.900 0.537 146.240
v -253.006 4.437 141.221
v -241.840 4.437 129.860
v -236.734 4.437 134.879
v -247.900 4.437 146.240
f 2112 2111 2110 2109
f 2105 2106 2110 2109
f 2106 2107 2111 2110
f 2107 2108 2112 2111
f 2108 2105 2109 2112
v -13.161 0.555 237.112
v 9.167 0.555 244.314
v 4.421 0.555 259.028
v -17.907 0.555 251.826
v -13.161 4.455 237.112
v 9.167 4.455 244.314
v 4.421 4.455 259.028
v -17.907 4.455 251.826
f 2120 2119 2118 2117
f 2113 2114 2118 2117
f 2114 2115 2119 2118
f 2115 2116 2120 2119
f 2116 2113 2117 2120
v 6.843 0.663 281.521
v 21.822 0.663 210.115
v 39.957 0.663 213.919
v 24.978 0.663 285.325
v 6.843 6.463 281.521
v 21.822 6.463 210.115
v 39.957 6.463 213.919
v 24.978 6.463 285.325
f 2128 2127 2126 2125
f 2121 2122 2126 2125
f 2122 2123 2127 2126
f 2123 2124 2128 2127
f 2124 2121 2125 2128
v 77.112 0.583 214.932
v 104.275 0.583 223.980
v 99.948 0.583 236.968
v 72.785 0.583 227.920
v 77.112 4.483 214.932
v 104.275 4.483 223.980
v 99.948 4.483 236.968
v 72.785 4.483 227.920
f 2136 2135 2134 2133
f 2129 2130 2134 2133
f 2130 2131 2135 2134
f 2131 2132 2136 2135
f 2132 2129 2133 2136
v 13.019 0.588 184.724
v 35.396 0.588 192.770
v 30.841 0.588 205.436
v 8.464 0.588 197.390
v 13.019 4.488 184.724
v 35.396 4.488 192.770
v 30.841 4.488 205.436
v 8.464 4.488 197.390
f 2144 2143 2142 2141
f 2137 2138 2142 2141
f 2138 2139 2143 2142
f 2139 2140 2144 2143
f 2140 2137 2141 2144
v 35.959 0.561 241.942
v 54.643 0.561 178.527
v 73.281 0.561 184.018
v 54.597 0.561 247.433
v 35.959 6.361 241.942
v 54.643 6.361 178.527
v 73.281 6.361 184.018
v 54.597 6.361 247.433
f 2152 2151 2150 2149
f 2145 2146 2150 2149
f 2146 2147 2151 2150
f 2147 2148 2152 2151
f 2148 2145 2149 2152
v 66.900 0.609 214.101
v 74.055 0.609 166.314
v 93.320 0.609 169.199
v 86.165 0.609 216.986
v 66.900 6.409 214.101
v 74.055 6.409 166.314
v 93.320 6.409 169.199
v 86.165 6.409 216.986
f 2160 2159 2158 2157
f 2153 2154 2158 2157
f 2154 2155 2159 2158
f 2155 2156 2160 2159
f 2156 2153 2157 2160
v 38.543 0.567 147.524
v 82.160 0.567 162.451
v 77.497 0.567 176.076
v 33.880 0.567 161.149
v 38.543 6.367 147.524
v 82.160 6.367 162.451
v 77.497 6.367 176.076
v 33.880 6.367 161.149
f 2168 2167 2166 2165
f 2161 2162 2166 2165
f 2162 2163 2167 2166
f 2163 2164 2168 2167
f 2164 2161 2165 2168
v 111.462 1.396 234.872
v 126.499 1.396 153.947
v 171.498 1.396 162.308
v 156.461 1.396 243.233
v 111.462 9.696 234.872
v 126.499 9.696 153.947
v 171.498 9.696 162.308
v 156.461 9.696 243.233
f 2176 2175 2174 2173
f 2169 2170 2174 2173
f 2170 2171 2175 2174
f 2171 2172 2176 2175
f 2172 2169 2173 2176
v 154.230 1.471 -264.517
v 163.679 1.471 -233.474
v 130.330 1.471 -223.323
v 120.881 1.471 -254.366
v 154.230 7.271 -264.517
v 163.679 7.271 -233.474
v 130.330 7.271 -223.323
v 120.881 7.271 -254.366
f 2184 2183 2182 2181
f 2177 2178 2182 2181
f 2178 2179 2183 2182
f 2179 2180 2184 2183
f 2180 2177 2181 2184
v 162.435 0.620 -202.744
v 179.514 0.620 -197.156
v 174.305 0.620 -181.236
v 157.226 0.620 -186.824
v 162.435 4.520 -202.744
v 179.514 4.520 -197.156
v 174.305 4.520 -181.236
v 157.226 4.520 -186.824
f 2192 2191 2190 2189
f 2185 2186 2190 2189
f 2186 2187 2191 2190
f 2187 2188 2192 2191
f 2188 2185 2189 2192
v 163.042 1.016 -184.453
v 180.289 1.016 -178.896
v 175.318 1.016 -163.467
v 158.071 1.016 -169.024
v 163.042 4.916 -184.453
v 180.289 4.916 -178.896
v 175.318 4.916 -163.467
v 158.071 4.916 -169.024
f 2200 2199 2198 2197
f 2193 2194 2198 2197
f 2194 2195 2199 2198
f 2195 2196 2200 2199
f 2196 2193 2197 2200
v 164.466 1.108 -165.880
v 181.685 1.108 -160.333
v 176.674 1.108 -144.780
v 159.455 1.108 -150.327
v 164.466 5.008 -165.880
v 181.685 5.008 -160.333
v 176.674 5.008 -144.780
v 159.455 5.008 -150.327
f 2208 2207 2206 2205
f 2201 2202 2206 2205
f 2202 2203 2207 2206
f 2203 2204 2208 2207
f 2204 2201 2205 2208
v 167.357 1.019 -147.770
v 184.087 1.019 -139.896
v 177.043 1.019 -124.930
v 160.313 1.019 -132.804
v 167.357 4.919 -147.770
v 184.087 4.919 -139.896
v 177.043 4.919 -124.930
v 160.313 4.919 -132.804
f 2216 2215 2214 2213
f 2209 2210 2214 2213
f 2210 2211 2215 2214
f 2211 2212 2216 2215
f 2212 2209 2213 2216
v 160.265 0.856 -147.832
v 168.862 0.856 -147.076
v 168.355 0.856 -141.308
v 159.758 0.856 -142.064
v 160.265 4.756 -147.832
v 168.862 4.756 -147.076
v 168.355 4.756 -141.308
v 159.758 4.756 -142.064
f 2224 2223 2222 2221
f 2217 2218 2222 2221
f 2218 2219 2223 2222
f 2219 2220 2224 2223
f 2220 2217 2221 2224
v 163.241 1.153 -121.108
v 180.206 1.153 -122.905
v 181.659 1.153 -109.192
v 164.694 1.153 -107.395
v 163.241 5.053 -121.108
v 180.206 5.053 -122.905
v 181.659 5.053 -109.192
v 164.694 5.053 -107.395
f 2232 2231 2230 2229
f 2225 2226 2230 2229
f 2226 2227 2231 2230
f 2227 2228 2232 2231
f 2228 2225 2229 2232
v 107.913 1.017 -133.576
v 126.168 1.017 -137.722
v 129.307 1.017 -123.904
v 111.052 1.017 -119.758
v 107.913 4.917 -133.576
v 126.168 4.917 -137.722
v 129.307 4.917 -123.904
v 111.052 4.917 -119.758
f 2240 2239 2238 2237
f 2233 2234 2238 2237
f 2234 2235 2239 2238
f 2235 2236 2240 2239
f 2236 2233 2237 2240
v 117.925 1.045 -152.617
v 135.239 1.045 -156.435
v 138.615 1.045 -141.123
v 121.301 1.045 -137.305
v 117.925 4.945 -152.617
v 135.239 4.945 -156.435
v 138.615 4.945 -141.123
v 121.301 4.945 -137.305
f 2248 2247 2246 2245
f 2241 2242 2246 2245
f 2242 2243 2247 2246
f 2243 2244 2248 2247
f 2244 2241 2245 2248
v 123.006 0.881 -164.797
v 126.684 0.881 -184.100
v 139.474 0.881 -181.663
v 135.796 0.881 -162.360
v 123.006 4.781 -164.797
v 126.684 4.781 -184.100
v 139.474 4.781 -181.663
v 135.796 4.781 -162.360
f 2256 2255 2254 2253
f 2249 2250 2254 2253
f 2250 2251 2255 2254
f 2251 2252 2256 2255
f 2252 2249 2253 2256
v 124.166 0.949 -182.230
v 125.078 0.949 -163.713
v 112.014 0.949 -163.070
v 111.102 0.949 -181.587
v 124.166 4.849 -182.230
v 125.078 4.849 -163.713
v 112.014 4.849 -163.070
v 111.102 4.849 -181.587
f 2264 2263 2262 2261
f 2257 2258 2262 2261
f 2258 2259 2263 2262
f 2259 2260 2264 2263
f 2260 2257 2261 2264
v 40.135 1.757 -201.390
v 59.344 1.757 -250.088
v 88.545 1.757 -238.570
v 69.336 1.757 -189.872
v 40.135 7.557 -201.390
v 59.344 7.557 -250.088
v 88.545 7.557 -238.570
v 69.336 7.557 -189.872
f 2272 2271 2270 2269
f 2265 2266 2270 2269
f 2266 2267 2271 2270
f 2267 2268 2272 2271
f 2268 2265 2269 2272
v -48.336 0.527 -157.431
v -28.603 0.527 -236.733
v 39.976 0.527 -219.669
v 20.243 0.527 -140.367
v -48.336 8.827 -157.431
v -28.603 8.827 -236.733
v 39.976 8.827 -219.669
v 20.243 8.827 -140.367
f 2280 2279 2278 2277
f 2273 2274 2278 2277
f 2274 2275 2279 2278
f 2275 2276 2280 2279
f 2276 2273 2277 2280
v -63.252 1.473 -115.103
v -41.566 1.473 -150.251
v -28.868 1.473 -142.417
v -50.554 1.473 -107.269
v -63.252 7.273 -115.103
v -41.566 7.273 -150.251
v -28.868 7.273 -142.417
v -50.554 7.273 -107.269
f 2288 2287 2286 2285
f 2281 2282 2286 2285
f 2282 2283 2287 2286
f 2283 2284 2288 2287
f 2284 2281 2285 2288
v -82.252 1.460 -156.340
v -69.111 1.460 -187.774
v -54.008 1.460 -181.460
v -67.149 1.460 -150.026
v -82.252 5.360 -156.340
v -69.111 5.360 -187.774
v -54.008 5.360 -181.460
v -67.149 5.360 -150.026
f 2296 2295 2294 2293
f 2289 2290 2294 2293
f 2290 2291 2295 2294
f 2291 2292 2296 2295
f 2292 2289 2293 2296
v -196.449 0.464 257.732
v -184.257 0.464 244.874
v -181.311 0.464 247.668
v -193.503 0.464 260.526
v -196.449 4.364 257.732
v -184.257 4.364 244.874
v -181.311 4.364 247.668
v -193.503 4.364 260.526
f 2304 2303 2302 2301
f 2297 2298 2302 2301
f 2298 2299 2303 2302
f 2299 2300 2304 2303
f 2300 2297 2301 2304
v -182.336 0.437 254.424
v -180.481 0.437 240.034
v -172.864 0.437 241.016
v -174.719 0.437 255.406
v -182.336 4.337 254.424
v -180.481 4.337 240.034
v -172.864 4.337 241.016
v -174.719 4.337 255.406
f 2312 2311 2310 2309
f 2305 2306 2310 2309
f 2306 2307 2311 2310
f 2307 2308 2312 2311
f 2308 2305 2309 2312
v -172.851 0.491 243.400
v -161.368 0.491 259.616
v -167.529 0.491 263.980
v -179.012 0.491 247.764
v -172.851 4.391 243.400
v -161.368 4.391 259.616
v -167.529 4.391 263.980
v -179.012 4.391 247.764
f 2320 2319 2318 2317
f 2313 2314 2318 2317
f 2314 2315 2319 2318
f 2315 2316 2320 2319
f 2316 2313 2317 2320
v -138.708 0.373 259.186
v -129.347 0.373 247.274
v -123.772 0.373 251.654
v -133.133 0.373 263.566
v -138.708 4.273 259.186
v -129.347 4.273 247.274
v -123.772 4.273 251.654
v -133.133 4.273 263.566
f 2328 2327 2326 2325
f 2321 2322 2326 2325
f 2322 2323 2327 2326
f 2323 2324 2328 2327
f 2324 2321 2325 2328
v -117.131 0.440 248.206
v -114.309 0.440 262.511
v -120.509 0.440 263.734
v -123.331 0.440 249.429
v -117.131 4.340 248.206
v -114.309 4.340 262.511
v -120.509 4.340 263.734
v -123.331 4.340 249.429
f 2336 2335 2334 2333
f 2329 2330 2334 2333
f 2330 2331 2335 2334
f 2331 2332 2336 2335
f 2332 2329 2333 2336
v -98.141 0.531 241.823
v -86.913 0.531 252.320
v -91.659 0.531 257.397
v -102.887 0.531 246.900
v -98.141 4.431 241.823
v -86.913 4.431 252.320
v -91.659 4.431 257.397
v -102.887 4.431 246.900
f 2344 2343 2342 2341
f 2337 2338 2342 2341
f 2338 2339 2343 2342
f 2339 2340 2344 2343
f 2340 2337 2341 2344
v -104.251 0.458 234.105
v -89.281 0.458 238.124
v -91.089 0.458 244.855
v -106.059 0.458 240.836
v -104.251 4.358 234.105
v -89.281 4.358 238.124
v -91.089 4.358 244.855
v -106.059 4.358 240.836
f 2352 2351 2350 2349
f 2345 2346 2350 2349
f 2346 2347 2351 2350
f 2347 2348 2352 2351
f 2348 2345 2349 2352
v -107.402 0.398 227.565
v -92.552 0.398 227.445
v -92.498 0.398 234.035
v -107.348 0.398 234.155
v -107.402 4.298 227.565
v -92.552 4.298 227.445
v -92.498 4.298 234.035
v -107.348 4.298 234.155
f 2360 2359 2358 2357
f 2353 2354 2358 2357
f 2354 2355 2359 2358
f 2355 2356 2360 2359
f 2356 2353 2357 2360
v -111.368 0.461 216.337
v -95.901 0.461 218.290
v -96.652 0.461 224.243
v -112.119 0.461 222.290
v -111.368 4.361 216.337
v -95.901 4.361 218.290
v -96.652 4.361 224.243
v -112.119 4.361 222.290
f 2368 2367 2366 2365
f 2361 2362 2366 2365
f 2362 2363 2367 2366
f 2363 2364 2368 2367
f 2364 2361 2365 2368
v 251.727 0.869 -251.565
v 256.486 0.869 -251.245
v 256.193 0.869 -246.895
v 251.434 0.869 -247.215
v 251.727 4.769 -251.565
v 256.486 4.769 -251.245
v 256.193 4.769 -246.895
v 251.434 4.769 -247.215
f 2376 2375 2374 2373
f 2369 2370 2374 2373
f 2370 2371 2375 2374
f 2371 2372 2376 2375
f 2372 2369 2373 2376
v 63.614 0.460 116.165
v 80.590 0.460 113.657
v 81.166 0.460 117.555
v 64.190 0.460 120.063
v 63.614 4.360 116.165
v 80.590 4.360 113.657
v 81.166 4.360 117.555
v 64.190 4.360 120.063
f 2384 2383 2382 2381
f 2377 2378 2382 2381
f 2378 2379 2383 2382
f 2379 2380 2384 2383
f 2380 2377 2381 2384
v 59.488 0.595 100.301
v 75.240 0.595 98.063
v 76.572 0.595 107.439
v 60.820 0.595 109.677
v 59.488 4.495 100.301
v 75.240 4.495 98.063
v 76.572 4.495 107.439
v 60.820 4.495 109.677
f 2392 2391 2390 2389
f 2385 2386 2390 2389
f 2386 2387 2391 2390
f 2387 2388 2392 2391
f 2388 2385 2389 2392
v 55.893 0.640 72.214
v 67.673 0.640 86.879
v 57.507 0.640 95.046
v 45.727 0.640 80.381
v 55.893 4.540 72.214
v 67.673 4.540 86.879
v 57.507 4.540 95.046
v 45.727 4.540 80.381
f 2400 2399 2398 2397
f 2393 2394 2398 2397
f 2394 2395 2399 2398
f 2395 2396 2400 2399
f 2396 2393 2397 2400
v 43.027 0.281 77.414
v 49.942 0.281 92.867
v 44.493 0.281 95.306
v 37.578 0.281 79.853
v 43.027 4.181 77.414
v 49.942 4.181 92.867
v 44.493 4.181 95.306
v 37.578 4.181 79.853
f 2408 2407 2406 2405
f 2401 2402 2406 2405
f 2402 2403 2407 2406
f 2403 2404 2408 2407
f 2404 2401 2405 2408
v 31.977 0.337 78.961
v 39.965 0.337 95.925
v 33.903 0.337 98.779
v 25.915 0.337 81.815
v 31.977 4.237 78.961
v 39.965 4.237 95.925
v 33.903 4.237 98.779
v 25.915 4.237 81.815
f 2416 2415 2414 2413
f 2409 2410 2414 2413
f 2410 2411 2415 2414
f 2411 2412 2416 2415
f 2412 2409 2413 2416
v 20.126 0.234 83.880
v 29.217 0.234 98.115
v 22.694 0.234 102.280
v 13.603 0.234 88.045
v 20.126 4.134 83.880
v 29.217 4.134 98.115
v 22.694 4.134 102.280
v 13.603 4.134 88.045
f 2424 2423 2422 2421
f 2417 2418 2422 2421
f 2418 2419 2423 2422
f 2419 2420 2424 2423
f 2420 2417 2421 2424
v 9.873 0.310 90.431
v 15.774 0.310 103.895
v 8.987 0.310 106.869
v 3.086 0.310 93.405
v 9.873 4.210 90.431
v 15.774 4.210 103.895
v 8.987 4.210 106.869
v 3.086 4.210 93.405
f 2432 2431 2430 2429
f 2425 2426 2430 2429
f 2426 2427 2431 2430
f 2427 2428 2432 2431
f 2428 2425 2429 2432
v 35.933 0.476 106.386
v 49.473 0.476 100.510
v 54.267 0.476 111.554
v 40.727 0.476 117.430
v 35.933 4.376 106.386
v 49.473 4.376 100.510
v 54.267 4.376 111.554
v 40.727 4.376 117.430
f 2440 2439 2438 2437
f 2433 2434 2438 2437
f 2434 2435 2439 2438
f 2435 2436 2440 2439
f 2436 2433 2437 2440
v 28.014 0.667 117.137
v 38.433 0.667 107.696
v 43.006 0.667 112.743
v 32.587 0.667 122.184
v 28.014 4.567 117.137
v 38.433 4.567 107.696
v 43.006 4.567 112.743
v 32.587 4.567 122.184
f 2448 2447 2446 2445
f 2441 2442 2446 2445
f 2442 2443 2447 2446
f 2443 2444 2448 2447
f 2444 2441 2445 2448
v 16.723 0.610 119.815
v 28.054 0.610 109.955
v 32.517 0.610 115.085
v 21.186 0.610 124.945
v 16.723 4.510 119.815
v 28.054 4.510 109.955
v 32.517 4.510 115.085
v 21.186 4.510 124.945
f 2456 2455 2454 2453
f 2449 2450 2454 2453
f 2450 2451 2455 2454
f 2451 2452 2456 2455
f 2452 2449 2453 2456
v 7.982 0.542 122.884
v 17.292 0.542 114.708
v 21.198 0.542 119.156
v 11.888 0.542 127.332
v 7.982 4.442 122.884
v 17.292 4.442 114.708
v 21.198 4.442 119.156
v 11.888 4.442 127.332
f 2464 2463 2462 2461
f 2457 2458 2462 2461
f 2458 2459 2463 2462
f 2459 2460 2464 2463
f 2460 2457 2461 2464
v 23.802 0.675 125.937
v 39.404 0.675 131.336
v 38.018 0.675 135.343
v 22.416 0.675 129.944
v 23.802 4.575 125.937
v 39.404 4.575 131.336
v 38.018 4.575 135.343
v 22.416 4.575 129.944
f 2472 2471 2470 2469
f 2465 2466 2470 2469
f 2466 2467 2471 2470
f 2467 2468 2472 2471
f 2468 2465 2469 2472
v -3.181 0.657 130.007
v 8.988 0.657 119.697
v 11.781 0.657 122.993
v -0.388 0.657 133.303
v -3.181 4.557 130.007
v 8.988 4.557 119.697
v 11.781 4.557 122.993
v -0.388 4.557 133.303
f 2480 2479 2478 2477
f 2473 2474 2478 2477
f 2474 2475 2479 2478
f 2475 2476 2480 2479
f 2476 2473 2477 2480
v -15.375 0.688 132.182
v -3.001 0.688 120.192
v 2.935 0.688 126.318
v -9.439 0.688 138.308
v -15.375 4.588 132.182
v -3.001 4.588 120.192
v 2.935 4.588 126.318
v -9.439 4.588 138.308
f 2488 2487 2486 2485
f 2481 2482 2486 2485
f 2482 2483 2487 2486
f 2483 2484 2488 2487
f 2484 2481 2485 2488
v -26.767 0.579 132.838
v -14.479 0.579 123.571
v -9.433 0.579 130.262
v -21.721 0.579 139.529
v -26.767 4.479 132.838
v -14.479 4.479 123.571
v -9.433 4.479 130.262
v -21.721 4.479 139.529
f 2496 2495 2494 2493
f 2489 2490 2494 2493
f 2490 2491 2495 2494
f 2491 2492 2496 2495
f 2492 2489 2493 2496
v -36.671 0.601 139.264
v -22.511 0.601 126.852
v -17.949 0.601 132.056
v -32.109 0.601 144.468
v -36.671 4.501 139.264
v -22.511 4.501 126.852
v -17.949 4.501 132.056
v -32.109 4.501 144.468
f 2504 2503 2502 2501
f 2497 2498 2502 2501
f 2498 2499 2503 2502
f 2499 2500 2504 2503
f 2500 2497 2501 2504
v -46.853 0.645 143.318
v -34.779 0.645 132.789
v -31.907 0.645 136.082
v -43.981 0.645 146.611
v -46.853 4.545 143.318
v -34.779 4.545 132.789
v -31.907 4.545 136.082
v -43.981 4.545 146.611
f 2512 2511 2510 2509
f 2505 2506 2510 2509
f 2506 2507 2511 2510
f 2507 2508 2512 2511
f 2508 2505 2509 2512
v -57.560 0.553 146.696
v -45.805 0.553 136.608
v -40.420 0.553 142.884
v -52.175 0.553 152.972
v -57.560 4.453 146.696
v -45.805 4.453 136.608
v -40.420 4.453 142.884
v -52.175 4.453 152.972
f 2520 2519 2518 2517
f 2513 2514 2518 2517
f 2514 2515 2519 2518
f 2515 2516 2520 2519
f 2516 2513 2517 2520
v -12.063 0.689 151.234
v 3.005 0.689 140.552
v 6.603 0.689 145.626
v -8.465 0.689 156.308
v -12.063 4.589 151.234
v 3.005 4.589 140.552
v 6.603 4.589 145.626
v -8.465 4.589 156.308
f 2528 2527 2526 2525
f 2521 2522 2526 2525
f 2522 2523 2527 2526
f 2523 2524 2528 2527
f 2524 2521 2525 2528
v -22.711 0.641 153.964
v -8.028 0.641 144.498
v -4.149 0.641 150.516
v -18.832 0.641 159.982
v -22.711 4.541 153.964
v -8.028 4.541 144.498
v -4.149 4.541 150.516
v -18.832 4.541 159.982
f 2536 2535 2534 2533
f 2529 2530 2534 2533
f 2530 2531 2535 2534
f 2531 2532 2536 2535
f 2532 2529 2533 2536
v -31.068 0.584 158.633
v -18.902 0.584 148.884
v -14.412 0.584 154.487
v -26.578 0.584 164.236
v -31.068 4.484 158.633
v -18.902 4.484 148.884
v -14.412 4.484 154.487
v -26.578 4.484 164.236
f 2544 2543 2542 2541
f 2537 2538 2542 2541
f 2538 2539 2543 2542
f 2539 2540 2544 2543
f 2540 2537 2541 2544
v -43.441 0.583 162.072
v -30.281 0.583 151.137
v -26.299 0.583 155.928
v -39.459 0.583 166.863
v -43.441 4.483 162.072
v -30.281 4.483 151.137
v -26.299 4.483 155.928
v -39.459 4.483 166.863
f 2552 2551 2550 2549
f 2545 2546 2550 2549
f 2546 2547 2551 2550
f 2547 2548 2552 2551
f 2548 2545 2549 2552
v -77.372 0.620 246.446
v -65.629 0.620 256.851
v -69.548 0.620 261.274
v -81.291 0.620 250.869
v -77.372 4.520 246.446
v -65.629 4.520 256.851
v -69.548 4.520 261.274
v -81.291 4.520 250.869
f 2560 2559 2558 2557
f 2553 2554 2558 2557
f 2554 2555 2559 2558
f 2555 2556 2560 2559
f 2556 2553 2557 2560
v -79.202 0.561 232.924
v -67.737 0.561 245.718
v -72.958 0.561 250.396
v -84.423 0.561 237.602
v -79.202 4.461 232.924
v -67.737 4.461 245.718
v -72.958 4.461 250.396
v -84.423 4.461 237.602
f 2568 2567 2566 2565
f 2561 2562 2566 2565
f 2562 2563 2567 2566
f 2563 2564 2568 2567
f 2564 2561 2565 2568
v -81.723 0.589 222.893
v -71.049 0.589 236.342
v -77.457 0.589 241.427
v -88.131 0.589 227.978
v -81.723 4.489 222.893
v -71.049 4.489 236.342
v -77.457 4.489 241.427
v -88.131 4.489 227.978
f 2576 2575 2574 2573
f 2569 2570 2574 2573
f 2570 2571 2575 2574
f 2571 2572 2576 2575
f 2572 2569 2573 2576
v -83.386 0.604 213.235
v -74.963 0.604 224.593
v -81.614 0.604 229.525
v -90.037 0.604 218.167
v -83.386 4.504 213.235
v -74.963 4.504 224.593
v -81.614 4.504 229.525
v -90.037 4.504 218.167
f 2584 2583 2582 2581
f 2577 2578 2582 2581
f 2578 2579 2583 2582
f 2579 2580 2584 2583
f 2580 2577 2581 2584
v -89.229 0.588 206.329
v -80.281 0.588 217.174
v -85.271 0.588 221.291
v -94.219 0.588 210.446
v -89.229 4.488 206.329
v -80.281 4.488 217.174
v -85.271 4.488 221.291
v -94.219 4.488 210.446
f 2592 2591 2590 2589
f 2585 2586 2590 2589
f 2586 2587 2591 2590
f 2587 2588 2592 2591
f 2588 2585 2589 2592
v -92.513 0.639 199.478
v -86.177 0.639 206.954
v -91.167 0.639 211.182
v -97.503 0.639 203.706
v -92.513 4.539 199.478
v -86.177 4.539 206.954
v -91.167 4.539 211.182
v -97.503 4.539 203.706
f 2600 2599 2598 2597
f 2593 2594 2598 2597
f 2594 2595 2599 2598
f 2595 2596 2600 2599
f 2596 2593 2597 2600
v -97.393 0.666 196.669
v -92.249 0.666 201.961
v -94.687 0.666 204.331
v -99.831 0.666 199.039
v -97.393 4.566 196.669
v -92.249 4.566 201.961
v -94.687 4.566 204.331
v -99.831 4.566 199.039
f 2608 2607 2606 2605
f 2601 2602 2606 2605
f 2602 2603 2607 2606
f 2603 2604 2608 2607
f 2604 2601 2605 2608
v -97.189 0.539 183.045
v -84.506 0.539 196.976
v -89.711 0.539 201.715
v -102.394 0.539 187.784
v -97.189 4.439 183.045
v -84.506 4.439 196.976
v -89.711 4.439 201.715
v -102.394 4.439 187.784
f 2616 2615 2614 2613
f 2609 2610 2614 2613
f 2610 2611 2615 2614
f 2611 2612 2616 2615
f 2612 2609 2613 2616
v -99.966 0.512 175.806
v -90.055 0.512 186.527
v -94.454 0.512 190.594
v -104.365 0.512 179.873
v -99.966 4.412 175.806
v -90.055 4.412 186.527
v -94.454 4.412 190.594
v -104.365 4.412 179.873
f 2624 2623 2622 2621
f 2617 2618 2622 2621
f 2618 2619 2623 2622
f 2619 2620 2624 2623
f 2620 2617 2621 2624
v -106.108 0.467 163.511
v -94.119 0.467 177.323
v -97.812 0.467 180.529
v -109.801 0.467 166.717
v -106.108 4.367 163.511
v -94.119 4.367 177.323
v -97.812 4.367 180.529
v -109.801 4.367 166.717
f 2632 2631 2630 2629
f 2625 2626 2630 2629
f 2626 2627 2631 2630
f 2627 2628 2632 2631
f 2628 2625 2629 2632
v -104.797 0.467 151.603
v -95.372 0.467 168.445
v -106.403 0.467 174.617
v -115.828 0.467 157.775
v -104.797 4.367 151.603
v -95.372 4.367 168.445
v -106.403 4.367 174.617
v -115.828 4.367 157.775
f 2640 2639 2638 2637
f 2633 2634 2638 2637
f 2634 2635 2639 2638
f 2635 2636 2640 2639
f 2636 2633 2637 2640
v -126.325 0.364 160.566
v -122.649 0.364 148.525
v -115.935 0.364 150.574
v -119.611 0.364 162.615
v -126.325 4.264 160.566
v -122.649 4.264 148.525
v -115.935 4.264 150.574
v -119.611 4.264 162.615
f 2648 2647 2646 2645
f 2641 2642 2646 2645
f 2642 2643 2647 2646
f 2643 2644 2648 2647
f 2644 2641 2645 2648
v -132.996 0.573 137.033
v -120.547 0.573 150.839
v -125.724 0.573 155.507
v -138.173 0.573 141.701
v -132.996 4.473 137.033
v -120.547 4.473 150.839
v -125.724 4.473 155.507
v -138.173 4.473 141.701
f 2656 2655 2654 2653
f 2649 2650 2654 2653
f 2650 2651 2655 2654
f 2651 2652 2656 2655
f 2652 2649 2653 2656
v -122.641 0.307 149.657
v -115.936 0.307 132.404
v -108.219 0.307 135.403
v -114.924 0.307 152.656
v -122.641 4.207 149.657
v -115.936 4.207 132.404
v -108.219 4.207 135.403
v -114.924 4.207 152.656
f 2664 2663 2662 2661
f 2657 2658 2662 2661
f 2658 2659 2663 2662
f 2659 2660 2664 2663
f 2660 2657 2661 2664
v -97.736 0.277 120.510
v -81.827 0.277 135.444
v -90.224 0.277 144.390
v -106.133 0.277 129.456
v -97.736 4.177 120.510
v -81.827 4.177 135.444
v -90.224 4.177 144.390
v -106.133 4.177 129.456
f 2672 2671 2670 2669
f 2665 2666 2670 2669
f 2666 2667 2671 2670
f 2667 2668 2672 2671
f 2668 2665 2669 2672
v -82.390 0.346 120.071
v -75.061 0.346 135.188
v -78.570 0.346 136.889
v -85.899 0.346 121.772
v -82.390 4.246 120.071
v -75.061 4.246 135.188
v -78.570 4.246 136.889
v -85.899 4.246 121.772
f 2680 2679 2678 2677
f 2673 2674 2678 2677
f 2674 2675 2679 2678
f 2675 2676 2680 2679
f 2676 2673 2677 2680
v -71.357 0.286 115.411
v -63.968 0.286 131.484
v -69.983 0.286 134.249
v -77.372 0.286 118.176
v -71.357 4.186 115.411
v -63.968 4.186 131.484
v -69.983 4.186 134.249
v -77.372 4.186 118.176
f 2688 2687 2686 2685
f 2681 2682 2686 2685
f 2682 2683 2687 2686
f 2683 2684 2688 2687
f 2684 2681 2685 2688
v -89.139 0.518 159.399
v -75.816 0.518 147.899
v -73.241 0.518 150.881
v -86.564 0.518 162.381
v -89.139 4.418 159.399
v -75.816 4.418 147.899
v -73.241 4.418 150.881
v -86.564 4.418 162.381
f 2696 2695 2694 2693
f 2689 2690 2694 2693
f 2690 2691 2695 2694
f 2691 2692 2696 2695
f 2692 2689 2693 2696
v -85.367 0.492 176.527
v -70.088 0.492 164.060
v -65.213 0.492 170.033
v -80.492 0.492 182.500
v -85.367 4.392 176.527
v -70.088 4.392 164.060
v -65.213 4.392 170.033
v -80.492 4.392 182.500
f 2704 2703 2702 2701
f 2697 2698 2702 2701
f 2698 2699 2703 2702
f 2699 2700 2704 2703
f 2700 2697 2701 2704
v -69.997 0.548 171.516
v -61.069 0.548 163.588
v -59.243 0.548 165.644
v -68.171 0.548 173.572
v -69.997 4.448 171.516
v -61.069 4.448 163.588
v -59.243 4.448 165.644
v -68.171 4.448 173.572
f 2712 2711 2710 2709
f 2705 2706 2710 2709
f 2706 2707 2711 2710
f 2707 2708 2712 2711
f 2708 2705 2709 2712
v -79.085 0.564 155.209
v -64.591 0.564 141.896
v -60.315 0.564 146.551
v -74.809 0.564 159.864
v -79.085 4.464 155.209
v -64.591 4.464 141.896
v -60.315 4.464 146.551
v -74.809 4.464 159.864
f 2720 2719 2718 2717
f 2713 2714 2718 2717
f 2714 2715 2719 2718
f 2715 2716 2720 2719
f 2716 2713 2717 2720
v -66.704 0.521 153.931
v -53.093 0.521 141.357
v -50.976 0.521 143.649
v -64.587 0.521 156.223
v -66.704 4.421 153.931
v -53.093 4.421 141.357
v -50.976 4.421 143.649
v -64.587 4.421 156.223
f 2728 2727 2726 2725
f 2721 2722 2726 2725
f 2722 2723 2727 2726
f 2723 2724 2728 2727
f 2724 2721 2725 2728
v -64.529 0.484 169.817
v -51.336 0.484 157.280
v -46.411 0.484 162.463
v -59.604 0.484 175.000
v -64.529 4.384 169.817
v -51.336 4.384 157.280
v -46.411 4.384 162.463
v -59.604 4.384 175.000
f 2736 2735 2734 2733
f 2729 2730 2734 2733
f 2730 2731 2735 2734
f 2731 2732 2736 2735
f 2732 2729 2733 2736
v -51.353 0.543 165.980
v -38.622 0.543 155.079
v -36.567 0.543 157.480
v -49.298 0.543 168.381
v -51.353 4.443 165.980
v -38.622 4.443 155.079
v -36.567 4.443 157.480
v -49.298 4.443 168.381
f 2744 2743 2742 2741
f 2737 2738 2742 2741
f 2738 2739 2743 2742
f 2739 2740 2744 2743
f 2740 2737 2741 2744
v -60.578 0.295 109.838
v -50.672 0.295 126.180
v -57.702 0.295 130.442
v -67.608 0.295 114.100
v -60.578 4.195 109.838
v -50.672 4.195 126.180
v -57.702 4.195 130.442
v -67.608 4.195 114.100
f 2752 2751 2750 2749
f 2745 2746 2750 2749
f 2746 2747 2751 2750
f 2747 2748 2752 2751
f 2748 2745 2749 2752
v -48.573 0.353 106.486
v -40.308 0.353 122.308
v -46.867 0.353 125.734
v -55.132 0.353 109.912
v -48.573 4.253 106.486
v -40.308 4.253 122.308
v -46.867 4.253 125.734
v -55.132 4.253 109.912
f 2760 2759 2758 2757
f 2753 2754 2758 2757
f 2754 2755 2759 2758
f 2755 2756 2760 2759
f 2756 2753 2757 2760
v -36.450 0.300 102.307
v -27.288 0.300 117.801
v -33.770 0.300 121.633
v -42.932 0.300 106.139
v -36.450 4.200 102.307
v -27.288 4.200 117.801
v -33.770 4.200 121.633
v -42.932 4.200 106.139
f 2768 2767 2766 2765
f 2761 2762 2766 2765
f 2762 2763 2767 2766
f 2763 2764 2768 2767
f 2764 2761 2765 2768
v -25.715 0.265 99.403
v -18.591 0.265 116.866
v -22.785 0.265 118.577
v -29.909 0.265 101.114
v -25.715 4.165 99.403
v -18.591 4.165 116.866
v -22.785 4.165 118.577
v -29.909 4.165 101.114
f 2776 2775 2774 2773
f 2769 2770 2774 2773
f 2770 2771 2775 2774
f 2771 2772 2776 2775
f 2772 2769 2773 2776
v -14.573 0.197 96.440
v -6.904 0.197 112.237
v -10.907 0.197 114.180
v -18.576 0.197 98.383
v -14.573 4.097 96.440
v -6.904 4.097 112.237
v -10.907 4.097 114.180
v -18.576 4.097 98.383
f 2784 2783 2782 2781
f 2777 2778 2782 2781
f 2778 2779 2783 2782
f 2779 2780 2784 2783
f 2780 2777 2781 2784
v -1.277 0.305 89.926
v 7.141 0.305 105.632
v -0.923 0.305 109.954
v -9.341 0.305 94.248
v -1.277 4.205 89.926
v 7.141 4.205 105.632
v -0.923 4.205 109.954
v -9.341 4.205 94.248
f 2792 2791 2790 2789
f 2785 2786 2790 2789
f 2786 2787 2791 2790
f 2787 2788 2792 2791
f 2788 2785 2789 2792
v 9.344 0.515 162.207
v 16.988 0.515 174.316
v 11.416 0.515 177.833
v 3.772 0.515 165.724
v 9.344 4.415 162.207
v 16.988 4.415 174.316
v 11.416 4.415 177.833
v 3.772 4.415 165.724
f 2800 2799 2798 2797
f 2793 2794 2798 2797
f 2794 2795 2799 2798
f 2795 2796 2800 2799
f 2796 2793 2797 2800
v 0.616 0.582 166.750
v 5.270 0.582 183.620
v -2.596 0.582 185.790
v -7.250 0.582 168.920
v 0.616 4.482 166.750
v 5.270 4.482 183.620
v -2.596 4.482 185.790
v -7.250 4.482 168.920
f 2808 2807 2806 2805
f 2801 2802 2806 2805
f 2802 2803 2807 2806
f 2803 2804 2808 2807
f 2804 2801 2805 2808
v -1.478 0.625 184.205
v 1.821 0.625 183.473
v 2.438 0.625 186.255
v -0.861 0.625 186.987
v -1.478 4.525 184.205
v 1.821 4.525 183.473
v 2.438 4.525 186.255
v -0.861 4.525 186.987
f 2816 2815 2814 2813
f 2809 2810 2814 2813
f 2810 2811 2815 2814
f 2811 2812 2816 2815
f 2812 2809 2813 2816
v -6.263 0.793 172.366
v -6.187 0.793 186.866
v -15.217 0.793 186.914
v -15.293 0.793 172.414
v -6.263 4.693 172.366
v -6.187 4.693 186.866
v -15.217 4.693 186.914
v -15.293 4.693 172.414
f 2824 2823 2822 2821
f 2817 2818 2822 2821
f 2818 2819 2823 2822
f 2819 2820 2824 2823
f 2820 2817 2821 2824
v -9.246 0.575 188.153
v -3.913 0.575 206.972
v -12.014 0.575 209.267
v -17.347 0.575 190.448
v -9.246 4.475 188.153
v -3.913 4.475 206.972
v -12.014 4.475 209.267
v -17.347 4.475 190.448
f 2832 2831 2830 2829
f 2825 2826 2830 2829
f 2826 2827 2831 2830
f 2827 2828 2832 2831
f 2828 2825 2829 2832
v -19.252 0.688 188.514
v -14.078 0.688 206.775
v -22.448 0.688 209.146
v -27.622 0.688 190.885
v -19.252 4.588 188.514
v -14.078 4.588 206.775
v -22.448 4.588 209.146
v -27.622 4.588 190.885
f 2840 2839 2838 2837
f 2833 2834 2838 2837
f 2834 2835 2839 2838
f 2835 2836 2840 2839
f 2836 2833 2837 2840
v -20.657 0.666 173.092
v -16.476 0.666 189.889
v -23.783 0.666 191.708
v -27.964 0.666 174.911
v -20.657 4.566 173.092
v -16.476 4.566 189.889
v -23.783 4.566 191.708
v -27.964 4.566 174.911
f 2848 2847 2846 2845
f 2841 2842 2846 2845
f 2842 2843 2847 2846
f 2843 2844 2848 2847
f 2844 2841 2845 2848
v -33.858 0.614 178.508
v -31.421 0.614 191.796
v -35.542 0.614 192.552
v -37.979 0.614 179.264
v -33.858 4.514 178.508
v -31.421 4.514 191.796
v -35.542 4.514 192.552
v -37.979 4.514 179.264
f 2856 2855 2854 2853
f 2849 2850 2854 2853
f 2850 2851 2855 2854
f 2851 2852 2856 2855
f 2852 2849 2853 2856
v -44.124 0.623 181.577
v -40.697 0.623 197.482
v -44.696 0.623 198.343
v -48.123 0.623 182.438
v -44.124 4.523 181.577
v -40.697 4.523 197.482
v -44.696 4.523 198.343
v -48.123 4.523 182.438
f 2864 2863 2862 2861
f 2857 2858 2862 2861
f 2858 2859 2863 2862
f 2859 2860 2864 2863
f 2860 2857 2861 2864
v -28.014 0.673 192.361
v -24.901 0.673 207.861
v -31.666 0.673 209.219
v -34.779 0.673 193.719
v -28.014 4.573 192.361
v -24.901 4.573 207.861
v -31.666 4.573 209.219
v -34.779 4.573 193.719
f 2872 2871 2870 2869
f 2865 2866 2870 2869
f 2866 2867 2871 2870
f 2867 2868 2872 2871
f 2868 2865 2869 2872
v -39.621 0.590 196.301
v -35.623 0.590 215.346
v -39.019 0.590 216.059
v -43.017 0.590 197.014
v -39.621 4.490 196.301
v -35.623 4.490 215.346
v -39.019 4.490 216.059
v -43.017 4.490 197.014
f 2880 2879 2878 2877
f 2873 2874 2878 2877
f 2874 2875 2879 2878
f 2875 2876 2880 2879
f 2876 2873 2877 2880
v -48.672 0.578 199.468
v -45.218 0.578 216.858
v -53.448 0.578 218.492
v -56.902 0.578 201.102
v -48.672 4.478 199.468
v -45.218 4.478 216.858
v -53.448 4.478 218.492
v -56.902 4.478 201.102
f 2888 2887 2886 2885
f 2881 2882 2886 2885
f 2882 2883 2887 2886
f 2883 2884 2888 2887
f 2884 2881 2885 2888
v -55.169 0.606 184.214
v -52.221 0.606 200.439
v -55.891 0.606 201.106
v -58.839 0.606 184.881
v -55.169 4.506 184.214
v -52.221 4.506 200.439
v -55.891 4.506 201.106
v -58.839 4.506 184.881
f 2896 2895 2894 2893
f 2889 2890 2894 2893
f 2890 2891 2895 2894
f 2891 2892 2896 2895
f 2892 2889 2893 2896
v -66.005 0.667 188.028
v -62.881 0.667 204.433
v -66.555 0.667 205.132
v -69.679 0.667 188.727
v -66.005 4.567 188.028
v -62.881 4.567 204.433
v -66.555 4.567 205.132
v -69.679 4.567 188.727
f 2904 2903 2902 2901
f 2897 2898 2902 2901
f 2898 2899 2903 2902
f 2899 2900 2904 2903
f 2900 2897 2901 2904
v -59.764 0.634 202.769
v -56.025 0.634 220.478
v -64.136 0.634 222.191
v -67.875 0.634 204.482
v -59.764 4.534 202.769
v -56.025 4.534 220.478
v -64.136 4.534 222.191
v -67.875 4.534 204.482
f 2912 2911 2910 2909
f 2905 2906 2910 2909
f 2906 2907 2911 2910
f 2907 2908 2912 2911
f 2908 2905 2909 2912
v -49.670 0.782 225.855
v -36.484 0.782 229.960
v -38.690 0.782 237.045
v -51.876 0.782 232.940
v -49.670 4.682 225.855
v -36.484 4.682 229.960
v -38.690 4.682 237.045
v -51.876 4.682 232.940
f 2920 2919 2918 2917
f 2913 2914 2918 2917
f 2914 2915 2919 2918
f 2915 2916 2920 2919
f 2916 2913 2917 2920
v -58.490 0.627 239.854
v -38.151 0.627 240.531
v -38.470 0.627 250.126
v -58.809 0.627 249.449
v -58.490 4.527 239.854
v -38.151 4.527 240.531
v -38.470 4.527 250.126
v -58.809 4.527 249.449
f 2928 2927 2926 2925
f 2921 2922 2926 2925
f 2922 2923 2927 2926
f 2923 2924 2928 2927
f 2924 2921 2925 2928
v -47.922 0.771 249.982
v -33.186 0.771 248.994
v -32.718 0.771 255.978
v -47.454 0.771 256.966
v -47.922 4.671 249.982
v -33.186 4.671 248.994
v -32.718 4.671 255.978
v -47.454 4.671 256.966
f 2936 2935 2934 2933
f 2929 2930 2934 2933
f 2930 2931 2935 2934
f 2931 2932 2936 2935
f 2932 2929 2933 2936
usemtl road
v -0.037 0.871 19.420
v -15.777 0.898 23.290
v -14.463 0.950 28.630
v 1.277 0.864 24.760
f 2937 2938 2939 2940
v -13.456 0.874 23.771
v -17.836 0.947 20.441
v -21.164 0.919 24.819
v -16.784 0.921 28.149
f 2941 2942 2943 2944
v -17.416 0.942 20.836
v -21.446 0.943 16.156
v -25.614 0.988 19.744
v -21.584 0.922 24.424
f 2945 2946 2947 2948
v -21.077 0.957 16.706
v -38.147 1.021 -16.954
v -43.053 0.926 -14.466
v -25.983 0.993 19.194
f 2949 2950 2951 2952
v -37.863 0.842 -15.445
v -37.423 1.014 -19.985
v -42.897 0.916 -20.515
v -43.337 0.937 -15.975
f 2953 2954 2955 2956
v -38.257 1.017 -18.265
v -33.667 1.020 -22.665
v -37.473 1.063 -26.635
v -42.063 0.944 -22.235
f 2957 2958 2959 2960
v -34.402 1.026 -22.160
v -27.322 0.967 -25.480
v -29.658 0.943 -30.460
v -36.738 1.057 -27.140
f 2961 2962 2963 2964
v -29.004 0.964 -25.268
v -24.484 0.966 -24.408
v -23.456 0.946 -29.812
v -27.976 0.922 -30.672
f 2965 2966 2967 2968
v 215.730 0.980 -255.814
v 231.866 0.541 4.586
v 237.854 0.499 4.214
v 221.719 0.929 -256.186
f 2969 2970 2971 2972
v 98.335 1.039 -255.859
v 101.434 1.089 -195.619
v 106.926 1.095 -195.901
v 103.827 1.247 -256.141
f 2973 2974 2975 2976
v 101.845 1.078 -194.307
v 103.705 1.046 -191.317
v 108.375 1.075 -194.223
v 106.515 1.109 -197.213
f 2977 2978 2979 2980
v 104.800 1.048 -190.315
v 107.790 1.034 -188.805
v 110.270 1.062 -193.715
v 107.280 1.088 -195.225
f 2981 2982 2983 2984
v 109.012 1.021 -188.510
v 113.522 1.009 -188.480
v 113.558 1.045 -193.980
v 109.048 1.069 -194.010
f 2985 2986 2987 2988
v 113.747 1.011 -188.488
v 136.637 0.971 -190.218
v 136.223 0.995 -195.702
v 113.333 1.046 -193.972
f 2989 2990 2991 2992
v 136.006 0.969 -190.243
v 140.876 0.991 -189.483
v 141.724 0.997 -194.917
v 136.854 0.996 -195.677
f 2993 2994 2995 2996
v 139.456 0.983 -190.160
v 143.196 1.000 -186.780
v 146.884 1.012 -190.860
v 143.144 0.998 -194.240
f 2997 2998 2999 3000
v 142.613 0.997 -187.527
v 145.203 1.031 -182.667
v 150.057 1.023 -185.253
v 147.467 1.014 -190.113
f 3001 3002 3003 3004
v 144.918 1.029 -183.502
v 146.368 1.070 -174.912
v 151.792 1.080 -175.828
v 150.342 1.020 -184.418
f 3005 3006 3007 3008
v 146.337 1.069 -175.179
v 148.777 1.027 -140.079
v 154.263 0.971 -140.461
v 151.823 1.086 -175.561
f 3009 3010 3011 3012
v 148.800 1.022 -140.672
v 148.030 1.071 -135.462
v 153.470 1.019 -134.658
v 154.240 0.981 -139.868
f 3013 3014 3015 3016
v 148.315 1.058 -136.337
v 144.135 1.159 -128.367
v 149.005 1.133 -125.813
v 153.185 1.017 -133.783
f 3017 3018 3019 3020
v -31.379 0.744 -230.231
v -34.929 0.680 -236.171
v -39.651 0.662 -233.349
v -36.101 0.728 -227.409
f 3021 3022 3023 3024
v 85.715 1.080 55.229
v 78.365 1.120 34.289
v 73.175 0.966 36.111
v 80.525 1.089 57.051
f 3025 3026 3027 3028
v 77.924 1.112 33.490
v 76.114 1.038 31.210
v 71.806 0.949 34.630
v 73.616 0.974 36.910
f 3029 3030 3031 3032
v 74.895 0.982 30.334
v 71.715 0.947 29.184
v 69.845 1.018 34.356
v 73.025 0.952 35.506
f 3033 3034 3035 3036
v 70.409 0.940 29.045
v 65.629 0.947 29.695
v 66.371 1.232 35.145
v 71.151 0.950 34.495
f 3037 3038 3039 3040
v 65.104 0.948 29.820
v 13.724 0.943 47.520
v 15.516 0.974 52.720
v 66.896 1.229 35.020
f 3041 3042 3043 3044
v 13.477 0.942 47.619
v 8.337 0.818 49.969
v 10.623 1.013 54.971
v 15.763 0.972 52.621
f 3045 3046 3047 3048
v 8.146 0.812 50.065
v -12.844 0.800 61.705
v -10.176 0.905 66.515
v 10.814 1.014 54.875
f 3049 3050 3051 3052
v -12.410 0.801 61.512
v -19.480 0.797 63.962
v -17.680 0.914 69.158
v -10.610 0.894 66.708
f 3053 3054 3055 3056
v -19.045 0.798 63.850
v -33.165 0.806 66.270
v -32.235 0.884 71.690
v -18.115 0.911 69.270
f 3057 3058 3059 3060
v -32.446 0.808 66.242
v -42.896 0.805 65.272
v -43.404 0.826 70.748
v -32.954 0.883 71.718
f 3061 3062 3063 3064
v -41.842 0.802 65.591
v -51.142 0.810 60.561
v -53.758 0.846 65.399
v -44.458 0.814 70.429
f 3065 3066 3067 3068
v -50.285 0.808 61.285
v -58.645 0.879 50.605
v -62.975 0.825 53.995
v -54.615 0.843 64.675
f 3069 3070 3071 3072
v -58.439 0.874 50.907
v -99.219 0.847 -18.533
v -103.961 0.818 -15.747
v -63.181 0.826 53.693
f 3073 3074 3075 3076
v -112.038 0.878 -7.616
v -100.168 0.829 -14.786
v -103.012 0.800 -19.494
v -114.882 0.772 -12.324
f 3077 3078 3079 3080
v -100.187 0.829 -14.775
v -32.187 1.139 -55.115
v -34.993 0.975 -59.845
v -102.993 0.800 -19.505
f 3081 3082 3083 3084
v -31.499 1.158 -55.694
v -25.539 0.833 -62.674
v -29.721 0.846 -66.246
v -35.681 0.983 -59.266
f 3085 3086 3087 3088
v -25.042 0.814 -63.530
v -22.042 0.724 -71.880
v -27.218 0.984 -73.740
v -30.218 0.852 -65.390
f 3089 3090 3091 3092
v -21.886 0.717 -72.989
v -22.726 0.613 -85.889
v -28.214 0.647 -85.531
v -27.374 0.970 -72.631
f 3093 3094 3095 3096
v -22.734 0.623 -85.434
v -21.524 0.511 -97.414
v -26.996 0.543 -97.966
v -28.206 0.640 -85.986
f 3097 3098 3099 3100
v -21.778 0.513 -96.506
v -16.718 0.532 -107.116
v -21.682 0.544 -109.484
v -26.742 0.537 -98.874
f 3101 3102 3103 3104
v -16.625 0.534 -107.334
v -14.085 0.538 -114.104
v -19.235 0.544 -116.036
v -21.775 0.545 -109.266
f 3105 3106 3107 3108
v -13.910 0.538 -115.053
v -13.880 0.571 -120.023
v -19.380 0.577 -120.057
v -19.410 0.536 -115.087
f 3109 3110 3111 3112
v -14.030 0.579 -120.936
v -15.830 0.638 -126.156
v -21.030 0.648 -124.364
v -19.230 0.563 -119.144
f 3113 3114 3115 3116
v -16.045 0.643 -126.630
v -61.805 0.673 -206.310
v -66.575 0.671 -203.570
v -20.815 0.640 -123.890
f 3117 3118 3119 3120
v -61.805 0.673 -206.310
v -64.545 0.704 -211.080
v -69.315 0.722 -208.340
v -66.575 0.671 -203.570
f 3121 3122 3123 3124
v -182.422 0.811 -257.516
v -189.525 0.795 -253.416
v -187.775 0.896 -250.384
v -180.672 0.891 -254.484
f 3125 3126 3127 3128
v -189.522 0.795 -253.417
v -201.992 0.732 -246.247
v -200.248 0.827 -243.213
v -187.778 0.896 -250.383
f 3129 3130 3131 3132
v -201.996 0.732 -246.245
v -211.116 0.757 -240.975
v -209.364 0.844 -237.945
v -200.244 0.827 -243.215
f 3133 3134 3135 3136
v -211.113 0.757 -240.977
v -223.673 0.843 -233.747
v -221.927 0.854 -230.713
v -209.367 0.844 -237.943
f 3137 3138 3139 3140
v -223.669 0.843 -233.749
v -237.079 0.920 -226.079
v -235.341 0.922 -223.041
v -221.931 0.854 -230.711
f 3141 3142 3143 3144
v -237.077 0.920 -226.080
v -250.217 0.822 -218.580
v -248.483 0.837 -215.540
v -235.343 0.922 -223.040
f 3145 3146 3147 3148
v -234.661 0.918 -225.375
v -251.195 0.877 -256.815
v -254.293 0.853 -255.185
v -237.759 0.916 -223.745
f 3149 3150 3151 3152
v 256.015 0.754 165.758
v 247.445 0.698 165.710
v 247.415 0.719 171.210
v 255.985 0.798 171.258
f 3153 3154 3155 3156
v 247.562 0.699 165.713
v 233.462 0.642 165.033
v 233.198 0.674 170.527
v 247.298 0.718 171.207
f 3157 3158 3159 3160
v 233.742 0.645 165.061
v 221.452 0.653 163.201
v 220.628 0.664 168.639
v 232.918 0.671 170.499
f 3161 3162 3163 3164
v 218.560 0.690 164.731
v 216.240 0.659 169.571
v 221.200 0.669 171.949
v 223.520 0.676 167.109
f 3165 3166 3167 3168
v 216.240 0.659 169.572
v 209.380 0.783 183.892
v 214.340 0.773 186.268
v 221.200 0.669 171.948
f 3169 3170 3171 3172
v 209.379 0.783 183.893
v 197.609 0.958 208.493
v 202.571 1.033 210.867
v 214.341 0.773 186.267
f 3173 3174 3175 3176
v 197.340 0.962 209.662
v 197.310 0.988 214.142
v 202.810 1.054 214.178
v 202.840 1.021 209.698
f 3177 3178 3179 3180
v 197.658 0.994 215.499
v 200.328 1.016 220.289
v 205.132 1.070 217.611
v 202.462 1.047 212.821
f 3181 3182 3183 3184
v 201.047 1.015 221.125
v 204.937 1.032 224.135
v 208.303 1.072 219.785
v 204.413 1.070 216.775
f 3185 3186 3187 3188
v 206.411 1.044 224.702
v 210.611 1.055 225.022
v 211.029 1.073 219.538
v 206.829 1.072 219.218
f 3189 3190 3191 3192
v 211.719 1.053 224.879
v 227.049 1.028 219.579
v 225.251 1.020 214.381
v 209.921 1.074 219.681
f 3193 3194 3195 3196
v 228.247 1.030 218.759
v 231.267 0.978 215.199
v 227.073 0.995 211.641
v 224.053 1.024 215.201
f 3197 3198 3199 3200
v 231.907 0.959 213.687
v 232.547 0.908 207.127
v 227.073 0.952 206.593
v 226.433 1.009 213.153
f 3201 3202 3203 3204
v 232.468 0.904 206.155
v 230.408 0.862 198.385
v 225.092 0.885 199.795
v 227.152 0.959 207.565
f 3205 3206 3207 3208
v 230.258 0.859 197.962
v 227.298 0.815 191.382
v 222.282 0.879 193.638
v 225.242 0.893 200.218
f 3209 3210 3211 3212
v 226.640 0.805 190.475
v 223.660 0.757 187.765
v 219.960 0.902 191.835
v 222.940 0.862 194.545
f 3213 3214 3215 3216
v 222.989 0.749 187.315
v 213.039 0.755 182.595
v 210.681 0.814 187.565
v 220.631 0.898 192.285
f 3217 3218 3219 3220
v 222.430 0.651 163.547
v 215.240 0.683 159.337
v 212.460 0.673 164.083
v 219.650 0.670 168.293
f 3221 3222 3223 3224
v 215.640 0.688 159.623
v 209.670 0.783 154.503
v 206.090 0.789 158.677
v 212.060 0.680 163.797
f 3225 3226 3227 3228
v 210.241 0.767 155.181
v 204.881 0.883 146.201
v 200.159 0.857 149.019
v 205.519 0.800 157.999
f 3229 3230 3231 3232
v 205.081 0.882 146.607
v 198.101 1.052 128.787
v 192.979 1.037 130.793
v 199.959 0.863 148.613
f 3233 3234 3235 3236
v 198.101 1.052 128.789
v 193.841 1.028 117.889
v 188.719 0.995 119.891
v 192.979 1.037 130.791
f 3237 3238 3239 3240
v 192.081 1.003 116.259
v 189.091 0.952 115.349
v 187.489 0.994 120.611
v 190.479 1.011 121.521
f 3241 3242 3243 3244
v 188.094 0.945 115.237
v 184.184 0.927 115.517
v 184.576 0.979 121.003
v 188.486 0.999 120.723
f 3245 3246 3247 3248
v 183.492 0.922 115.657
v 158.532 0.873 124.177
v 160.308 0.931 129.383
v 185.268 0.985 120.863
f 3249 3250 3251 3252
v 157.362 0.878 124.956
v 155.252 0.893 127.336
v 159.368 0.981 130.984
v 161.478 0.914 128.604
f 3253 3254 3255 3256
v 154.595 0.906 128.725
v 153.975 0.952 132.595
v 159.405 1.042 133.465
v 160.025 0.939 129.595
f 3257 3258 3259 3260
v 153.998 0.965 133.590
v 154.868 0.998 137.770
v 160.252 1.016 136.650
v 159.382 1.031 132.470
f 3261 3262 3263 3264
v 155.863 1.004 139.374
v 158.553 1.012 141.484
v 161.947 1.021 137.156
v 159.257 1.015 135.046
f 3265 3266 3267 3268
v 159.619 1.020 141.997
v 163.519 1.051 142.917
v 164.781 1.046 137.563
v 160.881 1.018 136.643
f 3269 3270 3271 3272
v 165.019 1.055 142.849
v 196.409 1.031 132.399
v 194.671 1.052 127.181
v 163.281 1.032 137.631
f 3273 3274 3275 3276
v 126.147 1.031 255.432
v 85.705 0.688 137.662
v 82.395 0.676 138.798
v 122.837 1.023 256.568
f 3277 3278 3279 3280
v 85.452 0.686 137.183
v 83.332 0.665 134.343
v 80.528 0.703 136.437
v 82.648 0.678 139.277
f 3281 3282 3283 3284
v 82.187 0.647 133.659
v 77.207 0.638 132.919
v 76.693 0.757 136.381
v 81.673 0.681 137.121
f 3285 3286 3287 3288
v 76.594 0.644 132.937
v 71.594 0.669 133.977
v 72.306 0.689 137.403
v 77.306 0.768 136.363
f 3289 3290 3291 3292
v 71.364 0.669 134.041
v 47.794 0.568 142.411
v 48.966 0.577 145.709
v 72.536 0.690 137.339
f 3293 3294 3295 3296
v 47.404 0.571 142.608
v 40.604 0.589 147.178
v 42.556 0.657 150.082
v 49.356 0.577 145.512
f 3297 3298 3299 3300
v 40.273 0.593 147.467
v 32.743 0.611 155.927
v 35.357 0.753 158.253
v 42.887 0.644 149.793
f 3301 3302 3303 3304
v 32.685 0.611 155.995
v 7.205 0.751 187.755
v 9.935 0.854 189.945
v 35.415 0.751 158.185
f 3305 3306 3307 3308
v 6.986 0.749 188.106
v 5.196 0.769 191.916
v 8.364 0.919 193.404
v 10.154 0.852 189.594
f 3309 3310 3311 3312
v 5.194 0.769 191.920
v 3.014 0.780 196.590
v 6.186 0.903 198.070
v 8.366 0.919 193.400
f 3313 3314 3315 3316
v 2.935 0.780 196.790
v 0.405 0.791 204.590
v 3.735 0.859 205.670
v 6.265 0.901 197.870
f 3317 3318 3319 3320
v 0.527 0.788 204.305
v -14.973 0.857 233.285
v -11.887 0.928 234.935
v 3.613 0.849 205.955
f 3321 3322 3323 3324
v -14.711 0.852 232.917
v -18.651 0.915 237.147
v -16.089 1.002 239.533
v -12.149 0.931 235.303
f 3325 3326 3327 3328
v -17.954 0.905 236.690
v -21.884 0.965 238.080
v -20.716 1.094 241.380
v -16.786 1.021 239.990
f 3329 3330 3331 3332
v -21.291 0.956 237.980
v -28.771 1.031 237.940
v -28.789 1.021 241.440
v -21.309 1.095 241.480
f 3333 3334 3335 3336
v -27.068 1.015 239.329
v -28.788 0.873 231.159
v -32.212 0.902 231.881
v -30.492 1.039 240.051
f 3337 3338 3339 3340
v -28.916 0.865 230.777
v -31.556 0.875 225.147
v -34.724 0.906 226.633
v -32.084 0.907 232.263
f 3341 3342 3343 3344
v -32.055 0.878 224.517
v -36.195 0.925 221.247
v -38.365 0.967 223.993
v -34.225 0.905 227.263
f 3345 3346 3347 3348
v -37.172 0.934 220.873
v -42.532 0.949 220.543
v -42.748 0.971 224.037
v -37.388 0.954 224.367
f 3349 3350 3351 3352
v -43.206 0.948 220.634
v -61.076 0.921 226.744
v -59.944 0.913 230.056
v -42.074 0.977 223.946
f 3353 3354 3355 3356
v -60.498 0.923 226.650
v -63.458 0.907 226.630
v -63.482 0.879 230.130
v -60.522 0.909 230.150
f 3357 3358 3359 3360
v -62.727 0.912 226.795
v -67.187 0.873 224.705
v -68.673 0.894 227.875
v -64.213 0.876 229.965
f 3361 3362 3363 3364
v -66.470 0.879 225.325
v -69.410 0.868 220.875
v -72.330 0.881 222.805
v -69.390 0.894 227.255
f 3365 3366 3367 3368
v -69.208 0.867 221.293
v -77.398 0.816 196.413
v -80.722 0.831 197.507
v -72.532 0.880 222.387
f 3369 3370 3371 3372
v -77.396 0.816 196.419
v -79.706 0.787 189.309
v -83.034 0.809 190.391
v -80.724 0.831 197.501
f 3373 3374 3375 3376
v -79.705 0.787 189.310
v -91.425 0.716 153.190
v -94.755 0.726 154.270
v -83.035 0.809 190.390
f 3377 3378 3379 3380
v -91.340 0.717 153.740
v -91.310 0.706 148.710
v -94.810 0.704 148.690
v -94.840 0.724 153.720
f 3381 3382 3383 3384
v -91.593 0.706 149.654
v -89.493 0.691 146.424
v -92.427 0.676 144.516
v -94.527 0.699 147.746
f 3385 3386 3387 3388
v -90.000 0.693 146.933
v -86.420 0.689 144.583
v -88.340 0.685 141.657
v -91.920 0.676 144.007
f 3389 3390 3391 3392
v -86.835 0.685 144.783
v 45.385 0.696 101.473
v 44.295 0.530 98.147
v -87.925 0.687 141.457
f 3393 3394 3395 3396
v 44.830 0.691 101.560
v 49.880 0.651 101.590
v 49.900 0.578 98.090
v 44.850 0.535 98.060
f 3397 3398 3399 3400
v 49.295 0.656 101.486
v 53.445 0.651 102.986
v 54.635 0.630 99.694
v 50.485 0.585 98.194
f 3401 3402 3403 3404
v 52.473 0.645 102.120
v 54.833 0.684 106.860
v 57.967 0.691 105.300
v 55.607 0.641 100.560
f 3405 3406 3407 3408
v 54.687 0.678 106.437
v 56.417 0.707 114.727
v 59.843 0.704 114.013
v 58.113 0.695 105.723
f 3409 3410 3411 3412
v 56.465 0.707 113.833
v 54.655 0.775 119.443
v 57.985 0.697 120.517
v 59.795 0.705 114.907
f 3413 3414 3415 3416
v 54.986 0.759 118.848
v 43.016 0.782 132.958
v 45.684 0.751 135.222
v 57.654 0.695 121.112
f 3417 3418 3419 3420
v 43.135 0.782 132.831
v 27.595 0.777 147.831
v 30.025 0.732 150.349
v 45.565 0.750 135.349
f 3421 3422 3423 3424
v 27.851 0.776 147.626
v 21.591 0.789 151.726
v 23.509 0.794 154.654
v 29.769 0.733 150.554
f 3425 3426 3427 3428
v 21.863 0.788 151.580
v 10.233 0.848 156.540
v 11.607 0.858 159.760
v 23.237 0.794 154.800
f 3429 3430 3431 3432
v 10.352 0.847 156.495
v -81.938 0.793 188.195
v -80.802 0.800 191.505
v 11.488 0.859 159.805
f 3433 3434 3435 3436
v -65.660 0.858 232.717
v -66.240 0.878 230.057
v -69.660 0.879 230.803
v -69.080 0.887 233.463
f 3437 3438 3439 3440
v -66.200 0.874 230.438
v -66.180 0.890 226.298
v -69.680 0.891 226.282
v -69.700 0.880 230.422
f 3441 3442 3443 3444
v -250.480 0.831 -64.677
v -216.680 0.797 -84.327
v -218.440 0.778 -87.353
v -252.240 0.800 -67.703
f 3445 3446 3447 3448
v -217.571 0.801 -84.090
v -212.581 0.786 -84.060
v -212.559 0.771 -87.560
v -217.549 0.778 -87.590
f 3449 3450 3451 3452
v -213.738 0.788 -84.507
v -209.278 0.805 -80.507
v -206.942 0.792 -83.113
v -211.402 0.770 -87.113
f 3453 3454 3455 3456
v -209.626 0.803 -80.936
v -109.886 0.914 92.124
v -106.854 0.945 90.376
v -206.594 0.796 -82.684
f 3457 3458 3459 3460
v -110.092 0.918 91.564
v -108.642 0.868 99.514
v -105.198 0.906 98.886
v -106.648 0.943 90.936
f 3461 3462 3463 3464
v -108.479 0.874 98.405
v -110.999 0.853 103.345
v -107.881 0.905 104.935
v -105.361 0.905 99.995
f 3465 3466 3467 3468
v -110.340 0.855 102.639
v -119.340 0.872 108.039
v -117.540 0.921 111.041
v -108.540 0.910 105.641
f 3469 3470 3471 3472
v -119.008 0.872 107.885
v -143.918 0.847 116.435
v -142.782 0.876 119.745
v -117.872 0.922 111.195
f 3473 3474 3475 3476
v -143.920 0.847 116.435
v -154.340 0.840 120.025
v -153.200 0.839 123.335
v -142.780 0.876 119.745
f 3477 3478 3479 3480
v -154.338 0.840 120.025
v -184.088 0.764 130.235
v -182.952 0.819 133.545
v -153.202 0.839 123.335
f 3481 3482 3483 3484
v -184.088 0.764 130.235
v -256.568 0.612 155.127
v -255.432 0.699 158.437
v -182.952 0.819 133.545
f 3485 3486 3487 3488
v -255.446 0.607 209.495
v -137.486 0.791 170.090
v -138.594 0.793 166.770
v -256.554 0.615 206.175
f 3489 3490 3491 3492
v -137.487 0.791 170.090
v -130.167 0.781 167.650
v -131.273 0.798 164.330
v -138.593 0.793 166.770
f 3493 3494 3495 3496
v -130.605 0.781 167.736
v -123.625 0.744 167.276
v -123.855 0.781 163.784
v -130.835 0.798 164.244
f 3497 3498 3499 3500
v -124.647 0.748 167.027
v -119.677 0.739 170.037
v -117.863 0.747 167.043
v -122.833 0.771 164.033
f 3501 3502 3503 3504
v -120.439 0.736 169.067
v -108.679 0.661 206.297
v -105.341 0.764 205.243
v -117.101 0.746 168.013
f 3505 3506 3507 3508
v -108.759 0.659 205.830
v -108.689 0.662 207.880
v -105.191 0.762 207.760
v -105.261 0.765 205.710
f 3509 3510 3511 3512
v -108.646 0.662 207.432
v -108.946 0.657 208.752
v -105.534 0.753 209.528
v -105.234 0.760 208.208
f 3513 3514 3515 3516
v -108.657 0.663 208.113
v -109.447 0.651 209.203
v -106.613 0.741 211.257
v -105.823 0.750 210.167
f 3517 3518 3519 3520
v -108.801 0.661 208.659
v -114.811 0.632 211.609
v -113.269 0.719 214.751
v -107.259 0.737 211.801
f 3521 3522 3523 3524
v -114.606 0.631 211.524
v -119.956 0.652 213.354
v -118.824 0.691 216.666
v -113.474 0.718 214.836
f 3525 3526 3527 3528
v -119.955 0.652 213.354
v -163.515 0.671 228.204
v -162.385 0.680 231.516
v -118.825 0.691 216.666
f 3529 3530 3531 3532
v -163.515 0.671 228.204
v -240.189 0.589 254.344
v -239.059 0.664 257.656
v -162.385 0.680 231.516
f 3533 3534 3535 3536
v -121.060 0.683 215.535
v -113.600 0.785 239.275
v -110.260 0.797 238.225
v -117.720 0.676 214.485
f 3537 3538 3539 3540
v -112.435 0.770 237.075
v -148.635 0.733 247.995
v -147.625 0.779 251.345
v -111.425 0.805 240.425
f 3541 3542 3543 3544
v -148.356 0.734 247.935
v -151.046 0.734 248.285
v -150.594 0.767 251.755
v -147.904 0.778 251.405
f 3545 3546 3547 3548
v -150.584 0.734 248.286
v -153.374 0.738 247.906
v -153.846 0.760 251.374
v -151.056 0.764 251.754
f 3549 3550 3551 3552
v -152.827 0.738 248.075
v -155.247 0.731 246.865
v -156.813 0.771 249.995
v -154.393 0.757 251.205
f 3553 3554 3555 3556
v -154.696 0.733 247.297
v -155.596 0.732 246.237
v -158.264 0.764 248.503
v -157.364 0.770 249.563
f 3557 3558 3559 3560
v -155.388 0.732 246.542
v -156.038 0.731 245.332
v -159.122 0.757 246.988
v -158.472 0.763 248.198
f 3561 3562 3563 3564
v -155.918 0.732 245.612
v -161.288 0.669 229.312
v -164.612 0.703 230.408
v -159.242 0.756 246.708
f 3565 3566 3567 3568
v -136.381 0.794 167.872
v -152.111 0.850 121.122
v -155.429 0.826 122.238
v -139.699 0.788 168.988
f 3569 3570 3571 3572
v -257.507 0.751 9.857
v -185.027 0.803 132.779
v -182.013 0.791 131.001
v -254.493 0.779 8.079
f 3573 3574 3575 3576
v -252.870 0.809 -65.305
v -144.860 0.859 118.975
v -141.840 0.853 117.205
v -249.850 0.826 -67.075
f 3577 3578 3579 3580
v -26.653 0.964 -25.769
v -2.063 0.837 23.431
v 3.303 0.959 20.749
v -21.287 0.967 -28.451
f 3581 3582 3583 3584
v -2.064 0.837 23.430
v 11.936 0.930 51.460
v 17.304 0.945 48.780
v 3.304 0.959 20.750
f 3585 3586 3587 3588
v 12.063 0.937 51.689
v 24.113 1.277 71.319
v 29.227 1.029 68.181
v 17.177 0.945 48.551
f 3589 3590 3591 3592
v 24.753 1.283 72.058
v 28.593 1.259 75.248
v 32.427 1.015 70.632
v 28.587 1.026 67.442
f 3593 3594 3595 3596
v 30.127 1.114 75.915
v 33.777 0.532 76.385
v 34.543 0.995 70.435
v 30.893 1.026 69.965
f 3597 3598 3599 3600
v 35.158 0.287 76.239
v 84.118 1.111 58.969
v 82.122 1.013 53.311
v 33.162 1.006 70.581
f 3601 3602 3603 3604
v 84.119 1.111 58.969
v 103.239 1.106 52.219
v 101.241 1.065 46.561
v 82.121 1.013 53.311
f 3605 3606 3607 3608
v 103.200 1.107 52.232
v 214.580 0.689 14.592
v 212.660 0.786 8.908
v 101.280 1.065 46.548
f 3609 3610 3611 3612
v 214.601 0.689 14.585
v 235.841 0.611 7.235
v 233.879 0.552 1.565
v 212.639 0.786 8.915
f 3613 3614 3615 3616
v -124.210 0.555 -62.477
v -162.830 0.690 -130.237
v -165.870 0.659 -128.503
v -127.250 0.524 -60.743
f 3617 3618 3619 3620
v -162.828 0.690 -130.234
v -165.628 0.697 -135.164
v -168.672 0.686 -133.436
v -165.872 0.659 -128.506
f 3621 3622 3623 3624
v -165.630 0.697 -135.167
v -173.020 0.713 -148.127
v -176.060 0.746 -146.393
v -168.670 0.686 -133.433
f 3625 3626 3627 3628
v -126.674 0.547 -63.083
v -143.474 0.443 -52.313
v -141.586 0.421 -49.367
v -124.786 0.553 -60.137
f 3629 3630 3631 3632
v -141.013 0.447 -51.713
v -180.353 0.523 -120.073
v -183.387 0.510 -118.327
v -144.047 0.423 -49.967
f 3633 3634 3635 3636
v -180.991 0.525 -117.687
v -163.471 0.668 -127.857
v -165.229 0.686 -130.883
v -182.749 0.502 -120.713
f 3637 3638 3639 3640
v -163.532 0.668 -127.823
v -154.792 0.693 -132.443
v -156.428 0.699 -135.537
v -165.168 0.687 -130.917
f 3641 3642 3643 3644
v -155.573 0.692 -132.240
v -151.353 0.707 -132.330
v -151.427 0.718 -135.830
v -155.647 0.702 -135.740
f 3645 3646 3647 3648
v -151.799 0.707 -132.378
v -146.009 0.739 -130.988
v -145.191 0.764 -134.392
v -150.981 0.719 -135.782
f 3649 3650 3651 3652
v -146.551 0.732 -131.221
v -142.131 0.774 -128.361
v -140.229 0.813 -131.299
v -144.649 0.770 -134.159
f 3653 3654 3655 3656
v -142.668 0.768 -128.909
v -140.068 0.787 -124.709
v -137.092 0.826 -126.551
v -139.692 0.815 -130.751
f 3657 3658 3659 3660
v -140.112 0.787 -124.785
v -110.362 0.660 -70.865
v -107.298 0.697 -72.555
v -137.048 0.826 -126.475
f 3661 3662 3663 3664
v -109.728 0.692 -73.212
v -126.628 0.547 -63.112
v -124.832 0.553 -60.108
v -107.932 0.663 -70.208
f 3665 3666 3667 3668
v -210.870 0.772 -86.227
v -212.750 0.760 -93.897
v -216.150 0.758 -93.063
v -214.270 0.786 -85.393
f 3669 3670 3671 3672
v -212.919 0.760 -94.328
v -225.749 0.898 -117.498
v -228.811 0.899 -115.802
v -215.981 0.759 -92.632
f 3673 3674 3675 3676
v 11.891 0.839 -259.036
v -27.902 0.768 -236.206
v -24.418 0.726 -230.134
v 15.374 0.803 -252.964
f 3677 3678 3679 3680
v -27.902 0.768 -236.206
v -35.482 0.734 -231.856
v -31.998 0.730 -225.784
v -24.418 0.726 -230.134
f 3681 3682 3683 3684
v -35.482 0.734 -231.856
v -61.112 0.670 -217.146
v -57.628 0.635 -211.074
v -31.998 0.730 -225.784
f 3685 3686 3687 3688
v -61.131 0.670 -217.135
v -68.691 0.711 -212.735
v -65.169 0.657 -206.685
v -57.609 0.635 -211.085
f 3689 3690 3691 3692
v -68.687 0.711 -212.737
v -176.297 0.715 -150.287
v -172.783 0.669 -144.233
v -65.173 0.657 -206.683
f 3693 3694 3695 3696
v -176.297 0.715 -150.287
v -229.037 0.892 -119.677
v -225.523 0.855 -113.623
v -172.783 0.669 -144.233
f 3697 3698 3699 3700
v 138.409 1.289 255.435
v 99.086 1.160 140.175
v 95.774 1.104 141.305
v 135.097 1.226 256.565
f 3701 3702 3703 3704
v -19.905 0.925 -222.416
v -14.745 0.907 -225.486
v -16.535 0.925 -228.494
v -21.695 0.960 -225.424
f 3705 3706 3707 3708
v -14.738 0.907 -225.490
v 7.922 0.899 -239.110
v 6.118 0.972 -242.110
v -16.542 0.925 -228.490
f 3709 3710 3711 3712
v 5.515 0.895 -239.716
v 28.945 0.808 -200.266
v 31.955 0.860 -202.054
v 8.525 0.956 -241.504
f 3713 3714 3715 3716
v -21.686 0.960 -225.429
v -28.666 0.911 -221.329
v -26.894 0.905 -218.311
v -19.914 0.925 -222.411
f 3717 3718 3719 3720
v -28.663 0.911 -221.331
v -50.313 0.894 -208.671
v -48.547 0.838 -205.649
v -26.897 0.905 -218.309
f 3721 3722 3723 3724
v -50.954 0.880 -206.300
v -16.214 0.873 -144.730
v -13.166 0.903 -146.450
v -47.906 0.857 -208.020
f 3725 3726 3727 3728
v -19.309 0.940 -224.837
v -22.059 0.809 -229.307
v -25.041 0.803 -227.473
v -22.291 0.927 -223.003
f 3729 3730 3731 3732
v -22.014 0.815 -229.229
v -24.624 0.758 -234.009
v -27.696 0.750 -232.331
v -25.086 0.798 -227.551
f 3733 3734 3735 3736
v -22.291 0.910 -206.190
v -0.891 0.841 -170.500
v 2.111 0.806 -172.300
v -19.289 0.912 -207.990
f 3737 3738 3739 3740
v -0.533 0.842 -170.075
v 2.657 0.842 -167.325
v 4.943 0.835 -169.975
v 1.753 0.806 -172.725
f 3741 3742 3743 3744
v 3.683 0.850 -166.904
v 6.823 0.875 -166.694
v 7.057 0.858 -170.186
v 3.917 0.815 -170.396
f 3745 3746 3747 3748
v 7.709 0.878 -166.868
v 12.329 0.862 -169.128
v 10.791 0.844 -172.272
v 6.171 0.849 -170.012
f 3749 3750 3751 3752
v 13.192 0.856 -170.068
v 14.482 0.845 -173.398
v 11.218 0.831 -174.662
v 9.928 0.856 -171.332
f 3753 3754 3755 3756
v 14.597 0.854 -174.130
v 14.387 0.871 -177.800
v 10.893 0.808 -177.600
v 11.103 0.833 -173.930
f 3757 3758 3759 3760
v 14.165 0.864 -178.558
v -6.525 0.956 -215.348
v -9.575 0.919 -213.632
v 11.115 0.818 -176.842
f 3761 3762 3763 3764
v -27.101 0.981 -214.645
v -22.311 0.910 -206.225
v -19.269 0.911 -207.955
v -24.059 1.000 -216.375
f 3765 3766 3767 3768
v -6.566 0.958 -215.417
v -11.706 1.045 -223.647
v -14.674 0.959 -221.793
v -9.534 0.918 -213.563
f 3769 3770 3771 3772
v -24.021 1.000 -216.306
v -26.221 0.888 -220.616
v -29.339 0.882 -219.024
v -27.139 0.978 -214.714
f 3773 3774 3775 3776
v -11.672 1.047 -223.591
v -14.122 0.888 -227.861
v -17.158 0.918 -226.119
v -14.708 0.957 -221.849
f 3777 3778 3779 3780
usemtl asphalt
