# Baked ultra-low Key West silhouette; generated by bake_key_west_far_city.py
mtllib far_city.mtl
usemtl massing
v -185.760 1.355 172.229
v -159.643 1.355 180.713
v -163.320 1.355 192.031
v -189.437 1.355 183.547
v -185.760 5.255 172.229
v -159.643 5.255 180.713
v -163.320 5.255 192.031
v -189.437 5.255 183.547
f 8 7 6 5
f 1 2 6 5
f 2 3 7 6
f 3 4 8 7
f 4 1 5 8
v 80.988 0.897 171.476
v 107.893 0.897 169.211
v 109.472 0.897 187.964
v 82.567 0.897 190.229
v 80.988 4.797 171.476
v 107.893 4.797 169.211
v 109.472 4.797 187.964
v 82.567 4.797 190.229
f 16 15 14 13
f 9 10 14 13
f 10 11 15 14
f 11 12 16 15
f 12 9 13 16
v -7.096 1.024 215.906
v -0.585 1.024 199.189
v 8.416 1.024 202.694
v 1.905 1.024 219.411
v -7.096 4.924 215.906
v -0.585 4.924 199.189
v 8.416 4.924 202.694
v 1.905 4.924 219.411
f 24 23 22 21
f 17 18 22 21
f 18 19 23 22
f 19 20 24 23
f 20 17 21 24
v 135.319 0.711 -249.112
v 157.243 0.711 -256.033
v 162.921 0.711 -238.048
v 140.997 0.711 -231.127
v 135.319 4.611 -249.112
v 157.243 4.611 -256.033
v 162.921 4.611 -238.048
v 140.997 4.611 -231.127
f 32 31 30 29
f 25 26 30 29
f 26 27 31 30
f 27 28 32 31
f 28 25 29 32
v -108.593 0.884 -216.709
v -90.295 0.884 -215.626
v -91.147 0.884 -201.231
v -109.445 0.884 -202.314
v -108.593 4.784 -216.709
v -90.295 4.784 -215.626
v -91.147 4.784 -201.231
v -109.445 4.784 -202.314
f 40 39 38 37
f 33 34 38 37
f 34 35 39 38
f 35 36 40 39
f 36 33 37 40
v -105.918 0.729 -179.536
v -91.907 0.729 -178.638
v -92.722 0.729 -165.904
v -106.733 0.729 -166.802
v -105.918 4.629 -179.536
v -91.907 4.629 -178.638
v -92.722 4.629 -165.904
v -106.733 4.629 -166.802
f 48 47 46 45
f 41 42 46 45
f 42 43 47 46
f 43 44 48 47
f 44 41 45 48
v -179.068 0.872 -168.021
v -161.039 0.872 -160.461
v -167.992 0.872 -143.879
v -186.021 0.872 -151.439
v -179.068 4.772 -168.021
v -161.039 4.772 -160.461
v -167.992 4.772 -143.879
v -186.021 4.772 -151.439
f 56 55 54 53
f 49 50 54 53
f 50 51 55 54
f 51 52 56 55
f 52 49 53 56
v -245.802 0.929 -209.901
v -226.490 0.929 -208.693
v -227.298 0.929 -195.779
v -246.610 0.929 -196.987
v -245.802 4.829 -209.901
v -226.490 4.829 -208.693
v -227.298 4.829 -195.779
v -246.610 4.829 -196.987
f 64 63 62 61
f 57 58 62 61
f 58 59 63 62
f 59 60 64 63
f 60 57 61 64
v -194.017 0.752 30.973
v -178.291 0.752 57.293
v -187.923 0.752 63.047
v -203.649 0.752 36.727
v -194.017 4.652 30.973
v -178.291 4.652 57.293
v -187.923 4.652 63.047
v -203.649 4.652 36.727
f 72 71 70 69
f 65 66 70 69
f 66 67 71 70
f 67 68 72 71
f 68 65 69 72
v -143.654 1.010 -2.869
v -119.204 1.010 5.366
v -122.606 1.010 15.469
v -147.056 1.010 7.234
v -143.654 4.910 -2.869
v -119.204 4.910 5.366
v -122.606 4.910 15.469
v -147.056 4.910 7.234
f 80 79 78 77
f 73 74 78 77
f 74 75 79 78
f 75 76 80 79
f 76 73 77 80
v -113.691 1.024 3.924
v -104.391 1.024 -18.342
v -93.909 1.024 -13.964
v -103.209 1.024 8.302
v -113.691 4.924 3.924
v -104.391 4.924 -18.342
v -93.909 4.924 -13.964
v -103.209 4.924 8.302
f 88 87 86 85
f 81 82 86 85
f 82 83 87 86
f 83 84 88 87
f 84 81 85 88
v -105.254 1.087 36.052
v -96.372 1.087 13.799
v -85.626 1.087 18.088
v -94.508 1.087 40.341
v -105.254 4.987 36.052
v -96.372 4.987 13.799
v -85.626 4.987 18.088
v -94.508 4.987 40.341
f 96 95 94 93
f 89 90 94 93
f 90 91 95 94
f 91 92 96 95
f 92 89 93 96
v -44.056 0.941 81.759
v -34.820 0.941 59.564
v -24.784 0.941 63.741
v -34.020 0.941 85.936
v -44.056 4.841 81.759
v -34.820 4.841 59.564
v -24.784 4.841 63.741
v -34.020 4.841 85.936
f 104 103 102 101
f 97 98 102 101
f 98 99 103 102
f 99 100 104 103
f 100 97 101 104
v -31.980 1.045 118.548
v -21.531 1.045 90.096
v -11.140 1.045 93.912
v -21.589 1.045 122.364
v -31.980 4.945 118.548
v -21.531 4.945 90.096
v -11.140 4.945 93.912
v -21.589 4.945 122.364
f 112 111 110 109
f 105 106 110 109
f 106 107 111 110
f 107 108 112 111
f 108 105 109 112
v -88.105 1.037 86.810
v -81.217 1.037 63.423
v -70.195 1.037 66.670
v -77.083 1.037 90.057
v -88.105 4.937 86.810
v -81.217 4.937 63.423
v -70.195 4.937 66.670
v -77.083 4.937 90.057
f 120 119 118 117
f 113 114 118 117
f 114 115 119 118
f 115 116 120 119
f 116 113 117 120
v -135.023 0.896 99.747
v -125.688 0.896 71.942
v -114.217 0.896 75.793
v -123.552 0.896 103.598
v -135.023 4.796 99.747
v -125.688 4.796 71.942
v -114.217 4.796 75.793
v -123.552 4.796 103.598
f 128 127 126 125
f 121 122 126 125
f 122 123 127 126
f 123 124 128 127
f 124 121 125 128
v -76.481 1.087 122.361
v -66.416 1.087 94.313
v -56.759 1.087 97.779
v -66.824 1.087 125.827
v -76.481 4.987 122.361
v -66.416 4.987 94.313
v -56.759 4.987 97.779
v -66.824 4.987 125.827
f 136 135 134 133
f 129 130 134 133
f 130 131 135 134
f 131 132 136 135
f 132 129 133 136
v -61.469 1.193 153.011
v -53.740 1.193 130.437
v -43.191 1.193 134.049
v -50.920 1.193 156.623
v -61.469 5.093 153.011
v -53.740 5.093 130.437
v -43.191 5.093 134.049
v -50.920 5.093 156.623
f 144 143 142 141
f 137 138 142 141
f 138 139 143 142
f 139 140 144 143
f 140 137 141 144
v -162.623 0.982 127.375
v -162.378 0.982 158.224
v -175.117 0.982 158.325
v -175.362 0.982 127.476
v -162.623 4.882 127.375
v -162.378 4.882 158.224
v -175.117 4.882 158.325
v -175.362 4.882 127.476
f 152 151 150 149
f 145 146 150 149
f 146 147 151 150
f 147 148 152 151
f 148 145 149 152
v -137.806 1.161 145.759
v -130.785 1.161 122.025
v -119.374 1.161 125.401
v -126.395 1.161 149.135
v -137.806 5.061 145.759
v -130.785 5.061 122.025
v -119.374 5.061 125.401
v -126.395 5.061 149.135
f 160 159 158 157
f 153 154 158 157
f 154 155 159 158
f 155 156 160 159
f 156 153 157 160
v -82.410 1.211 161.552
v -55.108 1.211 170.908
v -58.830 1.211 181.768
v -86.132 1.211 172.412
v -82.410 5.111 161.552
v -55.108 5.111 170.908
v -58.830 5.111 181.768
v -86.132 5.111 172.412
f 168 167 166 165
f 161 162 166 165
f 162 163 167 166
f 163 164 168 167
f 164 161 165 168
v 92.900 0.747 -232.894
v 108.235 0.747 -247.138
v 123.480 0.747 -230.726
v 108.145 0.747 -216.482
v 92.900 4.647 -232.894
v 108.235 4.647 -247.138
v 123.480 4.647 -230.726
v 108.145 4.647 -216.482
f 176 175 174 173
f 169 170 174 173
f 170 171 175 174
f 171 172 176 175
f 172 169 173 176
v 85.829 0.653 -225.050
v 86.674 0.653 -238.453
v 98.131 0.653 -237.730
v 97.286 0.653 -224.327
v 85.829 4.553 -225.050
v 86.674 4.553 -238.453
v 98.131 4.553 -237.730
v 97.286 4.553 -224.327
f 184 183 182 181
f 177 178 182 181
f 178 179 183 182
f 179 180 184 183
f 180 177 181 184
v -32.910 0.896 -183.429
v -31.379 0.896 -203.681
v -20.670 0.896 -202.871
v -22.201 0.896 -182.619
v -32.910 4.796 -183.429
v -31.379 4.796 -203.681
v -20.670 4.796 -202.871
v -22.201 4.796 -182.619
f 192 191 190 189
f 185 186 190 189
f 186 187 191 190
f 187 188 192 191
f 188 185 189 192
v 80.263 0.724 -240.730
v 81.990 0.724 -217.965
v 65.717 0.724 -216.730
v 63.990 0.724 -239.495
v 80.263 4.624 -240.730
v 81.990 4.624 -217.965
v 65.717 4.624 -216.730
v 63.990 4.624 -239.495
f 200 199 198 197
f 193 194 198 197
f 194 195 199 198
f 195 196 200 199
f 196 193 197 200
v 42.715 0.670 -236.958
v 62.347 0.670 -235.588
v 61.105 0.670 -217.782
v 41.473 0.670 -219.152
v 42.715 4.570 -236.958
v 62.347 4.570 -235.588
v 61.105 4.570 -217.782
v 41.473 4.570 -219.152
f 208 207 206 205
f 201 202 206 205
f 202 203 207 206
f 203 204 208 207
f 204 201 205 208
v -23.317 0.942 -180.486
v -15.000 0.942 -205.784
v 1.577 0.942 -200.334
v -6.740 0.942 -175.036
v -23.317 4.842 -180.486
v -15.000 4.842 -205.784
v 1.577 4.842 -200.334
v -6.740 4.842 -175.036
f 216 215 214 213
f 209 210 214 213
f 210 211 215 214
f 211 212 216 215
f 212 209 213 216
v 2.358 1.070 -235.222
v 26.500 1.070 -233.411
v 25.522 1.070 -220.378
v 1.380 1.070 -222.189
v 2.358 4.970 -235.222
v 26.500 4.970 -233.411
v 25.522 4.970 -220.378
v 1.380 4.970 -222.189
f 224 223 222 221
f 217 218 222 221
f 218 219 223 222
f 219 220 224 223
f 220 217 221 224
v 2.547 0.961 -201.589
v 21.672 0.961 -200.444
v 20.773 0.961 -185.431
v 1.648 0.961 -186.576
v 2.547 4.861 -201.589
v 21.672 4.861 -200.444
v 20.773 4.861 -185.431
v 1.648 4.861 -186.576
f 232 231 230 229
f 225 226 230 229
f 226 227 231 230
f 227 228 232 231
f 228 225 229 232
v -5.811 0.927 -232.360
v -4.724 0.927 -214.543
v -18.549 0.927 -213.700
v -19.636 0.927 -231.517
v -5.811 4.827 -232.360
v -4.724 4.827 -214.543
v -18.549 4.827 -213.700
v -19.636 4.827 -231.517
f 240 239 238 237
f 233 234 238 237
f 234 235 239 238
f 235 236 240 239
f 236 233 237 240
v -38.009 0.120 -210.153
v -36.517 0.120 -232.704
v -25.691 0.120 -231.987
v -27.183 0.120 -209.436
v -38.009 4.020 -210.153
v -36.517 4.020 -232.704
v -25.691 4.020 -231.987
v -27.183 4.020 -209.436
f 248 247 246 245
f 241 242 246 245
f 242 243 247 246
f 243 244 248 247
f 244 241 245 248
v 16.927 1.267 -202.095
v 42.932 1.267 -213.131
v 52.933 1.267 -189.565
v 26.928 1.267 -178.529
v 16.927 5.167 -202.095
v 42.932 5.167 -213.131
v 52.933 5.167 -189.565
v 26.928 5.167 -178.529
f 256 255 254 253
f 249 250 254 253
f 250 251 255 254
f 251 252 256 255
f 252 249 253 256
v 45.727 0.973 -199.224
v 62.929 0.973 -208.408
v 71.713 0.973 -191.956
v 54.511 0.973 -182.772
v 45.727 4.873 -199.224
v 62.929 4.873 -208.408
v 71.713 4.873 -191.956
v 54.511 4.873 -182.772
f 264 263 262 261
f 257 258 262 261
f 258 259 263 262
f 259 260 264 263
f 260 257 261 264
v -30.687 0.777 -158.106
v -10.059 0.777 -154.875
v -12.873 0.777 -136.914
v -33.501 0.777 -140.145
v -30.687 4.677 -158.106
v -10.059 4.677 -154.875
v -12.873 4.677 -136.914
v -33.501 4.677 -140.145
f 272 271 270 269
f 265 266 270 269
f 266 267 271 270
f 267 268 272 271
f 268 265 269 272
v 65.405 1.449 -187.989
v 68.755 1.449 -211.118
v 86.895 1.449 -208.491
v 83.545 1.449 -185.362
v 65.405 5.349 -187.989
v 68.755 5.349 -211.118
v 86.895 5.349 -208.491
v 83.545 5.349 -185.362
f 280 279 278 277
f 273 274 278 277
f 274 275 279 278
f 275 276 280 279
f 276 273 277 280
v 84.664 1.289 -190.163
v 87.280 1.289 -210.647
v 101.296 1.289 -208.857
v 98.680 1.289 -188.373
v 84.664 5.189 -190.163
v 87.280 5.189 -210.647
v 101.296 5.189 -208.857
v 98.680 5.189 -188.373
f 288 287 286 285
f 281 282 286 285
f 282 283 287 286
f 283 284 288 287
f 284 281 285 288
v 5.302 1.142 -161.072
v 13.163 1.142 -140.899
v -0.002 1.142 -135.768
v -7.863 1.142 -155.941
v 5.302 5.042 -161.072
v 13.163 5.042 -140.899
v -0.002 5.042 -135.768
v -7.863 5.042 -155.941
f 296 295 294 293
f 289 290 294 293
f 290 291 295 294
f 291 292 296 295
f 292 289 293 296
v 16.603 0.901 -143.226
v 17.733 0.901 -157.973
v 29.997 0.901 -157.034
v 28.867 0.901 -142.287
v 16.603 4.801 -143.226
v 17.733 4.801 -157.973
v 29.997 4.801 -157.034
v 28.867 4.801 -142.287
f 304 303 302 301
f 297 298 302 301
f 298 299 303 302
f 299 300 304 303
f 300 297 301 304
v 102.363 0.823 -196.757
v 103.140 0.823 -214.780
v 116.517 0.823 -214.203
v 115.740 0.823 -196.180
v 102.363 4.723 -196.757
v 103.140 4.723 -214.780
v 116.517 4.723 -214.203
v 115.740 4.723 -196.180
f 312 311 310 309
f 305 306 310 309
f 306 307 311 310
f 307 308 312 311
f 308 305 309 312
v 47.399 0.959 -162.508
v 49.124 0.959 -144.953
v 33.241 0.959 -143.392
v 31.516 0.959 -160.947
v 47.399 4.859 -162.508
v 49.124 4.859 -144.953
v 33.241 4.859 -143.392
v 31.516 4.859 -160.947
f 320 319 318 317
f 313 314 318 317
f 314 315 319 318
f 315 316 320 319
f 316 313 317 320
v 51.394 1.787 -160.772
v 70.406 1.787 -159.730
v 69.766 1.787 -148.048
v 50.754 1.787 -149.090
v 51.394 5.687 -160.772
v 70.406 5.687 -159.730
v 69.766 5.687 -148.048
v 50.754 5.687 -149.090
f 328 327 326 325
f 321 322 326 325
f 322 323 327 326
f 323 324 328 327
f 324 321 325 328
v -35.813 0.790 -127.025
v -17.687 0.790 -143.554
v -2.587 0.790 -126.995
v -20.713 0.790 -110.466
v -35.813 4.690 -127.025
v -17.687 4.690 -143.554
v -2.587 4.690 -126.995
v -20.713 4.690 -110.466
f 336 335 334 333
f 329 330 334 333
f 330 331 335 334
f 331 332 336 335
f 332 329 333 336
v 75.717 1.249 -163.786
v 95.513 1.249 -163.055
v 95.023 1.249 -149.774
v 75.227 1.249 -150.505
v 75.717 5.149 -163.786
v 95.513 5.149 -163.055
v 95.023 5.149 -149.774
v 75.227 5.149 -150.505
f 344 343 342 341
f 337 338 342 341
f 338 339 343 342
f 339 340 344 343
f 340 337 341 344
v 104.701 1.001 -147.038
v 106.976 1.001 -166.415
v 122.599 1.001 -164.582
v 120.324 1.001 -145.205
v 104.701 4.901 -147.038
v 106.976 4.901 -166.415
v 122.599 4.901 -164.582
v 120.324 4.901 -145.205
f 352 351 350 349
f 345 346 350 349
f 346 347 351 350
f 347 348 352 351
f 348 345 349 352
v -29.953 1.260 -113.187
v -6.329 1.260 -111.421
v -7.187 1.260 -99.953
v -30.811 1.260 -101.719
v -29.953 5.160 -113.187
v -6.329 5.160 -111.421
v -7.187 5.160 -99.953
v -30.811 5.160 -101.719
f 360 359 358 357
f 353 354 358 357
f 354 355 359 358
f 355 356 360 359
f 356 353 357 360
v 14.465 1.542 -133.960
v 23.772 1.542 -107.966
v 1.355 1.542 -99.940
v -7.952 1.542 -125.934
v 14.465 5.442 -133.960
v 23.772 5.442 -107.966
v 1.355 5.442 -99.940
v -7.952 5.442 -125.934
f 368 367 366 365
f 361 362 366 365
f 362 363 367 366
f 363 364 368 367
f 364 361 365 368
v 134.377 0.821 -234.209
v 159.388 0.821 -232.827
v 158.503 0.821 -216.811
v 133.492 0.821 -218.193
v 134.377 4.721 -234.209
v 159.388 4.721 -232.827
v 158.503 4.721 -216.811
v 133.492 4.721 -218.193
f 376 375 374 373
f 369 370 374 373
f 370 371 375 374
f 371 372 376 375
f 372 369 373 376
v 26.203 1.228 -138.304
v 45.245 1.228 -123.064
v 32.897 1.228 -107.636
v 13.855 1.228 -122.876
v 26.203 5.128 -138.304
v 45.245 5.128 -123.064
v 32.897 5.128 -107.636
v 13.855 5.128 -122.876
f 384 383 382 381
f 377 378 382 381
f 378 379 383 382
f 379 380 384 383
f 380 377 381 384
v 50.781 1.207 -127.889
v 52.311 1.207 -139.236
v 63.619 1.207 -137.711
v 62.089 1.207 -126.364
v 50.781 5.107 -127.889
v 52.311 5.107 -139.236
v 63.619 5.107 -137.711
v 62.089 5.107 -126.364
f 392 391 390 389
f 385 386 390 389
f 386 387 391 390
f 387 388 392 391
f 388 385 389 392
v 131.462 0.885 -210.689
v 162.731 0.885 -216.078
v 165.458 0.885 -200.251
v 134.189 0.885 -194.862
v 131.462 4.785 -210.689
v 162.731 4.785 -216.078
v 165.458 4.785 -200.251
v 134.189 4.785 -194.862
f 400 399 398 397
f 393 394 398 397
f 394 395 399 398
f 395 396 400 399
f 396 393 397 400
v 79.303 0.982 -152.420
v 104.112 0.982 -144.059
v 99.717 0.982 -131.020
v 74.908 0.982 -139.381
v 79.303 4.882 -152.420
v 104.112 4.882 -144.059
v 99.717 4.882 -131.020
v 74.908 4.882 -139.381
f 408 407 406 405
f 401 402 406 405
f 402 403 407 406
f 403 404 408 407
f 404 401 405 408
v 151.376 0.786 -203.525
v 163.992 0.786 -185.100
v 147.804 0.786 -174.015
v 135.188 0.786 -192.440
v 151.376 4.686 -203.525
v 163.992 4.686 -185.100
v 147.804 4.686 -174.015
v 135.188 4.686 -192.440
f 416 415 414 413
f 409 410 414 413
f 410 411 415 414
f 411 412 416 415
f 412 409 413 416
v -75.611 0.876 -225.594
v -74.494 0.876 -242.146
v -63.229 0.876 -241.386
v -64.346 0.876 -224.834
v -75.611 4.776 -225.594
v -74.494 4.776 -242.146
v -63.229 4.776 -241.386
v -64.346 4.776 -224.834
f 424 423 422 421
f 417 418 422 421
f 418 419 423 422
f 419 420 424 423
f 420 417 421 424
v -72.925 0.841 -203.707
v -72.176 0.841 -217.396
v -59.695 0.841 -216.713
v -60.444 0.841 -203.024
v -72.925 4.741 -203.707
v -72.176 4.741 -217.396
v -59.695 4.741 -216.713
v -60.444 4.741 -203.024
f 432 431 430 429
f 425 426 430 429
f 426 427 431 430
f 427 428 432 431
f 428 425 429 432
v -78.318 0.919 -185.573
v -76.241 0.919 -201.811
v -60.102 0.919 -199.747
v -62.179 0.919 -183.509
v -78.318 4.819 -185.573
v -76.241 4.819 -201.811
v -60.102 4.819 -199.747
v -62.179 4.819 -183.509
f 440 439 438 437
f 433 434 438 437
f 434 435 439 438
f 435 436 440 439
f 436 433 437 440
v -72.749 0.936 -167.478
v -71.972 0.936 -181.756
v -59.211 0.936 -181.062
v -59.988 0.936 -166.784
v -72.749 4.836 -167.478
v -71.972 4.836 -181.756
v -59.211 4.836 -181.062
v -59.988 4.836 -166.784
f 448 447 446 445
f 441 442 446 445
f 442 443 447 446
f 443 444 448 447
f 444 441 445 448
v 149.339 1.780 -148.670
v 149.783 1.780 -170.046
v 159.221 1.780 -169.850
v 158.777 1.780 -148.474
v 149.339 5.680 -148.670
v 149.783 5.680 -170.046
v 159.221 5.680 -169.850
v 158.777 5.680 -148.474
f 456 455 454 453
f 449 450 454 453
f 450 451 455 454
f 451 452 456 455
f 452 449 453 456
v -70.665 0.850 -149.781
v -69.625 0.850 -163.060
v -56.595 0.850 -162.039
v -57.635 0.850 -148.760
v -70.665 4.750 -149.781
v -69.625 4.750 -163.060
v -56.595 4.750 -162.039
v -57.635 4.750 -148.760
f 464 463 462 461
f 457 458 462 461
f 458 459 463 462
f 459 460 464 463
f 460 457 461 464
v 171.154 0.811 -155.984
v 174.891 0.811 -173.551
v 188.966 0.811 -170.556
v 185.229 0.811 -152.989
v 171.154 4.711 -155.984
v 174.891 4.711 -173.551
v 188.966 4.711 -170.556
v 185.229 4.711 -152.989
f 472 471 470 469
f 465 466 470 469
f 466 467 471 470
f 467 468 472 471
f 468 465 469 472
v -76.411 1.012 -143.807
v -55.752 1.012 -151.458
v -49.809 1.012 -135.413
v -70.468 1.012 -127.762
v -76.411 4.912 -143.807
v -55.752 4.912 -151.458
v -49.809 4.912 -135.413
v -70.468 4.912 -127.762
f 480 479 478 477
f 473 474 478 477
f 474 475 479 478
f 475 476 480 479
f 476 473 477 480
v 188.825 0.743 -160.076
v 191.911 0.743 -179.705
v 206.295 0.743 -177.444
v 203.209 0.743 -157.815
v 188.825 4.643 -160.076
v 191.911 4.643 -179.705
v 206.295 4.643 -177.444
v 203.209 4.643 -157.815
f 488 487 486 485
f 481 482 486 485
f 482 483 487 486
f 483 484 488 487
f 484 481 485 488
v -65.788 0.719 -112.992
v -65.389 0.719 -127.497
v -56.352 0.719 -127.248
v -56.751 0.719 -112.743
v -65.788 4.619 -112.992
v -65.389 4.619 -127.497
v -56.352 4.619 -127.248
v -56.751 4.619 -112.743
f 496 495 494 493
f 489 490 494 493
f 490 491 495 494
f 491 492 496 495
f 492 489 493 496
v 214.052 0.850 -183.914
v 222.768 0.850 -172.946
v 210.688 0.850 -163.346
v 201.972 0.850 -174.314
v 214.052 4.750 -183.914
v 222.768 4.750 -172.946
v 210.688 4.750 -163.346
v 201.972 4.750 -174.314
f 504 503 502 501
f 497 498 502 501
f 498 499 503 502
f 499 500 504 503
f 500 497 501 504
v -65.928 0.831 -84.948
v -64.558 0.831 -107.576
v -51.272 0.831 -106.772
v -52.642 0.831 -84.144
v -65.928 4.731 -84.948
v -64.558 4.731 -107.576
v -51.272 4.731 -106.772
v -52.642 4.731 -84.144
f 512 511 510 509
f 505 506 510 509
f 506 507 511 510
f 507 508 512 511
f 508 505 509 512
v 241.038 0.812 -194.556
v 261.349 0.812 -193.469
v 260.422 0.812 -176.164
v 240.111 0.812 -177.251
v 241.038 4.712 -194.556
v 261.349 4.712 -193.469
v 260.422 4.712 -176.164
v 240.111 4.712 -177.251
f 520 519 518 517
f 513 514 518 517
f 514 515 519 518
f 515 516 520 519
f 516 513 517 520
v 245.005 0.860 -214.523
v 258.750 0.860 -200.522
v 245.035 0.860 -187.057
v 231.290 0.860 -201.058
v 245.005 4.760 -214.523
v 258.750 4.760 -200.522
v 245.035 4.760 -187.057
v 231.290 4.760 -201.058
f 528 527 526 525
f 521 522 526 525
f 522 523 527 526
f 523 524 528 527
f 524 521 525 528
v -109.554 0.931 -251.002
v -94.391 0.931 -250.094
v -95.186 0.931 -236.838
v -110.349 0.931 -237.746
v -109.554 4.831 -251.002
v -94.391 4.831 -250.094
v -95.186 4.831 -236.838
v -110.349 4.831 -237.746
f 536 535 534 533
f 529 530 534 533
f 530 531 535 534
f 531 532 536 535
f 532 529 533 536
v 235.506 1.019 -234.390
v 252.527 1.019 -221.043
v 241.414 1.019 -206.870
v 224.393 1.019 -220.217
v 235.506 4.919 -234.390
v 252.527 4.919 -221.043
v 241.414 4.919 -206.870
v 224.393 4.919 -220.217
f 544 543 542 541
f 537 538 542 541
f 538 539 543 542
f 539 540 544 543
f 540 537 541 544
v 217.731 1.029 -242.170
v 242.805 1.029 -240.828
v 241.989 1.029 -225.570
v 216.915 1.029 -226.912
v 217.731 4.929 -242.170
v 242.805 4.929 -240.828
v 241.989 4.929 -225.570
v 216.915 4.929 -226.912
f 552 551 550 549
f 545 546 550 549
f 546 547 551 550
f 547 548 552 551
f 548 545 549 552
v -112.567 0.831 -232.538
v -94.271 0.831 -235.474
v -91.653 0.831 -219.162
v -109.949 0.831 -216.226
v -112.567 4.731 -232.538
v -94.271 4.731 -235.474
v -91.653 4.731 -219.162
v -109.949 4.731 -216.226
f 560 559 558 557
f 553 554 558 557
f 554 555 559 558
f 555 556 560 559
f 556 553 557 560
v 215.368 0.974 -258.977
v 231.155 0.974 -254.497
v 227.092 0.974 -240.183
v 211.305 0.974 -244.663
v 215.368 4.874 -258.977
v 231.155 4.874 -254.497
v 227.092 4.874 -240.183
v 211.305 4.874 -244.663
f 568 567 566 565
f 561 562 566 565
f 562 563 567 566
f 563 564 568 567
f 564 561 565 568
v -111.641 0.716 -195.009
v -93.905 0.716 -200.478
v -88.839 0.716 -184.051
v -106.575 0.716 -178.582
v -111.641 4.616 -195.009
v -93.905 4.616 -200.478
v -88.839 4.616 -184.051
v -106.575 4.616 -178.582
f 576 575 574 573
f 569 570 574 573
f 570 571 575 574
f 571 572 576 575
f 572 569 573 576
v -112.529 0.710 -153.814
v -98.243 0.710 -167.595
v -85.211 0.710 -154.086
v -99.497 0.710 -140.305
v -112.529 4.610 -153.814
v -98.243 4.610 -167.595
v -85.211 4.610 -154.086
v -99.497 4.610 -140.305
f 584 583 582 581
f 577 578 582 581
f 578 579 583 582
f 579 580 584 583
f 580 577 581 584
v -104.418 0.790 -128.848
v -101.486 0.790 -146.993
v -86.382 0.790 -144.552
v -89.314 0.790 -126.407
v -104.418 4.690 -128.848
v -101.486 4.690 -146.993
v -86.382 4.690 -144.552
v -89.314 4.690 -126.407
f 592 591 590 589
f 585 586 590 589
f 586 587 591 590
f 587 588 592 591
f 588 585 589 592
v -107.428 0.752 -123.480
v -88.963 0.752 -130.956
v -80.932 0.752 -111.120
v -99.397 0.752 -103.644
v -107.428 4.652 -123.480
v -88.963 4.652 -130.956
v -80.932 4.652 -111.120
v -99.397 4.652 -103.644
f 600 599 598 597
f 593 594 598 597
f 594 595 599 598
f 595 596 600 599
f 596 593 597 600
v -98.575 0.700 -92.587
v -97.309 0.700 -105.937
v -87.145 0.700 -104.973
v -88.411 0.700 -91.623
v -98.575 4.600 -92.587
v -97.309 4.600 -105.937
v -87.145 4.600 -104.973
v -88.411 4.600 -91.623
f 608 607 606 605
f 601 602 606 605
f 602 603 607 606
f 603 604 608 607
f 604 601 605 608
v -101.310 0.757 -93.459
v -80.370 0.757 -88.242
v -85.170 0.757 -68.981
v -106.110 0.757 -74.198
v -101.310 4.657 -93.459
v -80.370 4.657 -88.242
v -85.170 4.657 -68.981
v -106.110 4.657 -74.198
f 616 615 614 613
f 609 610 614 613
f 610 611 615 614
f 611 612 616 615
f 612 609 613 616
v -154.959 1.077 -254.349
v -137.520 1.077 -251.502
v -140.101 1.077 -235.691
v -157.540 1.077 -238.538
v -154.959 4.977 -254.349
v -137.520 4.977 -251.502
v -140.101 4.977 -235.691
v -157.540 4.977 -238.538
f 624 623 622 621
f 617 618 622 621
f 618 619 623 622
f 619 620 624 623
f 620 617 621 624
v -154.665 0.916 -234.021
v -136.739 0.916 -233.298
v -137.275 0.916 -219.999
v -155.201 0.916 -220.722
v -154.665 4.816 -234.021
v -136.739 4.816 -233.298
v -137.275 4.816 -219.999
v -155.201 4.816 -220.722
f 632 631 630 629
f 625 626 630 629
f 626 627 631 630
f 627 628 632 631
f 628 625 629 632
v -150.939 0.861 -203.877
v -149.948 0.861 -217.792
v -136.901 0.861 -216.863
v -137.892 0.861 -202.948
v -150.939 4.761 -203.877
v -149.948 4.761 -217.792
v -136.901 4.761 -216.863
v -137.892 4.761 -202.948
f 640 639 638 637
f 633 634 638 637
f 634 635 639 638
f 635 636 640 639
f 636 633 637 640
v -154.529 0.815 -192.974
v -140.099 0.815 -206.561
v -128.691 0.815 -194.446
v -143.121 0.815 -180.859
v -154.529 4.715 -192.974
v -140.099 4.715 -206.561
v -128.691 4.715 -194.446
v -143.121 4.715 -180.859
f 648 647 646 645
f 641 642 646 645
f 642 643 647 646
f 643 644 648 647
f 644 641 645 648
v -148.835 1.021 -182.973
v -132.048 1.021 -181.772
v -133.045 1.021 -167.847
v -149.832 1.021 -169.048
v -148.835 4.921 -182.973
v -132.048 4.921 -181.772
v -133.045 4.921 -167.847
v -149.832 4.921 -169.048
f 656 655 654 653
f 649 650 654 653
f 650 651 655 654
f 651 652 656 655
f 652 649 653 656
v -148.072 0.790 -150.167
v -146.809 0.790 -165.585
v -132.248 0.790 -164.393
v -133.511 0.790 -148.975
v -148.072 4.690 -150.167
v -146.809 4.690 -165.585
v -132.248 4.690 -164.393
v -133.511 4.690 -148.975
f 664 663 662 661
f 657 658 662 661
f 658 659 663 662
f 659 660 664 663
f 660 657 661 664
v -143.796 0.761 -152.982
v -126.822 0.761 -144.578
v -134.684 0.761 -128.698
v -151.658 0.761 -137.102
v -143.796 4.661 -152.982
v -126.822 4.661 -144.578
v -134.684 4.661 -128.698
v -151.658 4.661 -137.102
f 672 671 670 669
f 665 666 670 669
f 666 667 671 670
f 667 668 672 671
f 668 665 669 672
v -147.499 0.802 -129.863
v -132.013 0.802 -130.174
v -131.721 0.802 -115.677
v -147.207 0.802 -115.366
v -147.499 4.702 -129.863
v -132.013 4.702 -130.174
v -131.721 4.702 -115.677
v -147.207 4.702 -115.366
f 680 679 678 677
f 673 674 678 677
f 674 675 679 678
f 675 676 680 679
f 676 673 677 680
v -143.687 0.831 -119.415
v -123.861 0.831 -109.011
v -132.113 0.831 -93.285
v -151.939 0.831 -103.689
v -143.687 4.731 -119.415
v -123.861 4.731 -109.011
v -132.113 4.731 -93.285
v -151.939 4.731 -103.689
f 688 687 686 685
f 681 682 686 685
f 682 683 687 686
f 683 684 688 687
f 684 681 685 688
v 243.363 0.894 -133.534
v 246.087 0.894 -150.963
v 261.677 0.894 -148.526
v 258.953 0.894 -131.097
v 243.363 4.794 -133.534
v 246.087 4.794 -150.963
v 261.677 4.794 -148.526
v 258.953 4.794 -131.097
f 696 695 694 693
f 689 690 694 693
f 690 691 695 694
f 691 692 696 695
f 692 689 693 696
v 225.718 0.765 -129.441
v 233.791 0.765 -144.673
v 247.062 0.765 -137.639
v 238.989 0.765 -122.407
v 225.718 4.665 -129.441
v 233.791 4.665 -144.673
v 247.062 4.665 -137.639
v 238.989 4.665 -122.407
f 704 703 702 701
f 697 698 702 701
f 698 699 703 702
f 699 700 704 703
f 700 697 701 704
v -147.291 0.832 -94.260
v -130.068 0.832 -97.004
v -127.589 0.832 -81.440
v -144.812 0.832 -78.696
v -147.291 4.732 -94.260
v -130.068 4.732 -97.004
v -127.589 4.732 -81.440
v -144.812 4.732 -78.696
f 712 711 710 709
f 705 706 710 709
f 706 707 711 710
f 707 708 712 711
f 708 705 709 712
v 229.671 0.859 -138.799
v 230.463 0.859 -120.226
v 213.449 0.859 -119.501
v 212.657 0.859 -138.074
v 229.671 4.759 -138.799
v 230.463 4.759 -120.226
v 213.449 4.759 -119.501
v 212.657 4.759 -138.074
f 720 719 718 717
f 713 714 718 717
f 714 715 719 718
f 715 716 720 719
f 716 713 717 720
v -146.164 0.666 -76.571
v -128.047 0.666 -76.267
v -128.296 0.666 -61.409
v -146.413 0.666 -61.713
v -146.164 4.566 -76.571
v -128.047 4.566 -76.267
v -128.296 4.566 -61.409
v -146.413 4.566 -61.713
f 728 727 726 725
f 721 722 726 725
f 722 723 727 726
f 723 724 728 727
f 724 721 725 728
v 195.835 0.820 -119.567
v 202.684 0.820 -135.758
v 214.325 0.820 -130.833
v 207.476 0.820 -114.642
v 195.835 4.720 -119.567
v 202.684 4.720 -135.758
v 214.325 4.720 -130.833
v 207.476 4.720 -114.642
f 736 735 734 733
f 729 730 734 733
f 730 731 735 734
f 731 732 736 735
f 732 729 733 736
v 177.450 0.963 -122.929
v 193.482 0.963 -127.708
v 197.750 0.963 -113.391
v 181.718 0.963 -108.612
v 177.450 4.863 -122.929
v 193.482 4.863 -127.708
v 197.750 4.863 -113.391
v 181.718 4.863 -108.612
f 744 743 742 741
f 737 738 742 741
f 738 739 743 742
f 739 740 744 743
f 740 737 741 744
v 163.961 0.928 -98.195
v 168.621 0.928 -122.686
v 183.239 0.928 -119.905
v 178.579 0.928 -95.414
v 163.961 4.828 -98.195
v 168.621 4.828 -122.686
v 183.239 4.828 -119.905
v 178.579 4.828 -95.414
f 752 751 750 749
f 745 746 750 749
f 746 747 751 750
f 747 748 752 751
f 748 745 749 752
v 146.797 1.156 -102.738
v 156.307 1.156 -119.922
v 169.283 1.156 -112.742
v 159.773 1.156 -95.558
v 146.797 5.056 -102.738
v 156.307 5.056 -119.922
v 169.283 5.056 -112.742
v 159.773 5.056 -95.558
f 760 759 758 757
f 753 754 758 757
f 754 755 759 758
f 755 756 760 759
f 756 753 757 760
v 129.310 1.021 -91.976
v 139.685 1.021 -113.629
v 153.970 1.021 -106.784
v 143.595 1.021 -85.131
v 129.310 4.921 -91.976
v 139.685 4.921 -113.629
v 153.970 4.921 -106.784
v 143.595 4.921 -85.131
f 768 767 766 765
f 761 762 766 765
f 762 763 767 766
f 763 764 768 767
f 764 761 765 768
v -187.753 1.034 -249.686
v -173.135 1.034 -248.725
v -174.047 1.034 -234.854
v -188.665 1.034 -235.815
v -187.753 4.934 -249.686
v -173.135 4.934 -248.725
v -174.047 4.934 -234.854
v -188.665 4.934 -235.815
f 776 775 774 773
f 769 770 774 773
f 770 771 775 774
f 771 772 776 775
f 772 769 773 776
v -185.598 0.975 -234.352
v -165.263 0.975 -230.486
v -168.042 0.975 -215.868
v -188.377 0.975 -219.734
v -185.598 4.875 -234.352
v -165.263 4.875 -230.486
v -168.042 4.875 -215.868
v -188.377 4.875 -219.734
f 784 783 782 781
f 777 778 782 781
f 778 779 783 782
f 779 780 784 783
f 780 777 781 784
v 147.699 0.740 -79.780
v 162.308 0.740 -73.975
v 157.741 0.740 -62.480
v 143.132 0.740 -68.285
v 147.699 4.640 -79.780
v 162.308 4.640 -73.975
v 157.741 4.640 -62.480
v 143.132 4.640 -68.285
f 792 791 790 789
f 785 786 790 789
f 786 787 791 790
f 787 788 792 791
f 788 785 789 792
v 160.386 0.772 -67.255
v 163.031 0.772 -82.020
v 177.294 0.772 -79.465
v 174.649 0.772 -64.700
v 160.386 4.672 -67.255
v 163.031 4.672 -82.020
v 177.294 4.672 -79.465
v 174.649 4.672 -64.700
f 800 799 798 797
f 793 794 798 797
f 794 795 799 798
f 795 796 800 799
f 796 793 797 800
v -181.898 1.003 -221.943
v -162.295 1.003 -212.024
v -170.102 1.003 -196.597
v -189.705 1.003 -206.516
v -181.898 4.903 -221.943
v -162.295 4.903 -212.024
v -170.102 4.903 -196.597
v -189.705 4.903 -206.516
f 808 807 806 805
f 801 802 806 805
f 802 803 807 806
f 803 804 808 807
f 804 801 805 808
v 170.543 0.728 -77.793
v 182.717 0.728 -96.094
v 196.497 0.728 -86.927
v 184.323 0.728 -68.626
v 170.543 4.628 -77.793
v 182.717 4.628 -96.094
v 196.497 4.628 -86.927
v 184.323 4.628 -68.626
f 816 815 814 813
f 809 810 814 813
f 810 811 815 814
f 811 812 816 815
f 812 809 813 816
v 192.153 0.845 -80.334
v 196.760 0.845 -93.236
v 208.607 0.845 -89.006
v 204.000 0.845 -76.104
v 192.153 4.745 -80.334
v 196.760 4.745 -93.236
v 208.607 4.745 -89.006
v 204.000 4.745 -76.104
f 824 823 822 821
f 817 818 822 821
f 818 819 823 822
f 819 820 824 823
f 820 817 821 824
v 207.149 0.780 -88.314
v 212.699 0.780 -103.149
v 223.451 0.780 -99.126
v 217.901 0.780 -84.291
v 207.149 4.680 -88.314
v 212.699 4.680 -103.149
v 223.451 4.680 -99.126
v 217.901 4.680 -84.291
f 832 831 830 829
f 825 826 830 829
f 826 827 831 830
f 827 828 832 831
f 828 825 829 832
v 221.617 0.724 -91.118
v 227.973 0.724 -108.758
v 239.563 0.724 -104.582
v 233.207 0.724 -86.942
v 221.617 4.624 -91.118
v 227.973 4.624 -108.758
v 239.563 4.624 -104.582
v 233.207 4.624 -86.942
f 840 839 838 837
f 833 834 838 837
f 834 835 839 838
f 835 836 840 839
f 836 833 837 840
v -183.727 1.020 -184.479
v -182.828 1.020 -198.039
v -171.393 1.020 -197.281
v -172.292 1.020 -183.721
v -183.727 4.920 -184.479
v -182.828 4.920 -198.039
v -171.393 4.920 -197.281
v -172.292 4.920 -183.721
f 848 847 846 845
f 841 842 846 845
f 842 843 847 846
f 843 844 848 847
f 844 841 845 848
v 238.487 0.605 -94.230
v 240.670 0.605 -113.386
v 255.553 0.605 -111.690
v 253.370 0.605 -92.534
v 238.487 4.505 -94.230
v 240.670 4.505 -113.386
v 255.553 4.505 -111.690
v 253.370 4.505 -92.534
f 856 855 854 853
f 849 850 854 853
f 850 851 855 854
f 851 852 856 855
f 852 849 853 856
v -182.286 1.091 -167.110
v -181.378 1.091 -180.980
v -169.314 1.091 -180.190
v -170.222 1.091 -166.320
v -182.286 4.991 -167.110
v -181.378 4.991 -180.980
v -169.314 4.991 -180.190
v -170.222 4.991 -166.320
f 864 863 862 861
f 857 858 862 861
f 858 859 863 862
f 859 860 864 863
f 860 857 861 864
v -180.629 0.957 -132.142
v -179.476 0.957 -146.065
v -166.111 0.957 -144.958
v -167.264 0.957 -131.035
v -180.629 4.857 -132.142
v -179.476 4.857 -146.065
v -166.111 4.857 -144.958
v -167.264 4.857 -131.035
f 872 871 870 869
f 865 866 870 869
f 866 867 871 870
f 867 868 872 871
f 868 865 869 872
v -178.596 0.833 -131.697
v -158.764 0.833 -127.269
v -161.524 0.833 -114.903
v -181.356 0.833 -119.331
v -178.596 4.733 -131.697
v -158.764 4.733 -127.269
v -161.524 4.733 -114.903
v -181.356 4.733 -119.331
f 880 879 878 877
f 873 874 878 877
f 874 875 879 878
f 875 876 880 879
f 876 873 877 880
v -185.443 0.844 -109.525
v -164.562 0.844 -116.388
v -158.457 0.844 -97.815
v -179.338 0.844 -90.952
v -185.443 4.744 -109.525
v -164.562 4.744 -116.388
v -158.457 4.744 -97.815
v -179.338 4.744 -90.952
f 888 887 886 885
f 881 882 886 885
f 882 883 887 886
f 883 884 888 887
f 884 881 885 888
v 170.217 0.876 -44.542
v 174.965 0.876 -22.477
v 155.823 0.876 -18.358
v 151.075 0.876 -40.423
v 170.217 4.776 -44.542
v 174.965 4.776 -22.477
v 155.823 4.776 -18.358
v 151.075 4.776 -40.423
f 896 895 894 893
f 889 890 894 893
f 890 891 895 894
f 891 892 896 895
f 892 889 893 896
v -182.050 0.947 -81.200
v -174.884 0.947 -97.100
v -160.370 0.947 -90.560
v -167.536 0.947 -74.660
v -182.050 4.847 -81.200
v -174.884 4.847 -97.100
v -160.370 4.847 -90.560
v -167.536 4.847 -74.660
f 904 903 902 901
f 897 898 902 901
f 898 899 903 902
f 899 900 904 903
f 900 897 901 904
v -180.599 0.787 -76.228
v -160.207 0.787 -78.772
v -158.281 0.787 -63.332
v -178.673 0.787 -60.788
v -180.599 4.687 -76.228
v -160.207 4.687 -78.772
v -158.281 4.687 -63.332
v -178.673 4.687 -60.788
f 912 911 910 909
f 905 906 910 909
f 906 907 911 910
f 907 908 912 911
f 908 905 909 912
v 170.257 0.767 -30.199
v 178.642 0.767 -48.609
v 192.183 0.767 -42.441
v 183.798 0.767 -24.031
v 170.257 4.667 -30.199
v 178.642 4.667 -48.609
v 192.183 4.667 -42.441
v 183.798 4.667 -24.031
f 920 919 918 917
f 913 914 918 917
f 914 915 919 918
f 915 916 920 919
f 916 913 917 920
v 190.155 0.891 -34.086
v 190.305 0.891 -50.725
v 204.745 0.891 -50.594
v 204.595 0.891 -33.955
v 190.155 4.791 -34.086
v 190.305 4.791 -50.725
v 204.745 4.791 -50.594
v 204.595 4.791 -33.955
f 928 927 926 925
f 921 922 926 925
f 922 923 927 926
f 923 924 928 927
f 924 921 925 928
v 206.524 0.908 -44.492
v 211.576 0.908 -57.355
v 221.116 0.908 -53.608
v 216.064 0.908 -40.745
v 206.524 4.808 -44.492
v 211.576 4.808 -57.355
v 221.116 4.808 -53.608
v 216.064 4.808 -40.745
f 936 935 934 933
f 929 930 934 933
f 930 931 935 934
f 931 932 936 935
f 932 929 933 936
v 223.379 0.884 -61.814
v 247.573 0.884 -58.892
v 245.841 0.884 -44.546
v 221.647 0.884 -47.468
v 223.379 4.784 -61.814
v 247.573 4.784 -58.892
v 245.841 4.784 -44.546
v 221.647 4.784 -47.468
f 944 943 942 941
f 937 938 942 941
f 938 939 943 942
f 939 940 944 943
f 940 937 941 944
v -175.993 0.768 -44.313
v -175.469 0.768 -59.574
v -160.707 0.768 -59.067
v -161.231 0.768 -43.806
v -175.993 4.668 -44.313
v -175.469 4.668 -59.574
v -160.707 4.668 -59.067
v -161.231 4.668 -43.806
f 952 951 950 949
f 945 946 950 949
f 946 947 951 950
f 947 948 952 951
f 948 945 949 952
v -244.142 0.997 -232.640
v -242.330 0.997 -246.442
v -228.598 0.997 -244.640
v -230.410 0.997 -230.838
v -244.142 4.897 -232.640
v -242.330 4.897 -246.442
v -228.598 4.897 -244.640
v -230.410 4.897 -230.838
f 960 959 958 957
f 953 954 958 957
f 954 955 959 958
f 955 956 960 959
f 956 953 957 960
v -247.898 0.915 -227.649
v -230.252 0.915 -232.828
v -225.082 0.915 -215.211
v -242.728 0.915 -210.032
v -247.898 4.815 -227.649
v -230.252 4.815 -232.828
v -225.082 4.815 -215.211
v -242.728 4.815 -210.032
f 968 967 966 965
f 961 962 966 965
f 962 963 967 966
f 963 964 968 967
f 964 961 965 968
v 168.957 0.864 10.422
v 177.819 0.864 -13.050
v 188.063 0.864 -9.182
v 179.201 0.864 14.290
v 168.957 4.764 10.422
v 177.819 4.764 -13.050
v 188.063 4.764 -9.182
v 179.201 4.764 14.290
f 976 975 974 973
f 969 970 974 973
f 970 971 975 974
f 971 972 976 975
f 972 969 973 976
v 202.350 0.889 -13.249
v 203.217 0.889 7.402
v 189.230 0.889 7.989
v 188.363 0.889 -12.662
v 202.350 4.789 -13.249
v 203.217 4.789 7.402
v 189.230 4.789 7.989
v 188.363 4.789 -12.662
f 984 983 982 981
f 977 978 982 981
f 978 979 983 982
f 979 980 984 983
f 980 977 981 984
v 195.870 0.764 -1.615
v 206.923 0.764 -20.138
v 221.590 0.764 -11.385
v 210.537 0.764 7.138
v 195.870 4.664 -1.615
v 206.923 4.664 -20.138
v 221.590 4.664 -11.385
v 210.537 4.664 7.138
f 992 991 990 989
f 985 986 990 989
f 986 987 991 990
f 987 988 992 991
f 988 985 989 992
v 215.279 0.759 -3.850
v 220.608 0.759 -21.514
v 235.141 0.759 -17.130
v 229.812 0.759 0.534
v 215.279 4.659 -3.850
v 220.608 4.659 -21.514
v 235.141 4.659 -17.130
v 229.812 4.659 0.534
f 1000 999 998 997
f 993 994 998 997
f 994 995 999 998
f 995 996 1000 999
f 996 993 997 1000
v -249.413 0.894 -169.901
v -234.560 0.894 -193.978
v -213.487 0.894 -180.979
v -228.340 0.894 -156.902
v -249.413 4.794 -169.901
v -234.560 4.794 -193.978
v -213.487 4.794 -180.979
v -228.340 4.794 -156.902
f 1008 1007 1006 1005
f 1001 1002 1006 1005
f 1002 1003 1007 1006
f 1003 1004 1008 1007
f 1004 1001 1005 1008
v 228.789 0.885 -26.340
v 253.407 0.885 -34.949
v 260.831 0.885 -13.720
v 236.213 0.885 -5.111
v 228.789 4.785 -26.340
v 253.407 4.785 -34.949
v 260.831 4.785 -13.720
v 236.213 4.785 -5.111
f 1016 1015 1014 1013
f 1009 1010 1014 1013
f 1010 1011 1015 1014
f 1011 1012 1016 1015
f 1012 1009 1013 1016
v -237.933 1.009 -166.618
v -215.359 1.009 -156.016
v -223.227 1.009 -139.262
v -245.801 1.009 -149.864
v -237.933 4.909 -166.618
v -215.359 4.909 -156.016
v -223.227 4.909 -139.262
v -245.801 4.909 -149.864
f 1024 1023 1022 1021
f 1017 1018 1022 1021
f 1018 1019 1023 1022
f 1019 1020 1024 1023
f 1020 1017 1021 1024
v -236.507 1.033 -151.488
v -212.739 1.033 -138.491
v -222.253 1.033 -121.092
v -246.021 1.033 -134.089
v -236.507 4.933 -151.488
v -212.739 4.933 -138.491
v -222.253 4.933 -121.092
v -246.021 4.933 -134.089
f 1032 1031 1030 1029
f 1025 1026 1030 1029
f 1026 1027 1031 1030
f 1027 1028 1032 1031
f 1028 1025 1029 1032
v -242.910 1.202 -132.146
v -216.161 1.202 -123.123
v -222.870 1.202 -103.234
v -249.619 1.202 -112.257
v -242.910 5.102 -132.146
v -216.161 5.102 -123.123
v -222.870 5.102 -103.234
v -249.619 5.102 -112.257
f 1040 1039 1038 1037
f 1033 1034 1038 1037
f 1034 1035 1039 1038
f 1035 1036 1040 1039
f 1036 1033 1037 1040
v -237.871 1.073 -107.781
v -221.658 1.073 -107.032
v -222.369 1.073 -91.639
v -238.582 1.073 -92.388
v -237.871 4.973 -107.781
v -221.658 4.973 -107.032
v -222.369 4.973 -91.639
v -238.582 4.973 -92.388
f 1048 1047 1046 1045
f 1041 1042 1046 1045
f 1042 1043 1047 1046
f 1043 1044 1048 1047
f 1044 1041 1045 1048
v -235.106 0.939 -89.757
v -220.514 0.939 -89.037
v -221.174 0.939 -75.643
v -235.766 0.939 -76.363
v -235.106 4.839 -89.757
v -220.514 4.839 -89.037
v -221.174 4.839 -75.643
v -235.766 4.839 -76.363
f 1056 1055 1054 1053
f 1049 1050 1054 1053
f 1050 1051 1055 1054
f 1051 1052 1056 1055
f 1052 1049 1053 1056
v -236.905 0.799 -72.230
v -222.399 0.799 -71.597
v -222.975 0.799 -58.410
v -237.481 0.799 -59.043
v -236.905 4.699 -72.230
v -222.399 4.699 -71.597
v -222.975 4.699 -58.410
v -237.481 4.699 -59.043
f 1064 1063 1062 1061
f 1057 1058 1062 1061
f 1058 1059 1063 1062
f 1059 1060 1064 1063
f 1060 1057 1061 1064
v 181.672 0.732 52.046
v 189.745 0.732 32.909
v 203.888 0.732 38.874
v 195.815 0.732 58.011
v 181.672 4.632 52.046
v 189.745 4.632 32.909
v 203.888 4.632 38.874
v 195.815 4.632 58.011
f 1072 1071 1070 1069
f 1065 1066 1070 1069
f 1066 1067 1071 1070
f 1067 1068 1072 1071
f 1068 1065 1069 1072
v -233.785 0.718 -39.509
v -215.199 0.718 -34.458
v -218.815 0.718 -21.151
v -237.401 0.718 -26.202
v -233.785 4.618 -39.509
v -215.199 4.618 -34.458
v -218.815 4.618 -21.151
v -237.401 4.618 -26.202
f 1080 1079 1078 1077
f 1073 1074 1078 1077
f 1074 1075 1079 1078
f 1075 1076 1080 1079
f 1076 1073 1077 1080
v 208.451 0.777 27.021
v 221.224 0.777 36.406
v 214.249 0.777 45.899
v 201.476 0.777 36.514
v 208.451 4.677 27.021
v 221.224 4.677 36.406
v 214.249 4.677 45.899
v 201.476 4.677 36.514
f 1088 1087 1086 1085
f 1081 1082 1086 1085
f 1082 1083 1087 1086
f 1083 1084 1088 1087
f 1084 1081 1085 1088
v 219.464 0.858 44.183
v 221.168 0.858 21.868
v 239.096 0.858 23.237
v 237.392 0.858 45.552
v 219.464 4.758 44.183
v 221.168 4.758 21.868
v 239.096 4.758 23.237
v 237.392 4.758 45.552
f 1096 1095 1094 1093
f 1089 1090 1094 1093
f 1090 1091 1095 1094
f 1091 1092 1096 1095
f 1092 1089 1093 1096
v 243.266 0.747 15.029
v 256.128 0.747 24.945
v 248.954 0.747 34.251
v 236.092 0.747 24.335
v 243.266 4.647 15.029
v 256.128 4.647 24.945
v 248.954 4.647 34.251
v 236.092 4.647 24.335
f 1104 1103 1102 1101
f 1097 1098 1102 1101
f 1098 1099 1103 1102
f 1099 1100 1104 1103
f 1100 1097 1101 1104
v 243.844 0.636 80.163
v 248.463 0.636 62.839
v 259.256 0.636 65.717
v 254.637 0.636 83.041
v 243.844 4.536 80.163
v 248.463 4.536 62.839
v 259.256 4.536 65.717
v 254.637 4.536 83.041
f 1112 1111 1110 1109
f 1105 1106 1110 1109
f 1106 1107 1111 1110
f 1107 1108 1112 1111
f 1108 1105 1109 1112
v 230.609 0.471 83.716
v 235.559 0.471 71.890
v 245.771 0.471 76.164
v 240.821 0.471 87.990
v 230.609 4.371 83.716
v 235.559 4.371 71.890
v 245.771 4.371 76.164
v 240.821 4.371 87.990
f 1120 1119 1118 1117
f 1113 1114 1118 1117
f 1114 1115 1119 1118
f 1115 1116 1120 1119
f 1116 1113 1117 1120
v 210.492 0.750 73.938
v 222.171 0.750 93.613
v 207.028 0.750 102.602
v 195.349 0.750 82.927
v 210.492 4.650 73.938
v 222.171 4.650 93.613
v 207.028 4.650 102.602
v 195.349 4.650 82.927
f 1128 1127 1126 1125
f 1121 1122 1126 1125
f 1122 1123 1127 1126
f 1123 1124 1128 1127
f 1124 1121 1125 1128
v 199.075 0.722 60.166
v 217.256 0.722 64.910
v 213.545 0.722 79.134
v 195.364 0.722 74.390
v 199.075 4.622 60.166
v 217.256 4.622 64.910
v 213.545 4.622 79.134
v 195.364 4.622 74.390
f 1136 1135 1134 1133
f 1129 1130 1134 1133
f 1130 1131 1135 1134
f 1131 1132 1136 1135
f 1132 1129 1133 1136
v 216.716 0.441 134.910
v 220.926 0.441 123.044
v 229.964 0.441 126.250
v 225.754 0.441 138.116
v 216.716 4.341 134.910
v 220.926 4.341 123.044
v 229.964 4.341 126.250
v 225.754 4.341 138.116
f 1144 1143 1142 1141
f 1137 1138 1142 1141
f 1138 1139 1143 1142
f 1139 1140 1144 1143
f 1140 1137 1141 1144
v 226.501 0.565 120.679
v 240.434 0.565 116.024
v 245.679 0.565 131.721
v 231.746 0.565 136.376
v 226.501 4.465 120.679
v 240.434 4.465 116.024
v 245.679 4.465 131.721
v 231.746 4.465 136.376
f 1152 1151 1150 1149
f 1145 1146 1150 1149
f 1146 1147 1151 1150
f 1147 1148 1152 1151
f 1148 1145 1149 1152
v 238.046 0.387 122.359
v 254.387 0.387 109.505
v 266.214 0.387 124.541
v 249.873 0.387 137.395
v 238.046 4.287 122.359
v 254.387 4.287 109.505
v 266.214 4.287 124.541
v 249.873 4.287 137.395
f 1160 1159 1158 1157
f 1153 1154 1158 1157
f 1154 1155 1159 1158
f 1155 1156 1160 1159
f 1156 1153 1157 1160
v -178.190 0.952 115.042
v -171.964 0.952 91.677
v -162.050 0.952 94.318
v -168.276 0.952 117.683
v -178.190 4.852 115.042
v -171.964 4.852 91.677
v -162.050 4.852 94.318
v -168.276 4.852 117.683
f 1168 1167 1166 1165
f 1161 1162 1166 1165
f 1162 1163 1167 1166
f 1163 1164 1168 1167
f 1164 1161 1165 1168
v 6.954 1.072 129.482
v 40.984 1.072 140.820
v 37.826 1.072 150.298
v 3.796 1.072 138.960
v 6.954 4.972 129.482
v 40.984 4.972 140.820
v 37.826 4.972 150.298
v 3.796 4.972 138.960
f 1176 1175 1174 1173
f 1169 1170 1174 1173
f 1170 1171 1175 1174
f 1171 1172 1176 1175
f 1172 1169 1173 1176
v 49.492 1.220 117.671
v 72.427 1.220 126.922
v 68.028 1.220 137.829
v 45.093 1.220 128.578
v 49.492 5.120 117.671
v 72.427 5.120 126.922
v 68.028 5.120 137.829
v 45.093 5.120 128.578
f 1184 1183 1182 1181
f 1177 1178 1182 1181
f 1178 1179 1183 1182
f 1179 1180 1184 1183
f 1180 1177 1181 1184
v 117.622 1.259 93.401
v 147.495 1.259 102.300
v 144.058 1.259 113.839
v 114.185 1.259 104.940
v 117.622 5.159 93.401
v 147.495 5.159 102.300
v 144.058 5.159 113.839
v 114.185 5.159 104.940
f 1192 1191 1190 1189
f 1185 1186 1190 1189
f 1186 1187 1191 1190
f 1187 1188 1192 1191
f 1188 1185 1189 1192
v 81.151 1.200 111.379
v 90.937 1.200 82.693
v 101.689 1.200 86.361
v 91.903 1.200 115.047
v 81.151 5.100 111.379
v 90.937 5.100 82.693
v 101.689 5.100 86.361
v 91.903 5.100 115.047
f 1200 1199 1198 1197
f 1193 1194 1198 1197
f 1194 1195 1199 1198
f 1195 1196 1200 1199
f 1196 1193 1197 1200
v 136.555 1.297 71.529
v 145.225 1.297 45.706
v 155.425 1.297 49.131
v 146.755 1.297 74.954
v 136.555 5.197 71.529
v 145.225 5.197 45.706
v 155.425 5.197 49.131
v 146.755 5.197 74.954
f 1208 1207 1206 1205
f 1201 1202 1206 1205
f 1202 1203 1207 1206
f 1203 1204 1208 1207
f 1204 1201 1205 1208
v 110.428 1.163 43.814
v 118.341 1.163 21.039
v 128.032 1.163 24.406
v 120.119 1.163 47.181
v 110.428 5.063 43.814
v 118.341 5.063 21.039
v 128.032 5.063 24.406
v 120.119 5.063 47.181
f 1216 1215 1214 1213
f 1209 1210 1214 1213
f 1210 1211 1215 1214
f 1211 1212 1216 1215
f 1212 1209 1213 1216
v 67.112 1.144 75.013
v 78.511 1.144 41.478
v 88.188 1.144 44.767
v 76.789 1.144 78.302
v 67.112 5.044 75.013
v 78.511 5.044 41.478
v 88.188 5.044 44.767
v 76.789 5.044 78.302
f 1224 1223 1222 1221
f 1217 1218 1222 1221
f 1218 1219 1223 1222
f 1219 1220 1224 1223
f 1220 1217 1221 1224
v 37.012 1.035 110.020
v 49.462 1.035 76.242
v 59.548 1.035 79.960
v 47.098 1.035 113.738
v 37.012 4.935 110.020
v 49.462 4.935 76.242
v 59.548 4.935 79.960
v 47.098 4.935 113.738
f 1232 1231 1230 1229
f 1225 1226 1230 1229
f 1226 1227 1231 1230
f 1227 1228 1232 1231
f 1228 1225 1229 1232
v 4.210 0.944 78.427
v 15.046 0.944 52.707
v 27.450 0.944 57.933
v 16.614 0.944 83.653
v 4.210 4.844 78.427
v 15.046 4.844 52.707
v 27.450 4.844 57.933
v 16.614 4.844 83.653
f 1240 1239 1238 1237
f 1233 1234 1238 1237
f 1234 1235 1239 1238
f 1235 1236 1240 1239
f 1236 1233 1237 1240
v -61.342 0.984 29.484
v -51.417 0.984 6.703
v -40.278 0.984 11.556
v -50.203 0.984 34.337
v -61.342 4.884 29.484
v -51.417 4.884 6.703
v -40.278 4.884 11.556
v -50.203 4.884 34.337
f 1248 1247 1246 1245
f 1241 1242 1246 1245
f 1242 1243 1247 1246
f 1243 1244 1248 1247
f 1244 1241 1245 1248
v -74.523 0.986 -0.446
v -64.803 0.986 -29.408
v -53.977 0.986 -25.774
v -63.697 0.986 3.188
v -74.523 4.886 -0.446
v -64.803 4.886 -29.408
v -53.977 4.886 -25.774
v -63.697 4.886 3.188
f 1256 1255 1254 1253
f 1249 1250 1254 1253
f 1250 1251 1255 1254
f 1251 1252 1256 1255
f 1252 1249 1253 1256
v -47.966 1.132 -49.648
v -20.641 1.132 -42.360
v -24.014 1.132 -29.712
v -51.339 1.132 -37.000
v -47.966 5.032 -49.648
v -20.641 5.032 -42.360
v -24.014 5.032 -29.712
v -51.339 5.032 -37.000
f 1264 1263 1262 1261
f 1257 1258 1262 1261
f 1258 1259 1263 1262
f 1259 1260 1264 1263
f 1260 1257 1261 1264
v -10.697 1.075 -12.929
v -1.007 1.075 -41.733
v 10.177 1.075 -37.971
v 0.487 1.075 -9.167
v -10.697 4.975 -12.929
v -1.007 4.975 -41.733
v 10.177 4.975 -37.971
v 0.487 4.975 -9.167
f 1272 1271 1270 1269
f 1265 1266 1270 1269
f 1266 1267 1271 1270
f 1267 1268 1272 1271
f 1268 1265 1269 1272
v 2.228 0.998 20.767
v 11.058 0.998 -4.801
v 21.872 0.998 -1.067
v 13.042 0.998 24.501
v 2.228 4.898 20.767
v 11.058 4.898 -4.801
v 21.872 4.898 -1.067
v 13.042 4.898 24.501
f 1280 1279 1278 1277
f 1273 1274 1278 1277
f 1274 1275 1279 1278
f 1275 1276 1280 1279
f 1276 1273 1277 1280
v 42.409 1.023 12.966
v 51.161 1.023 -9.864
v 61.591 1.023 -5.866
v 52.839 1.023 16.964
v 42.409 4.923 12.966
v 51.161 4.923 -9.864
v 61.591 4.923 -5.866
v 52.839 4.923 16.964
f 1288 1287 1286 1285
f 1281 1282 1286 1285
f 1282 1283 1287 1286
f 1283 1284 1288 1287
f 1284 1281 1285 1288
v 31.205 1.066 -18.048
v 39.925 1.066 -47.619
v 52.155 1.066 -44.012
v 43.435 1.066 -14.441
v 31.205 4.966 -18.048
v 39.925 4.966 -47.619
v 52.155 4.966 -44.012
v 43.435 4.966 -14.441
f 1296 1295 1294 1293
f 1289 1290 1294 1293
f 1290 1291 1295 1294
f 1291 1292 1296 1295
f 1292 1289 1293 1296
v 38.545 1.155 -78.102
v 64.373 1.155 -69.134
v 60.735 1.155 -58.658
v 34.907 1.155 -67.626
v 38.545 5.055 -78.102
v 64.373 5.055 -69.134
v 60.735 5.055 -58.658
v 34.907 5.055 -67.626
f 1304 1303 1302 1301
f 1297 1298 1302 1301
f 1298 1299 1303 1302
f 1299 1300 1304 1303
f 1300 1297 1301 1304
v 73.634 1.106 -90.467
v 102.416 1.106 -80.588
v 98.786 1.106 -70.013
v 70.004 1.106 -79.892
v 73.634 5.006 -90.467
v 102.416 5.006 -80.588
v 98.786 5.006 -70.013
v 70.004 5.006 -79.892
f 1312 1311 1310 1309
f 1305 1306 1310 1309
f 1306 1307 1311 1310
f 1307 1308 1312 1311
f 1308 1305 1309 1312
v 96.375 1.270 -37.394
v 107.895 1.270 -71.427
v 117.765 1.270 -68.086
v 106.245 1.270 -34.053
v 96.375 5.170 -37.394
v 107.895 5.170 -71.427
v 117.765 5.170 -68.086
v 106.245 5.170 -34.053
f 1320 1319 1318 1317
f 1313 1314 1318 1317
f 1314 1315 1319 1318
f 1315 1316 1320 1319
f 1316 1313 1317 1320
v 91.605 1.165 -1.534
v 98.693 1.165 -25.038
v 109.675 1.165 -21.726
v 102.587 1.165 1.778
v 91.605 5.065 -1.534
v 98.693 5.065 -25.038
v 109.675 5.065 -21.726
v 102.587 5.065 1.778
f 1328 1327 1326 1325
f 1321 1322 1326 1325
f 1322 1323 1327 1326
f 1323 1324 1328 1327
f 1324 1321 1325 1328
v -220.718 0.440 66.713
v -198.793 0.440 68.645
v -200.342 0.440 86.207
v -222.267 0.440 84.275
v -220.718 4.340 66.713
v -198.793 4.340 68.645
v -200.342 4.340 86.207
v -222.267 4.340 84.275
f 1336 1335 1334 1333
f 1329 1330 1334 1333
f 1330 1331 1335 1334
f 1331 1332 1336 1335
f 1332 1329 1333 1336
v -252.629 1.320 242.277
v -244.843 1.320 219.322
v -235.231 1.320 222.583
v -243.017 1.320 245.538
v -252.629 5.220 242.277
v -244.843 5.220 219.322
v -235.231 5.220 222.583
v -243.017 5.220 245.538
f 1344 1343 1342 1341
f 1337 1338 1342 1341
f 1338 1339 1343 1342
f 1339 1340 1344 1343
f 1340 1337 1341 1344
v -244.131 0.704 199.693
v -238.156 0.704 182.820
v -224.469 0.704 187.667
v -230.444 0.704 204.540
v -244.131 4.604 199.693
v -238.156 4.604 182.820
v -224.469 4.604 187.667
v -230.444 4.604 204.540
f 1352 1351 1350 1349
f 1345 1346 1350 1349
f 1346 1347 1351 1350
f 1347 1348 1352 1351
f 1348 1345 1349 1352
v -210.916 1.115 211.624
v -200.895 1.115 210.742
v -200.064 1.115 220.196
v -210.085 1.115 221.078
v -210.916 5.015 211.624
v -200.895 5.015 210.742
v -200.064 5.015 220.196
v -210.085 5.015 221.078
f 1360 1359 1358 1357
f 1353 1354 1358 1357
f 1354 1355 1359 1358
f 1355 1356 1360 1359
f 1356 1353 1357 1360
v -212.401 1.126 231.365
v -207.672 1.126 218.753
v -198.599 1.126 222.155
v -203.328 1.126 234.767
v -212.401 5.026 231.365
v -207.672 5.026 218.753
v -198.599 5.026 222.155
v -203.328 5.026 234.767
f 1368 1367 1366 1365
f 1361 1362 1366 1365
f 1362 1363 1367 1366
f 1363 1364 1368 1367
f 1364 1361 1365 1368
v -174.876 0.913 10.435
v -151.561 0.913 17.527
v -154.664 0.913 27.725
v -177.979 0.913 20.633
v -174.876 4.813 10.435
v -151.561 4.813 17.527
v -154.664 4.813 27.725
v -177.979 4.813 20.633
f 1376 1375 1374 1373
f 1369 1370 1374 1373
f 1370 1371 1375 1374
f 1371 1372 1376 1375
f 1372 1369 1373 1376
v -148.570 1.191 260.066
v -144.550 1.191 248.442
v -135.610 1.191 251.534
v -139.630 1.191 263.158
v -148.570 5.091 260.066
v -144.550 5.091 248.442
v -135.610 5.091 251.534
v -139.630 5.091 263.158
f 1384 1383 1382 1381
f 1377 1378 1382 1381
f 1378 1379 1383 1382
f 1379 1380 1384 1383
f 1380 1377 1381 1384
v 247.451 0.718 226.245
v 252.577 0.718 210.825
v 261.449 0.718 213.775
v 256.323 0.718 229.195
v 247.451 4.618 226.245
v 252.577 4.618 210.825
v 261.449 4.618 213.775
v 256.323 4.618 229.195
f 1392 1391 1390 1389
f 1385 1386 1390 1389
f 1386 1387 1391 1390
f 1387 1388 1392 1391
f 1388 1385 1389 1392
v 228.665 0.765 178.283
v 234.134 0.765 159.014
v 247.535 0.765 162.817
v 242.066 0.765 182.086
v 228.665 4.665 178.283
v 234.134 4.665 159.014
v 247.535 4.665 162.817
v 242.066 4.665 182.086
f 1400 1399 1398 1397
f 1393 1394 1398 1397
f 1394 1395 1399 1398
f 1395 1396 1400 1399
f 1396 1393 1397 1400
v 238.402 0.214 142.248
v 241.808 0.214 132.485
v 247.218 0.214 134.372
v 243.812 0.214 144.135
v 238.402 4.114 142.248
v 241.808 4.114 132.485
v 247.218 4.114 134.372
v 243.812 4.114 144.135
f 1408 1407 1406 1405
f 1401 1402 1406 1405
f 1402 1403 1407 1406
f 1403 1404 1408 1407
f 1404 1401 1405 1408
v 238.278 0.548 48.196
v 251.477 0.548 52.742
v 248.742 0.548 60.684
v 235.543 0.548 56.138
v 238.278 4.448 48.196
v 251.477 4.448 52.742
v 248.742 4.448 60.684
v 235.543 4.448 56.138
f 1416 1415 1414 1413
f 1409 1410 1414 1413
f 1410 1411 1415 1414
f 1411 1412 1416 1415
f 1412 1409 1413 1416
v 219.117 0.714 85.285
v 231.369 0.714 85.952
v 230.743 0.714 97.455
v 218.491 0.714 96.788
v 219.117 4.614 85.285
v 231.369 4.614 85.952
v 230.743 4.614 97.455
v 218.491 4.614 96.788
f 1424 1423 1422 1421
f 1417 1418 1422 1421
f 1418 1419 1423 1422
f 1419 1420 1424 1423
f 1420 1417 1421 1424
v 224.769 0.730 50.425
v 226.375 0.730 46.264
v 229.771 0.730 47.575
v 228.165 0.730 51.736
v 224.769 4.630 50.425
v 226.375 4.630 46.264
v 229.771 4.630 47.575
v 228.165 4.630 51.736
f 1432 1431 1430 1429
f 1425 1426 1430 1429
f 1426 1427 1431 1430
f 1427 1428 1432 1431
f 1428 1425 1429 1432
v 149.301 0.605 -86.042
v 155.142 0.605 -84.086
v 153.719 0.605 -79.838
v 147.878 0.605 -81.794
v 149.301 4.505 -86.042
v 155.142 4.505 -84.086
v 153.719 4.505 -79.838
v 147.878 4.505 -81.794
f 1440 1439 1438 1437
f 1433 1434 1438 1437
f 1434 1435 1439 1438
f 1435 1436 1440 1439
f 1436 1433 1437 1440
v 157.581 0.658 -89.464
v 166.296 0.658 -86.134
v 164.119 0.658 -80.436
v 155.404 0.658 -83.766
v 157.581 4.558 -89.464
v 166.296 4.558 -86.134
v 164.119 4.558 -80.436
v 155.404 4.558 -83.766
f 1448 1447 1446 1445
f 1441 1442 1446 1445
f 1442 1443 1447 1446
f 1443 1444 1448 1447
f 1444 1441 1445 1448
v 191.915 0.770 -94.297
v 194.277 0.770 -101.299
v 199.005 0.770 -99.703
v 196.643 0.770 -92.701
v 191.915 4.670 -94.297
v 194.277 4.670 -101.299
v 199.005 4.670 -99.703
v 196.643 4.670 -92.701
f 1456 1455 1454 1453
f 1449 1450 1454 1453
f 1450 1451 1455 1454
f 1451 1452 1456 1455
f 1452 1449 1453 1456
v 243.806 0.560 -126.564
v 247.659 0.560 -125.384
v 246.774 0.560 -122.496
v 242.921 0.560 -123.676
v 243.806 4.460 -126.564
v 247.659 4.460 -125.384
v 246.774 4.460 -122.496
v 242.921 4.460 -123.676
f 1464 1463 1462 1461
f 1457 1458 1462 1461
f 1458 1459 1463 1462
f 1459 1460 1464 1463
f 1460 1457 1461 1464
v 242.449 0.611 -128.253
v 243.563 0.611 -132.032
v 246.431 0.611 -131.187
v 245.317 0.611 -127.408
v 242.449 4.511 -128.253
v 243.563 4.511 -132.032
v 246.431 4.511 -131.187
v 245.317 4.511 -127.408
f 1472 1471 1470 1469
f 1465 1466 1470 1469
f 1466 1467 1471 1470
f 1467 1468 1472 1471
f 1468 1465 1469 1472
v 245.943 0.551 -250.172
v 247.062 0.551 -252.407
v 249.297 0.551 -251.288
v 248.178 0.551 -249.053
v 245.943 4.451 -250.172
v 247.062 4.451 -252.407
v 249.297 4.451 -251.288
v 248.178 4.451 -249.053
f 1480 1479 1478 1477
f 1473 1474 1478 1477
f 1474 1475 1479 1478
f 1475 1476 1480 1479
f 1476 1473 1477 1480
v 157.859 1.282 -173.912
v 158.220 1.282 -179.681
v 162.901 1.282 -179.388
v 162.540 1.282 -173.619
v 157.859 5.182 -173.912
v 158.220 5.182 -179.681
v 162.901 5.182 -179.388
v 162.540 5.182 -173.619
f 1488 1487 1486 1485
f 1481 1482 1486 1485
f 1482 1483 1487 1486
f 1483 1484 1488 1487
f 1484 1481 1485 1488
v 197.096 1.028 246.160
v 204.295 1.028 220.376
v 228.384 1.028 227.100
v 221.185 1.028 252.884
v 197.096 6.828 246.160
v 204.295 6.828 220.376
v 228.384 6.828 227.100
v 221.185 6.828 252.884
f 1496 1495 1494 1493
f 1489 1490 1494 1493
f 1490 1491 1495 1494
f 1491 1492 1496 1495
f 1492 1489 1493 1496
v 167.243 0.719 244.794
v 185.009 0.719 226.641
v 201.997 0.719 243.266
v 184.231 0.719 261.419
v 167.243 4.619 244.794
v 185.009 4.619 226.641
v 201.997 4.619 243.266
v 184.231 4.619 261.419
f 1504 1503 1502 1501
f 1497 1498 1502 1501
f 1498 1499 1503 1502
f 1499 1500 1504 1503
f 1500 1497 1501 1504
v 153.686 0.635 251.160
v 165.770 0.635 237.258
v 176.494 0.635 246.580
v 164.410 0.635 260.482
v 153.686 4.535 251.160
v 165.770 4.535 237.258
v 176.494 4.535 246.580
v 164.410 4.535 260.482
f 1512 1511 1510 1509
f 1505 1506 1510 1509
f 1506 1507 1511 1510
f 1507 1508 1512 1511
f 1508 1505 1509 1512
v 141.448 0.712 259.701
v 146.716 0.712 244.879
v 158.532 0.712 249.079
v 153.264 0.712 263.901
v 141.448 4.612 259.701
v 146.716 4.612 244.879
v 158.532 4.612 249.079
v 153.264 4.612 263.901
f 1520 1519 1518 1517
f 1513 1514 1518 1517
f 1514 1515 1519 1518
f 1515 1516 1520 1519
f 1516 1513 1517 1520
v 51.109 0.983 222.385
v 70.639 0.983 234.035
v 61.131 0.983 249.975
v 41.601 0.983 238.325
v 51.109 4.883 222.385
v 70.639 4.883 234.035
v 61.131 4.883 249.975
v 41.601 4.883 238.325
f 1528 1527 1526 1525
f 1521 1522 1526 1525
f 1522 1523 1527 1526
f 1523 1524 1528 1527
f 1524 1521 1525 1528
v 171.518 1.101 175.308
v 205.501 1.101 183.078
v 200.842 1.101 203.452
v 166.859 1.101 195.682
v 171.518 6.901 175.308
v 205.501 6.901 183.078
v 200.842 6.901 203.452
v 166.859 6.901 195.682
f 1536 1535 1534 1533
f 1529 1530 1534 1533
f 1530 1531 1535 1534
f 1531 1532 1536 1535
f 1532 1529 1533 1536
v 166.704 0.844 177.838
v 168.706 0.844 173.289
v 172.916 0.844 175.142
v 170.914 0.844 179.691
v 166.704 4.744 177.838
v 168.706 4.744 173.289
v 172.916 4.744 175.142
v 170.914 4.744 179.691
f 1544 1543 1542 1541
f 1537 1538 1542 1541
f 1538 1539 1543 1542
f 1539 1540 1544 1543
f 1540 1537 1541 1544
v 146.994 0.624 205.326
v 151.679 0.624 182.563
v 168.546 0.624 186.034
v 163.861 0.624 208.797
v 146.994 4.524 205.326
v 151.679 4.524 182.563
v 168.546 4.524 186.034
v 163.861 4.524 208.797
f 1552 1551 1550 1549
f 1545 1546 1550 1549
f 1546 1547 1551 1550
f 1547 1548 1552 1551
f 1548 1545 1549 1552
v 125.921 0.481 217.425
v 126.725 0.481 200.474
v 141.499 0.481 201.175
v 140.695 0.481 218.126
v 125.921 4.381 217.425
v 126.725 4.381 200.474
v 141.499 4.381 201.175
v 140.695 4.381 218.126
f 1560 1559 1558 1557
f 1553 1554 1558 1557
f 1554 1555 1559 1558
f 1555 1556 1560 1559
f 1556 1553 1557 1560
v 110.308 0.739 219.584
v 115.803 0.739 205.219
v 128.552 0.739 210.096
v 123.057 0.739 224.461
v 110.308 4.639 219.584
v 115.803 4.639 205.219
v 128.552 4.639 210.096
v 123.057 4.639 224.461
f 1568 1567 1566 1565
f 1561 1562 1566 1565
f 1562 1563 1567 1566
f 1563 1564 1568 1567
f 1564 1561 1565 1568
v 100.497 0.696 197.872
v 105.164 0.696 199.463
v 103.683 0.696 203.808
v 99.016 0.696 202.217
v 100.497 4.596 197.872
v 105.164 4.596 199.463
v 103.683 4.596 203.808
v 99.016 4.596 202.217
f 1576 1575 1574 1573
f 1569 1570 1574 1573
f 1570 1571 1575 1574
f 1571 1572 1576 1575
f 1572 1569 1573 1576
v 102.466 0.752 210.743
v 104.718 0.752 204.200
v 109.474 0.752 205.837
v 107.222 0.752 212.380
v 102.466 4.652 210.743
v 104.718 4.652 204.200
v 109.474 4.652 205.837
v 107.222 4.652 212.380
f 1584 1583 1582 1581
f 1577 1578 1582 1581
f 1578 1579 1583 1582
f 1579 1580 1584 1583
f 1580 1577 1581 1584
v 95.438 0.861 225.508
v 102.483 0.861 210.268
v 115.082 0.861 216.092
v 108.037 0.861 231.332
v 95.438 4.761 225.508
v 102.483 4.761 210.268
v 115.082 4.761 216.092
v 108.037 4.761 231.332
f 1592 1591 1590 1589
f 1585 1586 1590 1589
f 1586 1587 1591 1590
f 1587 1588 1592 1591
f 1588 1585 1589 1592
v 63.468 1.343 238.836
v 74.238 1.343 207.178
v 92.832 1.343 213.504
v 82.062 1.343 245.162
v 63.468 7.143 238.836
v 74.238 7.143 207.178
v 92.832 7.143 213.504
v 82.062 7.143 245.162
f 1600 1599 1598 1597
f 1593 1594 1598 1597
f 1594 1595 1599 1598
f 1595 1596 1600 1599
f 1596 1593 1597 1600
v 54.178 1.043 213.496
v 63.277 1.043 216.590
v 60.762 1.043 223.984
v 51.663 1.043 220.890
v 54.178 4.943 213.496
v 63.277 4.943 216.590
v 60.762 4.943 223.984
v 51.663 4.943 220.890
f 1608 1607 1606 1605
f 1601 1602 1606 1605
f 1602 1603 1607 1606
f 1603 1604 1608 1607
f 1604 1601 1605 1608
v 36.152 1.014 180.980
v 51.768 1.014 192.271
v 42.188 1.014 205.520
v 26.572 1.014 194.229
v 36.152 4.914 180.980
v 51.768 4.914 192.271
v 42.188 4.914 205.520
v 26.572 4.914 194.229
f 1616 1615 1614 1613
f 1609 1610 1614 1613
f 1610 1611 1615 1614
f 1611 1612 1616 1615
f 1612 1609 1613 1616
v 35.248 0.918 200.817
v 53.413 0.918 204.102
v 50.632 0.918 219.483
v 32.467 0.918 216.198
v 35.248 4.818 200.817
v 53.413 4.818 204.102
v 50.632 4.818 219.483
v 32.467 4.818 216.198
f 1624 1623 1622 1621
f 1617 1618 1622 1621
f 1618 1619 1623 1622
f 1619 1620 1624 1623
f 1620 1617 1621 1624
v 67.262 1.506 177.178
v 87.138 1.506 199.476
v 70.798 1.506 214.042
v 50.922 1.506 191.744
v 67.262 5.406 177.178
v 87.138 5.406 199.476
v 70.798 5.406 214.042
v 50.922 5.406 191.744
f 1632 1631 1630 1629
f 1625 1626 1630 1629
f 1626 1627 1631 1630
f 1627 1628 1632 1631
f 1628 1625 1629 1632
v 107.777 0.630 176.754
v 119.137 0.630 156.514
v 132.523 0.630 164.026
v 121.163 0.630 184.266
v 107.777 4.530 176.754
v 119.137 4.530 156.514
v 132.523 4.530 164.026
v 121.163 4.530 184.266
f 1640 1639 1638 1637
f 1633 1634 1638 1637
f 1634 1635 1639 1638
f 1635 1636 1640 1639
f 1636 1633 1637 1640
v 123.008 0.680 168.235
v 133.449 0.680 151.553
v 145.452 0.680 159.065
v 135.011 0.680 175.747
v 123.008 4.580 168.235
v 133.449 4.580 151.553
v 145.452 4.580 159.065
v 135.011 4.580 175.747
f 1648 1647 1646 1645
f 1641 1642 1646 1645
f 1642 1643 1647 1646
f 1643 1644 1648 1647
f 1644 1641 1645 1648
v 147.245 0.933 165.886
v 157.966 0.933 169.195
v 154.775 0.933 179.534
v 144.054 0.933 176.225
v 147.245 4.833 165.886
v 157.966 4.833 169.195
v 154.775 4.833 179.534
v 144.054 4.833 176.225
f 1656 1655 1654 1653
f 1649 1650 1654 1653
f 1650 1651 1655 1654
f 1651 1652 1656 1655
f 1652 1649 1653 1656
v 141.675 0.726 166.029
v 144.726 0.726 150.781
v 156.365 0.726 153.111
v 153.314 0.726 168.359
v 141.675 4.626 166.029
v 144.726 4.626 150.781
v 156.365 4.626 153.111
v 153.314 4.626 168.359
f 1664 1663 1662 1661
f 1657 1658 1662 1661
f 1658 1659 1663 1662
f 1659 1660 1664 1663
f 1660 1657 1661 1664
v 153.876 0.655 161.932
v 158.745 0.655 145.509
v 172.504 0.655 149.588
v 167.635 0.655 166.011
v 153.876 4.555 161.932
v 158.745 4.555 145.509
v 172.504 4.555 149.588
v 167.635 4.555 166.011
f 1672 1671 1670 1669
f 1665 1666 1670 1669
f 1666 1667 1671 1670
f 1667 1668 1672 1671
f 1668 1665 1669 1672
v 168.518 0.651 159.969
v 176.417 0.651 138.112
v 187.702 0.651 142.191
v 179.803 0.651 164.048
v 168.518 4.551 159.969
v 176.417 4.551 138.112
v 187.702 4.551 142.191
v 179.803 4.551 164.048
f 1680 1679 1678 1677
f 1673 1674 1678 1677
f 1674 1675 1679 1678
f 1675 1676 1680 1679
f 1676 1673 1677 1680
v 181.931 0.710 153.763
v 191.966 0.710 134.118
v 201.949 0.710 139.217
v 191.914 0.710 158.862
v 181.931 4.610 153.763
v 191.966 4.610 134.118
v 201.949 4.610 139.217
v 191.914 4.610 158.862
f 1688 1687 1686 1685
f 1681 1682 1686 1685
f 1682 1683 1687 1686
f 1683 1684 1688 1687
f 1684 1681 1685 1688
v -7.408 1.057 261.666
v -2.652 1.057 244.005
v 9.708 1.057 247.334
v 4.952 1.057 264.995
v -7.408 4.957 261.666
v -2.652 4.957 244.005
v 9.708 4.957 247.334
v 4.952 4.957 264.995
f 1696 1695 1694 1693
f 1689 1690 1694 1693
f 1690 1691 1695 1694
f 1691 1692 1696 1695
f 1692 1689 1693 1696
v 5.398 1.014 257.361
v 11.531 1.014 236.275
v 24.542 1.014 240.059
v 18.409 1.014 261.145
v 5.398 4.914 257.361
v 11.531 4.914 236.275
v 24.542 4.914 240.059
v 18.409 4.914 261.145
f 1704 1703 1702 1701
f 1697 1698 1702 1701
f 1698 1699 1703 1702
f 1699 1700 1704 1703
f 1700 1697 1701 1704
v -11.890 1.081 242.523
v -10.097 1.081 238.027
v -6.010 1.081 239.657
v -7.803 1.081 244.153
v -11.890 4.981 242.523
v -10.097 4.981 238.027
v -6.010 4.981 239.657
v -7.803 4.981 244.153
f 1712 1711 1710 1709
f 1705 1706 1710 1709
f 1706 1707 1711 1710
f 1707 1708 1712 1711
f 1708 1705 1709 1712
v -21.236 0.964 219.854
v -14.828 0.964 202.488
v -4.264 0.964 206.386
v -10.672 0.964 223.752
v -21.236 4.864 219.854
v -14.828 4.864 202.488
v -4.264 4.864 206.386
v -10.672 4.864 223.752
f 1720 1719 1718 1717
f 1713 1714 1718 1717
f 1714 1715 1719 1718
f 1715 1716 1720 1719
f 1716 1713 1717 1720
v -35.123 0.988 224.928
v -30.399 0.988 211.452
v -18.877 0.988 215.492
v -23.601 0.988 228.968
v -35.123 4.888 224.928
v -30.399 4.888 211.452
v -18.877 4.888 215.492
v -23.601 4.888 228.968
f 1728 1727 1726 1725
f 1721 1722 1726 1725
f 1722 1723 1727 1726
f 1723 1724 1728 1727
f 1724 1721 1725 1728
v -55.456 1.123 211.928
v -31.146 1.123 226.611
v -41.124 1.123 243.132
v -65.434 1.123 228.449
v -55.456 5.023 211.928
v -31.146 5.023 226.611
v -41.124 5.023 243.132
v -65.434 5.023 228.449
f 1736 1735 1734 1733
f 1729 1730 1734 1733
f 1730 1731 1735 1734
f 1731 1732 1736 1735
f 1732 1729 1733 1736
v -83.202 1.235 241.672
v -71.989 1.235 218.614
v -59.498 1.235 224.688
v -70.711 1.235 247.746
v -83.202 5.135 241.672
v -71.989 5.135 218.614
v -59.498 5.135 224.688
v -70.711 5.135 247.746
f 1744 1743 1742 1741
f 1737 1738 1742 1741
f 1738 1739 1743 1742
f 1739 1740 1744 1743
f 1740 1737 1741 1744
v -94.732 1.142 251.043
v -85.985 1.142 228.479
v -74.228 1.142 233.037
v -82.975 1.142 255.601
v -94.732 5.042 251.043
v -85.985 5.042 228.479
v -74.228 5.042 233.037
v -82.975 5.042 255.601
f 1752 1751 1750 1749
f 1745 1746 1750 1749
f 1746 1747 1751 1750
f 1747 1748 1752 1751
f 1748 1745 1749 1752
v -109.547 1.215 249.372
v -103.476 1.215 232.618
v -92.353 1.215 236.648
v -98.424 1.215 253.402
v -109.547 5.115 249.372
v -103.476 5.115 232.618
v -92.353 5.115 236.648
v -98.424 5.115 253.402
f 1760 1759 1758 1757
f 1753 1754 1758 1757
f 1754 1755 1759 1758
f 1755 1756 1760 1759
f 1756 1753 1757 1760
v -119.769 1.266 250.263
v -115.469 1.266 237.773
v -107.091 1.266 240.657
v -111.391 1.266 253.147
v -119.769 5.166 250.263
v -115.469 5.166 237.773
v -107.091 5.166 240.657
v -111.391 5.166 253.147
f 1768 1767 1766 1765
f 1761 1762 1766 1765
f 1762 1763 1767 1766
f 1763 1764 1768 1767
f 1764 1761 1765 1768
v -135.417 1.150 256.980
v -131.070 1.150 242.290
v -120.963 1.150 245.280
v -125.310 1.150 259.970
v -135.417 5.050 256.980
v -131.070 5.050 242.290
v -120.963 5.050 245.280
v -125.310 5.050 259.970
f 1776 1775 1774 1773
f 1769 1770 1774 1773
f 1770 1771 1775 1774
f 1771 1772 1776 1775
f 1772 1769 1773 1776
v -85.796 0.510 -251.783
v -81.777 0.510 -251.665
v -81.884 0.510 -248.017
v -85.903 0.510 -248.135
v -85.796 4.410 -251.783
v -81.777 4.410 -251.665
v -81.884 4.410 -248.017
v -85.903 4.410 -248.135
f 1784 1783 1782 1781
f 1777 1778 1782 1781
f 1778 1779 1783 1782
f 1779 1780 1784 1783
f 1780 1777 1781 1784
v -83.749 0.780 -252.407
v -73.270 0.780 -242.270
v -81.411 0.780 -233.853
v -91.890 0.780 -243.990
v -83.749 4.680 -252.407
v -73.270 4.680 -242.270
v -81.411 4.680 -233.853
v -91.890 4.680 -243.990
f 1792 1791 1790 1789
f 1785 1786 1790 1789
f 1786 1787 1791 1790
f 1787 1788 1792 1791
f 1788 1785 1789 1792
v -90.599 0.527 -186.047
v -90.470 0.527 -192.296
v -87.421 0.527 -192.233
v -87.550 0.527 -185.984
v -90.599 4.427 -186.047
v -90.470 4.427 -192.296
v -87.421 4.427 -192.233
v -87.550 4.427 -185.984
f 1800 1799 1798 1797
f 1793 1794 1798 1797
f 1794 1795 1799 1798
f 1795 1796 1800 1799
f 1796 1793 1797 1800
v -94.238 0.734 -185.318
v -89.242 0.734 -185.099
v -89.382 0.734 -181.902
v -94.378 0.734 -182.121
v -94.238 4.634 -185.318
v -89.242 4.634 -185.099
v -89.382 4.634 -181.902
v -94.378 4.634 -182.121
f 1808 1807 1806 1805
f 1801 1802 1806 1805
f 1802 1803 1807 1806
f 1803 1804 1808 1807
f 1804 1801 1805 1808
v -80.441 0.714 -155.509
v -80.248 0.714 -162.857
v -75.459 0.714 -162.731
v -75.652 0.714 -155.383
v -80.441 4.614 -155.509
v -80.248 4.614 -162.857
v -75.459 4.614 -162.731
v -75.652 4.614 -155.383
f 1816 1815 1814 1813
f 1809 1810 1814 1813
f 1810 1811 1815 1814
f 1811 1812 1816 1815
f 1812 1809 1813 1816
v -87.825 0.549 -145.468
v -81.378 0.549 -145.291
v -81.495 0.549 -141.032
v -87.942 0.549 -141.209
v -87.825 4.449 -145.468
v -81.378 4.449 -145.291
v -81.495 4.449 -141.032
v -87.942 4.449 -141.209
f 1824 1823 1822 1821
f 1817 1818 1822 1821
f 1818 1819 1823 1822
f 1819 1820 1824 1823
f 1820 1817 1821 1824
v -164.626 0.802 -140.744
v -164.085 0.802 -146.871
v -159.154 0.802 -146.436
v -159.695 0.802 -140.309
v -164.626 4.702 -140.744
v -164.085 4.702 -146.871
v -159.154 4.702 -146.436
v -159.695 4.702 -140.309
f 1832 1831 1830 1829
f 1825 1826 1830 1829
f 1826 1827 1831 1830
f 1827 1828 1832 1831
f 1828 1825 1829 1832
v -163.055 0.776 -82.694
v -158.438 0.776 -82.524
v -158.565 0.776 -79.066
v -163.182 0.776 -79.236
v -163.055 4.676 -82.694
v -158.438 4.676 -82.524
v -158.565 4.676 -79.066
v -163.182 4.676 -79.236
f 1840 1839 1838 1837
f 1833 1834 1838 1837
f 1834 1835 1839 1838
f 1835 1836 1840 1839
f 1836 1833 1837 1840
v -250.929 0.785 -190.635
v -242.325 0.785 -190.118
v -242.551 0.785 -186.365
v -251.155 0.785 -186.882
v -250.929 4.685 -190.635
v -242.325 4.685 -190.118
v -242.551 4.685 -186.365
v -251.155 4.685 -186.882
f 1848 1847 1846 1845
f 1841 1842 1846 1845
f 1842 1843 1847 1846
f 1843 1844 1848 1847
f 1844 1841 1845 1848
v -255.438 0.503 -193.452
v -252.799 0.503 -193.428
v -252.822 0.503 -190.928
v -255.461 0.503 -190.952
v -255.438 4.403 -193.452
v -252.799 4.403 -193.428
v -252.822 4.403 -190.928
v -255.461 4.403 -190.952
f 1856 1855 1854 1853
f 1849 1850 1854 1853
f 1850 1851 1855 1854
f 1851 1852 1856 1855
f 1852 1849 1853 1856
v -252.736 0.601 -72.637
v -244.476 0.601 -72.533
v -244.524 0.601 -68.743
v -252.784 0.601 -68.847
v -252.736 4.501 -72.637
v -244.476 4.501 -72.533
v -244.524 4.501 -68.743
v -252.784 4.501 -68.847
f 1864 1863 1862 1861
f 1857 1858 1862 1861
f 1858 1859 1863 1862
f 1859 1860 1864 1863
f 1860 1857 1861 1864
v -242.488 0.677 -57.656
v -241.383 0.677 -72.314
v -238.332 0.677 -72.084
v -239.437 0.677 -57.426
v -242.488 4.577 -57.656
v -241.383 4.577 -72.314
v -238.332 4.577 -72.084
v -239.437 4.577 -57.426
f 1872 1871 1870 1869
f 1865 1866 1870 1869
f 1866 1867 1871 1870
f 1867 1868 1872 1871
f 1868 1865 1869 1872
v 194.892 0.419 -229.668
v 200.705 0.419 -230.226
v 201.248 0.419 -224.572
v 195.435 0.419 -224.014
v 194.892 4.319 -229.668
v 200.705 4.319 -230.226
v 201.248 4.319 -224.572
v 195.435 4.319 -224.014
f 1880 1879 1878 1877
f 1873 1874 1878 1877
f 1874 1875 1879 1878
f 1875 1876 1880 1879
f 1876 1873 1877 1880
v -90.308 0.701 -237.502
v -90.064 0.701 -240.482
v -87.572 0.701 -240.278
v -87.816 0.701 -237.298
v -90.308 4.601 -237.502
v -90.064 4.601 -240.482
v -87.572 4.601 -240.278
v -87.816 4.601 -237.298
f 1888 1887 1886 1885
f 1881 1882 1886 1885
f 1882 1883 1887 1886
f 1883 1884 1888 1887
f 1884 1881 1885 1888
v -185.530 0.729 -120.758
v -178.948 0.729 -120.143
v -179.350 0.729 -115.842
v -185.932 0.729 -116.457
v -185.530 4.629 -120.758
v -178.948 4.629 -120.143
v -179.350 4.629 -115.842
v -185.932 4.629 -116.457
f 1896 1895 1894 1893
f 1889 1890 1894 1893
f 1890 1891 1895 1894
f 1891 1892 1896 1895
f 1892 1889 1893 1896
v -183.356 0.695 -94.756
v -176.037 0.695 -94.359
v -176.224 0.695 -90.904
v -183.543 0.695 -91.301
v -183.356 4.595 -94.756
v -176.037 4.595 -94.359
v -176.224 4.595 -90.904
v -183.543 4.595 -91.301
f 1904 1903 1902 1901
f 1897 1898 1902 1901
f 1898 1899 1903 1902
f 1899 1900 1904 1903
f 1900 1897 1901 1904
v -150.942 0.996 140.067
v -73.127 0.996 186.782
v -104.518 0.996 239.073
v -182.333 0.996 192.358
v -150.942 9.296 140.067
v -73.127 9.296 186.782
v -104.518 9.296 239.073
v -182.333 9.296 192.358
f 1912 1911 1910 1909
f 1905 1906 1910 1909
f 1906 1907 1911 1910
f 1907 1908 1912 1911
f 1908 1905 1909 1912
usemtl road
v 144.594 0.822 -41.236
v 171.124 0.903 -50.246
v 169.356 0.918 -55.454
v 142.826 0.795 -46.444
f 1913 1914 1915 1916
v 171.125 0.903 -50.246
v 186.105 0.859 -55.336
v 184.335 0.923 -60.544
v 169.355 0.918 -55.454
f 1917 1918 1919 1920
v 186.105 0.859 -55.336
v 212.785 0.887 -64.406
v 211.015 0.947 -69.614
v 184.335 0.923 -60.544
f 1921 1922 1923 1924
v 212.784 0.887 -64.406
v 222.244 0.879 -67.616
v 220.476 0.975 -72.824
v 211.016 0.947 -69.614
f 1925 1926 1927 1928
v 222.245 0.879 -67.616
v 243.475 0.868 -74.836
v 241.705 0.929 -80.044
v 220.475 0.975 -72.824
f 1929 1930 1931 1932
v -34.496 0.704 -78.627
v -37.666 0.875 -126.717
v -43.654 0.880 -126.323
v -40.484 0.710 -78.233
f 1933 1934 1935 1936
v -37.666 0.875 -126.717
v -40.246 0.791 -165.997
v -46.234 0.816 -165.603
v -43.654 0.880 -126.323
f 1937 1938 1939 1940
v -40.248 0.791 -166.020
v -40.368 0.799 -167.650
v -46.352 0.812 -167.210
v -46.232 0.816 -165.580
f 1941 1942 1943 1944
v -40.365 0.799 -167.596
v -40.465 0.803 -169.396
v -46.455 0.808 -169.064
v -46.355 0.812 -167.264
f 1945 1946 1947 1948
v -40.465 0.803 -169.408
v -41.205 0.820 -181.868
v -47.195 0.814 -181.512
v -46.455 0.808 -169.052
f 1949 1950 1951 1952
v -41.206 0.820 -181.872
v -41.336 0.838 -184.012
v -47.324 0.815 -183.648
v -47.194 0.814 -181.508
f 1953 1954 1955 1956
v -41.336 0.838 -184.014
v -41.496 0.851 -186.614
v -47.484 0.822 -186.246
v -47.324 0.815 -183.646
f 1957 1958 1959 1960
v -41.495 0.851 -186.607
v -43.495 0.739 -220.377
v -49.485 0.818 -220.023
v -47.485 0.822 -186.253
f 1961 1962 1963 1964
v -43.495 0.739 -220.378
v -44.855 0.787 -243.318
v -50.845 0.808 -242.962
v -49.485 0.818 -220.022
f 1965 1966 1967 1968
v 125.579 1.025 -123.930
v 129.579 0.992 -129.080
v 124.841 0.968 -132.760
v 120.841 0.946 -127.610
f 1969 1970 1971 1972
v 130.049 0.997 -129.951
v 132.199 0.978 -136.251
v 126.521 0.967 -138.189
v 124.371 0.966 -131.889
f 1973 1974 1975 1976
v 132.355 0.972 -137.052
v 132.825 0.959 -145.422
v 126.835 0.964 -145.758
v 126.365 0.967 -137.388
f 1977 1978 1979 1980
v 132.825 0.958 -145.765
v 132.305 0.927 -154.645
v 126.315 0.939 -154.295
v 126.835 0.964 -145.415
f 1981 1982 1983 1984
v 132.305 0.927 -154.643
v 130.965 0.935 -177.863
v 124.975 0.952 -177.517
v 126.315 0.939 -154.297
f 1985 1986 1987 1988
v 130.965 0.935 -177.862
v 128.925 0.868 -213.352
v 122.935 0.900 -213.008
v 124.975 0.952 -177.518
f 1989 1990 1991 1992
v 128.925 0.868 -213.353
v 126.545 0.783 -254.513
v 120.555 0.790 -254.167
v 122.935 0.900 -213.007
f 1993 1994 1995 1996
v 123.356 0.818 -257.334
v 111.476 0.748 -256.564
v 111.864 0.732 -250.576
v 123.744 0.818 -251.346
f 1997 1998 1999 2000
v 111.474 0.748 -256.564
v 70.434 0.973 -253.874
v 70.826 0.968 -247.886
v 111.866 0.732 -250.576
f 2001 2002 2003 2004
v 70.434 0.973 -253.874
v 50.744 1.010 -252.584
v 51.136 0.985 -246.596
v 70.826 0.968 -247.886
f 2005 2006 2007 2008
v 50.744 1.010 -252.584
v 14.694 1.071 -250.224
v 15.086 1.011 -244.236
v 51.136 0.985 -246.596
f 2009 2010 2011 2012
v 14.695 1.071 -250.224
v 4.715 1.046 -249.574
v 5.105 0.994 -243.586
v 15.085 1.011 -244.236
f 2013 2014 2015 2016
v 4.707 1.046 -249.573
v 3.527 1.039 -249.493
v 3.933 0.979 -243.507
v 5.113 0.994 -243.587
f 2017 2018 2019 2020
v 3.534 1.039 -249.494
v -7.146 1.004 -248.794
v -6.754 0.934 -242.806
v 3.926 0.978 -243.506
f 2021 2022 2023 2024
v -7.136 1.004 -248.794
v -10.026 0.999 -248.614
v -9.654 0.917 -242.626
v -6.764 0.934 -242.806
f 2025 2026 2027 2028
v -10.035 0.999 -248.614
v -32.415 0.802 -247.154
v -32.025 0.731 -241.166
v -9.645 0.917 -242.626
f 2029 2030 2031 2032
v -32.426 0.802 -247.153
v -35.186 0.772 -246.963
v -34.774 0.710 -240.977
v -32.014 0.731 -241.167
f 2033 2034 2035 2036
v -35.173 0.773 -246.964
v -48.043 0.833 -246.134
v -47.657 0.820 -240.146
v -34.787 0.710 -240.976
f 2037 2038 2039 2040
v -43.194 0.834 -164.685
v -31.434 0.815 -165.395
v -31.766 0.885 -170.885
v -43.526 0.814 -170.175
f 2041 2042 2043 2044
v -31.437 0.815 -165.395
v -10.237 1.011 -166.655
v -10.563 1.088 -172.145
v -31.763 0.885 -170.885
f 2045 2046 2047 2048
v -10.234 1.011 -166.655
v 3.336 1.033 -167.475
v 3.004 1.076 -172.965
v -10.566 1.088 -172.145
f 2049 2050 2051 2052
v 3.338 1.033 -167.475
v 5.298 1.040 -167.595
v 4.962 1.078 -173.085
v 3.002 1.076 -172.965
f 2053 2054 2055 2056
v 5.295 1.040 -167.595
v 17.925 1.073 -168.355
v 17.595 1.139 -173.845
v 4.965 1.078 -173.085
f 2057 2058 2059 2060
v 17.925 1.073 -168.355
v 28.265 1.087 -168.975
v 27.935 1.187 -174.465
v 17.595 1.139 -173.845
f 2061 2062 2063 2064
v 28.264 1.087 -168.975
v 43.984 1.092 -169.915
v 43.656 1.173 -175.405
v 27.936 1.187 -174.465
f 2065 2066 2067 2068
v 43.984 1.092 -169.915
v 63.854 1.052 -171.105
v 63.526 1.113 -176.595
v 43.656 1.173 -175.405
f 2069 2070 2071 2072
v 63.851 1.052 -171.105
v 66.071 1.041 -171.235
v 65.749 1.100 -176.725
v 63.529 1.113 -176.595
f 2073 2074 2075 2076
v 66.070 1.041 -171.235
v 71.210 1.028 -171.535
v 70.890 1.069 -177.025
v 65.750 1.100 -176.725
f 2077 2078 2079 2080
v 71.219 1.028 -171.535
v 75.109 1.003 -171.775
v 74.771 1.040 -177.265
v 70.881 1.069 -177.025
f 2081 2082 2083 2084
v 75.105 1.003 -171.775
v 97.605 0.962 -173.125
v 97.275 1.032 -178.615
v 74.775 1.040 -177.265
f 2085 2086 2087 2088
v 97.604 0.962 -173.125
v 128.134 0.997 -174.945
v 127.806 0.981 -180.435
v 97.276 1.032 -178.615
f 2089 2090 2091 2092
v 240.141 0.918 -158.910
v 224.721 0.794 -201.550
v 219.079 0.746 -199.510
v 234.499 0.932 -156.870
f 2093 2094 2095 2096
v 224.722 0.794 -201.549
v 219.122 0.823 -217.059
v 213.478 0.772 -215.021
v 219.078 0.746 -199.511
f 2097 2098 2099 2100
v 219.121 0.823 -217.061
v 214.161 0.875 -230.761
v 208.519 0.797 -228.719
v 213.479 0.772 -215.019
f 2101 2102 2103 2104
v 213.857 0.870 -231.373
v 207.667 0.861 -240.913
v 202.633 0.806 -237.647
v 208.823 0.800 -228.107
f 2105 2106 2107 2108
v 207.146 0.856 -241.519
v 205.486 0.814 -242.999
v 201.494 0.794 -238.521
v 203.154 0.803 -237.041
f 2109 2110 2111 2112
v 205.492 0.814 -242.994
v 199.712 0.873 -248.174
v 195.708 0.862 -243.706
v 201.488 0.794 -238.526
f 2113 2114 2115 2116
v 199.145 0.873 -248.575
v 198.025 0.883 -249.185
v 195.155 0.872 -243.915
v 196.275 0.844 -243.305
f 2117 2118 2119 2120
v 198.046 0.882 -249.173
v 190.876 0.883 -253.153
v 187.964 0.798 -247.907
v 195.134 0.873 -243.927
f 2121 2122 2123 2124
v 190.456 0.883 -253.345
v 181.326 0.872 -256.705
v 179.254 0.796 -251.075
v 188.384 0.796 -247.715
f 2125 2126 2127 2128
v 180.423 0.875 -256.887
v 170.033 0.880 -257.347
v 169.767 0.860 -251.353
v 180.157 0.789 -250.893
f 2129 2130 2131 2132
v 251.450 0.916 255.104
v 235.410 0.819 208.574
v 230.210 0.844 210.366
v 246.250 1.014 256.896
f 2133 2134 2135 2136
v 235.411 0.820 208.577
v 233.221 0.810 202.197
v 228.019 0.809 203.983
v 230.209 0.844 210.363
f 2137 2138 2139 2140
v 233.198 0.811 202.132
v 203.788 0.849 123.012
v 198.632 0.895 124.928
v 228.042 0.809 204.048
f 2141 2142 2143 2144
v 203.787 0.849 123.011
v 200.887 0.925 115.221
v 195.733 0.959 117.139
v 198.633 0.895 124.929
f 2145 2146 2147 2148
v 200.909 0.925 115.281
v 198.039 0.914 106.981
v 192.841 0.932 108.779
v 195.711 0.960 117.079
f 2149 2150 2151 2152
v 198.038 0.914 106.979
v 171.968 0.892 31.779
v 166.772 0.889 33.581
v 192.842 0.932 108.781
f 2153 2154 2155 2156
v 172.012 0.890 31.918
v 164.762 0.836 6.788
v 159.478 0.888 8.312
v 166.728 0.888 33.442
f 2157 2158 2159 2160
v 164.709 0.840 6.623
v 146.299 0.828 -44.767
v 141.121 0.739 -42.913
v 159.531 0.887 8.477
f 2161 2162 2163 2164
v 146.318 0.828 -44.712
v 141.888 0.739 -57.962
v 136.672 0.720 -56.218
v 141.102 0.739 -42.968
f 2165 2166 2167 2168
v 141.888 0.739 -57.962
v 124.208 1.006 -110.812
v 118.992 0.980 -109.068
v 136.672 0.720 -56.218
f 2169 2170 2171 2172
v 124.336 0.992 -109.662
v 125.946 1.004 -125.492
v 120.474 0.945 -126.048
v 118.864 0.981 -110.218
f 2173 2174 2175 2176
v -109.256 0.594 -52.885
v -122.491 0.848 -256.195
v -128.479 0.882 -255.805
v -115.244 0.655 -52.495
f 2177 2178 2179 2180
v -180.865 0.580 -28.151
v -183.605 0.853 -72.251
v -189.095 0.702 -71.909
v -186.355 0.595 -27.809
f 2181 2182 2183 2184
v -183.605 0.853 -72.249
v -184.875 0.873 -92.849
v -190.365 0.697 -92.511
v -189.095 0.702 -71.911
f 2185 2186 2187 2188
v -184.875 0.873 -92.851
v -186.405 0.910 -117.441
v -191.895 0.762 -117.099
v -190.365 0.697 -92.509
f 2189 2190 2191 2192
v -186.405 0.910 -117.439
v -188.295 0.913 -148.059
v -193.785 0.768 -147.721
v -191.895 0.762 -117.101
f 2193 2194 2195 2196
v -188.295 0.913 -148.061
v -190.055 1.005 -176.341
v -195.545 0.819 -175.999
v -193.785 0.768 -147.719
f 2197 2198 2199 2200
v -190.055 1.005 -176.341
v -190.205 0.968 -178.751
v -195.695 0.817 -178.409
v -195.545 0.819 -175.999
f 2201 2202 2203 2204
v -190.205 0.968 -178.750
v -191.335 1.000 -197.010
v -196.825 0.845 -196.670
v -195.695 0.817 -178.410
f 2205 2206 2207 2208
v -191.335 1.000 -197.012
v -192.385 1.019 -213.782
v -197.875 0.892 -213.438
v -196.825 0.845 -196.668
f 2209 2210 2211 2212
v -192.385 1.019 -213.780
v -192.785 1.024 -220.230
v -198.275 0.902 -219.890
v -197.875 0.892 -213.440
f 2213 2214 2215 2216
v -192.785 1.024 -220.229
v -194.565 1.100 -249.109
v -200.055 0.945 -248.771
v -198.275 0.902 -219.891
f 2217 2218 2219 2220
v -222.664 0.948 -248.069
v -218.434 0.851 -183.769
v -212.946 0.893 -184.131
v -217.176 0.915 -248.431
f 2221 2222 2223 2224
v -218.434 0.851 -183.768
v -217.804 0.872 -174.268
v -212.316 0.836 -174.632
v -212.946 0.893 -184.132
f 2225 2226 2227 2228
v -217.804 0.872 -174.269
v -207.684 0.630 -20.419
v -202.196 0.602 -20.781
v -212.316 0.836 -174.631
f 2229 2230 2231 2232
v 170.267 0.883 35.280
v 227.327 0.796 15.590
v 225.533 0.879 10.390
v 168.473 0.910 30.080
f 2233 2234 2235 2236
v 227.326 0.796 15.590
v 247.656 0.824 8.580
v 245.864 0.915 3.380
v 225.534 0.879 10.390
f 2237 2238 2239 2240
v 206.371 0.845 110.224
v 197.331 0.960 113.344
v 199.289 0.919 119.016
v 208.329 0.898 115.896
f 2241 2242 2243 2244
v 197.285 0.961 113.361
v 189.775 0.922 116.091
v 191.825 0.926 121.729
v 199.335 0.919 118.999
f 2245 2246 2247 2248
v 189.793 0.922 116.084
v 189.063 0.922 116.344
v 191.077 0.925 121.996
v 191.807 0.926 121.736
f 2249 2250 2251 2252
v 189.089 0.922 116.335
v 100.219 0.864 147.075
v 102.181 0.820 152.745
v 191.051 0.925 122.005
f 2253 2254 2255 2256
v 100.221 0.864 147.074
v 77.201 0.891 155.024
v 79.159 0.833 160.696
v 102.179 0.820 152.746
f 2257 2258 2259 2260
v 77.199 0.891 155.025
v 36.519 1.047 169.105
v 38.481 0.943 174.775
v 79.161 0.833 160.695
f 2261 2262 2263 2264
v 36.570 1.047 169.088
v 9.370 1.081 177.958
v 11.230 1.111 183.662
v 38.430 0.943 174.792
f 2265 2266 2267 2268
v 9.314 1.081 177.977
v -64.166 1.267 203.537
v -62.194 1.259 209.203
v 11.286 1.110 183.643
f 2269 2270 2271 2272
v -64.166 1.267 203.537
v -153.576 1.499 234.647
v -151.604 1.471 240.313
v -62.194 1.259 209.203
f 2273 2274 2275 2276
v -153.577 1.499 234.647
v -175.717 1.586 242.357
v -173.743 1.529 248.023
v -151.603 1.471 240.313
f 2277 2278 2279 2280
v -175.714 1.586 242.356
v -181.734 1.602 244.446
v -179.766 1.558 250.114
v -173.746 1.529 248.024
f 2281 2282 2283 2284
v -181.738 1.602 244.447
v -187.818 1.593 246.567
v -185.842 1.570 252.233
v -179.762 1.558 250.113
f 2285 2286 2287 2288
v 233.923 0.842 199.041
v 229.723 0.837 200.491
v 231.517 0.775 205.689
v 235.717 0.771 204.239
f 2289 2290 2291 2292
v 229.722 0.837 200.491
v 117.412 1.125 239.291
v 119.208 1.040 244.489
v 231.518 0.775 205.689
f 2293 2294 2295 2296
v 117.404 1.125 239.294
v 76.987 1.100 253.404
v 78.800 1.004 258.596
v 119.216 1.040 244.486
f 2297 2298 2299 2300
v 38.721 1.195 255.107
v 15.671 1.096 187.977
v 10.469 1.117 189.763
v 33.519 1.153 256.893
f 2301 2302 2303 2304
v 15.671 1.096 187.976
v 12.901 1.116 179.916
v 7.699 1.122 181.704
v 10.469 1.117 189.764
f 2305 2306 2307 2308
v -175.349 1.488 254.247
v -178.159 1.588 246.357
v -183.341 1.612 248.203
v -180.531 1.510 256.093
f 2309 2310 2311 2312
v -178.158 1.588 246.362
v -181.018 1.569 238.282
v -186.202 1.557 240.118
v -183.342 1.612 248.198
f 2313 2314 2315 2316
v -181.017 1.569 238.285
v -189.987 1.395 212.865
v -195.173 1.394 214.695
v -186.203 1.557 240.115
f 2317 2318 2319 2320
v -189.987 1.395 212.865
v -197.057 1.153 192.835
v -202.243 1.158 194.665
v -195.173 1.394 214.695
f 2321 2322 2323 2324
v -196.990 1.152 193.052
v -200.460 1.085 179.822
v -205.780 1.077 181.218
v -202.310 1.155 194.448
f 2325 2326 2327 2328
v -200.391 1.091 180.177
v -201.241 1.057 173.417
v -206.699 1.027 174.103
v -205.849 1.074 180.863
f 2329 2330 2331 2332
v -201.221 1.058 173.833
v -200.971 0.952 164.423
v -206.469 1.030 164.277
v -206.719 1.023 173.687
f 2333 2334 2335 2336
v -200.971 0.952 164.420
v -200.471 0.910 144.780
v -205.969 0.903 144.640
v -206.469 1.030 164.280
f 2337 2338 2339 2340
v -200.478 0.910 144.915
v -198.768 0.759 122.085
v -204.252 0.795 121.675
v -205.962 0.903 144.505
f 2341 2342 2343 2344
v -198.768 0.759 122.084
v -197.608 0.680 106.474
v -203.092 0.739 106.066
v -204.252 0.795 121.676
f 2345 2346 2347 2348
v -197.692 0.685 106.975
v -194.972 0.695 96.715
v -200.288 0.694 95.305
v -203.008 0.735 105.565
f 2349 2350 2351 2352
v -195.206 0.700 97.309
v -189.246 0.695 86.189
v -194.094 0.662 83.591
v -200.054 0.694 94.711
f 2353 2354 2355 2356
v -189.652 0.703 86.758
v -180.452 0.647 76.818
v -184.488 0.670 73.082
v -193.688 0.662 83.022
f 2357 2358 2359 2360
v -180.819 0.644 77.149
v -170.739 0.675 69.579
v -174.041 0.663 65.181
v -184.121 0.667 72.751
f 2361 2362 2363 2364
v -171.292 0.676 69.901
v -160.632 0.749 65.261
v -162.828 0.711 60.219
v -173.488 0.664 64.859
f 2365 2366 2367 2368
v -161.193 0.745 65.437
v -151.143 0.775 63.437
v -152.217 0.733 58.043
v -162.267 0.708 60.043
f 2369 2370 2371 2372
v -151.344 0.774 63.469
v -109.144 0.879 58.279
v -109.816 0.924 52.821
v -152.016 0.734 58.011
f 2373 2374 2375 2376
v -109.144 0.879 58.279
v -69.234 0.657 53.359
v -69.906 0.680 47.901
v -109.816 0.924 52.821
f 2377 2378 2379 2380
v -69.277 0.657 53.364
v -58.837 0.654 52.244
v -59.423 0.664 46.776
v -69.863 0.679 47.896
f 2381 2382 2383 2384
v -58.838 0.654 52.244
v -16.668 0.843 47.744
v -17.252 0.857 42.276
v -59.422 0.664 46.776
f 2385 2386 2387 2388
v -16.669 0.843 47.745
v 6.631 0.782 45.265
v 6.049 0.667 39.795
v -17.251 0.857 42.275
f 2389 2390 2391 2392
v 6.824 0.783 45.237
v 22.774 0.740 42.387
v 21.806 0.647 36.973
v 5.856 0.669 39.823
f 2393 2394 2395 2396
v 22.970 0.738 42.344
v 46.620 0.620 36.304
v 45.260 0.616 30.976
v 21.610 0.648 37.016
f 2397 2398 2399 2400
v 46.680 0.620 36.289
v 68.260 0.812 30.259
v 66.780 0.749 24.961
v 45.200 0.616 30.991
f 2401 2402 2403 2404
v 68.379 0.813 30.222
v 84.959 0.885 24.772
v 83.241 0.845 19.548
v 66.661 0.748 24.998
f 2405 2406 2407 2408
v 84.959 0.885 24.773
v 92.049 0.843 22.443
v 90.331 0.885 17.217
v 83.241 0.845 19.547
f 2409 2410 2411 2412
v 92.048 0.843 22.443
v 100.028 0.958 19.823
v 98.312 0.913 14.597
v 90.332 0.885 17.217
f 2413 2414 2415 2416
v 100.125 0.960 19.789
v 122.005 1.041 11.689
v 120.095 0.965 6.531
v 98.215 0.913 14.631
f 2417 2418 2419 2420
v 121.644 1.040 11.795
v 131.994 1.032 9.505
v 130.806 0.956 4.135
v 120.456 0.965 6.425
f 2421 2422 2423 2424
v 131.386 1.038 9.570
v 141.416 0.954 9.620
v 141.444 0.905 4.120
v 131.414 0.952 4.070
f 2425 2426 2427 2428
v 140.694 0.959 9.520
v 147.174 0.920 11.320
v 148.646 0.888 6.020
v 142.166 0.903 4.220
f 2429 2430 2431 2432
v 147.324 0.919 11.357
v 151.454 0.879 12.257
v 152.626 0.819 6.883
v 148.496 0.889 5.983
f 2433 2434 2435 2436
v 88.581 0.829 20.700
v 103.051 1.060 64.080
v 108.269 1.039 62.340
v 93.799 0.859 18.960
f 2437 2438 2439 2440
v 103.065 1.060 64.120
v 112.115 1.112 89.930
v 117.305 1.092 88.110
v 108.255 1.039 62.300
f 2441 2442 2443 2444
v 115.638 1.167 91.609
v 130.738 1.213 86.199
v 128.882 1.173 81.021
v 113.782 1.107 86.431
f 2445 2446 2447 2448
v 132.414 1.242 82.726
v 123.674 1.104 56.976
v 118.466 1.090 58.744
v 127.206 1.169 84.494
f 2449 2450 2451 2452
v 120.168 1.068 55.262
v 104.758 1.048 60.612
v 106.562 1.058 65.808
v 121.972 1.102 60.458
f 2453 2454 2455 2456
v 85.757 0.821 21.598
v 83.447 0.824 14.788
v 80.133 0.805 15.912
v 82.443 0.817 22.722
f 2457 2458 2459 2460
v 83.449 0.824 14.792
v 69.809 1.075 -25.788
v 66.491 1.076 -24.672
v 80.131 0.805 15.908
f 2461 2462 2463 2464
v 69.805 1.075 -25.799
v 60.585 1.136 -52.599
v 57.275 1.163 -51.461
v 66.495 1.076 -24.661
f 2465 2466 2467 2468
v -19.579 0.852 45.849
v -18.019 0.812 50.719
v -12.781 0.794 49.041
v -14.341 0.843 44.171
f 2469 2470 2471 2472
v -18.015 0.812 50.730
v -2.005 0.991 100.010
v 3.225 0.940 98.310
v -12.785 0.794 49.030
f 2473 2474 2475 2476
v -2.017 0.990 99.973
v 5.443 1.047 124.063
v 10.697 1.023 122.437
v 3.237 0.941 98.347
f 2477 2478 2479 2480
v 8.910 1.060 125.868
v 30.070 1.073 119.078
v 28.390 1.100 113.842
v 7.230 1.025 120.632
f 2481 2482 2483 2484
v 31.860 1.119 115.656
v 24.500 1.043 91.596
v 19.240 1.019 93.204
v 26.600 1.092 117.264
f 2485 2486 2487 2488
v 21.037 1.014 89.779
v -0.223 0.970 96.539
v 1.443 0.999 101.781
v 22.703 1.051 95.021
f 2489 2490 2491 2492
v -14.376 0.843 44.068
v -16.746 0.823 37.568
v -21.914 0.848 39.452
v -19.544 0.851 45.952
f 2493 2494 2495 2496
v -16.747 0.823 37.566
v -26.387 0.892 11.186
v -31.553 0.934 13.074
v -21.913 0.848 39.454
f 2497 2498 2499 2500
v -26.364 0.892 11.251
v -36.444 0.966 -18.629
v -41.656 1.013 -16.871
v -31.576 0.936 13.009
f 2501 2502 2503 2504
v -38.232 0.984 -15.125
v -23.122 1.061 -19.835
v -24.758 1.039 -25.085
v -39.868 1.001 -20.375
f 2505 2506 2507 2508
v -26.541 1.050 -21.567
v -16.511 0.921 7.653
v -11.309 0.967 5.867
v -21.339 1.074 -23.353
f 2509 2510 2511 2512
v -14.834 0.965 4.170
v -29.894 0.968 9.540
v -28.046 0.918 14.720
v -12.986 0.896 9.350
f 2513 2514 2515 2516
v -149.216 0.739 59.518
v -152.876 0.791 52.138
v -157.804 0.696 54.582
v -154.144 0.718 61.962
f 2517 2518 2519 2520
v -152.606 0.770 53.068
v -153.126 0.860 48.198
v -158.594 0.750 48.782
v -158.074 0.706 53.652
f 2521 2522 2523 2524
v -153.226 0.846 49.282
v -151.846 0.899 44.692
v -157.114 0.830 43.108
v -158.494 0.769 47.698
f 2525 2526 2527 2528
v -152.740 0.880 46.030
v -149.460 0.926 43.350
v -152.940 0.883 39.090
v -156.220 0.848 41.770
f 2529 2530 2531 2532
v -150.333 0.920 43.830
v -123.933 1.010 35.060
v -125.667 1.012 29.840
v -152.067 0.896 38.610
f 2533 2534 2535 2536
v -124.814 1.010 35.200
v -120.744 1.018 35.220
v -120.716 1.012 29.720
v -124.786 1.019 29.700
f 2537 2538 2539 2540
v -122.262 1.018 34.754
v -119.012 0.997 36.934
v -115.948 0.980 32.366
v -119.198 1.006 30.186
f 2541 2542 2543 2544
v -120.048 1.012 35.634
v -114.428 0.937 50.304
v -109.292 0.895 48.336
v -114.912 0.976 33.666
f 2545 2546 2547 2548
v -114.429 0.937 50.301
v -112.049 0.898 56.531
v -106.911 0.900 54.569
v -109.291 0.895 48.339
f 2549 2550 2551 2552
v -112.084 0.899 56.434
v -93.744 0.992 110.444
v -88.536 1.034 108.676
v -106.876 0.900 54.666
f 2553 2554 2555 2556
v -93.744 0.992 110.444
v -85.634 1.079 134.334
v -80.426 1.149 132.566
v -88.536 1.034 108.676
f 2557 2558 2559 2560
v -85.634 1.079 134.335
v -78.324 1.215 155.845
v -73.116 1.215 154.075
v -80.426 1.149 132.565
f 2561 2562 2563 2564
v -83.873 1.106 130.832
v -105.353 1.135 137.752
v -103.667 1.210 142.988
v -82.187 1.123 136.068
f 2565 2566 2567 2568
v -101.879 1.145 139.569
v -109.279 1.059 115.259
v -114.541 1.077 116.861
v -107.141 1.152 141.171
f 2569 2570 2571 2572
v -111.089 1.080 118.684
v -90.319 1.031 112.184
v -91.961 1.018 106.936
v -112.731 1.056 113.436
f 2573 2574 2575 2576
v -201.717 0.835 124.622
v -192.597 0.864 125.312
v -192.183 0.839 119.828
v -201.303 0.798 119.138
f 2577 2578 2579 2580
v -194.206 0.843 124.635
v -192.046 0.878 126.535
v -188.414 0.895 122.405
v -190.574 0.864 120.505
f 2581 2582 2583 2584
v -192.971 0.856 124.695
v -192.461 0.889 130.915
v -186.979 0.927 130.465
v -187.489 0.915 124.245
f 2585 2586 2587 2588
v -192.468 0.888 130.575
v -193.718 1.049 160.555
v -188.222 1.106 160.785
v -186.972 0.929 130.805
f 2589 2590 2591 2592
v -192.897 1.048 158.708
v -195.637 1.011 161.398
v -191.783 1.098 165.322
v -189.043 1.110 162.632
f 2593 2594 2595 2596
v -194.442 1.031 160.709
v -198.242 0.973 161.759
v -196.778 1.092 167.061
v -192.978 1.111 166.011
f 2597 2598 2599 2600
v -197.483 0.984 161.660
v -203.693 1.023 161.600
v -203.747 1.042 167.100
v -197.537 1.071 167.160
f 2601 2602 2603 2604
v -203.940 1.029 161.609
v -255.780 0.756 165.769
v -255.340 0.800 171.251
v -203.500 1.038 167.091
f 2605 2606 2607 2608
v 152.580 0.866 12.266
v 162.660 0.888 10.246
v 161.580 0.884 4.854
v 151.500 0.852 6.874
f 2609 2610 2611 2612
v -255.018 0.353 -0.085
v -203.958 0.522 -17.765
v -205.922 0.651 -23.435
v -256.982 0.573 -5.755
f 2613 2614 2615 2616
v -203.959 0.522 -17.765
v -182.629 0.533 -25.145
v -184.591 0.627 -30.815
v -205.921 0.651 -23.435
f 2617 2618 2619 2620
v -182.628 0.533 -25.145
v -142.778 0.564 -38.945
v -144.742 0.681 -44.615
v -184.592 0.627 -30.815
f 2621 2622 2623 2624
v -142.778 0.564 -38.945
v -111.268 0.571 -49.855
v -113.232 0.667 -55.525
v -144.742 0.681 -44.615
f 2625 2626 2627 2628
v -111.268 0.571 -49.855
v -56.008 0.679 -68.995
v -57.972 0.754 -74.665
v -113.232 0.667 -55.525
f 2629 2630 2631 2632
v -56.028 0.678 -68.988
v -36.528 0.656 -75.588
v -38.452 0.755 -81.272
v -57.952 0.754 -74.672
f 2633 2634 2635 2636
v -36.527 0.656 -75.589
v -2.277 0.774 -87.199
v -4.203 0.912 -92.881
v -38.453 0.755 -81.271
f 2637 2638 2639 2640
v -2.276 0.774 -87.199
v 6.304 0.766 -90.109
v 4.376 0.943 -95.791
v -4.204 0.912 -92.881
f 2641 2642 2643 2644
v 6.302 0.766 -90.109
v 27.942 0.831 -97.439
v 26.018 0.995 -103.121
v 4.378 0.943 -95.791
f 2645 2646 2647 2648
v 27.943 0.831 -97.439
v 68.783 0.904 -111.279
v 66.857 1.104 -116.961
v 26.017 0.995 -103.121
f 2649 2650 2651 2652
v 68.782 0.904 -111.278
v 100.242 0.903 -121.928
v 98.318 1.064 -127.612
v 66.858 1.104 -116.962
f 2653 2654 2655 2656
v 99.776 0.899 -121.811
v 109.506 0.950 -123.441
v 108.514 1.051 -129.359
v 98.784 1.065 -127.729
f 2657 2658 2659 2660
v 108.995 0.955 -123.400
v 118.905 0.963 -123.350
v 118.935 0.953 -129.350
v 109.025 1.049 -129.400
f 2661 2662 2663 2664
v 118.892 0.963 -123.350
v 119.982 0.973 -123.340
v 120.038 0.953 -129.340
v 118.948 0.953 -129.350
f 2665 2666 2667 2668
v 119.484 0.968 -123.386
v 122.684 1.011 -122.816
v 123.736 0.954 -128.724
v 120.536 0.953 -129.294
f 2669 2670 2671 2672
v 122.692 1.011 -122.815
v 134.262 1.023 -120.785
v 135.298 1.069 -126.695
v 123.728 0.954 -128.725
f 2673 2674 2675 2676
v 135.312 1.012 -120.788
v 142.082 0.984 -122.008
v 141.018 1.081 -127.912
v 134.248 1.060 -126.692
f 2677 2678 2679 2680
v 142.529 0.985 -122.124
v 147.019 0.975 -123.674
v 145.061 1.077 -129.346
v 140.571 1.079 -127.796
f 2681 2682 2683 2684
v 147.015 0.975 -123.673
v 178.925 0.918 -134.643
v 176.975 0.977 -140.317
v 145.065 1.077 -129.347
f 2685 2686 2687 2688
v 178.924 0.918 -134.643
v 184.284 0.904 -136.483
v 182.336 0.974 -142.157
v 176.976 0.977 -140.317
f 2689 2690 2691 2692
v 184.286 0.904 -136.483
v 199.716 0.828 -141.793
v 197.764 0.752 -147.467
v 182.334 0.974 -142.157
f 2693 2694 2695 2696
v 199.713 0.828 -141.792
v 209.193 0.786 -145.042
v 207.247 0.810 -150.718
v 197.767 0.752 -147.468
f 2697 2698 2699 2700
v 209.196 0.786 -145.043
v 223.236 0.839 -149.873
v 221.284 0.946 -155.547
v 207.244 0.810 -150.717
f 2701 2702 2703 2704
v 223.236 0.839 -149.873
v 238.296 0.816 -155.053
v 236.344 0.922 -160.727
v 221.284 0.946 -155.547
f 2705 2706 2707 2708
v 238.297 0.816 -155.054
v 240.067 0.808 -155.664
v 238.113 0.917 -161.336
v 236.343 0.922 -160.726
f 2709 2710 2711 2712
v 240.067 0.808 -155.663
v 249.827 0.881 -159.023
v 247.873 0.941 -164.697
v 238.113 0.917 -161.337
f 2713 2714 2715 2716
v 239.784 0.980 -9.684
v 242.404 0.833 -1.544
v 245.736 0.808 -2.616
v 243.116 0.986 -10.756
f 2717 2718 2719 2720
v 242.410 0.832 -1.526
v 245.100 0.876 6.534
v 248.420 0.874 5.426
v 245.730 0.807 -2.634
f 2721 2722 2723 2724
v 220.527 0.986 -0.198
v 222.287 0.795 5.552
v 225.633 0.797 4.528
v 223.873 1.001 -1.222
f 2725 2726 2727 2728
v 222.289 0.795 5.559
v 224.759 0.836 13.509
v 228.101 0.837 12.471
v 225.631 0.797 4.521
f 2729 2730 2731 2732
v 227.374 1.166 -57.402
v 224.814 0.921 -65.262
v 221.486 0.878 -64.178
v 224.046 1.118 -56.318
f 2733 2734 2735 2736
v 224.814 0.921 -65.262
v 223.024 0.951 -70.762
v 219.696 0.937 -69.678
v 221.486 0.878 -64.178
f 2737 2738 2739 2740
v 149.905 0.935 -62.490
v 138.725 0.735 -58.750
v 139.835 0.743 -55.430
v 151.015 0.938 -59.170
f 2741 2742 2743 2744
v 164.646 1.004 -64.387
v 166.196 0.862 -59.637
v 169.524 0.868 -60.723
v 167.974 1.063 -65.473
f 2745 2746 2747 2748
v 166.196 0.862 -59.640
v 168.576 0.917 -52.310
v 171.904 0.922 -53.390
v 169.524 0.868 -60.720
f 2749 2750 2751 2752
v 177.204 1.092 -77.205
v 181.174 0.862 -64.835
v 184.506 0.871 -65.905
v 180.536 1.141 -78.275
f 2753 2754 2755 2756
v 181.173 0.862 -64.836
v 183.553 0.908 -57.406
v 186.887 0.928 -58.474
v 184.507 0.871 -65.904
f 2757 2758 2759 2760
v 205.550 1.048 -79.070
v 207.490 0.860 -73.850
v 210.770 0.850 -75.070
v 208.830 1.020 -80.290
f 2761 2762 2763 2764
v 207.490 0.860 -73.850
v 210.260 0.924 -66.400
v 213.540 0.927 -67.620
v 210.770 0.850 -75.070
f 2765 2766 2767 2768
v 236.791 0.981 -88.474
v 238.201 0.870 -84.504
v 241.499 0.861 -85.676
v 240.089 0.941 -89.646
f 2769 2770 2771 2772
v 238.202 0.870 -84.500
v 240.942 0.920 -76.850
v 244.238 0.907 -78.030
v 241.498 0.861 -85.680
f 2773 2774 2775 2776
v 245.682 1.075 -145.746
v 242.892 0.863 -153.306
v 239.608 0.835 -152.094
v 242.398 1.025 -144.534
f 2777 2778 2779 2780
v 242.890 0.863 -153.311
v 240.730 0.918 -159.111
v 237.450 0.916 -157.889
v 239.610 0.835 -152.089
f 2781 2782 2783 2784
v 229.521 1.045 -140.606
v 226.391 0.866 -147.706
v 223.189 0.893 -146.294
v 226.319 1.070 -139.194
f 2785 2786 2787 2788
v 226.390 0.866 -147.709
v 223.860 0.941 -153.419
v 220.660 0.932 -152.001
v 223.190 0.893 -146.291
f 2789 2790 2791 2792
v 214.410 1.168 -134.663
v 211.810 0.909 -142.473
v 208.490 0.898 -141.367
v 211.090 1.136 -133.557
f 2793 2794 2795 2796
v 211.815 0.910 -142.459
v 209.885 0.839 -148.419
v 206.555 0.805 -147.341
v 208.485 0.898 -141.381
f 2797 2798 2799 2800
v 184.592 1.282 -123.097
v 181.502 0.955 -131.947
v 178.198 0.938 -130.793
v 181.288 1.245 -121.943
f 2801 2802 2803 2804
v 181.521 0.957 -131.890
v 179.621 0.981 -138.000
v 176.279 1.003 -136.960
v 178.179 0.936 -130.850
f 2805 2806 2807 2808
v 151.489 1.299 -115.628
v 149.669 1.071 -121.038
v 146.351 1.060 -119.922
v 148.171 1.304 -114.512
f 2809 2810 2811 2812
v 149.673 1.072 -121.023
v 147.703 1.090 -127.053
v 144.377 1.076 -125.967
v 146.347 1.059 -119.937
f 2813 2814 2815 2816
v 148.972 2.027 -156.869
v 136.872 1.016 -156.469
v 136.988 1.054 -152.971
v 149.088 1.880 -153.371
f 2817 2818 2819 2820
v 136.873 1.016 -156.469
v 129.253 0.966 -156.219
v 129.367 0.967 -152.721
v 136.987 1.054 -152.971
f 2821 2822 2823 2824
v 176.440 1.065 -152.486
v 178.860 0.877 -145.646
v 182.160 0.868 -146.814
v 179.740 1.079 -153.654
f 2825 2826 2827 2828
v 178.888 0.878 -145.573
v 181.688 0.971 -138.663
v 184.932 0.962 -139.977
v 182.132 0.866 -146.887
f 2829 2830 2831 2832
v 191.951 1.029 -158.474
v 194.571 0.729 -151.104
v 197.869 0.703 -152.276
v 195.249 1.170 -159.646
f 2833 2834 2835 2836
v 194.572 0.729 -151.102
v 197.092 0.836 -144.042
v 200.388 0.798 -145.218
v 197.868 0.703 -152.278
f 2837 2838 2839 2840
v 242.161 1.042 -174.716
v 247.211 0.929 -161.246
v 250.489 0.937 -162.474
v 245.439 1.106 -175.944
f 2841 2842 2843 2844
v 210.874 1.221 -251.814
v 206.744 0.892 -247.104
v 209.376 0.969 -244.796
v 213.506 1.284 -249.506
f 2845 2846 2847 2848
v 206.747 0.892 -247.106
v 202.177 0.883 -241.916
v 204.803 0.879 -239.604
v 209.373 0.969 -244.794
f 2849 2850 2851 2852
v 201.764 1.250 -256.482
v 199.874 1.012 -253.932
v 202.686 1.018 -251.848
v 204.576 1.256 -254.398
f 2853 2854 2855 2856
v 199.873 1.012 -253.931
v 195.183 0.911 -247.591
v 197.997 0.906 -245.509
v 202.687 1.018 -251.849
f 2857 2858 2859 2860
v 227.410 1.228 -222.030
v 222.540 0.938 -220.220
v 223.760 0.951 -216.940
v 228.630 1.277 -218.750
f 2861 2862 2863 2864
v 222.542 0.938 -220.221
v 215.692 0.840 -217.681
v 216.908 0.846 -214.399
v 223.758 0.951 -216.939
f 2865 2866 2867 2868
v 236.534 1.272 -207.792
v 228.134 0.936 -204.692
v 229.346 0.984 -201.408
v 237.746 1.315 -204.508
f 2869 2870 2871 2872
v 228.135 0.936 -204.692
v 221.295 0.815 -202.172
v 222.505 0.807 -198.888
v 229.345 0.983 -201.408
f 2873 2874 2875 2876
v 116.625 1.089 -210.814
v 119.505 0.889 -211.004
v 119.275 0.871 -214.496
v 116.395 1.010 -214.306
f 2877 2878 2879 2880
v 119.505 0.889 -211.004
v 126.045 0.936 -211.434
v 125.815 0.909 -214.926
v 119.275 0.871 -214.496
f 2881 2882 2883 2884
v 95.361 1.611 -189.036
v 95.471 1.050 -184.656
v 98.969 1.112 -184.744
v 98.859 1.678 -189.124
f 2885 2886 2887 2888
v 95.471 1.050 -184.656
v 95.691 1.009 -175.826
v 99.189 1.011 -175.914
v 98.969 1.112 -184.744
f 2889 2890 2891 2892
v 68.444 1.365 -186.237
v 68.684 1.085 -182.837
v 72.176 1.079 -183.083
v 71.936 1.407 -186.483
f 2893 2894 2895 2896
v 68.684 1.085 -182.835
v 69.304 1.068 -174.155
v 72.796 1.052 -174.405
v 72.176 1.079 -183.085
f 2897 2898 2899 2900
v 61.043 1.323 -189.088
v 61.433 1.114 -182.378
v 64.927 1.100 -182.582
v 64.537 1.318 -189.292
f 2901 2902 2903 2904
v 61.433 1.113 -182.377
v 61.943 1.112 -173.747
v 65.437 1.091 -173.953
v 64.927 1.100 -182.583
f 2905 2906 2907 2908
v 25.690 1.319 -185.325
v 25.760 1.119 -180.365
v 29.260 1.113 -180.415
v 29.190 1.350 -185.375
f 2909 2910 2911 2912
v 25.764 1.117 -180.271
v 26.354 1.148 -171.601
v 29.846 1.159 -171.839
v 29.256 1.115 -180.509
f 2913 2914 2915 2916
v 2.830 1.255 -184.513
v 2.940 1.015 -179.263
v 6.440 1.054 -179.337
v 6.330 1.328 -184.587
f 2917 2918 2919 2920
v 2.942 1.012 -179.214
v 3.382 1.081 -170.254
v 6.878 1.094 -170.426
v 6.438 1.058 -179.386
f 2921 2922 2923 2924
v -32.216 1.104 -185.388
v -37.536 0.973 -184.538
v -36.984 0.891 -181.082
v -31.664 1.057 -181.932
f 2925 2926 2927 2928
v -37.539 0.972 -184.538
v -44.479 0.843 -183.418
v -43.921 0.830 -179.962
v -36.981 0.891 -181.082
f 2929 2930 2931 2932
v -12.144 1.073 -169.259
v -11.674 1.021 -163.459
v -8.186 1.069 -163.741
v -8.656 1.070 -169.541
f 2933 2934 2935 2936
v -11.672 1.022 -163.431
v -11.642 1.033 -163.121
v -8.158 1.085 -163.459
v -8.188 1.067 -163.769
f 2937 2938 2939 2940
v -11.587 1.010 -163.757
v -12.937 1.147 -158.877
v -9.563 1.138 -157.943
v -8.213 1.114 -162.823
f 2941 2942 2943 2944
v -11.605 1.123 -160.124
v -16.675 1.166 -159.074
v -15.965 1.237 -155.646
v -10.895 1.154 -156.696
f 2945 2946 2947 2948
v -16.286 1.166 -159.110
v -27.216 1.110 -159.320
v -27.284 1.125 -155.820
v -16.354 1.251 -155.610
f 2949 2950 2951 2952
v -26.366 1.120 -159.080
v -29.166 1.048 -160.720
v -30.934 1.035 -157.700
v -28.134 1.091 -156.060
f 2953 2954 2955 2956
v -28.326 1.072 -159.509
v -28.806 0.967 -162.279
v -32.254 0.872 -161.681
v -31.774 1.023 -158.911
f 2957 2958 2959 2960
v -28.806 0.966 -162.279
v -29.876 0.907 -168.439
v -33.324 0.836 -167.841
v -32.254 0.872 -161.681
f 2961 2962 2963 2964
v -187.220 1.362 -222.396
v -193.490 0.995 -221.966
v -193.250 1.004 -218.474
v -186.980 1.276 -218.904
f 2965 2966 2967 2968
v -193.499 0.995 -221.965
v -195.659 0.914 -221.805
v -195.401 0.910 -218.315
v -193.241 1.004 -218.475
f 2969 2970 2971 2972
v 6.010 1.236 -158.830
v 5.390 1.127 -164.510
v 1.910 1.082 -164.130
v 2.530 1.284 -158.450
f 2973 2974 2975 2976
v 5.394 1.131 -164.462
v 4.914 1.085 -170.362
v 1.426 1.079 -170.078
v 1.906 1.079 -164.178
f 2977 2978 2979 2980
v -173.818 1.307 -200.304
v -192.008 0.955 -198.764
v -191.712 0.969 -195.276
v -173.522 1.462 -196.816
f 2981 2982 2983 2984
v -192.001 0.955 -198.764
v -194.221 0.870 -198.584
v -193.939 0.861 -195.096
v -191.719 0.968 -195.276
f 2985 2986 2987 2988
v -186.745 1.542 -251.633
v -195.405 1.048 -250.863
v -195.095 1.076 -247.377
v -186.435 1.461 -248.147
f 2989 2990 2991 2992
v -195.402 1.048 -250.863
v -197.462 0.951 -250.683
v -197.158 0.985 -247.197
v -195.098 1.076 -247.377
f 2993 2994 2995 2996
v 20.752 1.282 -158.420
v 20.062 1.074 -165.490
v 16.578 1.080 -165.150
v 17.268 1.220 -158.080
f 2997 2998 2999 3000
v 20.062 1.074 -165.489
v 19.502 1.137 -171.269
v 16.018 1.130 -170.931
v 16.578 1.080 -165.151
f 3001 3002 3003 3004
v 46.603 1.293 -161.905
v 46.153 1.137 -166.955
v 42.667 1.146 -166.645
v 43.117 1.309 -161.595
f 3005 3006 3007 3008
v 46.151 1.137 -166.975
v 45.561 1.154 -172.835
v 42.079 1.171 -172.485
v 42.669 1.147 -166.625
f 3009 3010 3011 3012
v 69.061 1.729 -162.187
v 68.421 1.130 -168.467
v 64.939 1.145 -168.113
v 65.579 1.954 -161.833
f 3013 3014 3015 3016
v 68.414 1.124 -168.525
v 67.644 1.081 -174.215
v 64.176 1.095 -173.745
v 64.946 1.151 -168.055
f 3017 3018 3019 3020
v 77.409 1.678 -162.272
v 77.139 1.122 -168.862
v 73.641 1.099 -168.718
v 73.911 1.476 -162.128
f 3021 3022 3023 3024
v 77.135 1.117 -168.927
v 76.685 1.027 -174.657
v 73.195 1.049 -174.383
v 73.645 1.103 -168.653
f 3025 3026 3027 3028
v 118.001 1.275 -150.927
v 117.671 1.191 -140.807
v 121.169 0.987 -140.693
v 121.499 1.040 -150.813
f 3029 3030 3031 3032
v 117.671 1.191 -140.811
v 117.171 0.943 -126.411
v 120.669 0.945 -126.289
v 121.169 0.987 -140.689
f 3033 3034 3035 3036
v -194.898 0.907 -211.875
v -192.728 0.998 -212.165
v -193.192 0.977 -215.635
v -195.362 0.900 -215.345
f 3037 3038 3039 3040
v -192.726 0.998 -212.166
v -175.976 1.394 -214.426
v -176.444 1.293 -217.894
v -193.194 0.977 -215.634
f 3041 3042 3043 3044
v 64.384 1.539 -127.980
v 65.114 1.186 -122.220
v 68.586 1.157 -122.660
v 67.856 1.379 -128.420
f 3045 3046 3047 3048
v 65.112 1.187 -122.237
v 66.082 1.056 -113.917
v 69.558 1.009 -114.323
v 68.588 1.156 -122.643
f 3049 3050 3051 3052
v -192.789 0.849 -176.837
v -190.509 0.962 -177.047
v -190.831 0.920 -180.533
v -193.111 0.831 -180.323
f 3053 3054 3055 3056
v -190.509 0.962 -177.047
v -182.839 1.373 -177.757
v -183.161 1.282 -181.243
v -190.831 0.920 -180.533
f 3057 3058 3059 3060
v 24.416 1.108 -109.586
v 24.546 1.042 -108.016
v 28.034 1.037 -108.304
v 27.904 1.110 -109.874
f 3061 3062 3063 3064
v 24.547 1.041 -108.007
v 25.237 0.926 -100.127
v 28.723 0.942 -100.433
v 28.033 1.037 -108.313
f 3065 3066 3067 3068
v 3.241 1.478 -104.439
v 3.351 1.041 -100.679
v 6.849 0.984 -100.781
v 6.739 1.366 -104.541
f 3069 3070 3071 3072
v 3.351 1.041 -100.676
v 3.591 0.909 -92.896
v 7.089 0.882 -93.004
v 6.849 0.984 -100.784
f 3073 3074 3075 3076
v -190.777 0.829 -146.160
v -188.407 0.905 -146.520
v -188.933 0.893 -149.980
v -191.303 0.800 -149.620
f 3077 3078 3079 3080
v -188.399 0.906 -146.521
v -180.859 1.235 -147.701
v -181.401 1.279 -151.159
v -188.941 0.893 -149.979
f 3081 3082 3083 3084
v -6.307 1.284 -113.130
v -5.417 1.007 -97.570
v -1.923 1.003 -97.770
v -2.813 1.433 -113.330
f 3085 3086 3087 3088
v -5.417 1.007 -97.572
v -4.987 0.858 -89.942
v -1.493 0.859 -90.138
v -1.923 1.003 -97.768
f 3089 3090 3091 3092
v -55.944 1.119 -123.943
v -48.144 0.874 -124.373
v -48.336 0.899 -127.867
v -56.136 1.184 -127.437
f 3093 3094 3095 3096
v -48.148 0.874 -124.372
v -40.568 0.903 -124.772
v -40.752 0.896 -128.268
v -48.332 0.899 -127.868
f 3097 3098 3099 3100
v -64.521 1.295 -162.465
v -50.601 0.816 -163.495
v -50.859 0.793 -166.985
v -64.779 1.239 -165.955
f 3101 3102 3103 3104
v -50.600 0.816 -163.495
v -43.110 0.836 -164.055
v -43.370 0.821 -167.545
v -50.860 0.793 -166.985
f 3105 3106 3107 3108
v -44.689 0.847 -185.543
v -52.169 0.785 -183.973
v -51.451 0.765 -180.547
v -43.971 0.840 -182.117
f 3109 3110 3111 3112
v -52.179 0.785 -183.971
v -53.059 0.824 -183.781
v -52.321 0.809 -180.359
v -51.441 0.765 -180.549
f 3113 3114 3115 3116
v -53.554 0.855 -183.592
v -56.144 1.013 -182.122
v -54.416 0.943 -179.078
v -51.826 0.783 -180.548
f 3117 3118 3119 3120
v -56.946 1.061 -181.136
v -57.666 1.121 -178.896
v -54.334 0.962 -177.824
v -53.614 0.884 -180.064
f 3121 3122 3123 3124
v -57.745 1.131 -178.494
v -57.995 1.185 -175.234
v -54.505 1.010 -174.966
v -54.255 0.950 -178.226
f 3125 3126 3127 3128
v -57.906 1.180 -174.533
v -56.896 1.128 -171.583
v -53.584 0.926 -172.717
v -54.594 1.009 -175.667
f 3129 3130 3131 3132
v -56.553 1.114 -170.993
v -54.773 1.053 -168.973
v -52.147 0.834 -171.287
v -53.927 0.949 -173.307
f 3133 3134 3135 3136
v -54.095 0.991 -168.499
v -51.605 0.824 -167.529
v -50.335 0.765 -170.791
v -52.825 0.877 -171.761
f 3137 3138 3139 3140
v -51.604 0.824 -167.529
v -51.064 0.793 -167.319
v -49.796 0.764 -170.581
v -50.336 0.765 -170.791
f 3141 3142 3143 3144
v -50.360 0.784 -167.201
v -43.390 0.821 -167.481
v -43.530 0.812 -170.979
v -50.500 0.765 -170.699
f 3145 3146 3147 3148
v -61.316 1.180 -192.740
v -58.226 1.057 -188.300
v -55.354 0.918 -190.300
v -58.444 1.097 -194.740
f 3149 3150 3151 3152
v -57.776 1.038 -187.854
v -53.086 0.823 -184.654
v -51.114 0.745 -187.546
v -55.804 0.938 -190.746
f 3153 3154 3155 3156
v -52.024 0.778 -184.352
v -44.414 0.846 -184.682
v -44.566 0.854 -188.178
v -52.176 0.775 -187.848
f 3157 3158 3159 3160
v -187.634 0.760 -90.930
v -185.054 0.876 -90.910
v -185.026 0.868 -94.410
v -187.606 0.749 -94.430
f 3161 3162 3163 3164
v -185.045 0.876 -90.910
v -178.295 1.172 -90.890
v -178.285 1.159 -94.390
v -185.035 0.867 -94.410
f 3165 3166 3167 3168
v -64.419 1.255 -217.612
v -54.119 0.790 -218.092
v -54.281 0.782 -221.588
v -64.581 1.261 -221.108
f 3169 3170 3171 3172
v -54.118 0.790 -218.092
v -46.408 0.799 -218.452
v -46.572 0.794 -221.948
v -54.282 0.782 -221.588
f 3173 3174 3175 3176
v -186.271 0.737 -70.332
v -183.631 0.847 -70.452
v -183.789 0.849 -73.948
v -186.429 0.737 -73.828
f 3177 3178 3179 3180
v -183.620 0.848 -70.452
v -179.150 1.020 -70.682
v -179.330 1.015 -74.178
v -183.800 0.848 -73.948
f 3181 3182 3183 3184
v -32.257 0.956 -233.398
v -32.697 0.728 -238.248
v -36.183 0.709 -237.932
v -35.743 0.945 -233.082
f 3185 3186 3187 3188
v -32.697 0.728 -238.250
v -33.237 0.776 -244.130
v -36.723 0.747 -243.810
v -36.183 0.709 -237.930
f 3189 3190 3191 3192
v -7.373 1.100 -233.432
v -7.753 0.953 -239.942
v -11.247 0.949 -239.738
v -10.867 1.107 -233.228
f 3193 3194 3195 3196
v -7.753 0.953 -239.943
v -8.093 0.989 -245.723
v -11.587 0.972 -245.517
v -11.247 0.949 -239.737
f 3197 3198 3199 3200
v -142.130 0.622 -42.417
v -144.560 0.802 -48.637
v -147.820 0.803 -47.363
v -145.390 0.629 -41.143
f 3201 3202 3203 3204
v -144.561 0.802 -48.638
v -147.151 1.108 -55.248
v -150.409 1.051 -53.972
v -147.819 0.803 -47.362
f 3205 3206 3207 3208
v 7.761 1.097 -235.513
v 7.221 0.987 -240.963
v 3.739 0.980 -240.617
v 4.279 1.096 -235.167
f 3209 3210 3211 3212
v 7.222 0.987 -240.961
v 6.652 1.047 -246.751
v 3.168 1.026 -246.409
v 3.738 0.980 -240.619
f 3213 3214 3215 3216
v -188.933 0.779 -115.534
v -186.453 0.914 -115.844
v -186.887 0.880 -119.316
v -189.367 0.776 -119.006
f 3217 3218 3219 3220
v -186.458 0.914 -115.843
v -179.658 1.246 -116.673
v -180.082 1.182 -120.147
v -186.882 0.880 -119.317
f 3221 3222 3223 3224
v -34.624 1.025 -255.902
v -34.427 0.818 -252.392
v -30.933 0.860 -252.588
v -31.129 1.046 -256.098
f 3225 3226 3227 3228
v -34.427 0.818 -252.394
v -33.967 0.769 -244.064
v -30.473 0.802 -244.256
v -30.933 0.860 -252.586
f 3229 3230 3231 3232
v -9.157 0.966 -254.114
v -8.697 0.988 -245.704
v -5.203 0.991 -245.896
v -5.663 0.979 -254.306
f 3233 3234 3235 3236
v 1.850 0.959 -254.933
v 1.980 1.025 -246.473
v 5.480 1.038 -246.527
v 5.350 0.964 -254.987
f 3237 3238 3239 3240
v 12.495 1.002 -255.546
v 13.145 1.056 -247.096
v 16.635 1.058 -247.364
v 15.985 1.019 -255.814
f 3241 3242 3243 3244
v -237.465 1.419 -245.443
v -223.625 0.997 -246.273
v -223.835 1.012 -249.767
v -237.675 1.431 -248.937
f 3245 3246 3247 3248
v -223.625 0.997 -246.273
v -219.815 0.929 -246.503
v -220.025 0.924 -249.997
v -223.835 1.013 -249.767
f 3249 3250 3251 3252
v 48.626 0.980 -255.845
v 49.197 1.022 -249.435
v 52.683 1.004 -249.745
v 52.112 0.965 -256.155
f 3253 3254 3255 3256
v 68.615 0.964 -255.909
v 68.882 0.978 -250.789
v 72.378 0.964 -250.971
v 72.111 0.973 -256.091
f 3257 3258 3259 3260
v -221.746 1.017 -181.705
v -219.536 0.898 -181.875
v -219.804 0.890 -185.365
v -222.014 0.984 -185.195
f 3261 3262 3263 3264
v -219.525 0.897 -181.876
v -215.545 0.855 -182.206
v -215.835 0.852 -185.694
v -219.815 0.890 -185.364
f 3265 3266 3267 3268
v 76.651 0.881 158.710
v 80.671 1.009 165.940
v 83.729 0.989 164.240
v 79.709 0.888 157.010
f 3269 3270 3271 3272
v 80.671 1.009 165.941
v 81.511 1.035 167.451
v 84.569 1.029 165.749
v 83.729 0.989 164.239
f 3273 3274 3275 3276
v 82.346 1.043 168.206
v 88.036 1.076 170.666
v 89.424 1.042 167.454
v 83.734 1.021 164.994
f 3277 3278 3279 3280
v 88.944 1.105 170.797
v 97.784 1.110 169.707
v 97.356 1.074 166.233
v 88.516 1.041 167.323
f 3281 3282 3283 3284
v 98.886 1.101 169.123
v 103.196 1.027 164.203
v 100.564 1.015 161.897
v 96.254 1.075 166.817
f 3285 3286 3287 3288
v 103.486 1.027 163.745
v 105.266 0.965 159.635
v 102.054 0.944 158.245
v 100.274 1.021 162.355
f 3289 3290 3291 3292
v 105.352 0.958 158.492
v 105.042 0.948 157.322
v 101.658 0.938 158.218
v 101.968 0.979 159.388
f 3293 3294 3295 3296
v 105.038 0.948 157.308
v 102.888 0.864 149.448
v 99.512 0.874 150.372
v 101.662 0.939 158.232
f 3297 3298 3299 3300
v 59.480 1.159 -50.369
v 80.070 1.222 -57.189
v 78.970 1.216 -60.511
v 58.380 1.152 -53.691
f 3301 3302 3303 3304
v 77.883 1.237 -58.232
v 87.833 1.120 -31.852
v 91.107 1.132 -33.088
v 81.157 1.203 -59.468
f 3305 3306 3307 3308
v 88.907 1.157 -34.127
v 67.587 1.102 -26.887
v 68.713 1.096 -23.573
v 90.033 1.102 -30.813
f 3309 3310 3311 3312
v -150.942 1.496 236.892
v -153.822 1.528 228.822
v -157.118 1.541 229.998
v -154.238 1.505 238.068
f 3313 3314 3315 3316
v -153.822 1.528 228.822
v -157.282 1.548 219.132
v -160.578 1.543 220.308
v -157.118 1.541 229.998
f 3317 3318 3319 3320
v -161.294 1.418 207.424
v -162.594 1.407 203.624
v -165.906 1.425 204.756
v -164.606 1.425 208.556
f 3321 3322 3323 3324
v -164.811 1.426 202.532
v -188.231 1.430 210.452
v -187.109 1.471 213.768
v -163.689 1.404 205.848
f 3325 3326 3327 3328
v -188.234 1.430 210.453
v -193.144 1.413 212.123
v -192.016 1.436 215.437
v -187.106 1.471 213.767
f 3329 3330 3331 3332
v -61.544 1.275 205.750
v -64.524 1.301 197.890
v -67.796 1.334 199.130
v -64.816 1.285 206.990
f 3333 3334 3335 3336
v -64.524 1.301 197.890
v -67.464 1.240 190.130
v -70.736 1.248 191.370
v -67.796 1.334 199.130
f 3337 3338 3339 3340
v -68.513 1.240 192.399
v -37.523 1.149 181.359
v -38.697 1.113 178.061
v -69.687 1.250 189.101
f 3341 3342 3343 3344
v -36.479 1.121 179.076
v -43.359 1.098 161.376
v -46.621 1.107 162.644
v -39.741 1.144 180.344
f 3345 3346 3347 3348
v -157.274 1.549 219.153
v -158.804 1.507 214.683
v -162.116 1.545 215.817
v -160.586 1.543 220.287
f 3349 3350 3351 3352
v -158.805 1.507 214.682
v -161.295 1.418 207.422
v -164.605 1.425 208.558
v -162.115 1.545 215.818
f 3353 3354 3355 3356
v -159.477 1.527 218.058
v -175.317 1.486 223.268
v -174.223 1.494 226.592
v -158.383 1.569 221.382
f 3357 3358 3359 3360
v -214.925 0.836 -172.705
v -192.665 0.886 -174.425
v -192.935 0.834 -177.915
v -215.195 0.841 -176.195
f 3361 3362 3363 3364
usemtl asphalt
