# Baked ultra-low Key West silhouette; generated by bake_key_west_far_city.py
mtllib far_city.mtl
usemtl massing
v 225.057 0.167 51.481
v 228.765 0.167 51.361
v 228.863 0.167 54.379
v 225.155 0.167 54.499
v 225.057 4.067 51.481
v 228.765 4.067 51.361
v 228.863 4.067 54.379
v 225.155 4.067 54.499
f 8 7 6 5
f 1 2 6 5
f 2 3 7 6
f 3 4 8 7
f 4 1 5 8
v 121.765 0.847 -137.736
v 121.805 0.847 -122.706
v 113.275 0.847 -122.684
v 113.235 0.847 -137.714
v 121.765 4.747 -137.736
v 121.805 4.747 -122.706
v 113.275 4.747 -122.684
v 113.235 4.747 -137.714
f 16 15 14 13
f 9 10 14 13
f 10 11 15 14
f 11 12 16 15
f 12 9 13 16
v 245.621 0.144 41.539
v 249.330 0.144 41.602
v 249.279 0.144 44.621
v 245.570 0.144 44.558
v 245.621 4.044 41.539
v 249.330 4.044 41.602
v 249.279 4.044 44.621
v 245.570 4.044 44.558
f 24 23 22 21
f 17 18 22 21
f 18 19 23 22
f 19 20 24 23
f 20 17 21 24
v 187.334 0.132 -64.246
v 193.134 0.132 -36.833
v 170.926 0.132 -32.134
v 165.126 0.132 -59.547
v 187.334 5.932 -64.246
v 193.134 5.932 -36.833
v 170.926 5.932 -32.134
v 165.126 5.932 -59.547
f 32 31 30 29
f 25 26 30 29
f 26 27 31 30
f 27 28 32 31
f 28 25 29 32
v 243.819 0.173 74.546
v 247.426 0.173 73.595
v 248.201 0.173 76.534
v 244.594 0.173 77.485
v 243.819 4.073 74.546
v 247.426 4.073 73.595
v 248.201 4.073 76.534
v 244.594 4.073 77.485
f 40 39 38 37
f 33 34 38 37
f 34 35 39 38
f 35 36 40 39
f 36 33 37 40
v -171.006 0.377 157.612
v -170.994 0.377 142.182
v -162.474 0.377 142.188
v -162.486 0.377 157.618
v -171.006 4.277 157.612
v -170.994 4.277 142.182
v -162.474 4.277 142.188
v -162.486 4.277 157.618
f 48 47 46 45
f 41 42 46 45
f 42 43 47 46
f 43 44 48 47
f 44 41 45 48
v -148.448 0.525 141.222
v -145.810 0.525 159.998
v -157.912 0.525 161.698
v -160.550 0.525 142.922
v -148.448 4.425 141.222
v -145.810 4.425 159.998
v -157.912 4.425 161.698
v -160.550 4.425 142.922
f 56 55 54 53
f 49 50 54 53
f 50 51 55 54
f 51 52 56 55
f 52 49 53 56
v -146.516 0.512 159.647
v -146.403 0.512 143.118
v -138.324 0.512 143.173
v -138.437 0.512 159.702
v -146.516 4.412 159.647
v -146.403 4.412 143.118
v -138.324 4.412 143.173
v -138.437 4.412 159.702
f 64 63 62 61
f 57 58 62 61
f 58 59 63 62
f 59 60 64 63
f 60 57 61 64
v -140.618 0.552 162.213
v -136.408 0.552 162.207
v -136.402 0.552 165.387
v -140.612 0.552 165.393
v -140.618 4.452 162.213
v -136.408 4.452 162.207
v -136.402 4.452 165.387
v -140.612 4.452 165.393
f 72 71 70 69
f 65 66 70 69
f 66 67 71 70
f 67 68 72 71
f 68 65 69 72
v -139.168 0.490 165.390
v -134.086 0.490 140.585
v -122.252 0.490 143.010
v -127.334 0.490 167.815
v -139.168 4.390 165.390
v -134.086 4.390 140.585
v -122.252 4.390 143.010
v -127.334 4.390 167.815
f 80 79 78 77
f 73 74 78 77
f 74 75 79 78
f 75 76 80 79
f 76 73 77 80
v -113.349 0.679 141.668
v -112.893 0.679 160.383
v -122.291 0.679 160.612
v -122.747 0.679 141.897
v -113.349 4.579 141.668
v -112.893 4.579 160.383
v -122.291 4.579 160.612
v -122.747 4.579 141.897
f 88 87 86 85
f 81 82 86 85
f 82 83 87 86
f 83 84 88 87
f 84 81 85 88
v -102.633 0.536 141.224
v -102.557 0.536 158.724
v -110.107 0.536 158.756
v -110.183 0.536 141.256
v -102.633 4.436 141.224
v -102.557 4.436 158.724
v -110.107 4.436 158.756
v -110.183 4.436 141.256
f 96 95 94 93
f 89 90 94 93
f 90 91 95 94
f 91 92 96 95
f 92 89 93 96
v -99.184 0.400 163.427
v -97.907 0.400 144.240
v -89.296 0.400 144.813
v -90.573 0.400 164.000
v -99.184 4.300 163.427
v -97.907 4.300 144.240
v -89.296 4.300 144.813
v -90.573 4.300 164.000
f 104 103 102 101
f 97 98 102 101
f 98 99 103 102
f 99 100 104 103
f 100 97 101 104
v -74.917 0.385 161.270
v -71.103 0.385 161.485
v -71.283 0.385 164.690
v -75.097 0.385 164.475
v -74.917 4.285 161.270
v -71.103 4.285 161.485
v -71.283 4.285 164.690
v -75.097 4.285 164.475
f 112 111 110 109
f 105 106 110 109
f 106 107 111 110
f 107 108 112 111
f 108 105 109 112
v -67.355 0.329 142.095
v -66.700 0.329 159.393
v -74.425 0.329 159.685
v -75.080 0.329 142.387
v -67.355 4.229 142.095
v -66.700 4.229 159.393
v -74.425 4.229 159.685
v -75.080 4.229 142.387
f 120 119 118 117
f 113 114 118 117
f 114 115 119 118
f 115 116 120 119
f 116 113 117 120
v -69.786 0.382 158.477
v -60.419 0.382 139.515
v -47.894 0.382 145.703
v -57.261 0.382 164.665
v -69.786 4.282 158.477
v -60.419 4.282 139.515
v -47.894 4.282 145.703
v -57.261 4.282 164.665
f 128 127 126 125
f 121 122 126 125
f 122 123 127 126
f 123 124 128 127
f 124 121 125 128
v -55.269 0.086 164.951
v -54.929 0.086 162.374
v -52.391 0.086 162.709
v -52.731 0.086 165.286
v -55.269 3.986 164.951
v -54.929 3.986 162.374
v -52.391 3.986 162.709
v -52.731 3.986 165.286
f 136 135 134 133
f 129 130 134 133
f 130 131 135 134
f 131 132 136 135
f 132 129 133 136
v -45.542 0.278 141.673
v -45.189 0.278 160.209
v -49.298 0.278 160.287
v -49.651 0.278 141.751
v -45.542 4.178 141.673
v -45.189 4.178 160.209
v -49.298 4.178 160.287
v -49.651 4.178 141.751
f 144 143 142 141
f 137 138 142 141
f 138 139 143 142
f 139 140 144 143
f 140 137 141 144
v -37.356 0.282 160.943
v -37.334 0.282 140.533
v -33.004 0.282 140.537
v -33.026 0.282 160.947
v -37.356 4.182 160.943
v -37.334 4.182 140.533
v -33.004 4.182 140.537
v -33.026 4.182 160.947
f 152 151 150 149
f 145 146 150 149
f 146 147 151 150
f 147 148 152 151
f 148 145 149 152
v -27.088 0.294 154.079
v -26.963 0.294 159.537
v -30.612 0.294 159.621
v -30.737 0.294 154.163
v -27.088 4.194 154.079
v -26.963 4.194 159.537
v -30.612 4.194 159.621
v -30.737 4.194 154.163
f 160 159 158 157
f 153 154 158 157
f 154 155 159 158
f 155 156 160 159
f 156 153 157 160
v -30.858 0.312 165.741
v -30.832 0.312 159.881
v -26.762 0.312 159.899
v -26.788 0.312 165.759
v -30.858 4.212 165.741
v -30.832 4.212 159.881
v -26.762 4.212 159.899
v -26.788 4.212 165.759
f 168 167 166 165
f 161 162 166 165
f 162 163 167 166
f 163 164 168 167
f 164 161 165 168
v -37.371 0.530 161.455
v -30.935 0.530 161.667
v -31.069 0.530 165.725
v -37.505 0.530 165.513
v -37.371 4.430 161.455
v -30.935 4.430 161.667
v -31.069 4.430 165.725
v -37.505 4.430 165.513
f 176 175 174 173
f 169 170 174 173
f 170 171 175 174
f 171 172 176 175
f 172 169 173 176
v -39.663 0.449 165.056
v -39.596 0.449 162.557
v -37.097 0.449 162.624
v -37.164 0.449 165.123
v -39.663 4.349 165.056
v -39.596 4.349 162.557
v -37.097 4.349 162.624
v -37.164 4.349 165.123
f 184 183 182 181
f 177 178 182 181
f 178 179 183 182
f 179 180 184 183
f 180 177 181 184
v -21.331 0.269 141.585
v -21.169 0.269 159.034
v -25.649 0.269 159.075
v -25.811 0.269 141.626
v -21.331 4.169 141.585
v -21.169 4.169 159.034
v -25.649 4.169 159.075
v -25.811 4.169 141.626
f 192 191 190 189
f 185 186 190 189
f 186 187 191 190
f 187 188 192 191
f 188 185 189 192
v -5.072 0.293 139.842
v 0.014 0.293 162.242
v -13.268 0.293 165.258
v -18.354 0.293 142.858
v -5.072 4.193 139.842
v 0.014 4.193 162.242
v -13.268 4.193 165.258
v -18.354 4.193 142.858
f 200 199 198 197
f 193 194 198 197
f 194 195 199 198
f 195 196 200 199
f 196 193 197 200
v 31.206 0.233 140.802
v 32.647 0.233 160.258
v 22.654 0.233 160.998
v 21.213 0.233 141.542
v 31.206 4.133 140.802
v 32.647 4.133 160.258
v 22.654 4.133 160.998
v 21.213 4.133 141.542
f 208 207 206 205
f 201 202 206 205
f 202 203 207 206
f 203 204 208 207
f 204 201 205 208
v 43.820 0.383 143.736
v 43.920 0.383 161.536
v 35.420 0.383 161.584
v 35.320 0.383 143.784
v 43.820 4.283 143.736
v 43.920 4.283 161.536
v 35.420 4.283 161.584
v 35.320 4.283 143.784
f 216 215 214 213
f 209 210 214 213
f 210 211 215 214
f 211 212 216 215
f 212 209 213 216
v 43.287 0.288 164.935
v 45.932 0.288 141.886
v 59.513 0.288 143.445
v 56.868 0.288 166.494
v 43.287 4.188 164.935
v 45.932 4.188 141.886
v 59.513 4.188 143.445
v 56.868 4.188 166.494
f 224 223 222 221
f 217 218 222 221
f 218 219 223 222
f 219 220 224 223
f 220 217 221 224
v 65.269 0.248 144.118
v 66.074 0.248 161.840
v 58.991 0.248 162.162
v 58.186 0.248 144.440
v 65.269 4.148 144.118
v 66.074 4.148 161.840
v 58.991 4.148 162.162
v 58.186 4.148 144.440
f 232 231 230 229
f 225 226 230 229
f 226 227 231 230
f 227 228 232 231
f 228 225 229 232
v 63.488 0.384 161.400
v 70.406 0.384 161.961
v 70.132 0.384 165.340
v 63.214 0.384 164.779
v 63.488 4.284 161.400
v 70.406 4.284 161.961
v 70.132 4.284 165.340
v 63.214 4.284 164.779
f 240 239 238 237
f 233 234 238 237
f 234 235 239 238
f 235 236 240 239
f 236 233 237 240
v 71.813 0.428 161.259
v 71.837 0.428 144.889
v 80.287 0.428 144.901
v 80.263 0.428 161.271
v 71.813 4.328 161.259
v 71.837 4.328 144.889
v 80.287 4.328 144.901
v 80.263 4.328 161.271
f 248 247 246 245
f 241 242 246 245
f 242 243 247 246
f 243 244 248 247
f 244 241 245 248
v 89.486 0.198 140.979
v 90.628 0.198 158.682
v 83.194 0.198 159.161
v 82.052 0.198 141.458
v 89.486 4.098 140.979
v 90.628 4.098 158.682
v 83.194 4.098 159.161
v 82.052 4.098 141.458
f 256 255 254 253
f 249 250 254 253
f 250 251 255 254
f 251 252 256 255
f 252 249 253 256
v 95.455 0.157 161.437
v 95.626 0.157 141.958
v 100.785 0.157 142.003
v 100.614 0.157 161.482
v 95.455 4.057 161.437
v 95.626 4.057 141.958
v 100.785 4.057 142.003
v 100.614 4.057 161.482
f 264 263 262 261
f 257 258 262 261
f 258 259 263 262
f 259 260 264 263
f 260 257 261 264
v 112.832 0.369 141.738
v 114.157 0.369 162.937
v 108.308 0.369 163.302
v 106.983 0.369 142.103
v 112.832 4.269 141.738
v 114.157 4.269 162.937
v 108.308 4.269 163.302
v 106.983 4.269 142.103
f 272 271 270 269
f 265 266 270 269
f 266 267 271 270
f 267 268 272 271
f 268 265 269 272
v 116.768 0.397 161.633
v 116.927 0.397 164.128
v 114.432 0.397 164.287
v 114.273 0.397 161.792
v 116.768 4.297 161.633
v 116.927 4.297 164.128
v 114.432 4.297 164.287
v 114.273 4.297 161.792
f 280 279 278 277
f 273 274 278 277
f 274 275 279 278
f 275 276 280 279
f 276 273 277 280
v 123.374 0.383 141.802
v 123.556 0.383 162.481
v 119.326 0.383 162.518
v 119.144 0.383 141.839
v 123.374 4.283 141.802
v 123.556 4.283 162.481
v 119.326 4.283 162.518
v 119.144 4.283 141.839
f 288 287 286 285
f 281 282 286 285
f 282 283 287 286
f 283 284 288 287
f 284 281 285 288
v 7.861 0.145 -28.134
v 7.899 0.145 -12.804
v 0.559 0.145 -12.786
v 0.521 0.145 -28.116
v 7.861 4.045 -28.134
v 7.899 4.045 -12.804
v 0.559 4.045 -12.786
v 0.521 4.045 -28.116
f 296 295 294 293
f 289 290 294 293
f 290 291 295 294
f 291 292 296 295
f 292 289 293 296
v -72.123 0.125 -8.704
v -72.077 0.125 -27.614
v -64.537 0.125 -27.596
v -64.583 0.125 -8.686
v -72.123 4.025 -8.704
v -72.077 4.025 -27.614
v -64.537 4.025 -27.596
v -64.583 4.025 -8.686
f 304 303 302 301
f 297 298 302 301
f 298 299 303 302
f 299 300 304 303
f 300 297 301 304
v -159.590 0.939 -94.737
v -159.401 0.939 -78.028
v -168.730 0.939 -77.923
v -168.919 0.939 -94.632
v -159.590 4.839 -94.737
v -159.401 4.839 -78.028
v -168.730 4.839 -77.923
v -168.919 4.839 -94.632
f 312 311 310 309
f 305 306 310 309
f 306 307 311 310
f 307 308 312 311
f 308 305 309 312
v 19.171 0.216 -27.936
v 19.179 0.216 -9.226
v 15.609 0.216 -9.224
v 15.601 0.216 -27.934
v 19.171 4.116 -27.936
v 19.179 4.116 -9.226
v 15.609 4.116 -9.224
v 15.601 4.116 -27.934
f 320 319 318 317
f 313 314 318 317
f 314 315 319 318
f 315 316 320 319
f 316 313 317 320
v -248.905 0.259 8.837
v -231.656 0.259 8.743
v -231.615 0.259 16.303
v -248.864 0.259 16.397
v -248.905 4.159 8.837
v -231.656 4.159 8.743
v -231.615 4.159 16.303
v -248.864 4.159 16.397
f 328 327 326 325
f 321 322 326 325
f 322 323 327 326
f 323 324 328 327
f 324 321 325 328
v -246.894 0.222 -3.662
v -230.425 0.222 -3.858
v -230.326 0.222 4.522
v -246.795 0.222 4.718
v -246.894 4.122 -3.662
v -230.425 4.122 -3.858
v -230.326 4.122 4.522
v -246.795 4.122 4.718
f 336 335 334 333
f 329 330 334 333
f 330 331 335 334
f 331 332 336 335
f 332 329 333 336
v 56.715 0.286 -50.968
v 56.805 0.286 -38.269
v 48.765 0.286 -38.212
v 48.675 0.286 -50.911
v 56.715 4.186 -50.968
v 56.805 4.186 -38.269
v 48.765 4.186 -38.212
v 48.675 4.186 -50.911
f 344 343 342 341
f 337 338 342 341
f 338 339 343 342
f 339 340 344 343
f 340 337 341 344
v 31.504 0.176 13.311
v 31.666 0.176 30.130
v 23.416 0.176 30.209
v 23.254 0.176 13.390
v 31.504 4.076 13.311
v 31.666 4.076 30.130
v 23.416 4.076 30.209
v 23.254 4.076 13.390
f 352 351 350 349
f 345 346 350 349
f 346 347 351 350
f 347 348 352 351
f 348 345 349 352
v 79.852 0.106 -24.402
v 79.898 0.106 -9.142
v 71.808 0.106 -9.118
v 71.762 0.106 -24.378
v 79.852 4.006 -24.402
v 79.898 4.006 -9.142
v 71.808 4.006 -9.118
v 71.762 4.006 -24.378
f 360 359 358 357
f 353 354 358 357
f 354 355 359 358
f 355 356 360 359
f 356 353 357 360
v -86.039 0.376 29.644
v -85.951 0.376 12.274
v -77.661 0.376 12.316
v -77.749 0.376 29.686
v -86.039 4.276 29.644
v -85.951 4.276 12.274
v -77.661 4.276 12.316
v -77.749 4.276 29.686
f 368 367 366 365
f 361 362 366 365
f 362 363 367 366
f 363 364 368 367
f 364 361 365 368
v -129.833 1.101 -132.192
v -114.804 1.101 -135.061
v -112.507 1.101 -123.028
v -127.536 1.101 -120.159
v -129.833 5.001 -132.192
v -114.804 5.001 -135.061
v -112.507 5.001 -123.028
v -127.536 5.001 -120.159
f 376 375 374 373
f 369 370 374 373
f 370 371 375 374
f 371 372 376 375
f 372 369 373 376
v 79.223 0.209 -52.975
v 79.416 0.209 -39.317
v 71.497 0.209 -39.205
v 71.304 0.209 -52.863
v 79.223 4.109 -52.975
v 79.416 4.109 -39.317
v 71.497 4.109 -39.205
v 71.304 4.109 -52.863
f 384 383 382 381
f 377 378 382 381
f 378 379 383 382
f 379 380 384 383
f 380 377 381 384
v -151.357 0.391 36.273
v -151.253 0.391 55.513
v -157.443 0.391 55.547
v -157.547 0.391 36.307
v -151.357 4.291 36.273
v -151.253 4.291 55.513
v -157.443 4.291 55.547
v -157.547 4.291 36.307
f 392 391 390 389
f 385 386 390 389
f 386 387 391 390
f 387 388 392 391
f 388 385 389 392
v -208.812 0.409 -99.721
v -192.452 0.409 -99.809
v -192.428 0.409 -95.279
v -208.788 0.409 -95.191
v -208.812 4.309 -99.721
v -192.452 4.309 -99.809
v -192.428 4.309 -95.279
v -208.788 4.309 -95.191
f 400 399 398 397
f 393 394 398 397
f 394 395 399 398
f 395 396 400 399
f 396 393 397 400
v 78.551 0.196 13.637
v 79.250 0.196 28.050
v 71.149 0.196 28.443
v 70.450 0.196 14.030
v 78.551 4.096 13.637
v 79.250 4.096 28.050
v 71.149 4.096 28.443
v 70.450 4.096 14.030
f 408 407 406 405
f 401 402 406 405
f 402 403 407 406
f 403 404 408 407
f 404 401 405 408
v -246.895 0.150 81.332
v -233.475 0.150 81.248
v -233.425 0.150 89.288
v -246.845 0.150 89.372
v -246.895 4.050 81.332
v -233.475 4.050 81.248
v -233.425 4.050 89.288
v -246.845 4.050 89.372
f 416 415 414 413
f 409 410 414 413
f 410 411 415 414
f 411 412 416 415
f 412 409 413 416
v -114.114 0.382 13.585
v -113.896 0.382 28.453
v -122.246 0.382 28.575
v -122.464 0.382 13.707
v -114.114 4.282 13.585
v -113.896 4.282 28.453
v -122.246 4.282 28.575
v -122.464 4.282 13.707
f 424 423 422 421
f 417 418 422 421
f 418 419 423 422
f 419 420 424 423
f 420 417 421 424
v 116.888 0.349 37.210
v 116.932 0.349 54.970
v 108.652 0.349 54.990
v 108.608 0.349 37.230
v 116.888 4.249 37.210
v 116.932 4.249 54.970
v 108.652 4.249 54.990
v 108.608 4.249 37.230
f 432 431 430 429
f 425 426 430 429
f 426 427 431 430
f 427 428 432 431
f 428 425 429 432
v -131.747 0.963 -94.662
v -131.484 0.963 -78.164
v -140.633 0.963 -78.018
v -140.896 0.963 -94.516
v -131.747 4.863 -94.662
v -131.484 4.863 -78.164
v -140.633 4.863 -78.018
v -140.896 4.863 -94.516
f 440 439 438 437
f 433 434 438 437
f 434 435 439 438
f 435 436 440 439
f 436 433 437 440
v -102.132 0.379 -55.567
v -102.028 0.379 -40.107
v -110.068 0.379 -40.053
v -110.172 0.379 -55.513
v -102.132 4.279 -55.567
v -102.028 4.279 -40.107
v -110.068 4.279 -40.053
v -110.172 4.279 -55.513
f 448 447 446 445
f 441 442 446 445
f 442 443 447 446
f 443 444 448 447
f 444 441 445 448
v -162.769 0.311 79.211
v -162.502 0.311 94.739
v -170.111 0.311 94.869
v -170.378 0.311 79.341
v -162.769 4.211 79.211
v -162.502 4.211 94.739
v -170.111 4.211 94.869
v -170.378 4.211 79.341
f 456 455 454 453
f 449 450 454 453
f 450 451 455 454
f 451 452 456 455
f 452 449 453 456
v -65.466 0.398 12.290
v -65.424 0.398 29.850
v -73.914 0.398 29.870
v -73.956 0.398 12.310
v -65.466 4.298 12.290
v -65.424 4.298 29.850
v -73.914 4.298 29.870
v -73.956 4.298 12.310
f 464 463 462 461
f 457 458 462 461
f 458 459 463 462
f 459 460 464 463
f 460 457 461 464
v -41.162 0.434 -26.967
v -41.088 0.434 -9.207
v -49.338 0.434 -9.173
v -49.412 0.434 -26.933
v -41.162 4.334 -26.967
v -41.088 4.334 -9.207
v -49.338 4.334 -9.173
v -49.412 4.334 -26.933
f 472 471 470 469
f 465 466 470 469
f 466 467 471 470
f 467 468 472 471
f 468 465 469 472
v -208.990 0.245 -15.728
v -191.302 0.245 -16.011
v -191.230 0.245 -11.552
v -208.918 0.245 -11.269
v -208.990 4.145 -15.728
v -191.302 4.145 -16.011
v -191.230 4.145 -11.552
v -208.918 4.145 -11.269
f 480 479 478 477
f 473 474 478 477
f 474 475 479 478
f 475 476 480 479
f 476 473 477 480
v -246.856 0.554 202.071
v -231.706 0.554 201.989
v -231.664 0.554 209.889
v -246.814 0.554 209.971
v -246.856 4.454 202.071
v -231.706 4.454 201.989
v -231.664 4.454 209.889
v -246.814 4.454 209.971
f 488 487 486 485
f 481 482 486 485
f 482 483 487 486
f 483 484 488 487
f 484 481 485 488
v -16.538 0.228 -27.770
v -16.403 0.228 -11.031
v -23.942 0.228 -10.970
v -24.077 0.228 -27.709
v -16.538 4.128 -27.770
v -16.403 4.128 -11.031
v -23.942 4.128 -10.970
v -24.077 4.128 -27.709
f 496 495 494 493
f 489 490 494 493
f 490 491 495 494
f 491 492 496 495
f 492 489 493 496
v -201.600 0.415 223.884
v -200.582 0.415 213.363
v -190.120 0.415 214.376
v -191.138 0.415 224.897
v -201.600 4.315 223.884
v -200.582 4.315 213.363
v -190.120 4.315 214.376
v -191.138 4.315 224.897
f 504 503 502 501
f 497 498 502 501
f 498 499 503 502
f 499 500 504 503
f 500 497 501 504
v -162.612 0.193 -54.680
v -162.568 0.193 -37.260
v -170.248 0.193 -37.240
v -170.292 0.193 -54.660
v -162.612 4.093 -54.680
v -162.568 4.093 -37.260
v -170.248 4.093 -37.240
v -170.292 4.093 -54.660
f 512 511 510 509
f 505 506 510 509
f 506 507 511 510
f 507 508 512 511
f 508 505 509 512
v -111.887 0.855 -137.886
v -111.602 0.855 -134.598
v -114.193 0.855 -134.374
v -114.478 0.855 -137.662
v -111.887 4.755 -137.886
v -111.602 4.755 -134.598
v -114.193 4.755 -134.374
v -114.478 4.755 -137.662
f 520 519 518 517
f 513 514 518 517
f 514 515 519 518
f 515 516 520 519
f 516 513 517 520
v -9.760 0.109 -31.984
v -5.240 0.109 -31.986
v -5.240 0.109 -28.756
v -9.760 0.109 -28.754
v -9.760 4.009 -31.984
v -5.240 4.009 -31.986
v -5.240 4.009 -28.756
v -9.760 4.009 -28.754
f 528 527 526 525
f 521 522 526 525
f 522 523 527 526
f 523 524 528 527
f 524 521 525 528
v 95.309 0.393 -36.942
v 95.361 0.393 -53.622
v 102.971 0.393 -53.598
v 102.919 0.393 -36.918
v 95.309 4.293 -36.942
v 95.361 4.293 -53.622
v 102.971 4.293 -53.598
v 102.919 4.293 -36.918
f 536 535 534 533
f 529 530 534 533
f 530 531 535 534
f 531 532 536 535
f 532 529 533 536
v -90.165 0.339 -52.363
v -90.105 0.339 -39.053
v -97.955 0.339 -39.017
v -98.015 0.339 -52.327
v -90.165 4.239 -52.363
v -90.105 4.239 -39.053
v -97.955 4.239 -39.017
v -98.015 4.239 -52.327
f 544 543 542 541
f 537 538 542 541
f 538 539 543 542
f 539 540 544 543
f 540 537 541 544
v 31.999 0.437 -23.907
v 32.061 0.437 -8.648
v 23.401 0.437 -8.613
v 23.339 0.437 -23.872
v 31.999 4.337 -23.907
v 32.061 4.337 -8.648
v 23.401 4.337 -8.613
v 23.339 4.337 -23.872
f 552 551 550 549
f 545 546 550 549
f 546 547 551 550
f 547 548 552 551
f 548 545 549 552
v -61.834 0.206 28.054
v -61.786 0.206 10.304
v -53.226 0.206 10.326
v -53.274 0.206 28.076
v -61.834 4.106 28.054
v -61.786 4.106 10.304
v -53.226 4.106 10.326
v -53.274 4.106 28.076
f 560 559 558 557
f 553 554 558 557
f 554 555 559 558
f 555 556 560 559
f 556 553 557 560
v 30.151 0.370 -50.823
v 30.417 0.370 -37.855
v 22.709 0.370 -37.697
v 22.443 0.370 -50.665
v 30.151 4.270 -50.823
v 30.417 4.270 -37.855
v 22.709 4.270 -37.697
v 22.443 4.270 -50.665
f 568 567 566 565
f 561 562 566 565
f 562 563 567 566
f 563 564 568 567
f 564 561 565 568
v 92.145 0.170 12.515
v 92.145 0.170 26.305
v 83.955 0.170 26.305
v 83.955 0.170 12.515
v 92.145 4.070 12.515
v 92.145 4.070 26.305
v 83.955 4.070 26.305
v 83.955 4.070 12.515
f 576 575 574 573
f 569 570 574 573
f 570 571 575 574
f 571 572 576 575
f 572 569 573 576
v 63.876 0.250 10.723
v 63.934 0.250 29.063
v 59.764 0.250 29.077
v 59.706 0.250 10.737
v 63.876 4.150 10.723
v 63.934 4.150 29.063
v 59.764 4.150 29.077
v 59.706 4.150 10.737
f 584 583 582 581
f 577 578 582 581
f 578 579 583 582
f 579 580 584 583
f 580 577 581 584
v -85.392 0.194 -39.335
v -85.327 0.194 -52.245
v -77.448 0.194 -52.205
v -77.513 0.194 -39.295
v -85.392 4.094 -39.335
v -85.327 4.094 -52.245
v -77.448 4.094 -52.205
v -77.513 4.094 -39.295
f 592 591 590 589
f 585 586 590 589
f 586 587 591 590
f 587 588 592 591
f 588 585 589 592
v -249.378 0.496 -99.767
v -232.910 0.496 -100.012
v -232.782 0.496 -91.373
v -249.250 0.496 -91.128
v -249.378 4.396 -99.767
v -232.910 4.396 -100.012
v -232.782 4.396 -91.373
v -249.250 4.396 -91.128
f 600 599 598 597
f 593 594 598 597
f 594 595 599 598
f 595 596 600 599
f 596 593 597 600
v -251.169 0.118 94.341
v -230.319 0.118 94.399
v -230.331 0.118 98.859
v -251.181 0.118 98.801
v -251.169 4.018 94.341
v -230.319 4.018 94.399
v -230.331 4.018 98.859
v -251.181 4.018 98.801
f 608 607 606 605
f 601 602 606 605
f 602 603 607 606
f 603 604 608 607
f 604 601 605 608
v -149.728 0.445 -55.422
v -149.582 0.445 -38.332
v -158.272 0.445 -38.258
v -158.418 0.445 -55.348
v -149.728 4.345 -55.422
v -149.582 4.345 -38.332
v -158.272 4.345 -38.258
v -158.418 4.345 -55.348
f 616 615 614 613
f 609 610 614 613
f 610 611 615 614
f 611 612 616 615
f 612 609 613 616
v 84.697 0.340 -8.708
v 84.713 0.340 -29.378
v 93.103 0.340 -29.372
v 93.087 0.340 -8.702
v 84.697 4.240 -8.708
v 84.713 4.240 -29.378
v 93.103 4.240 -29.372
v 93.087 4.240 -8.702
f 624 623 622 621
f 617 618 622 621
f 618 619 623 622
f 619 620 624 623
f 620 617 621 624
v -41.018 0.225 -53.397
v -40.812 0.225 -38.539
v -49.162 0.225 -38.423
v -49.368 0.225 -53.281
v -41.018 4.125 -53.397
v -40.812 4.125 -38.539
v -49.162 4.125 -38.423
v -49.368 4.125 -53.281
f 632 631 630 629
f 625 626 630 629
f 626 627 631 630
f 627 628 632 631
f 628 625 629 632
v -8.447 0.131 -8.832
v -8.433 0.131 -27.272
v -4.013 0.131 -27.268
v -4.027 0.131 -8.828
v -8.447 4.031 -8.832
v -8.433 4.031 -27.272
v -4.013 4.031 -27.268
v -4.027 4.031 -8.828
f 640 639 638 637
f 633 634 638 637
f 634 635 639 638
f 635 636 640 639
f 636 633 637 640
v -250.243 0.504 225.826
v -230.645 0.504 226.105
v -230.777 0.504 235.354
v -250.375 0.504 235.075
v -250.243 4.404 225.826
v -230.645 4.404 226.105
v -230.777 4.404 235.354
v -250.375 4.404 235.075
f 648 647 646 645
f 641 642 646 645
f 642 643 647 646
f 643 644 648 647
f 644 641 645 648
v -51.208 0.132 30.146
v -51.094 0.132 33.014
v -53.592 0.132 33.114
v -53.706 0.132 30.246
v -51.208 4.032 30.146
v -51.094 4.032 33.014
v -53.592 4.032 33.114
v -53.706 4.032 30.246
f 656 655 654 653
f 649 650 654 653
f 650 651 655 654
f 651 652 656 655
f 652 649 653 656
v -4.480 0.419 -51.946
v -4.301 0.419 -35.327
v -13.000 0.419 -35.234
v -13.179 0.419 -51.853
v -4.480 4.319 -51.946
v -4.301 4.319 -35.327
v -13.000 4.319 -35.234
v -13.179 4.319 -51.853
f 664 663 662 661
f 657 658 662 661
f 658 659 663 662
f 659 660 664 663
f 660 657 661 664
v 52.661 0.058 -11.625
v 52.709 0.058 -29.125
v 56.419 0.058 -29.115
v 56.371 0.058 -11.615
v 52.661 3.958 -11.625
v 52.709 3.958 -29.125
v 56.419 3.958 -29.115
v 56.371 3.958 -11.615
f 672 671 670 669
f 665 666 670 669
f 666 667 671 670
f 667 668 672 671
f 668 665 669 672
v -210.697 0.398 141.350
v -190.187 0.398 141.240
v -190.163 0.398 145.690
v -210.673 0.398 145.800
v -210.697 4.298 141.350
v -190.187 4.298 141.240
v -190.163 4.298 145.690
v -210.673 4.298 145.800
f 680 679 678 677
f 673 674 678 677
f 674 675 679 678
f 675 676 680 679
f 676 673 677 680
v 73.014 0.202 53.981
v 73.256 0.202 36.693
v 80.806 0.202 36.799
v 80.564 0.202 54.087
v 73.014 4.102 53.981
v 73.256 4.102 36.693
v 80.806 4.102 36.799
v 80.564 4.102 54.087
f 688 687 686 685
f 681 682 686 685
f 682 683 687 686
f 683 684 688 687
f 684 681 685 688
v -108.550 0.935 -131.954
v -108.491 0.935 -128.854
v -110.990 0.935 -128.806
v -111.049 0.935 -131.906
v -108.550 4.835 -131.954
v -108.491 4.835 -128.854
v -110.990 4.835 -128.806
v -111.049 4.835 -131.906
f 696 695 694 693
f 689 690 694 693
f 690 691 695 694
f 691 692 696 695
f 692 689 693 696
v 11.997 0.212 29.087
v 12.013 0.212 9.967
v 20.063 0.212 9.973
v 20.047 0.212 29.093
v 11.997 4.112 29.087
v 12.013 4.112 9.967
v 20.063 4.112 9.973
v 20.047 4.112 29.093
f 704 703 702 701
f 697 698 702 701
f 698 699 703 702
f 699 700 704 703
f 700 697 701 704
v -247.745 0.436 214.444
v -230.456 0.436 214.286
v -230.395 0.436 220.976
v -247.684 0.436 221.134
v -247.745 4.336 214.444
v -230.456 4.336 214.286
v -230.395 4.336 220.976
v -247.684 4.336 221.134
f 712 711 710 709
f 705 706 710 709
f 706 707 711 710
f 707 708 712 711
f 708 705 709 712
v -163.262 0.416 9.722
v -163.248 0.416 25.671
v -171.018 0.416 25.678
v -171.032 0.416 9.729
v -163.262 4.316 9.722
v -163.248 4.316 25.671
v -171.018 4.316 25.678
v -171.032 4.316 9.729
f 720 719 718 717
f 713 714 718 717
f 714 715 719 718
f 715 716 720 719
f 716 713 717 720
v -211.854 0.490 250.576
v -191.215 0.490 250.785
v -191.266 0.490 255.784
v -211.905 0.490 255.575
v -211.854 4.390 250.576
v -191.215 4.390 250.785
v -191.266 4.390 255.784
v -211.905 4.390 255.575
f 728 727 726 725
f 721 722 726 725
f 722 723 727 726
f 723 724 728 727
f 724 721 725 728
v 61.410 0.160 -8.621
v 61.420 0.160 -27.541
v 65.630 0.160 -27.539
v 65.620 0.160 -8.619
v 61.410 4.060 -8.621
v 61.420 4.060 -27.541
v 65.630 4.060 -27.539
v 65.620 4.060 -8.619
f 736 735 734 733
f 729 730 734 733
f 730 731 735 734
f 731 732 736 735
f 732 729 733 736
v -251.774 0.484 -76.609
v -233.985 0.484 -76.430
v -234.066 0.484 -68.471
v -251.855 0.484 -68.650
v -251.774 4.384 -76.609
v -233.985 4.384 -76.430
v -234.066 4.384 -68.471
v -251.855 4.384 -68.650
f 744 743 742 741
f 737 738 742 741
f 738 739 743 742
f 739 740 744 743
f 740 737 741 744
v 17.938 0.318 -53.032
v 18.141 0.318 -41.614
v 11.042 0.318 -41.488
v 10.839 0.318 -52.906
v 17.938 4.218 -53.032
v 18.141 4.218 -41.614
v 11.042 4.218 -41.488
v 10.839 4.218 -52.906
f 752 751 750 749
f 745 746 750 749
f 746 747 751 750
f 747 748 752 751
f 748 745 749 752
v -169.912 0.355 -29.486
v -166.622 0.355 -31.916
v -164.168 0.355 -28.594
v -167.458 0.355 -26.164
v -169.912 4.255 -29.486
v -166.622 4.255 -31.916
v -164.168 4.255 -28.594
v -167.458 4.255 -26.164
f 760 759 758 757
f 753 754 758 757
f 754 755 759 758
f 755 756 760 759
f 756 753 757 760
v -249.421 0.308 -28.689
v -231.421 0.308 -28.651
v -231.439 0.308 -20.131
v -249.439 0.308 -20.169
v -249.421 4.208 -28.689
v -231.421 4.208 -28.651
v -231.439 4.208 -20.131
v -249.439 4.208 -20.169
f 768 767 766 765
f 761 762 766 765
f 762 763 767 766
f 763 764 768 767
f 764 761 765 768
v -249.146 0.305 20.770
v -230.366 0.305 20.790
v -230.374 0.305 28.490
v -249.154 0.305 28.470
v -249.146 4.205 20.770
v -230.366 4.205 20.790
v -230.374 4.205 28.490
v -249.154 4.205 28.470
f 776 775 774 773
f 769 770 774 773
f 770 771 775 774
f 771 772 776 775
f 772 769 773 776
v 42.767 0.322 -52.750
v 42.943 0.322 -39.251
v 35.233 0.322 -39.150
v 35.057 0.322 -52.649
v 42.767 4.222 -52.750
v 42.943 4.222 -39.251
v 35.233 4.222 -39.150
v 35.057 4.222 -52.649
f 784 783 782 781
f 777 778 782 781
f 778 779 783 782
f 779 780 784 783
f 780 777 781 784
v -193.796 0.382 -116.440
v -193.513 0.382 -119.447
v -190.884 0.382 -119.200
v -191.167 0.382 -116.193
v -193.796 4.282 -116.440
v -193.513 4.282 -119.447
v -190.884 4.282 -119.200
v -191.167 4.282 -116.193
f 792 791 790 789
f 785 786 790 789
f 786 787 791 790
f 787 788 792 791
f 788 785 789 792
v -214.737 0.224 141.771
v -211.737 0.224 141.730
v -211.703 0.224 144.229
v -214.703 0.224 144.270
v -214.737 4.124 141.771
v -211.737 4.124 141.730
v -211.703 4.124 144.229
v -214.703 4.124 144.270
f 800 799 798 797
f 793 794 798 797
f 794 795 799 798
f 795 796 800 799
f 796 793 797 800
v -103.975 1.001 -94.741
v -103.696 1.001 -78.254
v -112.845 1.001 -78.099
v -113.124 1.001 -94.586
v -103.975 4.901 -94.741
v -103.696 4.901 -78.254
v -112.845 4.901 -78.099
v -113.124 4.901 -94.586
f 808 807 806 805
f 801 802 806 805
f 802 803 807 806
f 803 804 808 807
f 804 801 805 808
v 98.158 1.047 -120.704
v 98.251 1.047 -117.685
v 95.382 1.047 -117.596
v 95.289 1.047 -120.615
v 98.158 4.947 -120.704
v 98.251 4.947 -117.685
v 95.382 4.947 -117.596
v 95.289 4.947 -120.615
f 816 815 814 813
f 809 810 814 813
f 810 811 815 814
f 811 812 816 815
f 812 809 813 816
v -139.045 0.809 -166.327
v -138.825 0.809 -191.606
v -130.455 0.809 -191.533
v -130.675 0.809 -166.254
v -139.045 4.709 -166.327
v -138.825 4.709 -191.606
v -130.455 4.709 -191.533
v -130.675 4.709 -166.254
f 824 823 822 821
f 817 818 822 821
f 818 819 823 822
f 819 820 824 823
f 820 817 821 824
v -170.637 0.261 121.154
v -170.613 0.261 105.014
v -162.363 0.261 105.026
v -162.387 0.261 121.166
v -170.637 4.161 121.154
v -170.613 4.161 105.014
v -162.363 4.161 105.026
v -162.387 4.161 121.166
f 832 831 830 829
f 825 826 830 829
f 826 827 831 830
f 827 828 832 831
f 828 825 829 832
v -0.774 0.749 -94.826
v -0.378 0.749 -78.691
v -9.226 0.749 -78.474
v -9.622 0.749 -94.609
v -0.774 4.649 -94.826
v -0.378 4.649 -78.691
v -9.226 4.649 -78.474
v -9.622 4.649 -94.609
f 840 839 838 837
f 833 834 838 837
f 834 835 839 838
f 835 836 840 839
f 836 833 837 840
v 30.200 0.301 -163.101
v 30.460 0.301 -196.950
v 55.320 0.301 -196.759
v 55.060 0.301 -162.910
v 30.200 6.101 -163.101
v 30.460 6.101 -196.950
v 55.320 6.101 -196.759
v 55.060 6.101 -162.910
f 848 847 846 845
f 841 842 846 845
f 842 843 847 846
f 843 844 848 847
f 844 841 845 848
v -108.485 0.873 -166.527
v -108.265 0.873 -191.806
v -99.895 0.873 -191.733
v -100.115 0.873 -166.454
v -108.485 4.773 -166.527
v -108.265 4.773 -191.806
v -99.895 4.773 -191.733
v -100.115 4.773 -166.454
f 856 855 854 853
f 849 850 854 853
f 850 851 855 854
f 851 852 856 855
f 852 849 853 856
v 47.464 0.181 96.309
v 47.476 0.181 77.669
v 51.276 0.181 77.671
v 51.264 0.181 96.311
v 47.464 4.081 96.309
v 47.476 4.081 77.669
v 51.276 4.081 77.671
v 51.264 4.081 96.311
f 864 863 862 861
f 857 858 862 861
f 858 859 863 862
f 859 860 864 863
f 860 857 861 864
v 234.540 0.576 -219.664
v 234.731 0.576 -235.673
v 242.820 0.576 -235.576
v 242.629 0.576 -219.567
v 234.540 4.476 -219.664
v 234.731 4.476 -235.673
v 242.820 4.476 -235.576
v 242.629 4.476 -219.567
f 872 871 870 869
f 865 866 870 869
f 866 867 871 870
f 867 868 872 871
f 868 865 869 872
v 151.745 0.543 -217.111
v 166.658 0.543 -218.725
v 167.475 0.543 -211.169
v 152.562 0.543 -209.555
v 151.745 4.443 -217.111
v 166.658 4.443 -218.725
v 167.475 4.443 -211.169
v 152.562 4.443 -209.555
f 880 879 878 877
f 873 874 878 877
f 874 875 879 878
f 875 876 880 879
f 876 873 877 880
v -64.904 0.351 104.576
v -64.867 0.351 119.906
v -72.336 0.351 119.924
v -72.373 0.351 104.594
v -64.904 4.251 104.576
v -64.867 4.251 119.906
v -72.336 4.251 119.924
v -72.373 4.251 104.594
f 888 887 886 885
f 881 882 886 885
f 882 883 887 886
f 883 884 888 887
f 884 881 885 888
v 127.959 0.662 208.758
v 128.200 0.662 227.056
v 120.121 0.662 227.162
v 119.880 0.662 208.864
v 127.959 4.562 208.758
v 128.200 4.562 227.056
v 120.121 4.562 227.162
v 119.880 4.562 208.864
f 896 895 894 893
f 889 890 894 893
f 890 891 895 894
f 891 892 896 895
f 892 889 893 896
v 179.499 0.458 -177.437
v 181.186 0.458 -156.976
v 176.901 0.458 -156.623
v 175.214 0.458 -177.084
v 179.499 4.358 -177.437
v 181.186 4.358 -156.976
v 176.901 4.358 -156.623
v 175.214 4.358 -177.084
f 904 903 902 901
f 897 898 902 901
f 898 899 903 902
f 899 900 904 903
f 900 897 901 904
v -25.651 0.379 227.435
v -25.609 0.379 209.066
v -17.249 0.379 209.085
v -17.291 0.379 227.454
v -25.651 4.279 227.435
v -25.609 4.279 209.066
v -17.249 4.279 209.085
v -17.291 4.279 227.454
f 912 911 910 909
f 905 906 910 909
f 906 907 911 910
f 907 908 912 911
f 908 905 909 912
v 55.329 0.773 -95.073
v 55.560 0.773 -78.475
v 46.331 0.773 -78.347
v 46.100 0.773 -94.945
v 55.329 4.673 -95.073
v 55.560 4.673 -78.475
v 46.331 4.673 -78.347
v 46.100 4.673 -94.945
f 920 919 918 917
f 913 914 918 917
f 914 915 919 918
f 915 916 920 919
f 916 913 917 920
v -77.638 0.714 -166.486
v -77.422 0.714 -191.725
v -69.082 0.714 -191.654
v -69.298 0.714 -166.415
v -77.638 4.614 -166.486
v -77.422 4.614 -191.725
v -69.082 4.614 -191.654
v -69.298 4.614 -166.415
f 928 927 926 925
f 921 922 926 925
f 922 923 927 926
f 923 924 928 927
f 924 921 925 928
v 68.198 0.788 -90.552
v 68.530 0.788 -73.906
v 59.602 0.788 -73.728
v 59.270 0.788 -90.374
v 68.198 4.688 -90.552
v 68.530 4.688 -73.906
v 59.602 4.688 -73.728
v 59.270 4.688 -90.374
f 936 935 934 933
f 929 930 934 933
f 930 931 935 934
f 931 932 936 935
f 932 929 933 936
v -89.077 1.121 -127.500
v -88.905 1.121 -123.323
v -91.403 1.121 -123.220
v -91.575 1.121 -127.397
v -89.077 5.021 -127.500
v -88.905 5.021 -123.323
v -91.403 5.021 -123.220
v -91.575 5.021 -127.397
f 944 943 942 941
f 937 938 942 941
f 938 939 943 942
f 939 940 944 943
f 940 937 941 944
v 118.053 0.262 78.608
v 118.137 0.262 94.128
v 109.987 0.262 94.172
v 109.903 0.262 78.652
v 118.053 4.162 78.608
v 118.137 4.162 94.128
v 109.987 4.162 94.172
v 109.903 4.162 78.652
f 952 951 950 949
f 945 946 950 949
f 946 947 951 950
f 947 948 952 951
f 948 945 949 952
v -83.152 0.468 257.140
v -82.898 0.468 234.991
v -76.848 0.468 235.060
v -77.102 0.468 257.209
v -83.152 4.368 257.140
v -82.898 4.368 234.991
v -76.848 4.368 235.060
v -77.102 4.368 257.209
f 960 959 958 957
f 953 954 958 957
f 954 955 959 958
f 955 956 960 959
f 956 953 957 960
v -126.024 0.461 235.286
v -125.926 0.461 257.375
v -134.716 0.461 257.414
v -134.814 0.461 235.325
v -126.024 4.361 235.286
v -125.926 4.361 257.375
v -134.716 4.361 257.414
v -134.814 4.361 235.325
f 968 967 966 965
f 961 962 966 965
f 962 963 967 966
f 963 964 968 967
f 964 961 965 968
v -52.456 0.483 169.061
v -52.434 0.483 189.871
v -60.724 0.483 189.879
v -60.746 0.483 169.069
v -52.456 4.383 169.061
v -52.434 4.383 189.871
v -60.724 4.383 189.879
v -60.746 4.383 169.069
f 976 975 974 973
f 969 970 974 973
f 970 971 975 974
f 971 972 976 975
f 972 969 973 976
v 117.509 0.297 107.641
v 117.760 0.297 123.449
v 109.571 0.297 123.579
v 109.320 0.297 107.771
v 117.509 4.197 107.641
v 117.760 4.197 123.449
v 109.571 4.197 123.579
v 109.320 4.197 107.771
f 984 983 982 981
f 977 978 982 981
f 978 979 983 982
f 979 980 984 983
f 980 977 981 984
v 181.490 0.700 -211.813
v 181.539 0.700 -196.353
v 173.350 0.700 -196.327
v 173.301 0.700 -211.787
v 181.490 4.600 -211.813
v 181.539 4.600 -196.353
v 173.350 4.600 -196.327
v 173.301 4.600 -211.787
f 992 991 990 989
f 985 986 990 989
f 986 987 991 990
f 987 988 992 991
f 988 985 989 992
v -19.042 0.488 228.361
v -15.203 0.488 228.289
v -15.138 0.488 231.739
v -18.977 0.488 231.811
v -19.042 4.388 228.361
v -15.203 4.388 228.289
v -15.138 4.388 231.739
v -18.977 4.388 231.811
f 1000 999 998 997
f 993 994 998 997
f 994 995 999 998
f 995 996 1000 999
f 996 993 997 1000
v -161.909 0.322 209.236
v -161.583 0.322 225.313
v -170.031 0.322 225.484
v -170.357 0.322 209.407
v -161.909 4.222 209.236
v -161.583 4.222 225.313
v -170.031 4.222 225.484
v -170.357 4.222 209.407
f 1008 1007 1006 1005
f 1001 1002 1006 1005
f 1002 1003 1007 1006
f 1003 1004 1008 1007
f 1004 1001 1005 1008
v 245.377 0.579 -150.080
v 245.443 0.579 -168.789
v 253.563 0.579 -168.760
v 253.497 0.579 -150.051
v 245.377 4.479 -150.080
v 245.443 4.479 -168.789
v 253.563 4.479 -168.760
v 253.497 4.479 -150.051
f 1016 1015 1014 1013
f 1009 1010 1014 1013
f 1010 1011 1015 1014
f 1011 1012 1016 1015
f 1012 1009 1013 1016
v -86.839 0.873 -120.662
v -86.712 0.873 -114.254
v -90.541 0.873 -114.178
v -90.668 0.873 -120.586
v -86.839 4.773 -120.662
v -86.712 4.773 -114.254
v -90.541 4.773 -114.178
v -90.668 4.773 -120.586
f 1024 1023 1022 1021
f 1017 1018 1022 1021
f 1018 1019 1023 1022
f 1019 1020 1024 1023
f 1020 1017 1021 1024
v 198.637 0.596 -194.081
v 198.874 0.596 -210.559
v 207.163 0.596 -210.439
v 206.926 0.596 -193.961
v 198.637 4.496 -194.081
v 198.874 4.496 -210.559
v 207.163 4.496 -210.439
v 206.926 4.496 -193.961
f 1032 1031 1030 1029
f 1025 1026 1030 1029
f 1026 1027 1031 1030
f 1027 1028 1032 1031
f 1028 1025 1029 1032
v 56.080 0.484 168.674
v 56.210 0.484 189.394
v 47.880 0.484 189.446
v 47.750 0.484 168.726
v 56.080 4.384 168.674
v 56.210 4.384 189.394
v 47.880 4.384 189.446
v 47.750 4.384 168.726
f 1040 1039 1038 1037
f 1033 1034 1038 1037
f 1034 1035 1039 1038
f 1035 1036 1040 1039
f 1036 1033 1037 1040
v -24.105 0.777 -86.552
v -23.976 0.777 -79.933
v -30.395 0.777 -79.808
v -30.524 0.777 -86.427
v -24.105 4.677 -86.552
v -23.976 4.677 -79.933
v -30.395 4.677 -79.808
v -30.524 4.677 -86.427
f 1048 1047 1046 1045
f 1041 1042 1046 1045
f 1042 1043 1047 1046
f 1043 1044 1048 1047
f 1044 1041 1045 1048
v -91.474 0.906 -90.490
v -91.089 0.906 -73.995
v -99.886 0.906 -73.790
v -100.271 0.906 -90.285
v -91.474 4.806 -90.490
v -91.089 4.806 -73.995
v -99.886 4.806 -73.790
v -100.271 4.806 -90.285
f 1056 1055 1054 1053
f 1049 1050 1054 1053
f 1050 1051 1055 1054
f 1051 1052 1056 1055
f 1052 1049 1053 1056
v 18.821 0.400 236.938
v 18.919 0.400 255.098
v 10.839 0.400 255.142
v 10.741 0.400 236.982
v 18.821 4.300 236.938
v 18.919 4.300 255.098
v 10.839 4.300 255.142
v 10.741 4.300 236.982
f 1064 1063 1062 1061
f 1057 1058 1062 1061
f 1058 1059 1063 1062
f 1059 1060 1064 1063
f 1060 1057 1061 1064
v -17.131 0.328 104.523
v -16.771 0.328 120.799
v -24.849 0.328 120.977
v -25.209 0.328 104.701
v -17.131 4.228 104.523
v -16.771 4.228 120.799
v -24.849 4.228 120.977
v -25.209 4.228 104.701
f 1072 1071 1070 1069
f 1065 1066 1070 1069
f 1066 1067 1071 1070
f 1067 1068 1072 1071
f 1068 1065 1069 1072
v 41.977 0.151 77.516
v 41.993 0.151 92.376
v 34.823 0.151 92.384
v 34.807 0.151 77.524
v 41.977 4.051 77.516
v 41.993 4.051 92.376
v 34.823 4.051 92.384
v 34.807 4.051 77.524
f 1080 1079 1078 1077
f 1073 1074 1078 1077
f 1074 1075 1079 1078
f 1075 1076 1080 1079
f 1076 1073 1077 1080
v -95.819 0.241 122.700
v -95.550 0.241 104.642
v -87.641 0.241 104.760
v -87.910 0.241 122.818
v -95.819 4.141 122.700
v -95.550 4.141 104.642
v -87.641 4.141 104.760
v -87.910 4.141 122.818
f 1088 1087 1086 1085
f 1081 1082 1086 1085
f 1082 1083 1087 1086
f 1083 1084 1088 1087
f 1084 1081 1085 1088
v -4.453 0.075 102.363
v -4.087 0.075 122.900
v -8.407 0.075 122.977
v -8.773 0.075 102.440
v -4.453 3.975 102.363
v -4.087 3.975 122.900
v -8.407 3.975 122.977
v -8.773 3.975 102.440
f 1096 1095 1094 1093
f 1089 1090 1094 1093
f 1090 1091 1095 1094
f 1091 1092 1096 1095
f 1092 1089 1093 1096
v 59.329 0.399 189.424
v 59.331 0.399 170.934
v 67.591 0.399 170.936
v 67.589 0.399 189.426
v 59.329 4.299 189.424
v 59.331 4.299 170.934
v 67.591 4.299 170.936
v 67.589 4.299 189.426
f 1104 1103 1102 1101
f 1097 1098 1102 1101
f 1098 1099 1103 1102
f 1099 1100 1104 1103
f 1100 1097 1101 1104
v -150.334 0.843 171.507
v -150.216 0.843 189.877
v -158.806 0.843 189.933
v -158.924 0.843 171.563
v -150.334 4.743 171.507
v -150.216 4.743 189.877
v -158.806 4.743 189.933
v -158.924 4.743 171.563
f 1112 1111 1110 1109
f 1105 1106 1110 1109
f 1106 1107 1111 1110
f 1107 1108 1112 1111
f 1108 1105 1109 1112
v -17.284 0.556 237.189
v -17.236 0.556 255.629
v -25.796 0.556 255.651
v -25.844 0.556 237.211
v -17.284 4.456 237.189
v -17.236 4.456 255.629
v -25.796 4.456 255.651
v -25.844 4.456 237.211
f 1120 1119 1118 1117
f 1113 1114 1118 1117
f 1114 1115 1119 1118
f 1115 1116 1120 1119
f 1116 1113 1117 1120
v -49.877 0.388 190.044
v -49.673 0.388 171.325
v -41.343 0.388 171.416
v -41.547 0.388 190.135
v -49.877 4.288 190.044
v -49.673 4.288 171.325
v -41.343 4.288 171.416
v -41.547 4.288 190.135
f 1128 1127 1126 1125
f 1121 1122 1126 1125
f 1122 1123 1127 1126
f 1123 1124 1128 1127
f 1124 1121 1125 1128
v -137.935 0.615 234.285
v -135.177 0.615 256.978
v -145.025 0.615 258.175
v -147.783 0.615 235.482
v -137.935 4.515 234.285
v -135.177 4.515 256.978
v -145.025 4.515 258.175
v -147.783 4.515 235.482
f 1136 1135 1134 1133
f 1129 1130 1134 1133
f 1130 1131 1135 1134
f 1131 1132 1136 1135
f 1132 1129 1133 1136
v -88.629 1.176 -131.142
v -74.168 1.176 -132.749
v -72.931 1.176 -121.618
v -87.392 1.176 -120.011
v -88.629 5.076 -131.142
v -74.168 5.076 -132.749
v -72.931 5.076 -121.618
v -87.392 5.076 -120.011
f 1144 1143 1142 1141
f 1137 1138 1142 1141
f 1138 1139 1143 1142
f 1139 1140 1144 1143
f 1140 1137 1141 1144
v 11.914 1.112 -131.215
v 26.693 1.112 -133.030
v 28.086 1.112 -121.685
v 13.307 1.112 -119.870
v 11.914 5.012 -131.215
v 26.693 5.012 -133.030
v 28.086 5.012 -121.685
v 13.307 5.012 -119.870
f 1152 1151 1150 1149
f 1145 1146 1150 1149
f 1146 1147 1151 1150
f 1147 1148 1152 1151
f 1148 1145 1149 1152
v 60.085 0.488 224.949
v 60.185 0.488 208.860
v 68.475 0.488 208.911
v 68.375 0.488 225.000
v 60.085 4.388 224.949
v 60.185 4.388 208.860
v 68.475 4.388 208.911
v 68.375 4.388 225.000
f 1160 1159 1158 1157
f 1153 1154 1158 1157
f 1154 1155 1159 1158
f 1155 1156 1160 1159
f 1156 1153 1157 1160
v -93.255 0.714 -166.517
v -93.035 0.714 -191.896
v -84.565 0.714 -191.823
v -84.785 0.714 -166.444
v -93.255 4.614 -166.517
v -93.035 4.614 -191.896
v -84.565 4.614 -191.823
v -84.785 4.614 -166.444
f 1168 1167 1166 1165
f 1161 1162 1166 1165
f 1162 1163 1167 1166
f 1163 1164 1168 1167
f 1164 1161 1165 1168
v 31.110 0.442 209.013
v 31.230 0.442 227.113
v 23.050 0.442 227.167
v 22.930 0.442 209.067
v 31.110 4.342 209.013
v 31.230 4.342 227.113
v 23.050 4.342 227.167
v 22.930 4.342 209.067
f 1176 1175 1174 1173
f 1169 1170 1174 1173
f 1170 1171 1175 1174
f 1171 1172 1176 1175
f 1172 1169 1173 1176
v 30.918 0.498 236.830
v 30.942 0.498 255.400
v 22.622 0.498 255.410
v 22.598 0.498 236.840
v 30.918 4.398 236.830
v 30.942 4.398 255.400
v 22.622 4.398 255.410
v 22.598 4.398 236.840
f 1184 1183 1182 1181
f 1177 1178 1182 1181
f 1178 1179 1183 1182
f 1179 1180 1184 1183
f 1180 1177 1181 1184
v 104.951 1.324 -134.465
v 105.148 1.324 -123.617
v 95.089 1.324 -123.435
v 94.892 1.324 -134.283
v 104.951 5.224 -134.465
v 105.148 5.224 -123.617
v 95.089 5.224 -123.435
v 94.892 5.224 -134.283
f 1192 1191 1190 1189
f 1185 1186 1190 1189
f 1186 1187 1191 1190
f 1187 1188 1192 1191
f 1188 1185 1189 1192
v 115.806 0.337 236.810
v 115.874 0.337 255.440
v 107.694 0.337 255.470
v 107.626 0.337 236.840
v 115.806 4.237 236.810
v 115.874 4.237 255.440
v 107.694 4.237 255.470
v 107.626 4.237 236.840
f 1200 1199 1198 1197
f 1193 1194 1198 1197
f 1194 1195 1199 1198
f 1195 1196 1200 1199
f 1196 1193 1197 1200
v -62.698 0.798 -166.581
v -62.482 0.798 -191.690
v -54.282 0.798 -191.619
v -54.498 0.798 -166.510
v -62.698 4.698 -166.581
v -62.482 4.698 -191.690
v -54.282 4.698 -191.619
v -54.498 4.698 -166.510
f 1208 1207 1206 1205
f 1201 1202 1206 1205
f 1202 1203 1207 1206
f 1203 1204 1208 1207
f 1204 1201 1205 1208
v -63.137 0.763 -90.562
v -62.805 0.763 -73.915
v -71.723 0.763 -73.738
v -72.055 0.763 -90.385
v -63.137 4.663 -90.562
v -62.805 4.663 -73.915
v -71.723 4.663 -73.738
v -72.055 4.663 -90.385
f 1216 1215 1214 1213
f 1209 1210 1214 1213
f 1210 1211 1215 1214
f 1211 1212 1216 1215
f 1212 1209 1213 1216
v 22.518 0.363 232.456
v 27.037 0.363 232.415
v 27.062 0.363 235.184
v 22.543 0.363 235.225
v 22.518 4.263 232.456
v 27.037 4.263 232.415
v 27.062 4.263 235.184
v 22.543 4.263 235.225
f 1224 1223 1222 1221
f 1217 1218 1222 1221
f 1218 1219 1223 1222
f 1219 1220 1224 1223
f 1220 1217 1221 1224
v 80.099 0.453 208.932
v 80.111 0.453 224.802
v 72.001 0.453 224.808
v 71.989 0.453 208.938
v 80.099 4.353 208.932
v 80.111 4.353 224.802
v 72.001 4.353 224.808
v 71.989 4.353 208.938
f 1232 1231 1230 1229
f 1225 1226 1230 1229
f 1226 1227 1231 1230
f 1227 1228 1232 1231
f 1228 1225 1229 1232
v -90.170 0.591 237.113
v -90.140 0.591 255.693
v -98.390 0.591 255.707
v -98.420 0.591 237.127
v -90.170 4.491 237.113
v -90.140 4.491 255.693
v -98.390 4.491 255.707
v -98.420 4.491 237.127
f 1240 1239 1238 1237
f 1233 1234 1238 1237
f 1234 1235 1239 1238
f 1235 1236 1240 1239
f 1236 1233 1237 1240
v 84.880 0.542 255.312
v 84.930 0.542 239.502
v 93.420 0.542 239.528
v 93.370 0.542 255.338
v 84.880 4.442 255.312
v 84.930 4.442 239.502
v 93.420 4.442 239.528
v 93.370 4.442 255.338
f 1248 1247 1246 1245
f 1241 1242 1246 1245
f 1242 1243 1247 1246
f 1243 1244 1248 1247
f 1244 1241 1245 1248
v -77.788 0.547 171.376
v -77.702 0.547 189.685
v -85.992 0.547 189.724
v -86.078 0.547 171.415
v -77.788 4.447 171.376
v -77.702 4.447 189.685
v -85.992 4.447 189.724
v -86.078 4.447 171.415
f 1256 1255 1254 1253
f 1249 1250 1254 1253
f 1250 1251 1255 1254
f 1251 1252 1256 1255
f 1252 1249 1253 1256
v 43.097 0.461 236.989
v 43.123 0.461 255.499
v 34.803 0.461 255.511
v 34.777 0.461 237.001
v 43.097 4.361 236.989
v 43.123 4.361 255.499
v 34.803 4.361 255.511
v 34.777 4.361 237.001
f 1264 1263 1262 1261
f 1257 1258 1262 1261
f 1258 1259 1263 1262
f 1259 1260 1264 1263
f 1260 1257 1261 1264
v -64.640 0.449 209.265
v -64.620 0.449 225.205
v -73.020 0.449 225.215
v -73.040 0.449 209.275
v -64.640 4.349 209.265
v -64.620 4.349 225.205
v -73.020 4.349 225.215
v -73.040 4.349 209.275
f 1272 1271 1270 1269
f 1265 1266 1270 1269
f 1266 1267 1271 1270
f 1267 1268 1272 1271
f 1268 1265 1269 1272
v -149.595 0.418 209.178
v -149.506 0.418 225.658
v -157.525 0.418 225.702
v -157.614 0.418 209.222
v -149.595 4.318 209.178
v -149.506 4.318 225.658
v -157.525 4.318 225.702
v -157.614 4.318 209.222
f 1280 1279 1278 1277
f 1273 1274 1278 1277
f 1274 1275 1279 1278
f 1275 1276 1280 1279
f 1276 1273 1277 1280
v -125.485 0.473 209.269
v -125.315 0.473 231.148
v -133.395 0.473 231.211
v -133.565 0.473 209.332
v -125.485 4.373 209.269
v -125.315 4.373 231.148
v -133.395 4.373 231.211
v -133.565 4.373 209.332
f 1288 1287 1286 1285
f 1281 1282 1286 1285
f 1282 1283 1287 1286
f 1283 1284 1288 1287
f 1284 1281 1285 1288
v 43.145 0.537 208.933
v 43.314 0.537 227.372
v 35.135 0.537 227.447
v 34.966 0.537 209.008
v 43.145 4.437 208.933
v 43.314 4.437 227.372
v 35.135 4.437 227.447
v 34.966 4.437 209.008
f 1296 1295 1294 1293
f 1289 1290 1294 1293
f 1290 1291 1295 1294
f 1291 1292 1296 1295
f 1292 1289 1293 1296
v -154.533 0.814 -166.089
v -154.306 0.814 -191.768
v -145.527 0.814 -191.691
v -145.754 0.814 -166.012
v -154.533 4.714 -166.089
v -154.306 4.714 -191.768
v -145.527 4.714 -191.691
v -145.754 4.714 -166.012
f 1304 1303 1302 1301
f 1297 1298 1302 1301
f 1298 1299 1303 1302
f 1299 1300 1304 1303
f 1300 1297 1301 1304
v -137.338 0.594 172.677
v -137.252 0.594 188.677
v -145.742 0.594 188.723
v -145.828 0.594 172.723
v -137.338 4.494 172.677
v -137.252 4.494 188.677
v -145.742 4.494 188.723
v -145.828 4.494 172.723
f 1312 1311 1310 1309
f 1305 1306 1310 1309
f 1306 1307 1311 1310
f 1307 1308 1312 1311
f 1308 1305 1309 1312
v -62.178 0.584 255.405
v -62.112 0.584 236.965
v -53.862 0.584 236.995
v -53.928 0.584 255.435
v -62.178 4.484 255.405
v -62.112 4.484 236.965
v -53.862 4.484 236.995
v -53.928 4.484 255.435
f 1320 1319 1318 1317
f 1313 1314 1318 1317
f 1314 1315 1319 1318
f 1315 1316 1320 1319
f 1316 1313 1317 1320
v 52.048 0.877 -131.648
v 68.862 0.877 -129.586
v 67.612 0.877 -119.392
v 50.798 0.877 -121.454
v 52.048 4.777 -131.648
v 68.862 4.777 -129.586
v 67.612 4.777 -119.392
v 50.798 4.777 -121.454
f 1328 1327 1326 1325
f 1321 1322 1326 1325
f 1322 1323 1327 1326
f 1323 1324 1328 1327
f 1324 1321 1325 1328
v 67.298 0.296 78.193
v 67.571 0.296 93.530
v 59.862 0.296 93.667
v 59.589 0.296 78.330
v 67.298 4.196 78.193
v 67.571 4.196 93.530
v 59.862 4.196 93.667
v 59.589 4.196 78.330
f 1336 1335 1334 1333
f 1329 1330 1334 1333
f 1330 1331 1335 1334
f 1331 1332 1336 1335
f 1332 1329 1333 1336
v -150.211 0.380 78.150
v -150.059 0.380 91.659
v -158.069 0.380 91.750
v -158.221 0.380 78.241
v -150.211 4.280 78.150
v -150.059 4.280 91.659
v -158.069 4.280 91.750
v -158.221 4.280 78.241
f 1344 1343 1342 1341
f 1337 1338 1342 1341
f 1338 1339 1343 1342
f 1339 1340 1344 1343
f 1340 1337 1341 1344
v 243.334 0.565 -207.977
v 243.575 0.565 -191.639
v 235.666 0.565 -191.523
v 235.425 0.565 -207.861
v 243.334 4.465 -207.977
v 243.575 4.465 -191.639
v 235.666 4.465 -191.523
v 235.425 4.465 -207.861
f 1352 1351 1350 1349
f 1345 1346 1350 1349
f 1346 1347 1351 1350
f 1347 1348 1352 1351
f 1348 1345 1349 1352
v -125.288 0.758 174.148
v -125.222 0.758 190.018
v -133.612 0.758 190.052
v -133.678 0.758 174.182
v -125.288 4.658 174.148
v -125.222 4.658 190.018
v -133.612 4.658 190.052
v -133.678 4.658 174.182
f 1360 1359 1358 1357
f 1353 1354 1358 1357
f 1354 1355 1359 1358
f 1355 1356 1360 1359
f 1356 1353 1357 1360
v 149.637 0.522 -227.494
v 168.360 0.522 -229.587
v 168.883 0.522 -224.906
v 150.160 0.522 -222.813
v 149.637 4.422 -227.494
v 168.360 4.422 -229.587
v 168.883 4.422 -224.906
v 150.160 4.422 -222.813
f 1368 1367 1366 1365
f 1361 1362 1366 1365
f 1362 1363 1367 1366
f 1363 1364 1368 1367
f 1364 1361 1365 1368
v -56.126 0.785 -139.341
v -51.579 0.785 -139.187
v -51.694 0.785 -135.779
v -56.241 0.785 -135.933
v -56.126 4.685 -139.341
v -51.579 4.685 -139.187
v -51.694 4.685 -135.779
v -56.241 4.685 -135.933
f 1376 1375 1374 1373
f 1369 1370 1374 1373
f 1370 1371 1375 1374
f 1371 1372 1376 1375
f 1372 1369 1373 1376
v -123.829 0.821 -166.307
v -123.611 0.821 -191.706
v -115.111 0.821 -191.633
v -115.329 0.821 -166.234
v -123.829 4.721 -166.307
v -123.611 4.721 -191.706
v -115.111 4.721 -191.633
v -115.329 4.721 -166.234
f 1384 1383 1382 1381
f 1377 1378 1382 1381
f 1378 1379 1383 1382
f 1379 1380 1384 1383
f 1380 1377 1381 1384
v 120.079 0.228 91.985
v 120.111 0.228 79.095
v 128.501 0.228 79.115
v 128.469 0.228 92.005
v 120.079 4.128 91.985
v 120.111 4.128 79.095
v 128.501 4.128 79.115
v 128.469 4.128 92.005
f 1392 1391 1390 1389
f 1385 1386 1390 1389
f 1386 1387 1391 1390
f 1387 1388 1392 1391
f 1388 1385 1389 1392
v 95.831 0.938 -90.973
v 96.276 0.938 -74.079
v 87.449 0.938 -73.847
v 87.004 0.938 -90.741
v 95.831 4.838 -90.973
v 96.276 4.838 -74.079
v 87.449 4.838 -73.847
v 87.004 4.838 -90.741
f 1400 1399 1398 1397
f 1393 1394 1398 1397
f 1394 1395 1399 1398
f 1395 1396 1400 1399
f 1396 1393 1397 1400
v -12.580 0.442 225.111
v -12.389 0.442 209.092
v -4.300 0.442 209.189
v -4.491 0.442 225.208
v -12.580 4.342 225.111
v -12.389 4.342 209.092
v -4.300 4.342 209.189
v -4.491 4.342 225.208
f 1408 1407 1406 1405
f 1401 1402 1406 1405
f 1402 1403 1407 1406
f 1403 1404 1408 1407
f 1404 1401 1405 1408
v 127.877 0.618 236.944
v 127.903 0.618 255.444
v 119.723 0.618 255.456
v 119.697 0.618 236.956
v 127.877 4.518 236.944
v 127.903 4.518 255.444
v 119.723 4.518 255.456
v 119.697 4.518 236.956
f 1416 1415 1414 1413
f 1409 1410 1414 1413
f 1410 1411 1415 1414
f 1411 1412 1416 1415
f 1412 1409 1413 1416
v -161.558 0.575 173.990
v -161.422 0.575 190.000
v -169.702 0.575 190.070
v -169.838 0.575 174.060
v -161.558 4.475 173.990
v -161.422 4.475 190.000
v -169.702 4.475 190.070
v -169.838 4.475 174.060
f 1424 1423 1422 1421
f 1417 1418 1422 1421
f 1418 1419 1423 1422
f 1419 1420 1424 1423
f 1420 1417 1421 1424
v 27.200 0.734 -94.832
v 27.558 0.734 -78.586
v 18.620 0.734 -78.388
v 18.262 0.734 -94.634
v 27.200 4.634 -94.832
v 27.558 4.634 -78.586
v 18.620 4.634 -78.388
v 18.262 4.634 -94.634
f 1432 1431 1430 1429
f 1425 1426 1430 1429
f 1426 1427 1431 1430
f 1427 1428 1432 1431
f 1428 1425 1429 1432
v -124.891 0.406 103.693
v -124.859 0.406 122.533
v -133.189 0.406 122.547
v -133.221 0.406 103.707
v -124.891 4.306 103.693
v -124.859 4.306 122.533
v -133.189 4.306 122.547
v -133.221 4.306 103.707
f 1440 1439 1438 1437
f 1433 1434 1438 1437
f 1434 1435 1439 1438
f 1435 1436 1440 1439
f 1436 1433 1437 1440
v 108.498 1.080 -129.810
v 108.602 1.080 -123.531
v 106.102 1.080 -123.490
v 105.998 1.080 -129.769
v 108.498 4.980 -129.810
v 108.602 4.980 -123.531
v 106.102 4.980 -123.490
v 105.998 4.980 -129.769
f 1448 1447 1446 1445
f 1441 1442 1446 1445
f 1442 1443 1447 1446
f 1443 1444 1448 1447
f 1444 1441 1445 1448
v 46.762 0.537 257.221
v 46.798 0.537 235.061
v 57.358 0.537 235.079
v 57.322 0.537 257.239
v 46.762 4.437 257.221
v 46.798 4.437 235.061
v 57.358 4.437 235.079
v 57.322 4.437 257.239
f 1456 1455 1454 1453
f 1449 1450 1454 1453
f 1450 1451 1455 1454
f 1451 1452 1456 1455
f 1452 1449 1453 1456
v 241.931 0.590 -167.148
v 242.018 0.590 -150.938
v 233.469 0.590 -150.892
v 233.382 0.590 -167.102
v 241.931 4.490 -167.148
v 242.018 4.490 -150.938
v 233.469 4.490 -150.892
v 233.382 4.490 -167.102
f 1464 1463 1462 1461
f 1457 1458 1462 1461
f 1458 1459 1463 1462
f 1459 1460 1464 1463
f 1460 1457 1461 1464
v -169.864 0.804 -166.247
v -169.646 0.804 -191.786
v -161.016 0.804 -191.713
v -161.234 0.804 -166.174
v -169.864 4.704 -166.247
v -169.646 4.704 -191.786
v -161.016 4.704 -191.713
v -161.234 4.704 -166.174
f 1472 1471 1470 1469
f 1465 1466 1470 1469
f 1466 1467 1471 1470
f 1467 1468 1472 1471
f 1468 1465 1469 1472
v -8.988 1.023 -131.228
v 8.114 1.023 -129.396
v 7.068 1.023 -119.632
v -10.034 1.023 -121.464
v -8.988 4.923 -131.228
v 8.114 4.923 -129.396
v 7.068 4.923 -119.632
v -10.034 4.923 -121.464
f 1480 1479 1478 1477
f 1473 1474 1478 1477
f 1474 1475 1479 1478
f 1475 1476 1480 1479
f 1476 1473 1477 1480
v 94.687 1.030 -120.775
v 94.839 1.030 -117.709
v 91.913 1.030 -117.565
v 91.761 1.030 -120.631
v 94.687 4.930 -120.775
v 94.839 4.930 -117.709
v 91.913 4.930 -117.565
v 91.761 4.930 -120.631
f 1488 1487 1486 1485
f 1481 1482 1486 1485
f 1482 1483 1487 1486
f 1483 1484 1488 1487
f 1484 1481 1485 1488
v -8.281 0.490 228.799
v -2.811 0.490 228.781
v -2.799 0.490 232.301
v -8.269 0.490 232.319
v -8.281 4.390 228.799
v -2.811 4.390 228.781
v -2.799 4.390 232.301
v -8.269 4.390 232.319
f 1496 1495 1494 1493
f 1489 1490 1494 1493
f 1490 1491 1495 1494
f 1491 1492 1496 1495
f 1492 1489 1493 1496
v 118.366 0.443 170.549
v 118.712 0.443 189.626
v 107.374 0.443 189.831
v 107.028 0.443 170.754
v 118.366 4.343 170.549
v 118.712 4.343 189.626
v 107.374 4.343 189.831
v 107.028 4.343 170.754
f 1504 1503 1502 1501
f 1497 1498 1502 1501
f 1498 1499 1503 1502
f 1499 1500 1504 1503
f 1500 1497 1501 1504
v 254.762 0.580 -234.012
v 254.837 0.580 -216.463
v 246.658 0.580 -216.428
v 246.583 0.580 -233.977
v 254.762 4.480 -234.012
v 254.837 4.480 -216.463
v 246.658 4.480 -216.428
v 246.583 4.480 -233.977
f 1512 1511 1510 1509
f 1505 1506 1510 1509
f 1506 1507 1511 1510
f 1507 1508 1512 1511
f 1508 1505 1509 1512
v 123.867 0.825 -90.889
v 124.231 0.825 -73.803
v 115.233 0.825 -73.611
v 114.869 0.825 -90.697
v 123.867 4.725 -90.889
v 124.231 4.725 -73.803
v 115.233 4.725 -73.611
v 114.869 4.725 -90.697
f 1520 1519 1518 1517
f 1513 1514 1518 1517
f 1514 1515 1519 1518
f 1515 1516 1520 1519
f 1516 1513 1517 1520
v 96.045 0.355 189.261
v 96.256 0.355 173.252
v 104.375 0.355 173.359
v 104.164 0.355 189.368
v 96.045 4.255 189.261
v 96.256 4.255 173.252
v 104.375 4.255 173.359
v 104.164 4.255 189.368
f 1528 1527 1526 1525
f 1521 1522 1526 1525
f 1522 1523 1527 1526
f 1523 1524 1528 1527
f 1524 1521 1525 1528
v 33.109 0.668 165.665
v 34.034 0.668 169.639
v 30.011 0.668 170.575
v 29.086 0.668 166.601
v 33.109 4.568 165.665
v 34.034 4.568 169.639
v 30.011 4.568 170.575
v 29.086 4.568 166.601
f 1536 1535 1534 1533
f 1529 1530 1534 1533
f 1530 1531 1535 1534
f 1531 1532 1536 1535
f 1532 1529 1533 1536
v 56.950 0.239 105.845
v 57.179 0.239 123.614
v 47.810 0.239 123.735
v 47.581 0.239 105.966
v 56.950 4.139 105.845
v 57.179 4.139 123.614
v 47.810 4.139 123.735
v 47.581 4.139 105.966
f 1544 1543 1542 1541
f 1537 1538 1542 1541
f 1538 1539 1543 1542
f 1539 1540 1544 1543
f 1540 1537 1541 1544
v 217.614 0.386 -239.258
v 218.004 0.386 -221.432
v 209.286 0.386 -221.242
v 208.896 0.386 -239.068
v 217.614 4.286 -239.258
v 218.004 4.286 -221.432
v 209.286 4.286 -221.242
v 208.896 4.286 -239.068
f 1552 1551 1550 1549
f 1545 1546 1550 1549
f 1546 1547 1551 1550
f 1547 1548 1552 1551
f 1548 1545 1549 1552
v 57.244 0.227 92.133
v 57.335 0.227 95.662
v 54.836 0.227 95.727
v 54.745 0.227 92.198
v 57.244 4.127 92.133
v 57.335 4.127 95.662
v 54.836 4.127 95.727
v 54.745 4.127 92.198
f 1560 1559 1558 1557
f 1553 1554 1558 1557
f 1554 1555 1559 1558
f 1555 1556 1560 1559
f 1556 1553 1557 1560
v -47.628 0.728 -166.819
v -47.402 0.728 -192.338
v -38.792 0.728 -192.261
v -39.018 0.728 -166.742
v -47.628 4.628 -166.819
v -47.402 4.628 -192.338
v -38.792 4.628 -192.261
v -39.018 4.628 -166.742
f 1568 1567 1566 1565
f 1561 1562 1566 1565
f 1562 1563 1567 1566
f 1563 1564 1568 1567
f 1564 1561 1565 1568
v 116.956 0.504 -248.127
v 127.625 0.504 -247.639
v 127.424 0.504 -243.253
v 116.755 0.504 -243.741
v 116.956 4.404 -248.127
v 127.625 4.404 -247.639
v 127.424 4.404 -243.253
v 116.755 4.404 -243.741
f 1576 1575 1574 1573
f 1569 1570 1574 1573
f 1570 1571 1575 1574
f 1571 1572 1576 1575
f 1572 1569 1573 1576
v 115.999 0.547 -240.204
v 127.607 0.547 -243.513
v 129.841 0.547 -235.676
v 118.233 0.547 -232.367
v 115.999 4.447 -240.204
v 127.607 4.447 -243.513
v 129.841 4.447 -235.676
v 118.233 4.447 -232.367
f 1584 1583 1582 1581
f 1577 1578 1582 1581
f 1578 1579 1583 1582
f 1579 1580 1584 1583
f 1580 1577 1581 1584
v 110.426 0.589 -227.904
v 110.695 0.589 -240.031
v 114.954 0.589 -239.936
v 114.685 0.589 -227.809
v 110.426 4.489 -227.904
v 110.695 4.489 -240.031
v 114.954 4.489 -239.936
v 114.685 4.489 -227.809
f 1592 1591 1590 1589
f 1585 1586 1590 1589
f 1586 1587 1591 1590
f 1587 1588 1592 1591
f 1588 1585 1589 1592
v 105.204 0.436 -247.706
v 105.435 0.436 -236.869
v 101.916 0.436 -236.794
v 101.685 0.436 -247.631
v 105.204 4.336 -247.706
v 105.435 4.336 -236.869
v 101.916 4.336 -236.794
v 101.685 4.336 -247.631
f 1600 1599 1598 1597
f 1593 1594 1598 1597
f 1594 1595 1599 1598
f 1595 1596 1600 1599
f 1596 1593 1597 1600
v 85.975 0.516 -246.818
v 92.175 0.516 -206.816
v 72.985 0.516 -203.842
v 66.785 0.516 -243.844
v 85.975 6.316 -246.818
v 92.175 6.316 -206.816
v 72.985 6.316 -203.842
v 66.785 6.316 -243.844
f 1608 1607 1606 1605
f 1601 1602 1606 1605
f 1602 1603 1607 1606
f 1603 1604 1608 1607
f 1604 1601 1605 1608
v 25.709 0.124 -230.691
v 26.208 0.124 -246.713
v 39.811 0.124 -246.289
v 39.312 0.124 -230.267
v 25.709 4.024 -230.691
v 26.208 4.024 -246.713
v 39.811 4.024 -246.289
v 39.312 4.024 -230.267
f 1616 1615 1614 1613
f 1609 1610 1614 1613
f 1610 1611 1615 1614
f 1611 1612 1616 1615
f 1612 1609 1613 1616
v -3.435 0.592 -229.553
v -3.040 0.592 -243.857
v 8.935 0.592 -243.527
v 8.540 0.592 -229.223
v -3.435 4.492 -229.553
v -3.040 4.492 -243.857
v 8.935 4.492 -243.527
v 8.540 4.492 -229.223
f 1624 1623 1622 1621
f 1617 1618 1622 1621
f 1618 1619 1623 1622
f 1619 1620 1624 1623
f 1620 1617 1621 1624
v 20.385 0.864 -208.744
v 24.765 0.864 -224.040
v 39.935 0.864 -219.696
v 35.555 0.864 -204.400
v 20.385 4.764 -208.744
v 24.765 4.764 -224.040
v 39.935 4.764 -219.696
v 35.555 4.764 -204.400
f 1632 1631 1630 1629
f 1625 1626 1630 1629
f 1626 1627 1631 1630
f 1627 1628 1632 1631
f 1628 1625 1629 1632
v -4.207 0.746 -228.557
v 10.747 0.746 -226.532
v 9.107 0.746 -214.423
v -5.847 0.746 -216.448
v -4.207 4.646 -228.557
v 10.747 4.646 -226.532
v 9.107 4.646 -214.423
v -5.847 4.646 -216.448
f 1640 1639 1638 1637
f 1633 1634 1638 1637
f 1634 1635 1639 1638
f 1635 1636 1640 1639
f 1636 1633 1637 1640
v 115.885 0.345 208.722
v 115.975 0.345 225.612
v 107.415 0.345 225.658
v 107.325 0.345 208.768
v 115.885 4.245 208.722
v 115.975 4.245 225.612
v 107.415 4.245 225.658
v 107.325 4.245 208.768
f 1648 1647 1646 1645
f 1641 1642 1646 1645
f 1642 1643 1647 1646
f 1643 1644 1648 1647
f 1644 1641 1645 1648
v 93.518 0.340 227.914
v 94.589 0.340 208.313
v 106.162 0.340 208.946
v 105.091 0.340 228.547
v 93.518 4.240 227.914
v 94.589 4.240 208.313
v 106.162 4.240 208.946
v 105.091 4.240 228.547
f 1656 1655 1654 1653
f 1649 1650 1654 1653
f 1650 1651 1655 1654
f 1651 1652 1656 1655
f 1652 1649 1653 1656
v 83.206 0.360 227.705
v 83.304 0.360 208.935
v 91.054 0.360 208.975
v 90.956 0.360 227.745
v 83.206 4.260 227.705
v 83.304 4.260 208.935
v 91.054 4.260 208.975
v 90.956 4.260 227.745
f 1664 1663 1662 1661
f 1657 1658 1662 1661
f 1658 1659 1663 1662
f 1659 1660 1664 1663
f 1660 1657 1661 1664
v 104.615 0.455 236.675
v 104.665 0.455 255.705
v 97.265 0.455 255.725
v 97.215 0.455 236.695
v 104.615 4.355 236.675
v 104.665 4.355 255.705
v 97.265 4.355 255.725
v 97.215 4.355 236.695
f 1672 1671 1670 1669
f 1665 1666 1670 1669
f 1666 1667 1671 1670
f 1667 1668 1672 1671
f 1668 1665 1669 1672
v 70.402 0.531 255.354
v 70.770 0.531 237.058
v 79.118 0.531 237.226
v 78.750 0.531 255.522
v 70.402 4.431 255.354
v 70.770 4.431 237.058
v 79.118 4.431 237.226
v 78.750 4.431 255.522
f 1680 1679 1678 1677
f 1673 1674 1678 1677
f 1674 1675 1679 1678
f 1675 1676 1680 1679
f 1676 1673 1677 1680
v 57.678 0.560 254.700
v 59.231 0.560 236.165
v 70.142 0.560 237.080
v 68.589 0.560 255.615
v 57.678 4.460 254.700
v 59.231 4.460 236.165
v 70.142 4.460 237.080
v 68.589 4.460 255.615
f 1688 1687 1686 1685
f 1681 1682 1686 1685
f 1682 1683 1687 1686
f 1683 1684 1688 1687
f 1684 1681 1685 1688
v 44.459 0.619 224.724
v 46.590 0.619 204.165
v 57.501 0.619 205.296
v 55.370 0.619 225.855
v 44.459 4.519 224.724
v 46.590 4.519 204.165
v 57.501 4.519 205.296
v 55.370 4.519 225.855
f 1696 1695 1694 1693
f 1689 1690 1694 1693
f 1690 1691 1695 1694
f 1691 1692 1696 1695
f 1692 1689 1693 1696
v -253.062 0.728 244.902
v -232.808 0.728 248.377
v -234.798 0.728 259.978
v -255.052 0.728 256.503
v -253.062 4.628 244.902
v -232.808 4.628 248.377
v -234.798 4.628 259.978
v -255.052 4.628 256.503
f 1704 1703 1702 1701
f 1697 1698 1702 1701
f 1698 1699 1703 1702
f 1699 1700 1704 1703
f 1700 1697 1701 1704
v -250.110 0.498 237.125
v -232.393 0.498 236.797
v -232.250 0.498 244.495
v -249.967 0.498 244.823
v -250.110 4.398 237.125
v -232.393 4.398 236.797
v -232.250 4.398 244.495
v -249.967 4.398 244.823
f 1712 1711 1710 1709
f 1705 1706 1710 1709
f 1706 1707 1711 1710
f 1707 1708 1712 1711
f 1708 1705 1709 1712
v -255.153 0.391 190.420
v -234.157 0.391 189.992
v -233.987 0.391 198.320
v -254.983 0.391 198.748
v -255.153 4.291 190.420
v -234.157 4.291 189.992
v -233.987 4.291 198.320
v -254.983 4.291 198.748
f 1720 1719 1718 1717
f 1713 1714 1718 1717
f 1714 1715 1719 1718
f 1715 1716 1720 1719
f 1716 1713 1717 1720
v -145.827 0.981 -95.065
v -145.445 0.981 -77.599
v -154.773 0.981 -77.395
v -155.155 0.981 -94.861
v -145.827 4.881 -95.065
v -145.445 4.881 -77.599
v -154.773 4.881 -77.395
v -155.155 4.881 -94.861
f 1728 1727 1726 1725
f 1721 1722 1726 1725
f 1722 1723 1727 1726
f 1723 1724 1728 1727
f 1724 1721 1725 1728
v -117.667 0.878 -94.961
v -117.305 0.878 -76.975
v -126.993 0.878 -76.779
v -127.355 0.878 -94.765
v -117.667 4.778 -94.961
v -117.305 4.778 -76.975
v -126.993 4.778 -76.779
v -127.355 4.778 -94.765
f 1736 1735 1734 1733
f 1729 1730 1734 1733
f 1730 1731 1735 1734
f 1731 1732 1736 1735
f 1732 1729 1733 1736
v -76.931 0.792 -92.125
v -76.394 0.792 -74.264
v -86.009 0.792 -73.975
v -86.546 0.792 -91.836
v -76.931 4.692 -92.125
v -76.394 4.692 -74.264
v -86.009 4.692 -73.975
v -86.546 4.692 -91.836
f 1744 1743 1742 1741
f 1737 1738 1742 1741
f 1738 1739 1743 1742
f 1739 1740 1744 1743
f 1740 1737 1741 1744
v -49.654 0.815 -92.447
v -49.159 0.815 -74.504
v -58.266 0.815 -74.253
v -58.761 0.815 -92.196
v -49.654 4.715 -92.447
v -49.159 4.715 -74.504
v -58.266 4.715 -74.253
v -58.761 4.715 -92.196
f 1752 1751 1750 1749
f 1745 1746 1750 1749
f 1746 1747 1751 1750
f 1747 1748 1752 1751
f 1748 1745 1749 1752
v -35.735 0.834 -90.553
v -35.705 0.834 -74.703
v -44.245 0.834 -74.687
v -44.275 0.834 -90.537
v -35.735 4.734 -90.553
v -35.705 4.734 -74.703
v -44.245 4.734 -74.687
v -44.275 4.734 -90.537
f 1760 1759 1758 1757
f 1753 1754 1758 1757
f 1754 1755 1759 1758
f 1755 1756 1760 1759
f 1756 1753 1757 1760
v 12.614 0.814 -95.244
v 12.974 0.814 -77.668
v 3.566 0.814 -77.476
v 3.206 0.814 -95.052
v 12.614 4.714 -95.244
v 12.974 4.714 -77.668
v 3.566 4.714 -77.476
v 3.206 4.714 -95.052
f 1768 1767 1766 1765
f 1761 1762 1766 1765
f 1762 1763 1767 1766
f 1763 1764 1768 1767
f 1764 1761 1765 1768
v 31.109 0.766 -77.754
v 31.141 0.766 -95.464
v 41.011 0.766 -95.446
v 40.979 0.766 -77.736
v 31.109 4.666 -77.754
v 31.141 4.666 -95.464
v 41.011 4.666 -95.446
v 40.979 4.666 -77.736
f 1776 1775 1774 1773
f 1769 1770 1774 1773
f 1770 1771 1775 1774
f 1771 1772 1776 1775
f 1772 1769 1773 1776
v 80.922 0.786 -91.976
v 81.404 0.786 -74.593
v 72.438 0.786 -74.344
v 71.956 0.786 -91.727
v 80.922 4.686 -91.976
v 81.404 4.686 -74.593
v 72.438 4.686 -74.344
v 71.956 4.686 -91.727
f 1784 1783 1782 1781
f 1777 1778 1782 1781
f 1778 1779 1783 1782
f 1779 1780 1784 1783
f 1780 1777 1781 1784
v 108.386 0.883 -91.823
v 109.018 0.883 -74.705
v 100.134 0.883 -74.377
v 99.502 0.883 -91.495
v 108.386 4.783 -91.823
v 109.018 4.783 -74.705
v 100.134 4.783 -74.377
v 99.502 4.783 -91.495
f 1792 1791 1790 1789
f 1785 1786 1790 1789
f 1786 1787 1791 1790
f 1787 1788 1792 1791
f 1788 1785 1789 1792
v 146.590 0.283 -61.738
v 150.695 0.283 -75.655
v 160.910 0.283 -72.642
v 156.805 0.283 -58.725
v 146.590 4.183 -61.738
v 150.695 4.183 -75.655
v 160.910 4.183 -72.642
v 156.805 4.183 -58.725
f 1800 1799 1798 1797
f 1793 1794 1798 1797
f 1794 1795 1799 1798
f 1795 1796 1800 1799
f 1796 1793 1797 1800
v 71.972 1.013 -131.875
v 85.051 1.013 -132.024
v 85.188 1.013 -119.965
v 72.109 1.013 -119.816
v 71.972 4.913 -131.875
v 85.051 4.913 -132.024
v 85.188 4.913 -119.965
v 72.109 4.913 -119.816
f 1808 1807 1806 1805
f 1801 1802 1806 1805
f 1802 1803 1807 1806
f 1803 1804 1808 1807
f 1804 1801 1805 1808
v 26.209 0.897 -124.352
v 34.009 0.897 -139.693
v 49.751 0.897 -131.688
v 41.951 0.897 -116.347
v 26.209 4.797 -124.352
v 34.009 4.797 -139.693
v 49.751 4.797 -131.688
v 41.951 4.797 -116.347
f 1816 1815 1814 1813
f 1809 1810 1814 1813
f 1810 1811 1815 1814
f 1811 1812 1816 1815
f 1812 1809 1813 1816
v -19.064 0.992 -137.859
v -9.238 0.992 -118.893
v -27.636 0.992 -109.361
v -37.462 0.992 -128.327
v -19.064 4.892 -137.859
v -9.238 4.892 -118.893
v -27.636 4.892 -109.361
v -37.462 4.892 -128.327
f 1824 1823 1822 1821
f 1817 1818 1822 1821
f 1818 1819 1823 1822
f 1819 1820 1824 1823
f 1820 1817 1821 1824
v -52.878 1.114 -133.554
v -36.014 1.114 -139.586
v -30.362 1.114 -123.786
v -47.226 1.114 -117.754
v -52.878 5.014 -133.554
v -36.014 5.014 -139.586
v -30.362 5.014 -123.786
v -47.226 5.014 -117.754
f 1832 1831 1830 1829
f 1825 1826 1830 1829
f 1826 1827 1831 1830
f 1827 1828 1832 1831
f 1828 1825 1829 1832
v -55.847 1.098 -137.190
v -54.077 1.098 -120.916
v -68.293 1.098 -119.370
v -70.063 1.098 -135.644
v -55.847 4.998 -137.190
v -54.077 4.998 -120.916
v -68.293 4.998 -119.370
v -70.063 4.998 -135.644
f 1840 1839 1838 1837
f 1833 1834 1838 1837
f 1834 1835 1839 1838
f 1835 1836 1840 1839
f 1836 1833 1837 1840
v -94.576 0.939 -137.579
v -93.590 0.939 -122.501
v -106.124 0.939 -121.681
v -107.110 0.939 -136.759
v -94.576 4.839 -137.579
v -93.590 4.839 -122.501
v -106.124 4.839 -121.681
v -107.110 4.839 -136.759
f 1848 1847 1846 1845
f 1841 1842 1846 1845
f 1842 1843 1847 1846
f 1843 1844 1848 1847
f 1844 1841 1845 1848
v -166.712 1.044 -138.541
v -150.822 1.044 -134.817
v -154.388 1.044 -119.599
v -170.278 1.044 -123.323
v -166.712 4.944 -138.541
v -150.822 4.944 -134.817
v -154.388 4.944 -119.599
v -170.278 4.944 -123.323
f 1856 1855 1854 1853
f 1849 1850 1854 1853
f 1850 1851 1855 1854
f 1851 1852 1856 1855
f 1852 1849 1853 1856
v -156.133 0.849 -141.245
v -152.634 0.849 -141.324
v -152.567 0.849 -138.355
v -156.066 0.849 -138.276
v -156.133 4.749 -141.245
v -152.634 4.749 -141.324
v -152.567 4.749 -138.355
v -156.066 4.749 -138.276
f 1864 1863 1862 1861
f 1857 1858 1862 1861
f 1858 1859 1863 1862
f 1859 1860 1864 1863
f 1860 1857 1861 1864
v -152.208 0.929 -121.766
v -149.308 0.929 -138.537
v -132.872 0.929 -135.694
v -135.772 0.929 -118.923
v -152.208 4.829 -121.766
v -149.308 4.829 -138.537
v -132.872 4.829 -135.694
v -135.772 4.829 -118.923
f 1872 1871 1870 1869
f 1865 1866 1870 1869
f 1866 1867 1871 1870
f 1867 1868 1872 1871
f 1868 1865 1869 1872
v -199.343 0.428 -122.902
v -199.256 0.428 -140.802
v -190.357 0.428 -140.758
v -190.444 0.428 -122.858
v -199.343 4.328 -122.902
v -199.256 4.328 -140.802
v -190.357 4.328 -140.758
v -190.444 4.328 -122.858
f 1880 1879 1878 1877
f 1873 1874 1878 1877
f 1874 1875 1879 1878
f 1875 1876 1880 1879
f 1876 1873 1877 1880
v -204.337 0.438 -138.573
v -203.974 0.438 -119.087
v -211.483 0.438 -118.947
v -211.846 0.438 -138.433
v -204.337 4.338 -138.573
v -203.974 4.338 -119.087
v -211.483 4.338 -118.947
v -211.846 4.338 -138.433
f 1888 1887 1886 1885
f 1881 1882 1886 1885
f 1882 1883 1887 1886
f 1883 1884 1888 1887
f 1884 1881 1885 1888
v -217.920 0.444 -138.947
v -217.323 0.444 -120.957
v -224.060 0.444 -120.733
v -224.657 0.444 -138.723
v -217.920 4.344 -138.947
v -217.323 4.344 -120.957
v -224.060 4.344 -120.733
v -224.657 4.344 -138.723
f 1896 1895 1894 1893
f 1889 1890 1894 1893
f 1890 1891 1895 1894
f 1891 1892 1896 1895
f 1892 1889 1893 1896
v -236.850 0.529 -120.265
v -236.377 0.529 -138.859
v -228.350 0.529 -138.655
v -228.823 0.529 -120.061
v -236.850 4.429 -120.265
v -236.377 4.429 -138.859
v -228.350 4.429 -138.655
v -228.823 4.429 -120.061
f 1904 1903 1902 1901
f 1897 1898 1902 1901
f 1898 1899 1903 1902
f 1899 1900 1904 1903
f 1900 1897 1901 1904
v -240.252 0.377 -137.972
v -240.009 0.377 -119.803
v -248.568 0.377 -119.688
v -248.811 0.377 -137.857
v -240.252 4.277 -137.972
v -240.009 4.277 -119.803
v -248.568 4.277 -119.688
v -248.811 4.277 -137.857
f 1912 1911 1910 1909
f 1905 1906 1910 1909
f 1906 1907 1911 1910
f 1907 1908 1912 1911
f 1908 1905 1909 1912
v 125.941 0.284 -55.572
v 127.659 0.284 -37.091
v 118.379 0.284 -36.228
v 116.661 0.284 -54.709
v 125.941 4.184 -55.572
v 127.659 4.184 -37.091
v 118.379 4.184 -36.228
v 116.661 4.184 -54.709
f 1920 1919 1918 1917
f 1913 1914 1918 1917
f 1914 1915 1919 1918
f 1915 1916 1920 1919
f 1916 1913 1917 1920
v 106.769 0.257 -36.702
v 106.811 0.257 -52.642
v 115.631 0.257 -52.618
v 115.589 0.257 -36.678
v 106.769 4.157 -36.702
v 106.811 4.157 -52.642
v 115.631 4.157 -52.618
v 115.589 4.157 -36.678
f 1928 1927 1926 1925
f 1921 1922 1926 1925
f 1922 1923 1927 1926
f 1923 1924 1928 1927
f 1924 1921 1925 1928
v 119.519 0.145 -35.663
v 128.478 0.145 -35.816
v 128.521 0.145 -33.317
v 119.562 0.145 -33.164
v 119.519 4.045 -35.663
v 128.478 4.045 -35.816
v 128.521 4.045 -33.317
v 119.562 4.045 -33.164
f 1936 1935 1934 1933
f 1929 1930 1934 1933
f 1930 1931 1935 1934
f 1931 1932 1936 1935
f 1932 1929 1933 1936
v 91.826 0.237 -55.798
v 94.632 0.237 -34.038
v 82.414 0.237 -32.462
v 79.608 0.237 -54.222
v 91.826 4.137 -55.798
v 94.632 4.137 -34.038
v 82.414 4.137 -32.462
v 79.608 4.137 -54.222
f 1944 1943 1942 1941
f 1937 1938 1942 1941
f 1938 1939 1943 1942
f 1939 1940 1944 1943
f 1940 1937 1941 1944
v 87.085 0.019 -37.756
v 87.156 0.019 -42.945
v 91.615 0.019 -42.884
v 91.544 0.019 -37.695
v 87.085 3.919 -37.756
v 87.156 3.919 -42.945
v 91.615 3.919 -42.884
v 91.544 3.919 -37.695
f 1952 1951 1950 1949
f 1945 1946 1950 1949
f 1946 1947 1951 1950
f 1947 1948 1952 1951
f 1948 1945 1949 1952
v 93.660 0.306 -36.060
v 97.530 0.306 -36.020
v 97.500 0.306 -33.140
v 93.630 0.306 -33.180
v 93.660 4.206 -36.060
v 97.530 4.206 -36.020
v 97.500 4.206 -33.140
v 93.630 4.206 -33.180
f 1960 1959 1958 1957
f 1953 1954 1958 1957
f 1954 1955 1959 1958
f 1955 1956 1960 1959
f 1956 1953 1957 1960
v 92.503 0.413 -10.005
v 95.272 0.413 -33.482
v 106.017 0.413 -32.215
v 103.248 0.413 -8.738
v 92.503 4.313 -10.005
v 95.272 4.313 -33.482
v 106.017 4.313 -32.215
v 103.248 4.313 -8.738
f 1968 1967 1966 1965
f 1961 1962 1966 1965
f 1962 1963 1967 1966
f 1963 1964 1968 1967
f 1964 1961 1965 1968
v 114.668 0.159 -28.557
v 115.465 0.159 -10.615
v 108.452 0.159 -10.303
v 107.655 0.159 -28.245
v 114.668 4.059 -28.557
v 115.465 4.059 -10.615
v 108.452 4.059 -10.303
v 107.655 4.059 -28.245
f 1976 1975 1974 1973
f 1969 1970 1974 1973
f 1970 1971 1975 1974
f 1971 1972 1976 1975
f 1972 1969 1973 1976
v 104.886 0.267 -27.458
v 104.965 0.267 -31.788
v 108.574 0.267 -31.722
v 108.495 0.267 -27.392
v 104.886 4.167 -27.458
v 104.965 4.167 -31.788
v 108.574 4.167 -31.722
v 108.495 4.167 -27.392
f 1984 1983 1982 1981
f 1977 1978 1982 1981
f 1978 1979 1983 1982
f 1979 1980 1984 1983
f 1980 1977 1981 1984
v 124.375 0.221 -12.944
v 124.595 0.221 -25.032
v 127.645 0.221 -24.976
v 127.425 0.221 -12.888
v 124.375 4.121 -12.944
v 124.595 4.121 -25.032
v 127.645 4.121 -24.976
v 127.425 4.121 -12.888
f 1992 1991 1990 1989
f 1985 1986 1990 1989
f 1986 1987 1991 1990
f 1987 1988 1992 1991
f 1988 1985 1989 1992
v 59.083 0.168 -35.518
v 59.147 0.168 -53.348
v 66.597 0.168 -53.322
v 66.533 0.168 -35.492
v 59.083 4.068 -35.518
v 59.147 4.068 -53.348
v 66.597 4.068 -53.322
v 66.533 4.068 -35.492
f 2000 1999 1998 1997
f 1993 1994 1998 1997
f 1994 1995 1999 1998
f 1995 1996 2000 1999
f 1996 1993 1997 2000
v 35.107 0.228 -8.511
v 36.480 0.228 -30.428
v 45.073 0.228 -29.889
v 43.700 0.228 -7.972
v 35.107 4.128 -8.511
v 36.480 4.128 -30.428
v 45.073 4.128 -29.889
v 43.700 4.128 -7.972
f 2008 2007 2006 2005
f 2001 2002 2006 2005
f 2002 2003 2007 2006
f 2003 2004 2008 2007
f 2004 2001 2005 2008
v 36.462 0.327 -12.491
v 36.538 0.327 -6.481
v 34.038 0.327 -6.449
v 33.962 0.327 -12.459
v 36.462 4.227 -12.491
v 36.538 4.227 -6.481
v 34.038 4.227 -6.449
v 33.962 4.227 -12.459
f 2016 2015 2014 2013
f 2009 2010 2014 2013
f 2010 2011 2015 2014
f 2011 2012 2016 2015
f 2012 2009 2013 2016
v 6.901 0.188 -50.829
v 8.457 0.188 -34.854
v -0.401 0.188 -33.991
v -1.957 0.188 -49.966
v 6.901 4.088 -50.829
v 8.457 4.088 -34.854
v -0.401 4.088 -33.991
v -1.957 4.088 -49.966
f 2024 2023 2022 2021
f 2017 2018 2022 2021
f 2018 2019 2023 2022
f 2019 2020 2024 2023
f 2020 2017 2021 2024
v -17.590 0.380 -56.141
v -17.172 0.380 -37.006
v -24.810 0.380 -36.839
v -25.228 0.380 -55.974
v -17.590 4.280 -56.141
v -17.172 4.280 -37.006
v -24.810 4.280 -36.839
v -25.228 4.280 -55.974
f 2032 2031 2030 2029
f 2025 2026 2030 2029
f 2026 2027 2031 2030
f 2027 2028 2032 2031
f 2028 2025 2029 2032
v -23.956 0.356 -36.356
v -17.367 0.356 -36.214
v -17.444 0.356 -32.624
v -24.033 0.356 -32.766
v -23.956 4.256 -36.356
v -17.367 4.256 -36.214
v -17.444 4.256 -32.624
v -24.033 4.256 -32.766
f 2040 2039 2038 2037
f 2033 2034 2038 2037
f 2034 2035 2039 2038
f 2035 2036 2040 2039
f 2036 2033 2037 2040
v -39.301 0.209 -37.707
v -38.275 0.209 -54.877
v -30.179 0.209 -54.393
v -31.205 0.209 -37.223
v -39.301 4.109 -37.707
v -38.275 4.109 -54.877
v -30.179 4.109 -54.393
v -31.205 4.109 -37.223
f 2048 2047 2046 2045
f 2041 2042 2046 2045
f 2042 2043 2047 2046
f 2043 2044 2048 2047
f 2044 2041 2045 2048
v -214.072 1.134 -171.674
v -195.418 1.134 -170.691
v -195.968 1.134 -160.246
v -214.622 1.134 -161.229
v -214.072 5.034 -171.674
v -195.418 5.034 -170.691
v -195.968 5.034 -160.246
v -214.622 5.034 -161.229
f 2056 2055 2054 2053
f 2049 2050 2054 2053
f 2050 2051 2055 2054
f 2051 2052 2056 2055
f 2052 2049 2053 2056
v -214.095 1.074 -185.596
v -195.896 1.074 -185.363
v -196.045 1.074 -173.744
v -214.244 1.074 -173.977
v -214.095 4.974 -185.596
v -195.896 4.974 -185.363
v -196.045 4.974 -173.744
v -214.244 4.974 -173.977
f 2064 2063 2062 2061
f 2057 2058 2062 2061
f 2058 2059 2063 2062
f 2059 2060 2064 2063
f 2060 2057 2061 2064
v -249.243 0.357 -170.726
v -231.745 0.357 -169.853
v -232.177 0.357 -161.174
v -249.675 0.357 -162.047
v -249.243 4.257 -170.726
v -231.745 4.257 -169.853
v -232.177 4.257 -161.174
v -249.675 4.257 -162.047
f 2072 2071 2070 2069
f 2065 2066 2070 2069
f 2066 2067 2071 2070
f 2067 2068 2072 2071
f 2068 2065 2069 2072
v -254.146 0.458 -185.168
v -238.194 0.458 -188.842
v -235.114 0.458 -175.472
v -251.066 0.458 -171.798
v -254.146 4.358 -185.168
v -238.194 4.358 -188.842
v -235.114 4.358 -175.472
v -251.066 4.358 -171.798
f 2080 2079 2078 2077
f 2073 2074 2078 2077
f 2074 2075 2079 2078
f 2075 2076 2080 2079
f 2076 2073 2077 2080
v -240.083 0.465 -208.355
v -230.793 0.465 -193.406
v -244.697 0.465 -184.765
v -253.987 0.465 -199.714
v -240.083 4.365 -208.355
v -230.793 4.365 -193.406
v -244.697 4.365 -184.765
v -253.987 4.365 -199.714
f 2088 2087 2086 2085
f 2081 2082 2086 2085
f 2082 2083 2087 2086
f 2083 2084 2088 2087
f 2084 2081 2085 2088
v -208.223 1.051 -205.152
v -193.021 1.051 -201.151
v -196.317 1.051 -188.628
v -211.519 1.051 -192.629
v -208.223 4.951 -205.152
v -193.021 4.951 -201.151
v -196.317 4.951 -188.628
v -211.519 4.951 -192.629
f 2096 2095 2094 2093
f 2089 2090 2094 2093
f 2090 2091 2095 2094
f 2091 2092 2096 2095
f 2092 2089 2093 2096
v -249.230 0.522 -218.213
v -234.203 0.522 -216.841
v -235.430 0.522 -203.407
v -250.457 0.522 -204.779
v -249.230 4.422 -218.213
v -234.203 4.422 -216.841
v -235.430 4.422 -203.407
v -250.457 4.422 -204.779
f 2104 2103 2102 2101
f 2097 2098 2102 2101
f 2098 2099 2103 2102
f 2099 2100 2104 2103
f 2100 2097 2101 2104
v -251.395 0.396 -231.666
v -232.797 0.396 -235.454
v -229.925 0.396 -221.354
v -248.523 0.396 -217.566
v -251.395 4.296 -231.666
v -232.797 4.296 -235.454
v -229.925 4.296 -221.354
v -248.523 4.296 -217.566
f 2112 2111 2110 2109
f 2105 2106 2110 2109
f 2106 2107 2111 2110
f 2107 2108 2112 2111
f 2108 2105 2109 2112
v -209.616 1.011 -216.799
v -195.550 1.011 -216.458
v -195.784 1.011 -206.761
v -209.850 1.011 -207.102
v -209.616 4.911 -216.799
v -195.550 4.911 -216.458
v -195.784 4.911 -206.761
v -209.850 4.911 -207.102
f 2120 2119 2118 2117
f 2113 2114 2118 2117
f 2114 2115 2119 2118
f 2115 2116 2120 2119
f 2116 2113 2117 2120
v -221.210 0.725 -207.079
v -215.036 0.725 -206.509
v -215.310 0.725 -203.541
v -221.484 0.725 -204.111
v -221.210 4.625 -207.079
v -215.036 4.625 -206.509
v -215.310 4.625 -203.541
v -221.484 4.625 -204.111
f 2128 2127 2126 2125
f 2121 2122 2126 2125
f 2122 2123 2127 2126
f 2123 2124 2128 2127
f 2124 2121 2125 2128
v -227.231 0.297 -207.284
v -223.331 0.297 -207.286
v -223.329 0.297 -203.636
v -227.229 0.297 -203.634
v -227.231 4.197 -207.284
v -223.331 4.197 -207.286
v -223.329 4.197 -203.636
v -227.229 4.197 -203.634
f 2136 2135 2134 2133
f 2129 2130 2134 2133
f 2130 2131 2135 2134
f 2131 2132 2136 2135
f 2132 2129 2133 2136
v -210.524 0.949 -206.402
v -210.322 0.949 -203.469
v -212.816 0.949 -203.298
v -213.018 0.949 -206.231
v -210.524 4.849 -206.402
v -210.322 4.849 -203.469
v -212.816 4.849 -203.298
v -213.018 4.849 -206.231
f 2144 2143 2142 2141
f 2137 2138 2142 2141
f 2138 2139 2143 2142
f 2139 2140 2144 2143
f 2140 2137 2141 2144
v -226.503 0.382 -215.063
v -226.375 0.382 -219.020
v -222.557 0.382 -218.897
v -222.685 0.382 -214.940
v -226.503 4.282 -215.063
v -226.375 4.282 -219.020
v -222.557 4.282 -218.897
v -222.685 4.282 -214.940
f 2152 2151 2150 2149
f 2145 2146 2150 2149
f 2146 2147 2151 2150
f 2147 2148 2152 2151
f 2148 2145 2149 2152
v -204.328 1.198 -237.702
v -190.809 1.198 -226.527
v -200.652 1.198 -214.618
v -214.171 1.198 -225.793
v -204.328 5.098 -237.702
v -190.809 5.098 -226.527
v -200.652 5.098 -214.618
v -214.171 5.098 -225.793
f 2160 2159 2158 2157
f 2153 2154 2158 2157
f 2154 2155 2159 2158
f 2155 2156 2160 2159
f 2156 2153 2157 2160
v -211.256 1.119 -244.982
v -195.712 1.119 -247.975
v -193.264 1.119 -235.258
v -208.808 1.119 -232.265
v -211.256 5.019 -244.982
v -195.712 5.019 -247.975
v -193.264 5.019 -235.258
v -208.808 5.019 -232.265
f 2168 2167 2166 2165
f 2161 2162 2166 2165
f 2162 2163 2167 2166
f 2163 2164 2168 2167
f 2164 2161 2165 2168
v -139.437 0.192 -55.294
v -139.353 0.192 -39.705
v -146.543 0.192 -39.666
v -146.627 0.192 -55.255
v -139.437 4.092 -55.294
v -139.353 4.092 -39.705
v -146.543 4.092 -39.666
v -146.627 4.092 -55.255
f 2176 2175 2174 2173
f 2169 2170 2174 2173
f 2170 2171 2175 2174
f 2171 2172 2176 2175
f 2172 2169 2173 2176
v -130.676 0.289 -54.927
v -129.829 0.289 -36.907
v -133.944 0.289 -36.713
v -134.791 0.289 -54.733
v -130.676 4.189 -54.927
v -129.829 4.189 -36.907
v -133.944 4.189 -36.713
v -134.791 4.189 -54.733
f 2184 2183 2182 2181
f 2177 2178 2182 2181
f 2178 2179 2183 2182
f 2179 2180 2184 2183
f 2180 2177 2181 2184
v -116.292 0.232 -54.691
v -114.337 0.232 -36.506
v -122.868 0.232 -35.589
v -124.823 0.232 -53.774
v -116.292 4.132 -54.691
v -114.337 4.132 -36.506
v -122.868 4.132 -35.589
v -124.823 4.132 -53.774
f 2192 2191 2190 2189
f 2185 2186 2190 2189
f 2186 2187 2191 2190
f 2187 2188 2192 2191
f 2188 2185 2189 2192
v -148.084 0.335 -37.064
v -143.518 0.335 -36.873
v -143.696 0.335 -32.636
v -148.262 0.335 -32.827
v -148.084 4.235 -37.064
v -143.518 4.235 -36.873
v -143.696 4.235 -32.636
v -148.262 4.235 -32.827
f 2200 2199 2198 2197
f 2193 2194 2198 2197
f 2194 2195 2199 2198
f 2195 2196 2200 2199
f 2196 2193 2197 2200
v -129.736 0.380 -35.456
v -125.220 0.380 -37.761
v -122.924 0.380 -33.264
v -127.440 0.380 -30.959
v -129.736 4.280 -35.456
v -125.220 4.280 -37.761
v -122.924 4.280 -33.264
v -127.440 4.280 -30.959
f 2208 2207 2206 2205
f 2201 2202 2206 2205
f 2202 2203 2207 2206
f 2203 2204 2208 2207
f 2204 2201 2205 2208
v -116.476 0.211 -35.755
v -112.666 0.211 -35.705
v -112.704 0.211 -32.825
v -116.514 0.211 -32.875
v -116.476 4.111 -35.755
v -112.666 4.111 -35.705
v -112.704 4.111 -32.825
v -116.514 4.111 -32.875
f 2216 2215 2214 2213
f 2209 2210 2214 2213
f 2210 2211 2215 2214
f 2211 2212 2216 2215
f 2212 2209 2213 2216
v -74.335 0.206 -33.977
v -74.054 0.206 -56.156
v -69.885 0.206 -56.103
v -70.166 0.206 -33.924
v -74.335 4.106 -33.977
v -74.054 4.106 -56.156
v -69.885 4.106 -56.103
v -70.166 4.106 -33.924
f 2224 2223 2222 2221
f 2217 2218 2222 2221
f 2218 2219 2223 2222
f 2219 2220 2224 2223
f 2220 2217 2221 2224
v -63.472 0.109 -33.029
v -63.087 0.109 -54.325
v -56.788 0.109 -54.211
v -57.173 0.109 -32.915
v -63.472 4.009 -33.029
v -63.087 4.009 -54.325
v -56.788 4.009 -54.211
v -57.173 4.009 -32.915
f 2232 2231 2230 2229
f 2225 2226 2230 2229
f 2226 2227 2231 2230
f 2227 2228 2232 2231
f 2228 2225 2229 2232
v -51.130 0.334 -37.111
v -40.171 0.334 -36.919
v -40.230 0.334 -33.549
v -51.189 0.334 -33.741
v -51.130 4.234 -37.111
v -40.171 4.234 -36.919
v -40.230 4.234 -33.549
v -51.189 4.234 -33.741
f 2240 2239 2238 2237
f 2233 2234 2238 2237
f 2234 2235 2239 2238
f 2235 2236 2240 2239
f 2236 2233 2237 2240
v -28.922 0.265 -27.453
v -28.069 0.265 -12.587
v -35.038 0.265 -12.187
v -35.891 0.265 -27.053
v -28.922 4.165 -27.453
v -28.069 4.165 -12.587
v -35.038 4.165 -12.187
v -35.891 4.165 -27.053
f 2248 2247 2246 2245
f 2241 2242 2246 2245
f 2242 2243 2247 2246
f 2243 2244 2248 2247
f 2244 2241 2245 2248
v -58.775 0.166 -9.365
v -58.545 0.166 -27.613
v -52.345 0.166 -27.535
v -52.575 0.166 -9.287
v -58.775 4.066 -9.365
v -58.545 4.066 -27.613
v -52.345 4.066 -27.535
v -52.575 4.066 -9.287
f 2256 2255 2254 2253
f 2249 2250 2254 2253
f 2250 2251 2255 2254
f 2251 2252 2256 2255
f 2252 2249 2253 2256
v -76.529 0.132 -28.116
v -75.866 0.132 -9.958
v -83.931 0.132 -9.664
v -84.594 0.132 -27.822
v -76.529 4.032 -28.116
v -75.866 4.032 -9.958
v -83.931 4.032 -9.664
v -84.594 4.032 -27.822
f 2264 2263 2262 2261
f 2257 2258 2262 2261
f 2258 2259 2263 2262
f 2259 2260 2264 2263
f 2260 2257 2261 2264
v -97.301 0.292 -9.846
v -95.734 0.292 -27.949
v -88.859 0.292 -27.354
v -90.426 0.292 -9.251
v -97.301 4.192 -9.846
v -95.734 4.192 -27.949
v -88.859 4.192 -27.354
v -90.426 4.192 -9.251
f 2272 2271 2270 2269
f 2265 2266 2270 2269
f 2266 2267 2271 2270
f 2267 2268 2272 2271
f 2268 2265 2269 2272
v -106.848 0.250 -10.068
v -104.952 0.250 -32.137
v -99.312 0.250 -31.652
v -101.208 0.250 -9.583
v -106.848 4.150 -10.068
v -104.952 4.150 -32.137
v -99.312 4.150 -31.652
v -101.208 4.150 -9.583
f 2280 2279 2278 2277
f 2273 2274 2278 2277
f 2274 2275 2279 2278
f 2275 2276 2280 2279
f 2276 2273 2277 2280
v -111.568 0.539 -24.613
v -111.310 0.539 -31.738
v -107.712 0.539 -31.607
v -107.970 0.539 -24.482
v -111.568 4.439 -24.613
v -111.310 4.439 -31.738
v -107.712 4.439 -31.607
v -107.970 4.439 -24.482
f 2288 2287 2286 2285
f 2281 2282 2286 2285
f 2282 2283 2287 2286
f 2283 2284 2288 2287
f 2284 2281 2285 2288
v -118.202 0.398 -12.060
v -118.158 0.398 -29.270
v -114.318 0.398 -29.260
v -114.362 0.398 -12.050
v -118.202 4.298 -12.060
v -118.158 4.298 -29.270
v -114.318 4.298 -29.260
v -114.362 4.298 -12.050
f 2296 2295 2294 2293
f 2289 2290 2294 2293
f 2290 2291 2295 2294
f 2291 2292 2296 2295
f 2292 2289 2293 2296
v -125.298 0.428 -31.058
v -124.598 0.428 -10.480
v -133.382 0.428 -10.182
v -134.082 0.428 -30.760
v -125.298 4.328 -31.058
v -124.598 4.328 -10.480
v -133.382 4.328 -10.182
v -134.082 4.328 -30.760
f 2304 2303 2302 2301
f 2297 2298 2302 2301
f 2298 2299 2303 2302
f 2299 2300 2304 2303
f 2300 2297 2301 2304
v -137.983 0.291 -27.392
v -136.476 0.291 -13.040
v -143.637 0.291 -12.288
v -145.144 0.291 -26.640
v -137.983 4.191 -27.392
v -136.476 4.191 -13.040
v -143.637 4.191 -12.288
v -145.144 4.191 -26.640
f 2312 2311 2310 2309
f 2305 2306 2310 2309
f 2306 2307 2311 2310
f 2307 2308 2312 2311
f 2308 2305 2309 2312
v -134.402 0.262 -25.416
v -134.123 0.262 -21.065
v -136.618 0.262 -20.904
v -136.897 0.262 -25.255
v -134.402 4.162 -25.416
v -134.123 4.162 -21.065
v -136.618 4.162 -20.904
v -136.897 4.162 -25.255
f 2320 2319 2318 2317
f 2313 2314 2318 2317
f 2314 2315 2319 2318
f 2315 2316 2320 2319
f 2316 2313 2317 2320
v -158.651 0.357 -9.874
v -157.798 0.357 -27.733
v -148.029 0.357 -27.266
v -148.882 0.357 -9.407
v -158.651 4.257 -9.874
v -157.798 4.257 -27.733
v -148.029 4.257 -27.266
v -148.882 4.257 -9.407
f 2328 2327 2326 2325
f 2321 2322 2326 2325
f 2322 2323 2327 2326
f 2323 2324 2328 2327
f 2324 2321 2325 2328
v -161.146 0.419 -29.886
v -158.328 0.419 -11.511
v -171.474 0.419 -9.494
v -174.292 0.419 -27.869
v -161.146 4.319 -29.886
v -158.328 4.319 -11.511
v -171.474 4.319 -9.494
v -174.292 4.319 -27.869
f 2336 2335 2334 2333
f 2329 2330 2334 2333
f 2330 2331 2335 2334
f 2331 2332 2336 2335
f 2332 2329 2333 2336
v 117.569 0.388 27.175
v 119.805 0.388 10.181
v 128.351 0.388 11.305
v 126.115 0.388 28.299
v 117.569 4.288 27.175
v 119.805 4.288 10.181
v 128.351 4.288 11.305
v 126.115 4.288 28.299
f 2344 2343 2342 2341
f 2337 2338 2342 2341
f 2338 2339 2343 2342
f 2339 2340 2344 2343
f 2340 2337 2341 2344
v 110.418 0.327 7.445
v 110.642 0.327 27.353
v 106.922 0.327 27.395
v 106.698 0.327 7.487
v 110.418 4.227 7.445
v 110.642 4.227 27.353
v 106.922 4.227 27.395
v 106.698 4.227 7.487
f 2352 2351 2350 2349
f 2345 2346 2350 2349
f 2346 2347 2351 2350
f 2347 2348 2352 2351
f 2348 2345 2349 2352
v 96.582 0.163 26.388
v 96.668 0.163 11.968
v 100.778 0.163 11.992
v 100.692 0.163 26.412
v 96.582 4.063 26.388
v 96.668 4.063 11.968
v 100.778 4.063 11.992
v 100.692 4.063 26.412
f 2360 2359 2358 2357
f 2353 2354 2358 2357
f 2354 2355 2359 2358
f 2355 2356 2360 2359
f 2356 2353 2357 2360
v 121.029 0.316 54.734
v 121.866 0.316 35.922
v 126.891 0.316 36.146
v 126.054 0.316 54.958
v 121.029 4.216 54.734
v 121.866 4.216 35.922
v 126.891 4.216 36.146
v 126.054 4.216 54.958
f 2368 2367 2366 2365
f 2361 2362 2366 2365
f 2362 2363 2367 2366
f 2363 2364 2368 2367
f 2364 2361 2365 2368
v 104.096 0.225 38.091
v 104.154 0.225 54.801
v 96.124 0.225 54.829
v 96.066 0.225 38.119
v 104.096 4.125 38.091
v 104.154 4.125 54.801
v 96.124 4.125 54.829
v 96.066 4.125 38.119
f 2376 2375 2374 2373
f 2369 2370 2374 2373
f 2370 2371 2375 2374
f 2371 2372 2376 2375
f 2372 2369 2373 2376
v 82.980 0.108 53.105
v 83.301 0.108 35.238
v 92.020 0.108 35.395
v 91.699 0.108 53.262
v 82.980 4.008 53.105
v 83.301 4.008 35.238
v 92.020 4.008 35.395
v 91.699 4.008 53.262
f 2384 2383 2382 2381
f 2377 2378 2382 2381
f 2378 2379 2383 2382
f 2379 2380 2384 2383
f 2380 2377 2381 2384
v 72.398 0.162 28.593
v 80.995 0.162 28.368
v 81.082 0.162 31.687
v 72.485 0.162 31.912
v 72.398 4.062 28.593
v 80.995 4.062 28.368
v 81.082 4.062 31.687
v 72.485 4.062 31.912
f 2392 2391 2390 2389
f 2385 2386 2390 2389
f 2386 2387 2391 2390
f 2387 2388 2392 2391
f 2388 2385 2389 2392
v 67.372 0.270 25.917
v 71.603 0.270 31.085
v 67.208 0.270 34.683
v 62.977 0.270 29.515
v 67.372 4.170 25.917
v 71.603 4.170 31.085
v 67.208 4.170 34.683
v 62.977 4.170 29.515
f 2400 2399 2398 2397
f 2393 2394 2398 2397
f 2394 2395 2399 2398
f 2395 2396 2400 2399
f 2396 2393 2397 2400
v 67.193 0.144 37.757
v 67.267 0.144 51.527
v 60.547 0.144 51.563
v 60.473 0.144 37.793
v 67.193 4.044 37.757
v 67.267 4.044 51.527
v 60.547 4.044 51.563
v 60.473 4.044 37.793
f 2408 2407 2406 2405
f 2401 2402 2406 2405
f 2402 2403 2407 2406
f 2403 2404 2408 2407
f 2404 2401 2405 2408
v 62.799 0.150 32.665
v 65.949 0.150 32.675
v 65.941 0.150 35.175
v 62.791 0.150 35.165
v 62.799 4.050 32.665
v 65.949 4.050 32.675
v 65.941 4.050 35.175
v 62.791 4.050 35.165
f 2416 2415 2414 2413
f 2409 2410 2414 2413
f 2410 2411 2415 2414
f 2411 2412 2416 2415
f 2412 2409 2413 2416
v 51.686 0.097 55.490
v 51.734 0.097 37.940
v 55.774 0.097 37.950
v 55.726 0.097 55.500
v 51.686 3.997 55.490
v 51.734 3.997 37.940
v 55.774 3.997 37.950
v 55.726 3.997 55.500
f 2424 2423 2422 2421
f 2417 2418 2422 2421
f 2418 2419 2423 2422
f 2419 2420 2424 2423
f 2420 2417 2421 2424
v 45.028 0.216 29.646
v 49.876 0.216 29.187
v 50.172 0.216 32.314
v 45.324 0.216 32.773
v 45.028 4.116 29.646
v 49.876 4.116 29.187
v 50.172 4.116 32.314
v 45.324 4.116 32.773
f 2432 2431 2430 2429
f 2425 2426 2430 2429
f 2426 2427 2431 2430
f 2427 2428 2432 2431
f 2428 2425 2429 2432
v 31.901 0.164 51.327
v 32.967 0.164 36.035
v 44.699 0.164 36.853
v 43.633 0.164 52.145
v 31.901 4.064 51.327
v 32.967 4.064 36.035
v 44.699 4.064 36.853
v 43.633 4.064 52.145
f 2440 2439 2438 2437
f 2433 2434 2438 2437
f 2434 2435 2439 2438
f 2435 2436 2440 2439
f 2436 2433 2437 2440
v 41.625 0.170 32.330
v 45.378 0.170 32.566
v 45.195 0.170 35.490
v 41.442 0.170 35.254
v 41.625 4.070 32.330
v 45.378 4.070 32.566
v 45.195 4.070 35.490
v 41.442 4.070 35.254
f 2448 2447 2446 2445
f 2441 2442 2446 2445
f 2442 2443 2447 2446
f 2443 2444 2448 2447
f 2444 2441 2445 2448
v 31.748 0.232 37.799
v 32.219 0.232 56.283
v 25.272 0.232 56.461
v 24.801 0.232 37.977
v 31.748 4.132 37.799
v 32.219 4.132 56.283
v 25.272 4.132 56.461
v 24.801 4.132 37.977
f 2456 2455 2454 2453
f 2449 2450 2454 2453
f 2450 2451 2455 2454
f 2451 2452 2456 2455
f 2452 2449 2453 2456
v 27.608 0.223 33.926
v 31.944 0.223 34.107
v 31.812 0.223 37.254
v 27.476 0.223 37.073
v 27.608 4.123 33.926
v 31.944 4.123 34.107
v 31.812 4.123 37.254
v 27.476 4.123 37.073
f 2464 2463 2462 2461
f 2457 2458 2462 2461
f 2458 2459 2463 2462
f 2459 2460 2464 2463
f 2460 2457 2461 2464
v 20.123 0.284 37.155
v 20.366 0.284 54.513
v 12.317 0.284 54.625
v 12.074 0.284 37.267
v 20.123 4.184 37.155
v 20.366 4.184 54.513
v 12.317 4.184 54.625
v 12.074 4.184 37.267
f 2472 2471 2470 2469
f 2465 2466 2470 2469
f 2466 2467 2471 2470
f 2467 2468 2472 2471
f 2468 2465 2469 2472
v 57.037 0.154 7.757
v 57.103 0.154 19.927
v 54.003 0.154 19.943
v 53.937 0.154 7.773
v 57.037 4.054 7.757
v 57.103 4.054 19.927
v 54.003 4.054 19.943
v 53.937 4.054 7.773
f 2480 2479 2478 2477
f 2473 2474 2478 2477
f 2474 2475 2479 2478
f 2475 2476 2480 2479
f 2476 2473 2477 2480
v 47.662 0.161 28.683
v 48.219 0.161 8.651
v 52.738 0.161 8.777
v 52.181 0.161 28.809
v 47.662 4.061 28.683
v 48.219 4.061 8.651
v 52.738 4.061 8.777
v 52.181 4.061 28.809
f 2488 2487 2486 2485
f 2481 2482 2486 2485
f 2482 2483 2487 2486
f 2483 2484 2488 2487
f 2484 2481 2485 2488
v 42.173 0.231 4.854
v 42.307 0.231 29.513
v 32.667 0.231 29.566
v 32.533 0.231 4.907
v 42.173 4.131 4.854
v 42.307 4.131 29.513
v 32.667 4.131 29.566
v 32.533 4.131 4.907
f 2496 2495 2494 2493
f 2489 2490 2494 2493
f 2490 2491 2495 2494
f 2491 2492 2496 2495
f 2492 2489 2493 2496
v -1.453 0.179 25.082
v -1.327 0.179 11.942
v 6.553 0.179 12.018
v 6.427 0.179 25.158
v -1.453 4.079 25.082
v -1.327 4.079 11.942
v 6.553 4.079 12.018
v 6.427 4.079 25.158
f 2504 2503 2502 2501
f 2497 2498 2502 2501
f 2498 2499 2503 2502
f 2499 2500 2504 2503
f 2500 2497 2501 2504
v -18.249 0.141 31.428
v -14.536 0.141 6.877
v -2.671 0.141 8.672
v -6.384 0.141 33.223
v -18.249 4.041 31.428
v -14.536 4.041 6.877
v -2.671 4.041 8.672
v -6.384 4.041 33.223
f 2512 2511 2510 2509
f 2505 2506 2510 2509
f 2506 2507 2511 2510
f 2507 2508 2512 2511
f 2508 2505 2509 2512
v -15.494 0.038 25.017
v -15.397 0.038 28.725
v -18.386 0.038 28.803
v -18.483 0.038 25.095
v -15.494 3.938 25.017
v -15.397 3.938 28.725
v -18.386 3.938 28.803
v -18.483 3.938 25.095
f 2520 2519 2518 2517
f 2513 2514 2518 2517
f 2514 2515 2519 2518
f 2515 2516 2520 2519
f 2516 2513 2517 2520
v -19.261 0.134 9.879
v -18.476 0.134 27.762
v -26.199 0.134 28.101
v -26.984 0.134 10.218
v -19.261 4.034 9.879
v -18.476 4.034 27.762
v -26.199 4.034 28.101
v -26.984 4.034 10.218
f 2528 2527 2526 2525
f 2521 2522 2526 2525
f 2522 2523 2527 2526
f 2523 2524 2528 2527
f 2524 2521 2525 2528
v -28.053 0.245 12.986
v -27.828 0.245 19.732
v -30.887 0.245 19.834
v -31.112 0.245 13.088
v -28.053 4.145 12.986
v -27.828 4.145 19.732
v -30.887 4.145 19.834
v -31.112 4.145 13.088
f 2536 2535 2534 2533
f 2529 2530 2534 2533
f 2530 2531 2535 2534
f 2531 2532 2536 2535
f 2532 2529 2533 2536
v -31.988 0.196 8.410
v -31.296 0.196 29.239
v -38.832 0.196 29.490
v -39.524 0.196 8.661
v -31.988 4.096 8.410
v -31.296 4.096 29.239
v -38.832 4.096 29.490
v -39.524 4.096 8.661
f 2544 2543 2542 2541
f 2537 2538 2542 2541
f 2538 2539 2543 2542
f 2539 2540 2544 2543
f 2540 2537 2541 2544
v -39.107 -0.007 29.657
v -32.752 -0.007 29.905
v -32.873 -0.007 33.023
v -39.228 -0.007 32.775
v -39.107 3.893 29.657
v -32.752 3.893 29.905
v -32.873 3.893 33.023
v -39.228 3.893 32.775
f 2552 2551 2550 2549
f 2545 2546 2550 2549
f 2546 2547 2551 2550
f 2547 2548 2552 2551
f 2548 2545 2549 2552
v -31.894 0.121 29.071
v -28.046 0.121 29.191
v -28.146 0.121 32.389
v -31.994 0.121 32.269
v -31.894 4.021 29.071
v -28.046 4.021 29.191
v -28.146 4.021 32.389
v -31.994 4.021 32.269
f 2560 2559 2558 2557
f 2553 2554 2558 2557
f 2554 2555 2559 2558
f 2555 2556 2560 2559
f 2556 2553 2557 2560
v -12.587 0.132 51.380
v -12.261 0.132 36.514
v -4.713 0.132 36.680
v -5.039 0.132 51.546
v -12.587 4.032 51.380
v -12.261 4.032 36.514
v -4.713 4.032 36.680
v -5.039 4.032 51.546
f 2568 2567 2566 2565
f 2561 2562 2566 2565
f 2562 2563 2567 2566
f 2563 2564 2568 2567
f 2564 2561 2565 2568
v -26.188 0.300 55.915
v -24.403 0.300 36.416
v -15.132 0.300 37.265
v -16.917 0.300 56.764
v -26.188 4.200 55.915
v -24.403 4.200 36.416
v -15.132 4.200 37.265
v -16.917 4.200 56.764
f 2576 2575 2574 2573
f 2569 2570 2574 2573
f 2570 2571 2575 2574
f 2571 2572 2576 2575
f 2572 2569 2573 2576
v -37.402 0.058 53.532
v -36.936 0.058 36.338
v -29.198 0.058 36.548
v -29.664 0.058 53.742
v -37.402 3.958 53.532
v -36.936 3.958 36.338
v -29.198 3.958 36.548
v -29.664 3.958 53.742
f 2584 2583 2582 2581
f 2577 2578 2582 2581
f 2578 2579 2583 2582
f 2579 2580 2584 2583
f 2580 2577 2581 2584
v -47.573 0.139 53.125
v -47.497 0.139 34.765
v -40.387 0.139 34.795
v -40.463 0.139 53.155
v -47.573 4.039 53.125
v -47.497 4.039 34.765
v -40.387 4.039 34.795
v -40.463 4.039 53.155
f 2592 2591 2590 2589
f 2585 2586 2590 2589
f 2586 2587 2591 2590
f 2587 2588 2592 2591
f 2588 2585 2589 2592
v -58.237 0.196 33.099
v -51.743 0.196 32.824
v -51.603 0.196 36.141
v -58.097 0.196 36.416
v -58.237 4.096 33.099
v -51.743 4.096 32.824
v -51.603 4.096 36.141
v -58.097 4.096 36.416
f 2600 2599 2598 2597
f 2593 2594 2598 2597
f 2594 2595 2599 2598
f 2595 2596 2600 2599
f 2596 2593 2597 2600
v -62.053 0.224 54.070
v -61.966 0.224 37.281
v -52.487 0.224 37.330
v -52.574 0.224 54.119
v -62.053 4.124 54.070
v -61.966 4.124 37.281
v -52.487 4.124 37.330
v -52.574 4.124 54.119
f 2608 2607 2606 2605
f 2601 2602 2606 2605
f 2602 2603 2607 2606
f 2603 2604 2608 2607
f 2604 2601 2605 2608
v -41.628 0.189 13.051
v -41.522 0.189 28.951
v -50.152 0.189 29.009
v -50.258 0.189 13.109
v -41.628 4.089 13.051
v -41.522 4.089 28.951
v -50.152 4.089 29.009
v -50.258 4.089 13.109
f 2616 2615 2614 2613
f 2609 2610 2614 2613
f 2610 2611 2615 2614
f 2611 2612 2616 2615
f 2612 2609 2613 2616
v -69.866 0.389 55.202
v -69.191 0.389 39.287
v -65.154 0.389 39.458
v -65.829 0.389 55.373
v -69.866 4.289 55.202
v -69.191 4.289 39.287
v -65.154 4.289 39.458
v -65.829 4.289 55.373
f 2624 2623 2622 2621
f 2617 2618 2622 2621
f 2618 2619 2623 2622
f 2619 2620 2624 2623
f 2620 2617 2621 2624
v -77.507 0.139 34.433
v -75.627 0.139 53.631
v -82.733 0.139 54.327
v -84.613 0.139 35.129
v -77.507 4.039 34.433
v -75.627 4.039 53.631
v -82.733 4.039 54.327
v -84.613 4.039 35.129
f 2632 2631 2630 2629
f 2625 2626 2630 2629
f 2626 2627 2631 2630
f 2627 2628 2632 2631
f 2628 2625 2629 2632
v -90.913 0.372 33.978
v -86.251 0.372 51.767
v -95.847 0.372 54.282
v -100.509 0.372 36.493
v -90.913 4.272 33.978
v -86.251 4.272 51.767
v -95.847 4.272 54.282
v -100.509 4.272 36.493
f 2640 2639 2638 2637
f 2633 2634 2638 2637
f 2634 2635 2639 2638
f 2635 2636 2640 2639
f 2636 2633 2637 2640
v -93.818 0.268 53.346
v -88.989 0.268 53.404
v -89.042 0.268 57.774
v -93.871 0.268 57.716
v -93.818 4.168 53.346
v -88.989 4.168 53.404
v -89.042 4.168 57.774
v -93.871 4.168 57.716
f 2648 2647 2646 2645
f 2641 2642 2646 2645
f 2642 2643 2647 2646
f 2643 2644 2648 2647
f 2644 2641 2645 2648
v -111.719 0.232 50.229
v -109.122 0.232 33.813
v -99.521 0.232 35.331
v -102.118 0.232 51.747
v -111.719 4.132 50.229
v -109.122 4.132 33.813
v -99.521 4.132 35.331
v -102.118 4.132 51.747
f 2656 2655 2654 2653
f 2649 2650 2654 2653
f 2650 2651 2655 2654
f 2651 2652 2656 2655
f 2652 2649 2653 2656
v -99.445 0.274 30.808
v -99.024 0.274 7.232
v -92.255 0.274 7.352
v -92.676 0.274 30.928
v -99.445 4.174 30.808
v -99.024 4.174 7.232
v -92.255 4.174 7.352
v -92.676 4.174 30.928
f 2664 2663 2662 2661
f 2657 2658 2662 2661
f 2658 2659 2663 2662
f 2659 2660 2664 2663
f 2660 2657 2661 2664
v -110.783 0.296 31.635
v -110.587 0.296 11.166
v -104.437 0.296 11.225
v -104.633 0.296 31.694
v -110.783 4.196 31.635
v -110.587 4.196 11.166
v -104.437 4.196 11.225
v -104.633 4.196 31.694
f 2672 2671 2670 2669
f 2665 2666 2670 2669
f 2666 2667 2671 2670
f 2667 2668 2672 2671
f 2668 2665 2669 2672
v -103.193 0.281 32.653
v -103.166 0.281 29.183
v -100.127 0.281 29.207
v -100.154 0.281 32.677
v -103.193 4.181 32.653
v -103.166 4.181 29.183
v -100.127 4.181 29.207
v -100.154 4.181 32.677
f 2680 2679 2678 2677
f 2673 2674 2678 2677
f 2674 2675 2679 2678
f 2675 2676 2680 2679
f 2676 2673 2677 2680
v -119.486 0.451 55.689
v -119.204 0.451 34.611
v -114.654 0.451 34.671
v -114.936 0.451 55.749
v -119.486 4.351 55.689
v -119.204 4.351 34.611
v -114.654 4.351 34.671
v -114.936 4.351 55.749
f 2688 2687 2686 2685
f 2681 2682 2686 2685
f 2682 2683 2687 2686
f 2683 2684 2688 2687
f 2684 2681 2685 2688
v -125.715 0.369 33.859
v -125.158 0.369 54.561
v -133.345 0.369 54.781
v -133.902 0.369 34.079
v -125.715 4.269 33.859
v -125.158 4.269 54.561
v -133.345 4.269 54.781
v -133.902 4.269 34.079
f 2696 2695 2694 2693
f 2689 2690 2694 2693
f 2690 2691 2695 2694
f 2691 2692 2696 2695
f 2692 2689 2693 2696
v -137.736 0.253 32.404
v -136.821 0.253 55.286
v -145.064 0.253 55.616
v -145.979 0.253 32.734
v -137.736 4.153 32.404
v -136.821 4.153 55.286
v -145.064 4.153 55.616
v -145.979 4.153 32.734
f 2704 2703 2702 2701
f 2697 2698 2702 2701
f 2698 2699 2703 2702
f 2699 2700 2704 2703
f 2700 2697 2701 2704
v -141.473 0.484 31.467
v -134.739 0.484 3.815
v -120.787 0.484 7.213
v -127.521 0.484 34.865
v -141.473 4.384 31.467
v -134.739 4.384 3.815
v -120.787 4.384 7.213
v -127.521 4.384 34.865
f 2712 2711 2710 2709
f 2705 2706 2710 2709
f 2706 2707 2711 2710
f 2707 2708 2712 2711
f 2708 2705 2709 2712
v -147.653 0.363 28.138
v -147.647 0.363 10.518
v -137.747 0.363 10.522
v -137.753 0.363 28.142
v -147.653 4.263 28.138
v -147.647 4.263 10.518
v -137.747 4.263 10.522
v -137.753 4.263 28.142
f 2720 2719 2718 2717
f 2713 2714 2718 2717
f 2714 2715 2719 2718
f 2715 2716 2720 2719
f 2716 2713 2717 2720
v -139.802 0.313 31.943
v -139.757 0.313 28.603
v -137.258 0.313 28.637
v -137.303 0.313 31.977
v -139.802 4.213 31.943
v -139.757 4.213 28.603
v -137.258 4.213 28.637
v -137.303 4.213 31.977
f 2728 2727 2726 2725
f 2721 2722 2726 2725
f 2722 2723 2727 2726
f 2723 2724 2728 2727
f 2724 2721 2725 2728
v -134.174 0.388 33.063
v -131.394 0.388 33.077
v -131.406 0.388 35.577
v -134.186 0.388 35.563
v -134.174 4.288 33.063
v -131.394 4.288 33.077
v -131.406 4.288 35.577
v -134.186 4.288 35.563
f 2736 2735 2734 2733
f 2729 2730 2734 2733
f 2730 2731 2735 2734
f 2731 2732 2736 2735
f 2732 2729 2733 2736
v -162.716 0.234 31.020
v -155.275 0.234 55.170
v -168.224 0.234 59.160
v -175.665 0.234 35.010
v -162.716 4.134 31.020
v -155.275 4.134 55.170
v -168.224 4.134 59.160
v -175.665 4.134 35.010
f 2744 2743 2742 2741
f 2737 2738 2742 2741
f 2738 2739 2743 2742
f 2739 2740 2744 2743
f 2740 2737 2741 2744
v -159.837 0.417 26.252
v -159.600 0.417 15.635
v -150.943 0.417 15.828
v -151.180 0.417 26.445
v -159.837 4.317 26.252
v -159.600 4.317 15.635
v -150.943 4.317 15.828
v -151.180 4.317 26.445
f 2752 2751 2750 2749
f 2745 2746 2750 2749
f 2746 2747 2751 2750
f 2747 2748 2752 2751
f 2748 2745 2749 2752
v -146.224 0.402 91.359
v -145.924 0.402 75.312
v -136.876 0.402 75.481
v -137.176 0.402 91.528
v -146.224 4.302 91.359
v -145.924 4.302 75.312
v -136.876 4.302 75.481
v -137.176 4.302 91.528
f 2760 2759 2758 2757
f 2753 2754 2758 2757
f 2754 2755 2759 2758
f 2755 2756 2760 2759
f 2756 2753 2757 2760
v -134.464 0.245 93.701
v -132.667 0.245 76.102
v -123.296 0.245 77.059
v -125.093 0.245 94.658
v -134.464 4.145 93.701
v -132.667 4.145 76.102
v -123.296 4.145 77.059
v -125.093 4.145 94.658
f 2768 2767 2766 2765
f 2761 2762 2766 2765
f 2762 2763 2767 2766
f 2763 2764 2768 2767
f 2764 2761 2765 2768
v -112.183 0.238 78.721
v -111.001 0.238 96.532
v -122.257 0.238 97.279
v -123.439 0.238 79.468
v -112.183 4.138 78.721
v -111.001 4.138 96.532
v -122.257 4.138 97.279
v -123.439 4.138 79.468
f 2776 2775 2774 2773
f 2769 2770 2774 2773
f 2770 2771 2775 2774
f 2771 2772 2776 2775
f 2772 2769 2773 2776
v -109.995 0.292 90.039
v -109.581 0.292 76.645
v -101.945 0.292 76.881
v -102.359 0.292 90.275
v -109.995 4.192 90.039
v -109.581 4.192 76.645
v -101.945 4.192 76.881
v -102.359 4.192 90.275
f 2784 2783 2782 2781
f 2777 2778 2782 2781
f 2778 2779 2783 2782
f 2779 2780 2784 2783
f 2780 2777 2781 2784
v -101.941 0.161 93.972
v -97.047 0.161 74.436
v -87.579 0.161 76.808
v -92.473 0.161 96.344
v -101.941 4.061 93.972
v -97.047 4.061 74.436
v -87.579 4.061 76.808
v -92.473 4.061 96.344
f 2792 2791 2790 2789
f 2785 2786 2790 2789
f 2786 2787 2791 2790
f 2787 2788 2792 2791
f 2788 2785 2789 2792
v -76.276 0.236 72.617
v -75.906 0.236 93.163
v -85.924 0.236 93.343
v -86.294 0.236 72.797
v -76.276 4.136 72.617
v -75.906 4.136 93.163
v -85.924 4.136 93.343
v -86.294 4.136 72.797
f 2800 2799 2798 2797
f 2793 2794 2798 2797
f 2794 2795 2799 2798
f 2795 2796 2800 2799
f 2796 2793 2797 2800
v -84.768 0.143 94.344
v -81.294 0.143 94.671
v -81.612 0.143 98.056
v -85.086 0.143 97.729
v -84.768 4.043 94.344
v -81.294 4.043 94.671
v -81.612 4.043 98.056
v -85.086 4.043 97.729
f 2808 2807 2806 2805
f 2801 2802 2806 2805
f 2802 2803 2807 2806
f 2803 2804 2808 2807
f 2804 2801 2805 2808
v -73.355 0.172 93.444
v -72.333 0.172 74.201
v -63.785 0.172 74.656
v -64.807 0.172 93.899
v -73.355 4.072 93.444
v -72.333 4.072 74.201
v -63.785 4.072 74.656
v -64.807 4.072 93.899
f 2816 2815 2814 2813
f 2809 2810 2814 2813
f 2810 2811 2815 2814
f 2811 2812 2816 2815
f 2812 2809 2813 2816
v -67.484 0.386 77.021
v -67.242 0.386 71.467
v -63.296 0.386 71.639
v -63.538 0.386 77.193
v -67.484 4.286 77.021
v -67.242 4.286 71.467
v -63.296 4.286 71.639
v -63.538 4.286 77.193
f 2824 2823 2822 2821
f 2817 2818 2822 2821
f 2818 2819 2823 2822
f 2819 2820 2824 2823
f 2820 2817 2821 2824
v -72.683 0.292 94.979
v -72.618 0.292 98.109
v -75.117 0.292 98.161
v -75.182 0.292 95.031
v -72.683 4.192 94.979
v -72.618 4.192 98.109
v -75.117 4.192 98.161
v -75.182 4.192 95.031
f 2832 2831 2830 2829
f 2825 2826 2830 2829
f 2826 2827 2831 2830
f 2827 2828 2832 2831
f 2828 2825 2829 2832
v -63.061 0.252 89.357
v -62.235 0.252 74.701
v -53.679 0.252 75.183
v -54.505 0.252 89.839
v -63.061 4.152 89.357
v -62.235 4.152 74.701
v -53.679 4.152 75.183
v -54.505 4.152 89.839
f 2840 2839 2838 2837
f 2833 2834 2838 2837
f 2834 2835 2839 2838
f 2835 2836 2840 2839
f 2836 2833 2837 2840
v -59.959 0.335 92.532
v -52.839 0.335 92.905
v -53.081 0.335 97.528
v -60.201 0.335 97.155
v -59.959 4.235 92.532
v -52.839 4.235 92.905
v -53.081 4.235 97.528
v -60.201 4.235 97.155
f 2848 2847 2846 2845
f 2841 2842 2846 2845
f 2842 2843 2847 2846
f 2843 2844 2848 2847
f 2844 2841 2845 2848
v -48.679 0.100 92.332
v -48.300 0.100 76.046
v -43.941 0.100 76.148
v -44.320 0.100 92.434
v -48.679 4.000 92.332
v -48.300 4.000 76.046
v -43.941 4.000 76.148
v -44.320 4.000 92.434
f 2856 2855 2854 2853
f 2849 2850 2854 2853
f 2850 2851 2855 2854
f 2851 2852 2856 2855
f 2852 2849 2853 2856
v -29.547 0.200 74.351
v -29.503 0.200 94.731
v -37.753 0.200 94.749
v -37.797 0.200 74.369
v -29.547 4.100 74.351
v -29.503 4.100 94.731
v -37.753 4.100 94.749
v -37.797 4.100 74.369
f 2864 2863 2862 2861
f 2857 2858 2862 2861
f 2858 2859 2863 2862
f 2859 2860 2864 2863
f 2860 2857 2861 2864
v -25.050 0.199 95.110
v -24.759 0.199 73.932
v -20.510 0.199 73.990
v -20.801 0.199 95.168
v -25.050 4.099 95.110
v -24.759 4.099 73.932
v -20.510 4.099 73.990
v -20.801 4.099 95.168
f 2872 2871 2870 2869
f 2865 2866 2870 2869
f 2866 2867 2871 2870
f 2867 2868 2872 2871
f 2868 2865 2869 2872
v -26.890 0.261 95.708
v -20.242 0.261 95.563
v -20.170 0.261 98.832
v -26.818 0.261 98.977
v -26.890 4.161 95.708
v -20.242 4.161 95.563
v -20.170 4.161 98.832
v -26.818 4.161 98.977
f 2880 2879 2878 2877
f 2873 2874 2878 2877
f 2874 2875 2879 2878
f 2875 2876 2880 2879
f 2876 2873 2877 2880
v -29.100 0.195 94.576
v -29.039 0.195 91.887
v -26.540 0.195 91.944
v -26.601 0.195 94.633
v -29.100 4.095 94.576
v -29.039 4.095 91.887
v -26.540 4.095 91.944
v -26.601 4.095 94.633
f 2888 2887 2886 2885
f 2881 2882 2886 2885
f 2882 2883 2887 2886
f 2883 2884 2888 2887
f 2884 2881 2885 2888
v -14.645 0.148 93.663
v -14.313 0.148 75.526
v -4.975 0.148 75.697
v -5.307 0.148 93.834
v -14.645 4.048 93.663
v -14.313 4.048 75.526
v -4.975 4.048 75.697
v -5.307 4.048 93.834
f 2896 2895 2894 2893
f 2889 2890 2894 2893
f 2890 2891 2895 2894
f 2891 2892 2896 2895
f 2892 2889 2893 2896
v -14.000 0.112 98.447
v -13.544 0.112 90.169
v -9.840 0.112 90.373
v -10.296 0.112 98.651
v -14.000 4.012 98.447
v -13.544 4.012 90.169
v -9.840 4.012 90.373
v -10.296 4.012 98.651
f 2904 2903 2902 2901
f 2897 2898 2902 2901
f 2898 2899 2903 2902
f 2899 2900 2904 2903
f 2900 2897 2901 2904
v -1.066 0.228 94.927
v -0.893 0.228 76.648
v 8.146 0.228 76.733
v 7.973 0.228 95.012
v -1.066 4.128 94.927
v -0.893 4.128 76.648
v 8.146 4.128 76.733
v 7.973 4.128 95.012
f 2912 2911 2910 2909
f 2905 2906 2910 2909
f 2906 2907 2911 2910
f 2907 2908 2912 2911
f 2908 2905 2909 2912
v 17.851 0.100 76.692
v 18.730 0.100 95.832
v 10.529 0.100 96.208
v 9.650 0.100 77.068
v 17.851 4.000 76.692
v 18.730 4.000 95.832
v 10.529 4.000 96.208
v 9.650 4.000 77.068
f 2920 2919 2918 2917
f 2913 2914 2918 2917
f 2914 2915 2919 2918
f 2915 2916 2920 2919
f 2916 2913 2917 2920
v 58.437 0.296 94.606
v 61.686 0.296 94.695
v 61.603 0.296 97.734
v 58.354 0.296 97.645
v 58.437 4.196 94.606
v 61.686 4.196 94.695
v 61.603 4.196 97.734
v 58.354 4.196 97.645
f 2928 2927 2926 2925
f 2921 2922 2926 2925
f 2922 2923 2927 2926
f 2923 2924 2928 2927
f 2924 2921 2925 2928
v 70.120 0.142 93.139
v 70.926 0.142 77.410
v 75.440 0.142 77.641
v 74.634 0.142 93.370
v 70.120 4.042 93.139
v 70.926 4.042 77.410
v 75.440 4.042 77.641
v 74.634 4.042 93.370
f 2936 2935 2934 2933
f 2929 2930 2934 2933
f 2930 2931 2935 2934
f 2931 2932 2936 2935
f 2932 2929 2933 2936
v 89.759 0.146 77.427
v 90.039 0.146 91.014
v 83.321 0.146 91.153
v 83.041 0.146 77.566
v 89.759 4.046 77.427
v 90.039 4.046 91.014
v 83.321 4.046 91.153
v 83.041 4.046 77.566
f 2944 2943 2942 2941
f 2937 2938 2942 2941
f 2938 2939 2943 2942
f 2939 2940 2944 2943
f 2940 2937 2941 2944
v 103.242 0.104 76.471
v 103.557 0.104 96.999
v 95.098 0.104 97.129
v 94.783 0.104 76.601
v 103.242 4.004 76.471
v 103.557 4.004 96.999
v 95.098 4.004 97.129
v 94.783 4.004 76.601
f 2952 2951 2950 2949
f 2945 2946 2950 2949
f 2946 2947 2951 2950
f 2947 2948 2952 2951
f 2948 2945 2949 2952
v 93.914 -0.003 89.479
v 93.916 -0.003 93.639
v 90.586 -0.003 93.641
v 90.584 -0.003 89.481
v 93.914 3.897 89.479
v 93.916 3.897 93.639
v 90.586 3.897 93.641
v 90.584 3.897 89.481
f 2960 2959 2958 2957
f 2953 2954 2958 2957
f 2954 2955 2959 2958
f 2955 2956 2960 2959
f 2956 2953 2957 2960
v 122.399 0.107 94.150
v 126.235 0.107 94.479
v 126.021 0.107 96.970
v 122.185 0.107 96.641
v 122.399 4.007 94.150
v 126.235 4.007 94.479
v 126.021 4.007 96.970
v 122.185 4.007 96.641
f 2968 2967 2966 2965
f 2961 2962 2966 2965
f 2962 2963 2967 2966
f 2963 2964 2968 2967
f 2964 2961 2965 2968
v 118.520 0.267 119.387
v 118.720 0.267 101.088
v 128.260 0.267 101.193
v 128.060 0.267 119.492
v 118.520 4.167 119.387
v 118.720 4.167 101.088
v 128.260 4.167 101.193
v 128.060 4.167 119.492
f 2976 2975 2974 2973
f 2969 2970 2974 2973
f 2970 2971 2975 2974
f 2971 2972 2976 2975
f 2972 2969 2973 2976
v 118.335 0.161 98.008
v 122.559 0.161 98.236
v 122.425 0.161 100.732
v 118.201 0.161 100.504
v 118.335 4.061 98.008
v 122.559 4.061 98.236
v 122.425 4.061 100.732
v 118.201 4.061 100.504
f 2984 2983 2982 2981
f 2977 2978 2982 2981
f 2978 2979 2983 2982
f 2979 2980 2984 2983
f 2980 2977 2981 2984
v 104.194 0.248 106.086
v 104.226 0.248 119.536
v 96.926 0.248 119.554
v 96.894 0.248 106.104
v 104.194 4.148 106.086
v 104.226 4.148 119.536
v 96.926 4.148 119.554
v 96.894 4.148 106.104
f 2992 2991 2990 2989
f 2985 2986 2990 2989
f 2986 2987 2991 2990
f 2987 2988 2992 2991
f 2988 2985 2989 2992
v 85.202 0.224 119.719
v 85.378 0.224 100.950
v 92.998 0.224 101.021
v 92.822 0.224 119.790
v 85.202 4.124 119.719
v 85.378 4.124 100.950
v 92.998 4.124 101.021
v 92.822 4.124 119.790
f 3000 2999 2998 2997
f 2993 2994 2998 2997
f 2994 2995 2999 2998
f 2995 2996 3000 2999
f 2996 2993 2997 3000
v 51.964 0.605 108.922
v 74.978 0.605 89.290
v 88.036 0.605 104.598
v 65.022 0.605 124.230
v 51.964 4.505 108.922
v 74.978 4.505 89.290
v 88.036 4.505 104.598
v 65.022 4.505 124.230
f 3008 3007 3006 3005
f 3001 3002 3006 3005
f 3002 3003 3007 3006
f 3003 3004 3008 3007
f 3004 3001 3005 3008
v 73.418 0.350 99.085
v 80.578 0.350 99.075
v 80.582 0.350 101.695
v 73.422 0.350 101.705
v 73.418 4.250 99.085
v 80.578 4.250 99.075
v 80.582 4.250 101.695
v 73.422 4.250 101.705
f 3016 3015 3014 3013
f 3009 3010 3014 3013
f 3010 3011 3015 3014
f 3011 3012 3016 3015
f 3012 3009 3013 3016
v 32.182 0.121 101.981
v 32.961 0.121 121.986
v 24.398 0.121 122.319
v 23.619 0.121 102.314
v 32.182 4.021 101.981
v 32.961 4.021 121.986
v 24.398 4.021 122.319
v 23.619 4.021 102.314
f 3024 3023 3022 3021
f 3017 3018 3022 3021
f 3018 3019 3023 3022
f 3019 3020 3024 3023
f 3020 3017 3021 3024
v 20.039 0.159 103.351
v 20.389 0.159 116.747
v 13.421 0.159 116.929
v 13.071 0.159 103.533
v 20.039 4.059 103.351
v 20.389 4.059 116.747
v 13.421 4.059 116.929
v 13.071 4.059 103.533
f 3032 3031 3030 3029
f 3025 3026 3030 3029
f 3026 3027 3031 3030
f 3027 3028 3032 3031
f 3028 3025 3029 3032
v 0.249 0.109 118.174
v 0.642 0.109 98.588
v 8.551 0.109 98.746
v 8.158 0.109 118.332
v 0.249 4.009 118.174
v 0.642 4.009 98.588
v 8.551 4.009 98.746
v 8.158 4.009 118.332
f 3040 3039 3038 3037
f 3033 3034 3038 3037
f 3034 3035 3039 3038
f 3035 3036 3040 3039
f 3036 3033 3037 3040
v -2.787 0.160 124.909
v -2.783 0.160 116.549
v 0.507 0.160 116.551
v 0.503 0.160 124.911
v -2.787 4.060 124.909
v -2.783 4.060 116.549
v 0.507 4.060 116.551
v 0.503 4.060 124.911
f 3048 3047 3046 3045
f 3041 3042 3046 3045
f 3042 3043 3047 3046
f 3043 3044 3048 3047
f 3044 3041 3045 3048
v -37.992 0.216 119.487
v -37.928 0.216 100.817
v -27.388 0.216 100.853
v -27.452 0.216 119.523
v -37.992 4.116 119.487
v -37.928 4.116 100.817
v -27.388 4.116 100.853
v -27.452 4.116 119.523
f 3056 3055 3054 3053
f 3049 3050 3054 3053
f 3050 3051 3055 3054
f 3051 3052 3056 3055
f 3052 3049 3053 3056
v -48.870 0.255 113.258
v -45.814 0.255 101.158
v -38.910 0.255 102.902
v -41.966 0.255 115.002
v -48.870 4.155 113.258
v -45.814 4.155 101.158
v -38.910 4.155 102.902
v -41.966 4.155 115.002
f 3064 3063 3062 3061
f 3057 3058 3062 3061
f 3058 3059 3063 3062
f 3059 3060 3064 3063
f 3060 3057 3061 3064
v -48.583 0.206 118.043
v -40.657 0.206 116.420
v -39.437 0.206 122.377
v -47.363 0.206 124.000
v -48.583 4.106 118.043
v -40.657 4.106 116.420
v -39.437 4.106 122.377
v -47.363 4.106 124.000
f 3072 3071 3070 3069
f 3065 3066 3070 3069
f 3066 3067 3071 3070
f 3067 3068 3072 3071
f 3068 3065 3069 3072
v -48.412 0.274 115.803
v -48.408 0.274 112.673
v -45.908 0.274 112.677
v -45.912 0.274 115.807
v -48.412 4.174 115.803
v -48.408 4.174 112.673
v -45.908 4.174 112.677
v -45.912 4.174 115.807
f 3080 3079 3078 3077
f 3073 3074 3078 3077
f 3074 3075 3079 3078
f 3075 3076 3080 3079
f 3076 3073 3077 3080
v -60.479 0.282 99.303
v -51.711 0.282 99.468
v -51.821 0.282 105.357
v -60.589 0.282 105.192
v -60.479 4.182 99.303
v -51.711 4.182 99.468
v -51.821 4.182 105.357
v -60.589 4.182 105.192
f 3088 3087 3086 3085
f 3081 3082 3086 3085
f 3082 3083 3087 3086
f 3083 3084 3088 3087
f 3084 3081 3085 3088
v -64.310 0.219 120.012
v -60.302 0.219 104.967
v -50.310 0.219 107.628
v -54.318 0.219 122.673
v -64.310 4.119 120.012
v -60.302 4.119 104.967
v -50.310 4.119 107.628
v -54.318 4.119 122.673
f 3096 3095 3094 3093
f 3089 3090 3094 3093
f 3090 3091 3095 3094
f 3091 3092 3096 3095
f 3092 3089 3093 3096
v -76.468 0.258 99.684
v -76.213 0.258 118.663
v -84.592 0.258 118.776
v -84.847 0.258 99.797
v -76.468 4.158 99.684
v -76.213 4.158 118.663
v -84.592 4.158 118.776
v -84.847 4.158 99.797
f 3104 3103 3102 3101
f 3097 3098 3102 3101
f 3098 3099 3103 3102
f 3099 3100 3104 3103
f 3100 3097 3101 3104
v -111.481 0.160 119.321
v -110.772 0.160 98.593
v -98.919 0.160 98.999
v -99.628 0.160 119.727
v -111.481 4.060 119.321
v -110.772 4.060 98.593
v -98.919 4.060 98.999
v -99.628 4.060 119.727
f 3112 3111 3110 3109
f 3105 3106 3110 3109
f 3106 3107 3111 3110
f 3107 3108 3112 3111
f 3108 3105 3109 3112
v -137.188 0.376 101.220
v -136.952 0.376 117.539
v -143.952 0.376 117.640
v -144.188 0.376 101.321
v -137.188 4.276 101.220
v -136.952 4.276 117.539
v -143.952 4.276 117.640
v -144.188 4.276 101.321
f 3120 3119 3118 3117
f 3113 3114 3118 3117
f 3114 3115 3119 3118
f 3115 3116 3120 3119
f 3116 3113 3117 3120
v -148.990 0.434 98.893
v -148.364 0.434 119.673
v -156.810 0.434 119.927
v -157.436 0.434 99.147
v -148.990 4.334 98.893
v -148.364 4.334 119.673
v -156.810 4.334 119.927
v -157.436 4.334 99.147
f 3128 3127 3126 3125
f 3121 3122 3126 3125
f 3122 3123 3127 3126
f 3123 3124 3128 3127
f 3124 3121 3125 3128
v -114.777 0.638 168.312
v -109.809 0.638 187.892
v -122.643 0.638 191.148
v -127.611 0.638 171.568
v -114.777 4.538 168.312
v -109.809 4.538 187.892
v -122.643 4.538 191.148
v -127.611 4.538 171.568
f 3136 3135 3134 3133
f 3129 3130 3134 3133
f 3130 3131 3135 3134
f 3131 3132 3136 3135
f 3132 3129 3133 3136
v -128.134 0.604 166.873
v -124.134 0.604 166.887
v -124.146 0.604 170.067
v -128.146 0.604 170.053
v -128.134 4.504 166.873
v -124.134 4.504 166.887
v -124.146 4.504 170.067
v -128.146 4.504 170.053
f 3144 3143 3142 3141
f 3137 3138 3142 3141
f 3138 3139 3143 3142
f 3139 3140 3144 3143
f 3140 3137 3141 3144
v -101.116 0.630 169.986
v -100.324 0.630 188.900
v -111.644 0.630 189.374
v -112.436 0.630 170.460
v -101.116 4.530 169.986
v -100.324 4.530 188.900
v -111.644 4.530 189.374
v -112.436 4.530 170.460
f 3152 3151 3150 3149
f 3145 3146 3150 3149
f 3146 3147 3151 3150
f 3147 3148 3152 3151
f 3148 3145 3149 3152
v -89.122 0.498 169.127
v -85.724 0.498 188.725
v -97.538 0.498 190.773
v -100.936 0.498 171.175
v -89.122 4.398 169.127
v -85.724 4.398 188.725
v -97.538 4.398 190.773
v -100.936 4.398 171.175
f 3160 3159 3158 3157
f 3153 3154 3158 3157
f 3154 3155 3159 3158
f 3155 3156 3160 3159
f 3156 3153 3157 3160
v -99.106 0.445 166.110
v -95.541 0.445 166.295
v -95.714 0.445 169.610
v -99.279 0.445 169.425
v -99.106 4.345 166.110
v -95.541 4.345 166.295
v -95.714 4.345 169.610
v -99.279 4.345 169.425
f 3168 3167 3166 3165
f 3161 3162 3166 3165
f 3162 3163 3167 3166
f 3163 3164 3168 3167
f 3164 3161 3165 3168
v -65.248 0.525 168.849
v -65.242 0.525 188.869
v -73.352 0.525 188.871
v -73.358 0.525 168.851
v -65.248 4.425 168.849
v -65.242 4.425 188.869
v -73.352 4.425 188.871
v -73.358 4.425 168.851
f 3176 3175 3174 3173
f 3169 3170 3174 3173
f 3170 3171 3175 3174
f 3171 3172 3176 3175
f 3172 3169 3173 3176
v -29.184 0.520 168.852
v -26.288 0.520 188.570
v -37.716 0.520 190.248
v -40.612 0.520 170.530
v -29.184 4.420 168.852
v -26.288 4.420 188.570
v -37.716 4.420 190.248
v -40.612 4.420 170.530
f 3184 3183 3182 3181
f 3177 3178 3182 3181
f 3178 3179 3183 3182
f 3179 3180 3184 3183
f 3180 3177 3181 3184
v -33.483 0.495 165.800
v -33.389 0.495 168.469
v -35.977 0.495 168.560
v -36.071 0.495 165.891
v -33.483 4.395 165.800
v -33.389 4.395 168.469
v -35.977 4.395 168.560
v -36.071 4.395 165.891
f 3192 3191 3190 3189
f 3185 3186 3190 3189
f 3186 3187 3191 3190
f 3187 3188 3192 3191
f 3188 3185 3189 3192
v -16.677 0.552 164.408
v -14.284 0.552 188.781
v -26.823 0.552 190.012
v -29.216 0.552 165.639
v -16.677 4.452 164.408
v -14.284 4.452 188.781
v -26.823 4.452 190.012
v -29.216 4.452 165.639
f 3200 3199 3198 3197
f 3193 3194 3198 3197
f 3194 3195 3199 3198
f 3195 3196 3200 3199
f 3196 3193 3197 3200
v -16.187 0.503 188.056
v -13.630 0.503 168.927
v -2.133 0.503 170.464
v -4.690 0.503 189.593
v -16.187 4.403 188.056
v -13.630 4.403 168.927
v -2.133 4.403 170.464
v -4.690 4.403 189.593
f 3208 3207 3206 3205
f 3201 3202 3206 3205
f 3202 3203 3207 3206
f 3203 3204 3208 3207
f 3204 3201 3205 3208
v -1.345 0.491 188.675
v -0.923 0.491 169.870
v 7.765 0.491 170.065
v 7.343 0.491 188.870
v -1.345 4.391 188.675
v -0.923 4.391 169.870
v 7.765 4.391 170.065
v 7.343 4.391 188.870
f 3216 3215 3214 3213
f 3209 3210 3214 3213
f 3210 3211 3215 3214
f 3211 3212 3216 3215
f 3212 3209 3213 3216
v 10.428 0.611 192.507
v 11.349 0.611 169.806
v 19.892 0.611 170.153
v 18.971 0.611 192.854
v 10.428 4.511 192.507
v 11.349 4.511 169.806
v 19.892 4.511 170.153
v 18.971 4.511 192.854
f 3224 3223 3222 3221
f 3217 3218 3222 3221
f 3218 3219 3223 3222
f 3219 3220 3224 3223
f 3220 3217 3221 3224
v 33.983 0.533 169.779
v 34.046 0.533 193.309
v 22.297 0.533 193.341
v 22.234 0.533 169.811
v 33.983 4.433 169.779
v 34.046 4.433 193.309
v 22.297 4.433 193.341
v 22.234 4.433 169.811
f 3232 3231 3230 3229
f 3225 3226 3230 3229
f 3226 3227 3231 3230
f 3227 3228 3232 3231
f 3228 3225 3229 3232
v 24.108 0.454 162.692
v 32.857 0.454 162.849
v 32.812 0.454 165.348
v 24.063 0.454 165.191
v 24.108 4.354 162.692
v 32.857 4.354 162.849
v 32.812 4.354 165.348
v 24.063 4.354 165.191
f 3240 3239 3238 3237
f 3233 3234 3238 3237
f 3234 3235 3239 3238
f 3235 3236 3240 3239
f 3236 3233 3237 3240
v 33.843 0.404 162.987
v 36.483 0.404 162.993
v 36.477 0.404 165.493
v 33.837 0.404 165.487
v 33.843 4.304 162.987
v 36.483 4.304 162.993
v 36.477 4.304 165.493
v 33.837 4.304 165.487
f 3248 3247 3246 3245
f 3241 3242 3246 3245
f 3242 3243 3247 3246
f 3243 3244 3248 3247
f 3244 3241 3245 3248
v 34.818 0.538 188.241
v 35.184 0.538 169.234
v 43.762 0.538 169.399
v 43.396 0.538 188.406
v 34.818 4.438 188.241
v 35.184 4.438 169.234
v 43.762 4.438 169.399
v 43.396 4.438 188.406
f 3256 3255 3254 3253
f 3249 3250 3254 3253
f 3250 3251 3255 3254
f 3251 3252 3256 3255
f 3252 3249 3253 3256
v 42.181 0.552 169.364
v 42.280 0.552 165.715
v 45.279 0.552 165.796
v 45.180 0.552 169.445
v 42.181 4.452 169.364
v 42.280 4.452 165.715
v 45.279 4.452 165.796
v 45.180 4.452 169.445
f 3264 3263 3262 3261
f 3257 3258 3262 3261
f 3258 3259 3263 3262
f 3259 3260 3264 3263
f 3260 3257 3261 3264
v 70.651 0.354 188.317
v 70.859 0.354 169.868
v 79.249 0.354 169.963
v 79.041 0.354 188.412
v 70.651 4.254 188.317
v 70.859 4.254 169.868
v 79.249 4.254 169.963
v 79.041 4.254 188.412
f 3272 3271 3270 3269
f 3265 3266 3270 3269
f 3266 3267 3271 3270
f 3267 3268 3272 3271
f 3268 3265 3269 3272
v 83.122 0.277 188.461
v 83.500 0.277 168.025
v 91.818 0.277 168.179
v 91.440 0.277 188.615
v 83.122 4.177 188.461
v 83.500 4.177 168.025
v 91.818 4.177 168.179
v 91.440 4.177 188.615
f 3280 3279 3278 3277
f 3273 3274 3278 3277
f 3274 3275 3279 3278
f 3275 3276 3280 3279
f 3276 3273 3277 3280
v 127.033 0.504 167.714
v 127.037 0.504 188.004
v 119.127 0.504 188.006
v 119.123 0.504 167.716
v 127.033 4.404 167.714
v 127.037 4.404 188.004
v 119.127 4.404 188.006
v 119.123 4.404 167.716
f 3288 3287 3286 3285
f 3281 3282 3286 3285
f 3282 3283 3287 3286
f 3283 3284 3288 3287
f 3284 3281 3285 3288
v 11.061 0.331 226.506
v 11.220 0.331 208.736
v 19.939 0.331 208.814
v 19.780 0.331 226.584
v 11.061 4.231 226.506
v 11.220 4.231 208.736
v 19.939 4.231 208.814
v 19.780 4.231 226.584
f 3296 3295 3294 3293
f 3289 3290 3294 3293
f 3290 3291 3295 3294
f 3291 3292 3296 3295
f 3292 3289 3293 3296
v -0.928 0.406 227.236
v -0.822 0.406 208.716
v 7.628 0.406 208.764
v 7.522 0.406 227.284
v -0.928 4.306 227.236
v -0.822 4.306 208.716
v 7.628 4.306 208.764
v 7.522 4.306 227.284
f 3304 3303 3302 3301
f 3297 3298 3302 3301
f 3298 3299 3303 3302
f 3299 3300 3304 3303
f 3300 3297 3301 3304
v 8.168 0.511 234.145
v 9.901 0.511 257.280
v -1.248 0.511 258.115
v -2.981 0.511 234.980
v 8.168 4.411 234.145
v 9.901 4.411 257.280
v -1.248 4.411 258.115
v -2.981 4.411 234.980
f 3312 3311 3310 3309
f 3305 3306 3310 3309
f 3306 3307 3311 3310
f 3307 3308 3312 3311
f 3308 3305 3309 3312
v -5.028 0.661 234.535
v -3.905 0.661 257.338
v -14.192 0.661 257.845
v -15.315 0.661 235.042
v -5.028 4.561 234.535
v -3.905 4.561 257.338
v -14.192 4.561 257.845
v -15.315 4.561 235.042
f 3320 3319 3318 3317
f 3313 3314 3318 3317
f 3314 3315 3319 3318
f 3315 3316 3320 3319
f 3316 3313 3317 3320
v -39.164 0.579 257.135
v -38.785 0.579 235.178
v -29.156 0.579 235.345
v -29.535 0.579 257.302
v -39.164 4.479 257.135
v -38.785 4.479 235.178
v -29.156 4.479 235.345
v -29.535 4.479 257.302
f 3328 3327 3326 3325
f 3321 3322 3326 3325
f 3322 3323 3327 3326
f 3323 3324 3328 3327
f 3324 3321 3325 3328
v -41.449 0.516 234.735
v -41.202 0.516 257.323
v -50.491 0.516 257.425
v -50.738 0.516 234.837
v -41.449 4.416 234.735
v -41.202 4.416 257.323
v -50.491 4.416 257.425
v -50.738 4.416 234.837
f 3336 3335 3334 3333
f 3329 3330 3334 3333
f 3330 3331 3335 3334
f 3331 3332 3336 3335
f 3332 3329 3333 3336
v -64.084 0.545 234.775
v -63.797 0.545 257.404
v -71.756 0.545 257.505
v -72.043 0.545 234.876
v -64.084 4.445 234.775
v -63.797 4.445 257.404
v -71.756 4.445 257.505
v -72.043 4.445 234.876
f 3344 3343 3342 3341
f 3337 3338 3342 3341
f 3338 3339 3343 3342
f 3339 3340 3344 3343
f 3340 3337 3341 3344
v -36.899 0.486 227.305
v -36.811 0.486 209.036
v -28.761 0.486 209.075
v -28.849 0.486 227.344
v -36.899 4.386 227.305
v -36.811 4.386 209.036
v -28.761 4.386 209.075
v -28.849 4.386 227.344
f 3352 3351 3350 3349
f 3345 3346 3350 3349
f 3346 3347 3351 3350
f 3347 3348 3352 3351
f 3348 3345 3349 3352
v -26.837 0.544 232.010
v -21.309 0.544 232.192
v -21.423 0.544 235.670
v -26.951 0.544 235.488
v -26.837 4.444 232.010
v -21.309 4.444 232.192
v -21.423 4.444 235.670
v -26.951 4.444 235.488
f 3360 3359 3358 3357
f 3353 3354 3358 3357
f 3354 3355 3359 3358
f 3355 3356 3360 3359
f 3356 3353 3357 3360
v -50.726 0.411 225.657
v -50.684 0.411 209.277
v -40.874 0.411 209.303
v -40.916 0.411 225.683
v -50.726 4.311 225.657
v -50.684 4.311 209.277
v -40.874 4.311 209.303
v -40.916 4.311 225.683
f 3368 3367 3366 3365
f 3361 3362 3366 3365
f 3362 3363 3367 3366
f 3363 3364 3368 3367
f 3364 3361 3365 3368
v -62.247 0.500 230.052
v -61.862 0.500 204.344
v -53.573 0.500 204.468
v -53.958 0.500 230.176
v -62.247 4.400 230.052
v -61.862 4.400 204.344
v -53.573 4.400 204.468
v -53.958 4.400 230.176
f 3376 3375 3374 3373
f 3369 3370 3374 3373
f 3370 3371 3375 3374
f 3371 3372 3376 3375
f 3372 3369 3373 3376
v -55.495 0.443 228.874
v -52.155 0.443 228.886
v -52.165 0.443 231.626
v -55.505 0.443 231.614
v -55.495 4.343 228.874
v -52.155 4.343 228.886
v -52.165 4.343 231.626
v -55.505 4.343 231.614
f 3384 3383 3382 3381
f 3377 3378 3382 3381
f 3378 3379 3383 3382
f 3379 3380 3384 3383
f 3380 3377 3381 3384
v -47.420 0.500 228.080
v -47.360 0.500 232.149
v -50.800 0.500 232.200
v -50.860 0.500 228.131
v -47.420 4.400 228.080
v -47.360 4.400 232.149
v -50.800 4.400 232.200
v -50.860 4.400 228.131
f 3392 3391 3390 3389
f 3385 3386 3390 3389
f 3386 3387 3391 3390
f 3387 3388 3392 3391
f 3388 3385 3389 3392
v -41.979 0.457 229.040
v -39.005 0.457 229.225
v -39.161 0.457 231.720
v -42.135 0.457 231.535
v -41.979 4.357 229.040
v -39.005 4.357 229.225
v -39.161 4.357 231.720
v -42.135 4.357 231.535
f 3400 3399 3398 3397
f 3393 3394 3398 3397
f 3394 3395 3399 3398
f 3395 3396 3400 3399
f 3396 3393 3397 3400
v -72.600 0.417 228.248
v -71.642 0.417 231.656
v -75.040 0.417 232.612
v -75.998 0.417 229.204
v -72.600 4.317 228.248
v -71.642 4.317 231.656
v -75.040 4.317 232.612
v -75.998 4.317 229.204
f 3408 3407 3406 3405
f 3401 3402 3406 3405
f 3402 3403 3407 3406
f 3403 3404 3408 3407
f 3404 3401 3405 3408
v -77.328 0.585 208.607
v -76.167 0.585 228.623
v -85.312 0.585 229.153
v -86.473 0.585 209.137
v -77.328 4.485 208.607
v -76.167 4.485 228.623
v -85.312 4.485 229.153
v -86.473 4.485 209.137
f 3416 3415 3414 3413
f 3409 3410 3414 3413
f 3410 3411 3415 3414
f 3411 3412 3416 3415
f 3412 3409 3413 3416
v -87.000 0.506 229.558
v -83.630 0.506 229.592
v -83.660 0.506 232.542
v -87.030 0.506 232.508
v -87.000 4.406 229.558
v -83.630 4.406 229.592
v -83.660 4.406 232.542
v -87.030 4.406 232.508
f 3424 3423 3422 3421
f 3417 3418 3422 3421
f 3418 3419 3423 3422
f 3419 3420 3424 3423
f 3420 3417 3421 3424
v -87.751 0.500 235.313
v -84.372 0.500 235.228
v -84.289 0.500 238.487
v -87.668 0.500 238.572
v -87.751 4.400 235.313
v -84.372 4.400 235.228
v -84.289 4.400 238.487
v -87.668 4.400 238.572
f 3432 3431 3430 3429
f 3425 3426 3430 3429
f 3426 3427 3431 3430
f 3427 3428 3432 3431
f 3428 3425 3429 3432
v -98.638 0.348 230.437
v -98.622 0.348 209.197
v -90.062 0.348 209.203
v -90.078 0.348 230.443
v -98.638 4.248 230.437
v -98.622 4.248 209.197
v -90.062 4.248 209.203
v -90.078 4.248 230.443
f 3440 3439 3438 3437
f 3433 3434 3438 3437
f 3434 3435 3439 3438
f 3435 3436 3440 3439
f 3436 3433 3437 3440
v -101.384 0.349 209.293
v -101.326 0.349 230.643
v -109.936 0.349 230.667
v -109.994 0.349 209.317
v -101.384 4.249 209.293
v -101.326 4.249 230.643
v -109.936 4.249 230.667
v -109.994 4.249 209.317
f 3448 3447 3446 3445
f 3441 3442 3446 3445
f 3442 3443 3447 3446
f 3443 3444 3448 3447
f 3444 3441 3445 3448
v -121.667 0.329 225.644
v -121.663 0.329 209.414
v -113.553 0.329 209.416
v -113.557 0.329 225.646
v -121.667 4.229 225.644
v -121.663 4.229 209.414
v -113.553 4.229 209.416
v -113.557 4.229 225.646
f 3456 3455 3454 3453
f 3449 3450 3454 3453
f 3450 3451 3455 3454
f 3451 3452 3456 3455
f 3452 3449 3453 3456
v -101.773 0.809 237.698
v -99.476 0.809 255.370
v -111.267 0.809 256.902
v -113.564 0.809 239.230
v -101.773 4.709 237.698
v -99.476 4.709 255.370
v -111.267 4.709 256.902
v -113.564 4.709 239.230
f 3464 3463 3462 3461
f 3457 3458 3462 3461
f 3458 3459 3463 3462
f 3459 3460 3464 3463
f 3460 3457 3461 3464
v -114.014 0.614 235.171
v -113.419 0.614 257.563
v -122.666 0.614 257.809
v -123.261 0.614 235.417
v -114.014 4.514 235.171
v -113.419 4.514 257.563
v -122.666 4.514 257.809
v -123.261 4.514 235.417
f 3472 3471 3470 3469
f 3465 3466 3470 3469
f 3466 3467 3471 3470
f 3467 3468 3472 3471
f 3468 3465 3469 3472
v -120.997 0.511 232.579
v -120.637 0.511 239.900
v -123.503 0.511 240.041
v -123.863 0.511 232.720
v -120.997 4.411 232.579
v -120.637 4.411 239.900
v -123.503 4.411 240.041
v -123.863 4.411 232.720
f 3480 3479 3478 3477
f 3473 3474 3478 3477
f 3474 3475 3479 3478
f 3475 3476 3480 3479
f 3476 3473 3477 3480
v -150.210 0.696 233.898
v -147.978 0.696 256.950
v -158.230 0.696 257.942
v -160.462 0.696 234.890
v -150.210 4.596 233.898
v -147.978 4.596 256.950
v -158.230 4.596 257.942
v -160.462 4.596 234.890
f 3488 3487 3486 3485
f 3481 3482 3486 3485
f 3482 3483 3487 3486
f 3483 3484 3488 3487
f 3484 3481 3485 3488
v -162.471 0.552 234.337
v -160.097 0.552 257.586
v -169.269 0.552 258.523
v -171.643 0.552 235.274
v -162.471 4.452 234.337
v -160.097 4.452 257.586
v -169.269 4.452 258.523
v -171.643 4.452 235.274
f 3496 3495 3494 3493
f 3489 3490 3494 3493
f 3490 3491 3495 3494
f 3491 3492 3496 3495
f 3492 3489 3493 3496
v -147.565 0.535 228.204
v -147.132 0.535 209.359
v -135.955 0.535 209.616
v -136.388 0.535 228.461
v -147.565 4.435 228.204
v -147.132 4.435 209.359
v -135.955 4.435 209.616
v -136.388 4.435 228.461
f 3504 3503 3502 3501
f 3497 3498 3502 3501
f 3498 3499 3503 3502
f 3499 3500 3504 3503
f 3500 3497 3501 3504
v -163.423 0.395 232.265
v -163.397 0.395 227.955
v -160.017 0.395 227.975
v -160.043 0.395 232.285
v -163.423 4.295 232.265
v -163.397 4.295 227.955
v -160.017 4.295 227.975
v -160.043 4.295 232.285
f 3512 3511 3510 3509
f 3505 3506 3510 3509
f 3506 3507 3511 3510
f 3507 3508 3512 3511
f 3508 3505 3509 3512
v -209.158 0.546 237.983
v -192.081 0.546 238.652
v -192.342 0.546 245.317
v -209.419 0.546 244.648
v -209.158 4.446 237.983
v -192.081 4.446 238.652
v -192.342 4.446 245.317
v -209.419 4.446 244.648
f 3520 3519 3518 3517
f 3513 3514 3518 3517
f 3514 3515 3519 3518
f 3515 3516 3520 3519
f 3516 3513 3517 3520
v -213.460 0.289 225.937
v -199.002 0.289 223.568
v -197.600 0.289 232.123
v -212.058 0.289 234.492
v -213.460 4.189 225.937
v -199.002 4.189 223.568
v -197.600 4.189 232.123
v -212.058 4.189 234.492
f 3528 3527 3526 3525
f 3521 3522 3526 3525
f 3522 3523 3527 3526
f 3523 3524 3528 3527
f 3524 3521 3525 3528
v -211.351 0.333 200.755
v -192.554 0.333 200.426
v -192.409 0.333 208.685
v -211.206 0.333 209.014
v -211.351 4.233 200.755
v -192.554 4.233 200.426
v -192.409 4.233 208.685
v -211.206 4.233 209.014
f 3536 3535 3534 3533
f 3529 3530 3534 3533
f 3530 3531 3535 3534
f 3531 3532 3536 3535
f 3532 3529 3533 3536
v -212.767 0.254 188.403
v -193.700 0.254 188.098
v -193.593 0.254 194.797
v -212.660 0.254 195.102
v -212.767 4.154 188.403
v -193.700 4.154 188.098
v -193.593 4.154 194.797
v -212.660 4.154 195.102
f 3544 3543 3542 3541
f 3537 3538 3542 3541
f 3538 3539 3543 3542
f 3539 3540 3544 3543
f 3540 3537 3541 3544
v -213.800 0.291 176.559
v -191.942 0.291 177.286
v -192.220 0.291 185.621
v -214.078 0.291 184.894
v -213.800 4.191 176.559
v -191.942 4.191 177.286
v -192.220 4.191 185.621
v -214.078 4.191 184.894
f 3552 3551 3550 3549
f 3545 3546 3550 3549
f 3546 3547 3551 3550
f 3547 3548 3552 3551
f 3548 3545 3549 3552
v -210.704 0.371 164.406
v -193.356 0.371 163.533
v -192.976 0.371 171.074
v -210.324 0.371 171.947
v -210.704 4.271 164.406
v -193.356 4.271 163.533
v -192.976 4.271 171.074
v -210.324 4.271 171.947
f 3560 3559 3558 3557
f 3553 3554 3558 3557
f 3554 3555 3559 3558
f 3555 3556 3560 3559
f 3556 3553 3557 3560
v -212.387 0.321 163.419
v -212.383 0.321 168.119
v -215.373 0.321 168.121
v -215.377 0.321 163.421
v -212.387 4.221 163.419
v -212.383 4.221 168.119
v -215.373 4.221 168.121
v -215.377 4.221 163.421
f 3568 3567 3566 3565
f 3561 3562 3566 3565
f 3562 3563 3567 3566
f 3563 3564 3568 3567
f 3564 3561 3565 3568
v -210.922 0.452 152.509
v -193.342 0.452 152.551
v -193.358 0.452 159.531
v -210.938 0.452 159.489
v -210.922 4.352 152.509
v -193.342 4.352 152.551
v -193.358 4.352 159.531
v -210.938 4.352 159.489
f 3576 3575 3574 3573
f 3569 3570 3574 3573
f 3570 3571 3575 3574
f 3571 3572 3576 3575
f 3572 3569 3573 3576
v -212.149 0.326 127.846
v -195.303 0.326 128.215
v -195.391 0.326 132.234
v -212.237 0.326 131.865
v -212.149 4.226 127.846
v -195.303 4.226 128.215
v -195.391 4.226 132.234
v -212.237 4.226 131.865
f 3584 3583 3582 3581
f 3577 3578 3582 3581
f 3578 3579 3583 3582
f 3579 3580 3584 3583
f 3580 3577 3581 3584
v -211.179 0.242 117.733
v -190.544 0.242 116.943
v -190.221 0.242 125.367
v -210.856 0.242 126.157
v -211.179 4.142 117.733
v -190.544 4.142 116.943
v -190.221 4.142 125.367
v -210.856 4.142 126.157
f 3592 3591 3590 3589
f 3585 3586 3590 3589
f 3586 3587 3591 3590
f 3587 3588 3592 3591
f 3588 3585 3589 3592
v -215.736 0.434 103.462
v -197.159 0.434 100.271
v -195.124 0.434 112.118
v -213.701 0.434 115.309
v -215.736 4.334 103.462
v -197.159 4.334 100.271
v -195.124 4.334 112.118
v -213.701 4.334 115.309
f 3600 3599 3598 3597
f 3593 3594 3598 3597
f 3594 3595 3599 3598
f 3595 3596 3600 3599
f 3596 3593 3597 3600
v -210.336 0.218 91.709
v -193.400 0.218 92.082
v -193.484 0.218 95.911
v -210.420 0.218 95.538
v -210.336 4.118 91.709
v -193.400 4.118 92.082
v -193.484 4.118 95.911
v -210.420 4.118 95.538
f 3608 3607 3606 3605
f 3601 3602 3606 3605
f 3602 3603 3607 3606
f 3603 3604 3608 3607
f 3604 3601 3605 3608
v -214.886 0.124 84.001
v -205.140 0.124 84.292
v -205.354 0.124 91.479
v -215.100 0.124 91.188
v -214.886 4.024 84.001
v -205.140 4.024 84.292
v -205.354 4.024 91.479
v -215.100 4.024 91.188
f 3616 3615 3614 3613
f 3609 3610 3614 3613
f 3610 3611 3615 3614
f 3611 3612 3616 3615
f 3612 3609 3613 3616
v -214.580 0.191 76.527
v -207.775 0.191 80.257
v -211.380 0.191 86.833
v -218.185 0.191 83.103
v -214.580 4.091 76.527
v -207.775 4.091 80.257
v -211.380 4.091 86.833
v -218.185 4.091 83.103
f 3624 3623 3622 3621
f 3617 3618 3622 3621
f 3618 3619 3623 3622
f 3619 3620 3624 3623
f 3620 3617 3621 3624
v -209.370 0.246 79.468
v -191.606 0.246 80.236
v -191.810 0.246 84.952
v -209.574 0.246 84.184
v -209.370 4.146 79.468
v -191.606 4.146 80.236
v -191.810 4.146 84.952
v -209.574 4.146 84.184
f 3632 3631 3630 3629
f 3625 3626 3630 3629
f 3626 3627 3631 3630
f 3627 3628 3632 3631
f 3628 3625 3629 3632
v -215.537 0.588 67.554
v -192.977 0.588 67.376
v -192.923 0.588 74.206
v -215.483 0.588 74.384
v -215.537 4.488 67.554
v -192.977 4.488 67.376
v -192.923 4.488 74.206
v -215.483 4.488 74.384
f 3640 3639 3638 3637
f 3633 3634 3638 3637
f 3634 3635 3639 3638
f 3635 3636 3640 3639
f 3636 3633 3637 3640
v -196.150 0.276 74.566
v -188.671 0.276 74.724
v -188.750 0.276 78.474
v -196.229 0.276 78.316
v -196.150 4.176 74.566
v -188.671 4.176 74.724
v -188.750 4.176 78.474
v -196.229 4.176 78.316
f 3648 3647 3646 3645
f 3641 3642 3646 3645
f 3642 3643 3647 3646
f 3643 3644 3648 3647
f 3644 3641 3645 3648
v -215.342 0.388 61.148
v -208.279 0.388 63.252
v -209.858 0.388 68.552
v -216.921 0.388 66.448
v -215.342 4.288 61.148
v -208.279 4.288 63.252
v -209.858 4.288 68.552
v -216.921 4.288 66.448
f 3656 3655 3654 3653
f 3649 3650 3654 3653
f 3650 3651 3655 3654
f 3651 3652 3656 3655
f 3652 3649 3653 3656
v -214.442 0.214 55.520
v -192.562 0.214 53.331
v -191.538 0.214 63.560
v -213.418 0.214 65.749
v -214.442 4.114 55.520
v -192.562 4.114 53.331
v -191.538 4.114 63.560
v -213.418 4.114 65.749
f 3664 3663 3662 3661
f 3657 3658 3662 3661
f 3658 3659 3663 3662
f 3659 3660 3664 3663
f 3660 3657 3661 3664
v -255.625 0.383 -85.489
v -255.248 0.383 -89.532
v -251.375 0.383 -89.171
v -251.752 0.383 -85.128
v -255.625 4.283 -85.489
v -255.248 4.283 -89.532
v -251.375 4.283 -89.171
v -251.752 4.283 -85.128
f 3672 3671 3670 3669
f 3665 3666 3670 3669
f 3666 3667 3671 3670
f 3667 3668 3672 3671
f 3668 3665 3669 3672
v -250.273 0.326 -88.935
v -231.533 0.326 -88.865
v -231.547 0.326 -85.085
v -250.287 0.326 -85.155
v -250.273 4.226 -88.935
v -231.533 4.226 -88.865
v -231.547 4.226 -85.085
v -250.287 4.226 -85.155
f 3680 3679 3678 3677
f 3673 3674 3678 3677
f 3674 3675 3679 3678
f 3675 3676 3680 3679
f 3676 3673 3677 3680
v -254.156 0.596 -66.614
v -234.526 0.596 -68.388
v -233.444 0.596 -56.406
v -253.074 0.596 -54.632
v -254.156 4.496 -66.614
v -234.526 4.496 -68.388
v -233.444 4.496 -56.406
v -253.074 4.496 -54.632
f 3688 3687 3686 3685
f 3681 3682 3686 3685
f 3682 3683 3687 3686
f 3683 3684 3688 3687
f 3684 3681 3685 3688
v -251.900 0.479 -53.273
v -234.446 0.479 -52.519
v -234.820 0.479 -43.867
v -252.274 0.479 -44.621
v -251.900 4.379 -53.273
v -234.446 4.379 -52.519
v -234.820 4.379 -43.867
v -252.274 4.379 -44.621
f 3696 3695 3694 3693
f 3689 3690 3694 3693
f 3690 3691 3695 3694
f 3691 3692 3696 3695
f 3692 3689 3693 3696
v -246.904 0.369 -40.793
v -231.844 0.369 -40.677
v -231.896 0.369 -33.907
v -246.956 0.369 -34.023
v -246.904 4.269 -40.793
v -231.844 4.269 -40.677
v -231.896 4.269 -33.907
v -246.956 4.269 -34.023
f 3704 3703 3702 3701
f 3697 3698 3702 3701
f 3698 3699 3703 3702
f 3699 3700 3704 3703
f 3700 3697 3701 3704
v -249.524 0.154 -16.586
v -232.754 0.154 -16.484
v -232.776 0.154 -12.954
v -249.546 0.154 -13.056
v -249.524 4.054 -16.586
v -232.754 4.054 -16.484
v -232.776 4.054 -12.954
v -249.546 4.054 -13.056
f 3712 3711 3710 3709
f 3705 3706 3710 3709
f 3706 3707 3711 3710
f 3707 3708 3712 3711
f 3708 3705 3709 3712
v -254.868 0.269 30.980
v -231.642 0.269 31.391
v -231.772 0.269 38.720
v -254.998 0.269 38.309
v -254.868 4.169 30.980
v -231.642 4.169 31.391
v -231.772 4.169 38.720
v -254.998 4.169 38.309
f 3720 3719 3718 3717
f 3713 3714 3718 3717
f 3714 3715 3719 3718
f 3715 3716 3720 3719
f 3716 3713 3717 3720
v -258.792 0.307 38.261
v -251.059 0.307 38.583
v -251.248 0.307 43.119
v -258.981 0.307 42.797
v -258.792 4.207 38.261
v -251.059 4.207 38.583
v -251.248 4.207 43.119
v -258.981 4.207 42.797
f 3728 3727 3726 3725
f 3721 3722 3726 3725
f 3722 3723 3727 3726
f 3723 3724 3728 3727
f 3724 3721 3725 3728
v -251.622 0.233 43.461
v -232.492 0.233 43.579
v -232.518 0.233 47.819
v -251.648 0.233 47.701
v -251.622 4.133 43.461
v -232.492 4.133 43.579
v -232.518 4.133 47.819
v -251.648 4.133 47.701
f 3736 3735 3734 3733
f 3729 3730 3734 3733
f 3730 3731 3735 3734
f 3731 3732 3736 3735
f 3732 3729 3733 3736
v -247.517 0.289 55.334
v -246.822 0.289 63.554
v -255.003 0.289 64.246
v -255.698 0.289 56.026
v -247.517 4.189 55.334
v -246.822 4.189 63.554
v -255.003 4.189 64.246
v -255.698 4.189 56.026
f 3744 3743 3742 3741
f 3737 3738 3742 3741
f 3738 3739 3743 3742
f 3739 3740 3744 3743
f 3740 3737 3741 3744
v -246.387 0.468 56.342
v -232.308 0.468 56.508
v -232.353 0.468 60.338
v -246.432 0.468 60.172
v -246.387 4.368 56.342
v -232.308 4.368 56.508
v -232.353 4.368 60.338
v -246.432 4.368 60.172
f 3752 3751 3750 3749
f 3745 3746 3750 3749
f 3746 3747 3751 3750
f 3747 3748 3752 3751
f 3748 3745 3749 3752
v -242.604 0.206 62.601
v -238.672 0.206 62.846
v -238.916 0.206 66.759
v -242.848 0.206 66.514
v -242.604 4.106 62.601
v -238.672 4.106 62.846
v -238.916 4.106 66.759
v -242.848 4.106 66.514
f 3760 3759 3758 3757
f 3753 3754 3758 3757
f 3754 3755 3759 3758
f 3755 3756 3760 3759
f 3756 3753 3757 3760
v -237.206 0.210 62.679
v -231.399 0.210 62.883
v -231.514 0.210 66.141
v -237.321 0.210 65.937
v -237.206 4.110 62.679
v -231.399 4.110 62.883
v -231.514 4.110 66.141
v -237.321 4.110 65.937
f 3768 3767 3766 3765
f 3761 3762 3766 3765
f 3762 3763 3767 3766
f 3763 3764 3768 3767
f 3764 3761 3765 3768
v -247.115 0.187 67.167
v -231.986 0.187 68.138
v -232.445 0.187 75.293
v -247.574 0.187 74.322
v -247.115 4.087 67.167
v -231.986 4.087 68.138
v -232.445 4.087 75.293
v -247.574 4.087 74.322
f 3776 3775 3774 3773
f 3769 3770 3774 3773
f 3770 3771 3775 3774
f 3771 3772 3776 3775
f 3772 3769 3773 3776
v -250.175 0.146 99.766
v -246.027 0.146 99.906
v -246.125 0.146 102.814
v -250.273 0.146 102.674
v -250.175 4.046 99.766
v -246.027 4.046 99.906
v -246.125 4.046 102.814
v -250.273 4.046 102.674
f 3784 3783 3782 3781
f 3777 3778 3782 3781
f 3778 3779 3783 3782
f 3779 3780 3784 3783
f 3780 3777 3781 3784
v -251.168 0.279 104.041
v -230.439 0.279 103.809
v -230.352 0.279 111.539
v -251.081 0.279 111.771
v -251.168 4.179 104.041
v -230.439 4.179 103.809
v -230.352 4.179 111.539
v -251.081 4.179 111.771
f 3792 3791 3790 3789
f 3785 3786 3790 3789
f 3786 3787 3791 3790
f 3787 3788 3792 3791
f 3788 3785 3789 3792
v -253.593 0.399 112.868
v -230.167 0.399 117.655
v -232.467 0.399 128.912
v -255.893 0.399 124.125
v -253.593 4.299 112.868
v -230.167 4.299 117.655
v -232.467 4.299 128.912
v -255.893 4.299 124.125
f 3800 3799 3798 3797
f 3793 3794 3798 3797
f 3794 3795 3799 3798
f 3795 3796 3800 3799
f 3796 3793 3797 3800
v -248.047 0.339 129.574
v -231.867 0.339 129.547
v -231.853 0.339 138.446
v -248.033 0.339 138.473
v -248.047 4.239 129.574
v -231.867 4.239 129.547
v -231.853 4.239 138.446
v -248.033 4.239 138.473
f 3808 3807 3806 3805
f 3801 3802 3806 3805
f 3802 3803 3807 3806
f 3803 3804 3808 3807
f 3804 3801 3805 3808
v -250.077 0.239 139.964
v -230.907 0.239 139.886
v -230.883 0.239 145.896
v -250.053 0.239 145.974
v -250.077 4.139 139.964
v -230.907 4.139 139.886
v -230.883 4.139 145.896
v -250.053 4.139 145.974
f 3816 3815 3814 3813
f 3809 3810 3814 3813
f 3810 3811 3815 3814
f 3811 3812 3816 3815
f 3812 3809 3813 3816
v -251.007 0.275 153.114
v -232.692 0.275 150.437
v -231.173 0.275 160.826
v -249.488 0.275 163.503
v -251.007 4.175 153.114
v -232.692 4.175 150.437
v -231.173 4.175 160.826
v -249.488 4.175 163.503
f 3824 3823 3822 3821
f 3817 3818 3822 3821
f 3818 3819 3823 3822
f 3819 3820 3824 3823
f 3820 3817 3821 3824
v -255.330 0.135 153.014
v -251.130 0.135 153.057
v -251.170 0.135 156.886
v -255.370 0.135 156.843
v -255.330 4.035 153.014
v -251.130 4.035 153.057
v -251.170 4.035 156.886
v -255.370 4.035 156.843
f 3832 3831 3830 3829
f 3825 3826 3830 3829
f 3826 3827 3831 3830
f 3827 3828 3832 3831
f 3828 3825 3829 3832
v -254.908 0.182 160.274
v -251.684 0.182 160.482
v -251.872 0.182 163.406
v -255.096 0.182 163.198
v -254.908 4.082 160.274
v -251.684 4.082 160.482
v -251.872 4.082 163.406
v -255.096 4.082 163.198
f 3840 3839 3838 3837
f 3833 3834 3838 3837
f 3834 3835 3839 3838
f 3835 3836 3840 3839
f 3836 3833 3837 3840
v -255.108 0.287 170.028
v -254.671 0.287 164.244
v -250.592 0.287 164.552
v -251.029 0.287 170.336
v -255.108 4.187 170.028
v -254.671 4.187 164.244
v -250.592 4.187 164.552
v -251.029 4.187 170.336
f 3848 3847 3846 3845
f 3841 3842 3846 3845
f 3842 3843 3847 3846
f 3843 3844 3848 3847
f 3844 3841 3845 3848
v -249.739 0.474 164.713
v -231.944 0.474 163.993
v -231.621 0.474 171.987
v -249.416 0.474 172.707
v -249.739 4.374 164.713
v -231.944 4.374 163.993
v -231.621 4.374 171.987
v -249.416 4.374 172.707
f 3856 3855 3854 3853
f 3849 3850 3854 3853
f 3850 3851 3855 3854
f 3851 3852 3856 3855
f 3852 3849 3853 3856
v -250.882 0.415 176.716
v -231.821 0.415 177.316
v -231.938 0.415 181.044
v -250.999 0.415 180.444
v -250.882 4.315 176.716
v -231.821 4.315 177.316
v -231.938 4.315 181.044
v -250.999 4.315 180.444
f 3864 3863 3862 3861
f 3857 3858 3862 3861
f 3858 3859 3863 3862
f 3859 3860 3864 3863
f 3860 3857 3861 3864
v -195.049 0.295 50.452
v -189.199 0.295 50.408
v -189.171 0.295 54.228
v -195.021 0.295 54.272
v -195.049 4.195 50.452
v -189.199 4.195 50.408
v -189.171 4.195 54.228
v -195.021 4.195 54.272
f 3872 3871 3870 3869
f 3865 3866 3870 3869
f 3866 3867 3871 3870
f 3867 3868 3872 3871
f 3868 3865 3869 3872
v -210.331 0.231 44.185
v -196.045 0.231 43.204
v -195.489 0.231 51.315
v -209.775 0.231 52.296
v -210.331 4.131 44.185
v -196.045 4.131 43.204
v -195.489 4.131 51.315
v -209.775 4.131 52.296
f 3880 3879 3878 3877
f 3873 3874 3878 3877
f 3874 3875 3879 3878
f 3875 3876 3880 3879
f 3876 3873 3877 3880
v -217.647 0.378 53.188
v -215.410 0.378 41.714
v -207.833 0.378 43.192
v -210.070 0.378 54.666
v -217.647 4.278 53.188
v -215.410 4.278 41.714
v -207.833 4.278 43.192
v -210.070 4.278 54.666
f 3888 3887 3886 3885
f 3881 3882 3886 3885
f 3882 3883 3887 3886
f 3883 3884 3888 3887
f 3884 3881 3885 3888
v -203.186 0.304 39.321
v -193.437 0.304 39.449
v -193.474 0.304 42.219
v -203.223 0.304 42.091
v -203.186 4.204 39.321
v -193.437 4.204 39.449
v -193.474 4.204 42.219
v -203.223 4.204 42.091
f 3896 3895 3894 3893
f 3889 3890 3894 3893
f 3890 3891 3895 3894
f 3891 3892 3896 3895
f 3892 3889 3893 3896
v -214.854 0.170 35.891
v -214.816 0.170 31.802
v -211.886 0.170 31.829
v -211.924 0.170 35.918
v -214.854 4.070 35.891
v -214.816 4.070 31.802
v -211.886 4.070 31.829
v -211.924 4.070 35.918
f 3904 3903 3902 3901
f 3897 3898 3902 3901
f 3898 3899 3903 3902
f 3899 3900 3904 3903
f 3900 3897 3901 3904
v -210.832 0.204 31.827
v -190.152 0.204 31.913
v -190.168 0.204 35.693
v -210.848 0.204 35.607
v -210.832 4.104 31.827
v -190.152 4.104 31.913
v -190.168 4.104 35.693
v -210.848 4.104 35.607
f 3912 3911 3910 3909
f 3905 3906 3910 3909
f 3906 3907 3911 3910
f 3907 3908 3912 3911
f 3908 3905 3909 3912
v -206.647 0.213 19.476
v -190.484 0.213 19.957
v -190.713 0.213 27.624
v -206.876 0.213 27.143
v -206.647 4.113 19.476
v -190.484 4.113 19.957
v -190.713 4.113 27.624
v -206.876 4.113 27.143
f 3920 3919 3918 3917
f 3913 3914 3918 3917
f 3914 3915 3919 3918
f 3915 3916 3920 3919
f 3916 3913 3917 3920
v -212.075 0.142 7.888
v -193.996 0.142 8.517
v -194.285 0.142 16.832
v -212.364 0.142 16.203
v -212.075 4.042 7.888
v -193.996 4.042 8.517
v -194.285 4.042 16.832
v -212.364 4.042 16.203
f 3928 3927 3926 3925
f 3921 3922 3926 3925
f 3922 3923 3927 3926
f 3923 3924 3928 3927
f 3924 3921 3925 3928
v -217.809 0.250 -4.470
v -192.756 0.250 -8.599
v -190.411 0.250 5.630
v -215.464 0.250 9.759
v -217.809 4.150 -4.470
v -192.756 4.150 -8.599
v -190.411 4.150 5.630
v -215.464 4.150 9.759
f 3936 3935 3934 3933
f 3929 3930 3934 3933
f 3930 3931 3935 3934
f 3931 3932 3936 3935
f 3932 3929 3933 3936
v -213.937 0.377 -28.688
v -194.843 0.377 -30.148
v -194.203 0.377 -21.772
v -213.297 0.377 -20.312
v -213.937 4.277 -28.688
v -194.843 4.277 -30.148
v -194.203 4.277 -21.772
v -213.297 4.277 -20.312
f 3944 3943 3942 3941
f 3937 3938 3942 3941
f 3938 3939 3943 3942
f 3939 3940 3944 3943
f 3940 3937 3941 3944
v -214.860 0.296 -43.336
v -191.876 0.296 -40.333
v -193.280 0.296 -29.584
v -216.264 0.296 -32.587
v -214.860 4.196 -43.336
v -191.876 4.196 -40.333
v -193.280 4.196 -29.584
v -216.264 4.196 -32.587
f 3952 3951 3950 3949
f 3945 3946 3950 3949
f 3946 3947 3951 3950
f 3947 3948 3952 3951
f 3948 3945 3949 3952
v -214.563 0.227 -47.749
v -206.316 0.227 -48.365
v -205.897 0.227 -42.751
v -214.144 0.227 -42.135
v -214.563 4.127 -47.749
v -206.316 4.127 -48.365
v -205.897 4.127 -42.751
v -214.144 4.127 -42.135
f 3960 3959 3958 3957
f 3953 3954 3958 3957
f 3954 3955 3959 3958
f 3955 3956 3960 3959
f 3956 3953 3957 3960
v -208.997 0.169 -52.544
v -193.551 0.169 -53.831
v -192.963 0.169 -46.776
v -208.409 0.169 -45.489
v -208.997 4.069 -52.544
v -193.551 4.069 -53.831
v -192.963 4.069 -46.776
v -208.409 4.069 -45.489
f 3968 3967 3966 3965
f 3961 3962 3966 3965
f 3962 3963 3967 3966
f 3963 3964 3968 3967
f 3964 3961 3965 3968
v -210.870 0.466 -66.575
v -192.881 0.466 -65.222
v -193.490 0.466 -57.125
v -211.479 0.466 -58.478
v -210.870 4.366 -66.575
v -192.881 4.366 -65.222
v -193.490 4.366 -57.125
v -211.479 4.366 -58.478
f 3976 3975 3974 3973
f 3969 3970 3974 3973
f 3970 3971 3975 3974
f 3971 3972 3976 3975
f 3972 3969 3973 3976
v -213.183 0.497 -79.980
v -186.232 0.497 -75.446
v -188.077 0.497 -64.480
v -215.028 0.497 -69.014
v -213.183 4.397 -79.980
v -186.232 4.397 -75.446
v -188.077 4.397 -64.480
v -215.028 4.397 -69.014
f 3984 3983 3982 3981
f 3977 3978 3982 3981
f 3978 3979 3983 3982
f 3979 3980 3984 3983
f 3980 3977 3981 3984
v -210.988 0.407 -89.170
v -191.605 0.407 -89.984
v -191.292 0.407 -82.510
v -210.675 0.407 -81.696
v -210.988 4.307 -89.170
v -191.605 4.307 -89.984
v -191.292 4.307 -82.510
v -210.675 4.307 -81.696
f 3992 3991 3990 3989
f 3985 3986 3990 3989
f 3986 3987 3991 3990
f 3987 3988 3992 3991
f 3988 3985 3989 3992
v 129.814 0.380 -176.239
v 130.135 0.380 -161.012
v 125.786 0.380 -160.921
v 125.465 0.380 -176.148
v 129.814 4.280 -176.239
v 130.135 4.280 -161.012
v 125.786 4.280 -160.921
v 125.465 4.280 -176.148
f 4000 3999 3998 3997
f 3993 3994 3998 3997
f 3994 3995 3999 3998
f 3995 3996 4000 3999
f 3996 3993 3997 4000
v 124.579 0.468 -177.482
v 124.691 0.468 -170.563
v 121.901 0.468 -170.518
v 121.789 0.468 -177.437
v 124.579 4.368 -177.482
v 124.691 4.368 -170.563
v 121.901 4.368 -170.518
v 121.789 4.368 -177.437
f 4008 4007 4006 4005
f 4001 4002 4006 4005
f 4002 4003 4007 4006
f 4003 4004 4008 4007
f 4004 4001 4005 4008
v 119.201 0.512 -175.673
v 119.568 0.512 -160.958
v 115.119 0.512 -160.847
v 114.752 0.512 -175.562
v 119.201 4.412 -175.673
v 119.568 4.412 -160.958
v 115.119 4.412 -160.847
v 114.752 4.412 -175.562
f 4016 4015 4014 4013
f 4009 4010 4014 4013
f 4010 4011 4015 4014
f 4011 4012 4016 4015
f 4012 4009 4013 4016
v 107.270 0.426 -176.135
v 107.400 0.426 -161.546
v 102.850 0.426 -161.505
v 102.720 0.426 -176.094
v 107.270 4.326 -176.135
v 107.400 4.326 -161.546
v 102.850 4.326 -161.505
v 102.720 4.326 -176.094
f 4024 4023 4022 4021
f 4017 4018 4022 4021
f 4018 4019 4023 4022
f 4019 4020 4024 4023
f 4020 4017 4021 4024
v 95.597 0.457 -161.480
v 95.733 0.457 -176.199
v 99.943 0.457 -176.160
v 99.807 0.457 -161.441
v 95.597 4.357 -161.480
v 95.733 4.357 -176.199
v 99.943 4.357 -176.160
v 99.807 4.357 -161.441
f 4032 4031 4030 4029
f 4025 4026 4030 4029
f 4026 4027 4031 4030
f 4027 4028 4032 4031
f 4028 4025 4029 4032
v 88.382 0.555 -163.597
v 88.418 0.555 -175.897
v 92.898 0.555 -175.883
v 92.862 0.555 -163.583
v 88.382 4.455 -163.597
v 88.418 4.455 -175.897
v 92.898 4.455 -175.883
v 92.862 4.455 -163.583
f 4040 4039 4038 4037
f 4033 4034 4038 4037
f 4034 4035 4039 4038
f 4035 4036 4040 4039
f 4036 4033 4037 4040
v 120.212 0.430 -182.867
v 133.182 0.430 -182.963
v 133.208 0.430 -179.553
v 120.238 0.430 -179.457
v 120.212 4.330 -182.867
v 133.182 4.330 -182.963
v 133.208 4.330 -179.553
v 120.238 4.330 -179.457
f 4048 4047 4046 4045
f 4041 4042 4046 4045
f 4042 4043 4047 4046
f 4043 4044 4048 4047
f 4044 4041 4045 4048
v 117.405 0.454 -188.066
v 128.065 0.454 -188.144
v 128.095 0.454 -184.054
v 117.435 0.454 -183.976
v 117.405 4.354 -188.066
v 128.065 4.354 -188.144
v 128.095 4.354 -184.054
v 117.435 4.354 -183.976
f 4056 4055 4054 4053
f 4049 4050 4054 4053
f 4050 4051 4055 4054
f 4051 4052 4056 4055
f 4052 4049 4053 4056
v 113.683 0.559 -191.860
v 113.876 0.559 -180.852
v 109.777 0.559 -180.780
v 109.584 0.559 -191.788
v 113.683 4.459 -191.860
v 113.876 4.459 -180.852
v 109.777 4.459 -180.780
v 109.584 4.459 -191.788
f 4064 4063 4062 4061
f 4057 4058 4062 4061
f 4058 4059 4063 4062
f 4059 4060 4064 4063
f 4060 4057 4061 4064
v 117.352 0.438 -196.001
v 128.388 0.438 -195.707
v 128.268 0.438 -191.179
v 117.232 0.438 -191.473
v 117.352 4.338 -196.001
v 128.388 4.338 -195.707
v 128.268 4.338 -191.179
v 117.232 4.338 -191.473
f 4072 4071 4070 4069
f 4065 4066 4070 4069
f 4066 4067 4071 4070
f 4067 4068 4072 4071
f 4068 4065 4069 4072
v 98.257 0.451 -179.507
v 98.930 0.451 -195.553
v 106.543 0.451 -195.233
v 105.870 0.451 -179.187
v 98.257 4.351 -179.507
v 98.930 4.351 -195.553
v 106.543 4.351 -195.233
v 105.870 4.351 -179.187
f 4080 4079 4078 4077
f 4073 4074 4078 4077
f 4074 4075 4079 4078
f 4075 4076 4080 4079
f 4076 4073 4077 4080
v 91.199 0.519 -198.112
v 92.975 0.519 -178.663
v 89.081 0.519 -178.308
v 87.305 0.519 -197.757
v 91.199 4.419 -198.112
v 92.975 4.419 -178.663
v 89.081 4.419 -178.308
v 87.305 4.419 -197.757
f 4088 4087 4086 4085
f 4081 4082 4086 4085
f 4082 4083 4087 4086
f 4083 4084 4088 4087
f 4084 4081 4085 4088
v 49.021 0.529 -193.687
v 71.164 0.529 -212.921
v 91.079 0.529 -189.993
v 68.936 0.529 -170.759
v 49.021 6.329 -193.687
v 71.164 6.329 -212.921
v 91.079 6.329 -189.993
v 68.936 6.329 -170.759
f 4096 4095 4094 4093
f 4089 4090 4094 4093
f 4090 4091 4095 4094
f 4091 4092 4096 4095
f 4092 4089 4093 4096
v 120.233 0.255 -225.462
v 120.297 0.255 -207.632
v 116.387 0.255 -207.618
v 116.323 0.255 -225.448
v 120.233 4.155 -225.462
v 120.297 4.155 -207.632
v 116.387 4.155 -207.618
v 116.323 4.155 -225.448
f 4104 4103 4102 4101
f 4097 4098 4102 4101
f 4098 4099 4103 4102
f 4099 4100 4104 4103
f 4100 4097 4101 4104
v 124.881 0.644 -208.519
v 125.019 0.644 -227.638
v 132.859 0.644 -227.581
v 132.721 0.644 -208.462
v 124.881 4.544 -208.519
v 125.019 4.544 -227.638
v 132.859 4.544 -227.581
v 132.721 4.544 -208.462
f 4112 4111 4110 4109
f 4105 4106 4110 4109
f 4106 4107 4111 4110
f 4107 4108 4112 4111
f 4108 4105 4109 4112
v 149.404 0.580 -200.488
v 171.547 0.580 -203.124
v 172.356 0.580 -196.332
v 150.213 0.580 -193.696
v 149.404 4.480 -200.488
v 171.547 4.480 -203.124
v 172.356 4.480 -196.332
v 150.213 4.480 -193.696
f 4120 4119 4118 4117
f 4113 4114 4118 4117
f 4114 4115 4119 4118
f 4115 4116 4120 4119
f 4116 4113 4117 4120
v 148.467 0.574 -207.339
v 154.855 0.574 -207.510
v 154.953 0.574 -203.861
v 148.565 0.574 -203.690
v 148.467 4.474 -207.339
v 154.855 4.474 -207.510
v 154.953 4.474 -203.861
v 148.565 4.474 -203.690
f 4128 4127 4126 4125
f 4121 4122 4126 4125
f 4122 4123 4127 4126
f 4123 4124 4128 4127
f 4124 4121 4125 4128
v 159.459 0.429 -207.467
v 159.705 0.429 -203.174
v 155.861 0.429 -202.953
v 155.615 0.429 -207.246
v 159.459 4.329 -207.467
v 159.705 4.329 -203.174
v 155.861 4.329 -202.953
v 155.615 4.329 -207.246
f 4136 4135 4134 4133
f 4129 4130 4134 4133
f 4130 4131 4135 4134
f 4131 4132 4136 4135
f 4132 4129 4133 4136
v 171.611 0.653 -210.900
v 172.042 0.653 -201.079
v 164.789 0.653 -200.760
v 164.358 0.653 -210.581
v 171.611 4.553 -210.900
v 172.042 4.553 -201.079
v 164.789 4.553 -200.760
v 164.358 4.553 -210.581
f 4144 4143 4142 4141
f 4137 4138 4142 4141
f 4138 4139 4143 4142
f 4139 4140 4144 4143
f 4140 4137 4141 4144
v 182.065 0.541 -197.602
v 187.914 0.541 -213.606
v 198.715 0.541 -209.658
v 192.866 0.541 -193.654
v 182.065 4.441 -197.602
v 187.914 4.441 -213.606
v 198.715 4.441 -209.658
v 192.866 4.441 -193.654
f 4152 4151 4150 4149
f 4145 4146 4150 4149
f 4146 4147 4151 4150
f 4147 4148 4152 4151
f 4148 4145 4149 4152
v 208.799 0.642 -193.767
v 209.560 0.642 -212.852
v 220.081 0.642 -212.433
v 219.320 0.642 -193.348
v 208.799 4.542 -193.767
v 209.560 4.542 -212.852
v 220.081 4.542 -212.433
v 219.320 4.542 -193.348
f 4160 4159 4158 4157
f 4153 4154 4158 4157
f 4154 4155 4159 4158
f 4155 4156 4160 4159
f 4156 4153 4157 4160
v 221.182 0.714 -189.824
v 222.757 0.714 -213.762
v 231.358 0.714 -213.196
v 229.783 0.714 -189.258
v 221.182 4.614 -189.824
v 222.757 4.614 -213.762
v 231.358 4.614 -213.196
v 229.783 4.614 -189.258
f 4168 4167 4166 4165
f 4161 4162 4166 4165
f 4162 4163 4167 4166
f 4163 4164 4168 4167
f 4164 4161 4165 4168
v 243.032 0.510 -193.494
v 247.792 0.510 -210.905
v 260.448 0.510 -207.446
v 255.688 0.510 -190.035
v 243.032 4.410 -193.494
v 247.792 4.410 -210.905
v 260.448 4.410 -207.446
v 255.688 4.410 -190.035
f 4176 4175 4174 4173
f 4169 4170 4174 4173
f 4170 4171 4175 4174
f 4171 4172 4176 4175
f 4172 4169 4173 4176
v 206.758 0.424 -243.598
v 209.879 0.424 -220.689
v 197.642 0.424 -219.022
v 194.521 0.424 -241.931
v 206.758 4.324 -243.598
v 209.879 4.324 -220.689
v 197.642 4.324 -219.022
v 194.521 4.324 -241.931
f 4184 4183 4182 4181
f 4177 4178 4182 4181
f 4178 4179 4183 4182
f 4179 4180 4184 4183
f 4180 4177 4181 4184
v 203.468 0.418 -219.386
v 208.187 0.418 -219.706
v 208.412 0.418 -216.394
v 203.693 0.418 -216.074
v 203.468 4.318 -219.386
v 208.187 4.318 -219.706
v 208.412 4.318 -216.394
v 203.693 4.318 -216.074
f 4192 4191 4190 4189
f 4185 4186 4190 4189
f 4186 4187 4191 4190
f 4187 4188 4192 4191
f 4188 4185 4189 4192
v 195.637 0.404 -242.984
v 196.423 0.404 -224.111
v 184.543 0.404 -223.616
v 183.757 0.404 -242.489
v 195.637 4.304 -242.984
v 196.423 4.304 -224.111
v 184.543 4.304 -223.616
v 183.757 4.304 -242.489
f 4200 4199 4198 4197
f 4193 4194 4198 4197
f 4194 4195 4199 4198
f 4195 4196 4200 4199
f 4196 4193 4197 4200
v 173.120 0.663 -225.178
v 173.442 0.663 -241.605
v 182.780 0.663 -241.422
v 182.458 0.663 -224.995
v 173.120 4.563 -225.178
v 173.442 4.563 -241.605
v 182.780 4.563 -241.422
v 182.458 4.563 -224.995
f 4208 4207 4206 4205
f 4201 4202 4206 4205
f 4202 4203 4207 4206
f 4203 4204 4208 4207
f 4204 4201 4205 4208
v 153.890 0.604 -233.200
v 170.477 0.604 -234.861
v 170.850 0.604 -231.140
v 154.263 0.604 -229.479
v 153.890 4.504 -233.200
v 170.477 4.504 -234.861
v 170.850 4.504 -231.140
v 154.263 4.504 -229.479
f 4216 4215 4214 4213
f 4209 4210 4214 4213
f 4210 4211 4215 4214
f 4211 4212 4216 4215
f 4212 4209 4213 4216
v 151.768 0.520 -242.319
v 166.837 0.520 -242.471
v 166.912 0.520 -235.061
v 151.843 0.520 -234.909
v 151.768 4.420 -242.319
v 166.837 4.420 -242.471
v 166.912 4.420 -235.061
v 151.843 4.420 -234.909
f 4224 4223 4222 4221
f 4217 4218 4222 4221
f 4218 4219 4223 4222
f 4219 4220 4224 4223
f 4220 4217 4221 4224
v 222.489 0.481 -152.739
v 222.531 0.481 -171.379
v 230.071 0.481 -171.361
v 230.029 0.481 -152.721
v 222.489 4.381 -152.739
v 222.531 4.381 -171.379
v 230.071 4.381 -171.361
v 230.029 4.381 -152.721
f 4232 4231 4230 4229
f 4225 4226 4230 4229
f 4226 4227 4231 4230
f 4227 4228 4232 4231
f 4228 4225 4229 4232
v 216.404 0.614 -172.704
v 216.744 0.614 -154.267
v 208.596 0.614 -154.116
v 208.256 0.614 -172.553
v 216.404 4.514 -172.704
v 216.744 4.514 -154.267
v 208.596 4.514 -154.116
v 208.256 4.514 -172.553
f 4240 4239 4238 4237
f 4233 4234 4238 4237
f 4234 4235 4239 4238
f 4235 4236 4240 4239
f 4236 4233 4237 4240
v 200.427 0.450 -155.724
v 200.553 0.450 -173.743
v 204.413 0.450 -173.716
v 204.287 0.450 -155.697
v 200.427 4.350 -155.724
v 200.553 4.350 -173.743
v 204.413 4.350 -173.716
v 204.287 4.350 -155.697
f 4248 4247 4246 4245
f 4241 4242 4246 4245
f 4242 4243 4247 4246
f 4243 4244 4248 4247
f 4244 4241 4245 4248
v 192.991 0.434 -173.750
v 193.318 0.434 -156.253
v 189.989 0.434 -156.190
v 189.662 0.434 -173.687
v 192.991 4.334 -173.750
v 193.318 4.334 -156.253
v 189.989 4.334 -156.190
v 189.662 4.334 -173.687
f 4256 4255 4254 4253
f 4249 4250 4254 4253
f 4250 4251 4255 4254
f 4251 4252 4256 4255
f 4252 4249 4253 4256
v 152.785 0.481 -171.183
v 169.740 0.481 -174.136
v 171.955 0.481 -161.417
v 155.000 0.481 -158.464
v 152.785 4.381 -171.183
v 169.740 4.381 -174.136
v 171.955 4.381 -161.417
v 155.000 4.381 -158.464
f 4264 4263 4262 4261
f 4257 4258 4262 4261
f 4258 4259 4263 4262
f 4259 4260 4264 4263
f 4260 4257 4261 4264
v 152.744 0.457 -179.410
v 167.550 0.457 -180.056
v 167.716 0.457 -176.250
v 152.910 0.457 -175.604
v 152.744 4.357 -179.410
v 167.550 4.357 -180.056
v 167.716 4.357 -176.250
v 152.910 4.357 -175.604
f 4272 4271 4270 4269
f 4265 4266 4270 4269
f 4266 4267 4271 4270
f 4267 4268 4272 4271
f 4268 4265 4269 4272
usemtl road
v 256.276 0.869 -181.505
v 140.626 0.771 -193.156
v 140.074 0.768 -187.684
v 255.724 0.828 -176.033
f 4273 4274 4275 4276
v -255.999 0.729 -146.323
v -187.759 0.838 -146.350
v -187.761 0.852 -153.350
v -256.001 0.771 -153.323
f 4277 4278 4279 4280
v -187.756 0.838 -146.350
v -178.416 0.914 -146.360
v -178.424 0.908 -153.360
v -187.764 0.852 -153.350
f 4281 4282 4283 4284
v 188.328 0.506 -256.245
v 147.601 0.650 -258.745
v 147.264 0.588 -253.255
v 187.992 0.482 -250.755
f 4285 4286 4287 4288
v 64.673 0.812 -258.690
v -23.687 0.828 -258.460
v -23.673 0.764 -252.960
v 64.687 0.753 -253.190
f 4289 4290 4291 4292
v -227.159 0.777 -105.487
v -220.145 0.670 256.053
v -214.646 0.723 255.947
v -221.661 0.811 -105.593
f 4293 4294 4295 4296
v -177.530 0.802 67.110
v -114.750 0.567 67.330
v -114.730 0.522 61.830
v -177.510 0.819 61.610
f 4297 4298 4299 4300
v -114.750 0.567 67.330
v 136.530 0.822 68.270
v 136.550 0.791 62.770
v -114.730 0.522 61.830
f 4301 4302 4303 4304
v 136.528 0.822 68.270
v 138.878 0.853 68.280
v 138.902 0.840 62.780
v 136.552 0.791 62.770
f 4305 4306 4307 4308
v -224.368 0.808 -102.790
v -178.268 0.959 -103.490
v -178.352 0.984 -108.990
v -224.452 0.800 -108.290
f 4309 4310 4311 4312
v -178.299 0.960 -103.490
v 135.991 0.729 -104.720
v 135.969 0.694 -110.220
v -178.321 0.984 -108.990
f 4313 4314 4315 4316
v 135.996 0.729 -104.720
v 139.406 0.747 -104.740
v 139.374 0.717 -110.240
v 135.964 0.694 -110.220
f 4317 4318 4319 4320
v -178.981 0.839 -60.400
v 135.639 0.800 -62.620
v 135.601 0.802 -68.120
v -179.019 0.842 -65.900
f 4321 4322 4323 4324
v 135.643 0.801 -62.620
v 139.273 0.876 -62.650
v 139.227 0.860 -68.150
v 135.597 0.801 -68.120
f 4325 4326 4327 4328
v -171.333 0.889 255.926
v -172.451 0.680 203.406
v -179.449 0.894 203.554
v -178.331 0.746 256.074
f 4329 4330 4331 4332
v -172.451 0.681 203.386
v -174.381 0.877 131.246
v -181.379 0.929 131.434
v -179.449 0.894 203.574
f 4333 4334 4335 4336
v -174.380 0.878 131.359
v -174.020 0.703 64.379
v -181.020 0.858 64.341
v -181.380 0.928 131.321
f 4337 4338 4339 4340
v -174.020 0.703 64.315
v -174.840 0.764 1.155
v -181.840 0.840 1.245
v -181.020 0.857 64.405
f 4341 4342 4343 4344
v -174.840 0.764 1.164
v -175.500 0.752 -63.186
v -182.500 0.839 -63.114
v -181.840 0.840 1.236
f 4345 4346 4347 4348
v -175.500 0.751 -63.094
v -174.810 0.949 -106.184
v -181.810 0.974 -106.296
v -182.500 0.840 -63.206
f 4349 4350 4351 4352
v -174.810 0.949 -106.249
v -174.920 0.883 -149.869
v -181.920 0.951 -149.851
v -181.810 0.974 -106.231
f 4353 4354 4355 4356
v -177.890 0.926 134.090
v 136.990 0.853 135.270
v 137.010 0.847 129.770
v -177.870 0.892 128.590
f 4357 4358 4359 4360
v 136.979 0.852 135.270
v 139.589 0.883 135.290
v 139.631 0.877 129.790
v 137.021 0.847 129.770
f 4361 4362 4363 4364
v -175.918 0.730 206.230
v 137.072 0.749 202.580
v 137.008 0.731 197.080
v -175.982 0.826 200.730
f 4365 4366 4367 4368
v 137.069 0.749 202.580
v 139.889 0.798 202.550
v 139.831 0.773 197.050
v 137.011 0.731 197.080
f 4369 4370 4371 4372
v -178.332 0.824 3.950
v 136.088 0.862 2.980
v 136.072 0.860 -2.520
v -178.348 0.810 -1.550
f 4373 4374 4375 4376
v 136.089 0.862 2.980
v 139.059 0.875 2.970
v 139.041 0.881 -2.530
v 136.071 0.860 -2.520
f 4377 4378 4379 4380
v 137.088 0.827 -256.013
v 136.880 0.803 -200.473
v 143.880 0.825 -200.447
v 144.088 0.709 -255.987
f 4381 4382 4383 4384
v 136.880 0.803 -200.470
v 136.850 0.778 -190.430
v 143.850 0.700 -190.410
v 143.880 0.825 -200.450
f 4385 4386 4387 4388
v 136.851 0.779 -190.492
v 136.131 0.749 -155.692
v 143.129 0.765 -155.548
v 143.849 0.700 -190.348
f 4389 4390 4391 4392
v 136.130 0.749 -155.608
v 136.150 0.776 -149.868
v 143.150 0.786 -149.892
v 143.130 0.765 -155.632
f 4393 4394 4395 4396
v 136.151 0.776 -149.946
v 135.971 0.709 -140.396
v 142.969 0.703 -140.264
v 143.149 0.786 -149.814
f 4397 4398 4399 4400
v 135.970 0.709 -140.339
v 135.910 0.654 -117.019
v 142.910 0.648 -117.001
v 142.970 0.704 -140.321
f 4401 4402 4403 4404
v 135.910 0.654 -117.017
v 135.890 0.710 -107.497
v 142.890 0.685 -107.483
v 142.910 0.648 -117.003
f 4405 4406 4407 4408
v 135.890 0.710 -107.505
v 135.860 0.742 -100.535
v 142.860 0.707 -100.505
v 142.890 0.685 -107.475
f 4409 4410 4411 4412
v 135.860 0.742 -100.530
v 135.830 0.804 -90.060
v 142.830 0.783 -90.040
v 142.860 0.707 -100.510
f 4413 4414 4415 4416
v 135.830 0.804 -90.061
v 135.750 0.802 -65.411
v 142.750 0.813 -65.389
v 142.830 0.783 -90.039
f 4417 4418 4419 4420
v 135.750 0.802 -65.410
v 135.700 0.818 -47.720
v 142.700 0.731 -47.700
v 142.750 0.813 -65.390
f 4421 4422 4423 4424
v 135.700 0.818 -47.722
v 135.580 0.841 -11.302
v 142.580 0.772 -11.278
v 142.700 0.731 -47.698
f 4425 4426 4427 4428
v 135.580 0.841 -11.299
v 135.550 0.849 0.211
v 142.550 0.790 0.229
v 142.580 0.772 -11.281
f 4429 4430 4431 4432
v 135.550 0.849 0.211
v 135.390 0.767 65.521
v 142.390 0.795 65.539
v 142.550 0.790 0.229
f 4433 4434 4435 4436
v 135.390 0.767 65.568
v 136.110 0.823 132.578
v 143.110 0.780 132.502
v 142.390 0.795 65.492
f 4437 4438 4439 4440
v 136.110 0.823 132.553
v 136.360 0.721 199.813
v 143.360 0.753 199.787
v 143.110 0.779 132.527
f 4441 4442 4443 4444
v 136.361 0.721 199.731
v 135.311 0.779 253.281
v 142.309 0.829 253.419
v 143.359 0.754 199.869
f 4445 4446 4447 4448
v 161.483 0.507 -87.188
v 164.213 0.597 -98.768
v 160.807 0.595 -99.572
v 158.077 0.518 -87.992
f 4449 4450 4451 4452
v 164.260 0.596 -99.183
v 163.970 0.667 -139.553
v 160.470 0.661 -139.527
v 160.760 0.595 -99.157
f 4453 4454 4455 4456
v 163.969 0.667 -139.491
v 164.189 0.736 -147.271
v 160.691 0.746 -147.369
v 160.471 0.661 -139.589
f 4457 4458 4459 4460
v 101.397 0.735 -199.230
v 140.357 0.810 -198.710
v 140.403 0.820 -202.210
v 101.443 0.783 -202.730
f 4461 4462 4463 4464
v -174.920 0.883 -149.843
v -174.419 0.817 -255.983
v -181.419 0.915 -256.017
v -181.920 0.951 -149.877
f 4465 4466 4467 4468
v -178.420 0.914 -146.360
v -166.580 0.664 -146.360
v -166.580 0.700 -153.360
v -178.420 0.908 -153.360
f 4469 4470 4471 4472
v -166.578 0.664 -146.360
v 105.182 0.584 -146.490
v 105.178 0.647 -153.490
v -166.582 0.700 -153.360
f 4473 4474 4475 4476
v 105.183 0.584 -146.490
v 131.083 0.704 -146.510
v 131.077 0.693 -153.510
v 105.177 0.647 -153.490
f 4477 4478 4479 4480
v 131.027 0.703 -146.510
v 139.597 0.747 -146.380
v 139.703 0.785 -153.380
v 131.133 0.694 -153.510
f 4481 4482 4483 4484
v 139.372 0.746 -146.391
v 143.882 0.749 -146.031
v 144.438 0.767 -153.009
v 139.928 0.785 -153.369
f 4485 4486 4487 4488
v 143.742 0.749 -146.045
v 162.022 0.703 -143.845
v 162.858 0.667 -150.795
v 144.578 0.767 -152.995
f 4489 4490 4491 4492
v 162.078 0.704 -143.839
v 255.638 0.622 -134.117
v 256.362 0.682 -141.080
v 162.802 0.667 -150.801
f 4493 4494 4495 4496
v 139.367 0.827 -45.968
v 157.097 0.630 -47.668
v 156.763 0.641 -51.152
v 139.033 0.866 -49.452
f 4497 4498 4499 4500
v 157.776 0.642 -47.878
v 160.476 0.668 -49.368
v 158.784 0.703 -52.432
v 156.084 0.624 -50.942
f 4501 4502 4503 4504
v 160.987 0.674 -49.795
v 163.127 0.772 -52.425
v 160.413 0.714 -54.635
v 158.273 0.680 -52.005
f 4505 4506 4507 4508
v 163.322 0.783 -52.721
v 164.812 0.707 -55.581
v 161.708 0.646 -57.199
v 160.218 0.720 -54.339
f 4509 4510 4511 4512
v 164.872 0.701 -55.708
v 166.162 0.593 -58.758
v 162.938 0.581 -60.122
v 161.648 0.650 -57.072
f 4513 4514 4515 4516
v 166.197 0.590 -58.850
v 167.537 0.550 -62.590
v 164.243 0.544 -63.770
v 162.903 0.582 -60.030
f 4517 4518 4519 4520
v 167.625 0.551 -62.950
v 168.225 0.586 -67.470
v 164.755 0.564 -67.930
v 164.155 0.541 -63.410
f 4521 4522 4523 4524
v 168.219 0.579 -67.972
v 166.929 0.634 -76.162
v 163.471 0.586 -75.618
v 164.761 0.561 -67.428
f 4525 4526 4527 4528
v 166.886 0.633 -76.360
v 165.126 0.651 -82.670
v 161.754 0.597 -81.730
v 163.514 0.586 -75.420
f 4529 4530 4531 4532
v 164.888 0.638 -83.183
v 161.228 0.505 -88.573
v 158.332 0.497 -86.607
v 161.992 0.615 -81.217
f 4533 4534 4535 4536
v 160.434 0.513 -89.213
v 157.304 0.560 -90.473
v 155.996 0.550 -87.227
v 159.126 0.494 -85.967
f 4537 4538 4539 4540
v 156.942 0.566 -90.576
v 151.382 0.642 -91.516
v 150.798 0.619 -88.064
v 156.358 0.539 -87.124
f 4541 4542 4543 4544
v 151.129 0.641 -91.540
v 139.369 0.803 -91.800
v 139.291 0.813 -88.300
v 151.051 0.622 -88.040
f 4545 4546 4547 4548
usemtl asphalt
